vehicleId,driverId,timestamp,engineState,speed_mph,odometer_miles,fuelLevel_pct,fuelTemperature_C,engineOilPressure_psi,engineHours_hr,longitudinalAcceleration_ms2,brakePosition_pct,fuelRate_L_per_hr,idleFuelConsumed_L,fuelIntegrated_L,totalFuelConsumedLiters,fuel_drop_pct,distance_miles,miles_per_fuel_pct,is_idle,fuel_consumed_idle_L,fuel_consumed_moving_L,acceleration_abs,brake_intensity,driver_aggressiveness,engine_on_duration_sec,speed_bucket,fuel_rate_eff,refill_event,fuel_cycle,time_since_refill_sec,fuel_pct_remaining,fuel_burn_pct_per_sec,fuel_burn_pct_per_sec_smooth,fuel_time_to_empty_sec,fuel_time_to_empty_min,fuel_time_to_empty_hr,fuel_theft_flag,expected_fuel_drop,sudden_drop_trip_flag,fuel_efficiency_miles_per_pct,low_efficiency_flag,idle_fuel_flag,fuel_sensor_tamper_flag,fuel_leak_flag,consumption_rate_L_per_sec,fuel_time_to_empty_sec_v2,fuel_time_to_empty_hr_v2,fuel_per_mile,driver_fuel_efficiency_score,fuel_overheat_flag,fuel_level_alert,fuel_time_to_empty_alert
VEH_004,68b89b2d4f65cd554d7512ab,01/11/2025 0:00,ON,57.82,57.82,81.53,39.3,54.1,1,-0.42,35,24.85,0,3.47,334475.14,0,0,0,0,0,24.85,0.42,0.35,0.399,3600,1,34.76515,0,0,0,81.53,0,0,0,0,0,0,0,0,0,0,0,0,0,0.006902778,11811.18712,3.280885312,0,0,0,LOW,LOW
VEH_004,68b89b2d4f65cd554d7512ab,01/11/2025 1:00,ON,64.46,122.28,77.66,40,54.8,2,-0.13,8,26.84,0,7.34,334475.14,3.87,64.46,16.65633075,0,0,26.84,0.13,0.08,0.115,3600,1,29.9266,0,0,3600,77.66,0.001075,0.0005375,144483.7209,2408.062016,40.13436693,0,3.67469589,0,16.65633075,0,0,0,0,0.007455556,10416.39344,2.893442623,0.060037232,0.619402985,0,LOW,LOW
VEH_004,68b89b2d4f65cd554d7512ab,01/11/2025 2:00,ON,59.96,182.24,74.07,40.2,53.2,3,0.11,12,25.49,0,10.93,334475.14,3.59,59.96,16.70194986,0,0,25.49,0.11,0.12,0.113,3600,1,28.37037,0,0,7200,74.07,0.000997222,0.000690741,107232.7078,1787.211796,29.78686327,0,3.418162667,0,16.70194986,0,0,0,0,0.007080556,10461.04355,2.90584543,0.059873249,0.246268657,0,LOW,LOW
VEH_004,68b89b2d4f65cd554d7512ab,01/11/2025 3:00,ON,61.85,244.09,70.35,40,59.1,4,-0.21,36,26.06,0,14.65,334475.14,3.72,61.85,16.62634409,0,0,26.06,0.21,0.36,0.255,3600,1,32.7053,0,0,10800,70.35,0.001033333,0.000776389,90611.8068,1510.19678,25.16994633,0,3.525906621,0,16.62634409,0,0,0,0,0.007238889,9718.342287,2.699539524,0.060145513,0.839552239,0,LOW,LOW
VEH_004,68b89b2d4f65cd554d7512ab,01/11/2025 4:00,ON,62.73,306.82,66.59,40.2,56.5,5,-0.34,24,26.32,0,18.41,334475.14,3.76,62.73,16.68351064,0,0,26.32,0.34,0.24,0.31,3600,1,34.4792,0,0,14400,66.59,0.001044444,0.00083,80228.91566,1337.148594,22.28580991,0,3.576073118,0,16.68351064,0,0,0,0,0.007311111,9108.054711,2.530015198,0.059939423,0.388059701,0,LOW,LOW
VEH_004,68b89b2d4f65cd554d7512ab,01/11/2025 5:00,ON,61.18,368.01,62.92,40.4,54.3,6,-0.27,41,25.86,0,22.08,334475.14,3.67,61.19,16.67302452,0,0,25.86,0.27,0.41,0.312,3600,1,33.92832,0,0,18000,62.92,0.001019444,0.000861574,73029.12413,1217.152069,20.28586781,0,3.488281748,0,16.67302452,0,0,0,0,0.007183333,8759.164733,2.433101315,0.05997712,0.46641791,0,LOW,LOW
VEH_004,68b89b2d4f65cd554d7512ab,01/11/2025 6:00,ON,66.08,434.09,58.95,40,55,7,-0.48,38,27.33,0,26.05,334475.14,3.97,66.08,16.64483627,0,0,27.33,0.48,0.38,0.45,3600,1,39.6285,0,0,21600,58.95,0.001102778,0.000896032,65790.07972,1096.501329,18.27502214,0,3.76704785,0,16.64483627,0,0,0,0,0.007591667,7765.093304,2.156970362,0.060078692,0.731343284,0,LOW,LOW
VEH_004,68b89b2d4f65cd554d7512ab,01/11/2025 7:00,ON,72.28,506.37,54.62,39.5,59.6,8,-0.25,9,29.18,0,30.38,334475.14,4.33,72.28,16.69284065,0,0,29.18,0.25,0.09,0.202,3600,2,35.07436,0,0,25200,54.62,0.001202778,0.001067857,51149.16388,852.4860647,14.20810108,0,4.120493622,0,16.69284065,0,0,0,0,0.008105556,6738.588074,1.871830021,0.059905921,0.305970149,0,LOW,LOW
VEH_004,68b89b2d4f65cd554d7512ab,01/11/2025 8:00,ON,64.73,571.1,50.73,40.1,55.9,9,0.22,14,26.92,0,34.27,334475.14,3.89,64.73,16.64010283,0,0,26.92,0.22,0.14,0.196,3600,1,32.19632,0,0,28800,50.73,0.001080556,0.001068651,47471.07315,791.1845525,13.18640921,0,3.690087883,0,16.64010283,0,0,0,0,0.007477778,6784.10104,1.884472511,0.060095782,0.768656716,0,LOW,LOW
VEH_004,68b89b2d4f65cd554d7512ab,01/11/2025 9:00,ON,61.89,633,47.02,40,58.8,10,-0.31,2,26.07,0,37.98,334475.14,3.71,61.9,16.68463612,0,0,26.07,0.31,0.02,0.223,3600,1,31.88361,0,0,32400,47.02,0.001030556,0.001073413,43804.21442,730.0702403,12.16783734,0,3.52875699,0,16.68463612,0,0,0,0,0.007241667,6492.980437,1.803605677,0.05993538,0.380597015,0,LOW,LOW
VEH_004,68b89b2d4f65cd554d7512ab,01/11/2025 10:00,ON,68.23,701.23,42.93,40.3,53.5,11,0,48,27.97,0,42.07,334475.14,4.09,68.23,16.68215159,0,0,27.97,0,0.48,0.144,3600,1,31.99768,0,0,36000,42.93,0.001136111,0.001088095,39454.26696,657.571116,10.9595186,0,3.889613722,0,16.68215159,0,0,0,0,0.007769444,5525.491598,1.534858777,0.059944306,0.402985075,0,MEDIUM,LOW
VEH_004,68b89b2d4f65cd554d7512ab,01/11/2025 11:00,ON,62.81,764.04,39.16,40.3,54.9,12,-0.46,21,26.34,0,45.84,334475.14,3.77,62.81,16.66047745,0,0,26.34,0.46,0.21,0.385,3600,1,36.4809,0,0,39600,39.16,0.001047222,0.001088492,35976.37623,599.6062705,9.993437842,0,3.580633708,0,16.66047745,0,0,0,0,0.007316667,5352.164009,1.486712225,0.060022289,0.570895522,0,MEDIUM,MEDIUM
VEH_004,68b89b2d4f65cd554d7512ab,01/11/2025 12:00,ON,55.61,819.65,35.82,39.8,52.8,13,-0.46,26,24.18,0,49.18,334475.14,3.34,55.61,16.6497006,0,0,24.18,0.46,0.26,0.4,3600,1,33.852,0,0,43200,35.82,0.000927778,0.001075397,33308.63469,555.1439114,9.252398524,0,3.170180553,0,16.6497006,0,0,0,0,0.006716667,5333.002481,1.481389578,0.06006114,0.686567164,0,MEDIUM,MEDIUM
VEH_004,68b89b2d4f65cd554d7512ab,01/11/2025 13:00,ON,59.24,878.89,32.27,39.5,54.3,14,0.1,16,25.27,0,52.73,334475.14,3.55,59.24,16.68732394,0,0,25.27,0.1,0.16,0.118,3600,1,28.25186,0,0,46800,32.27,0.000986111,0.00105873,30479.91004,507.9985007,8.466641679,0,3.377117352,0,16.68732394,0,0,0,0,0.007019444,4597.229917,1.27700831,0.059925726,0.343283582,0,MEDIUM,MEDIUM
VEH_004,68b89b2d4f65cd554d7512ab,01/11/2025 14:00,ON,55.03,933.92,28.96,40.2,50.9,15,0.17,34,24.01,0,56.04,334475.14,3.31,55.03,16.62537764,0,0,24.01,0.17,0.34,0.221,3600,1,29.31621,0,0,50400,28.96,0.000919444,0.001018254,28440.84178,474.0140296,7.900233827,0,3.137116271,0,16.62537764,0,0,0,0,0.006669444,4342.190754,1.206164098,0.06014901,0.850746269,0,MEDIUM,MEDIUM
VEH_004,68b89b2d4f65cd554d7512ab,01/11/2025 15:00,ON,54.81,988.73,25.68,40.5,55.5,16,-0.26,21,23.94,0,59.32,334475.14,3.28,54.81,16.71036585,0,0,23.94,0.26,0.21,0.245,3600,1,29.8053,0,0,54000,25.68,0.000911111,0.000994048,25833.77246,430.5628743,7.176047904,0,3.124574646,0,16.71036585,0,0,0,0,0.00665,3861.654135,1.072681704,0.059843094,0.197761194,0,MEDIUM,MEDIUM
VEH_004,68b89b2d4f65cd554d7512ab,01/11/2025 16:00,ON,50.43,1039.16,22.65,40.4,51.8,17,-0.47,12,22.63,0,62.35,334475.14,3.03,50.43,16.64356436,0,0,22.63,0.47,0.12,0.365,3600,1,30.88995,0,0,57600,22.65,0.000841667,0.000967063,23421.41978,390.3569963,6.505949938,0,2.87488231,0,16.64356436,0,0,0,0,0.006286111,3603.181617,1.000883783,0.060083284,0.735074627,0,HIGH,MEDIUM
VEH_004,68b89b2d4f65cd554d7512ab,01/11/2025 17:00,ON,50.39,1089.55,19.63,41.3,51.4,18,-0.1,36,22.62,0,65.37,334475.14,3.02,50.39,16.68543046,0,0,22.62,0.1,0.36,0.178,3600,1,26.64636,0,0,61200,19.63,0.000838889,0.000924603,21230.72961,353.8454936,5.897424893,0,2.872602015,0,16.68543046,0,0,0,0,0.006283333,3124.137931,0.867816092,0.059932526,0.373134328,0,HIGH,MEDIUM
VEH_004,68b89b2d4f65cd554d7512ab,01/11/2025 18:00,ON,56.46,1146.01,16.24,40.9,52.8,19,0.3,28,24.44,0,68.76,334475.14,3.39,56.46,16.65486726,0,0,24.44,0.3,0.28,0.294,3600,1,31.62536,0,0,64800,16.24,0.000941667,0.000909524,17855.49738,297.591623,4.959860384,0,3.218636828,0,16.65486726,0,0,0,0,0.006788889,2392.144026,0.664484452,0.060042508,0.649253731,0,HIGH,MEDIUM
VEH_004,68b89b2d4f65cd554d7512ab,01/11/2025 19:00,ON,58.56,1204.57,12.73,41.2,52.8,20,-0.15,9,25.07,0,72.27,334475.14,3.51,58.56,16.68376068,0,0,25.07,0.15,0.09,0.132,3600,1,28.37924,0,0,68400,12.73,0.000975,0.00091627,13893.28714,231.5547856,3.859246427,0,3.338352332,0,16.68376068,0,0,0,0,0.006963889,1828.001596,0.507778221,0.059938525,0.384328358,0,HIGH,MEDIUM
VEH_004,68b89b2d4f65cd554d7512ab,01/11/2025 20:00,ON,53.47,1258.04,9.52,41.2,51.4,21,0.44,41,23.54,0,75.48,334475.14,3.21,53.47,16.65732087,0,0,23.54,0.44,0.41,0.431,3600,1,33.68574,0,0,72000,9.52,0.000891667,0.000902778,10545.23077,175.7538462,2.929230769,0,3.048184754,0,16.65732087,0,0,0,0,0.006538889,1455.904843,0.404418012,0.060033664,0.608208955,0,HIGH,HIGH
VEH_004,68b89b2d4f65cd554d7512ab,01/11/2025 21:00,ON,47.31,1305.34,6.68,42.1,46.9,22,0.12,18,21.69,0,78.32,334475.14,2.84,47.3,16.65492958,0,0,21.69,0.12,0.18,0.138,3600,1,24.68322,0,0,75600,6.68,0.000788889,0.000884127,7555.475763,125.9245961,2.098743268,0,2.696449202,0,16.65492958,0,0,0,0,0.006025,1108.713693,0.307976026,0.060042283,0.641791045,0,HIGH,HIGH
VEH_004,68b89b2d4f65cd554d7512ab,01/11/2025 22:00,ON,46.99,1352.33,3.86,43,52.7,23,-0.32,13,21.6,0,81.14,334475.14,2.82,46.99,16.66312057,0,0,21.6,0.32,0.13,0.263,3600,1,27.2808,0,0,79200,3.86,0.000783333,0.000865873,4457.928506,74.29880843,1.238313474,0,2.678776914,0,16.66312057,0,0,0,0,0.006,643.3333333,0.178703704,0.060012769,0.537313433,0,HIGH,HIGH
VEH_004,68b89b2d4f65cd554d7512ab,01/11/2025 23:00,ON,43.97,1396.3,56.03,43.1,48.2,24,0.01,9,20.69,0,83.78,334475.14,0,43.97,0,0,0,20.69,0.01,0.09,0.034,3600,1,21.39346,1,1,0,56.03,0,0.000745635,75144.01277,1252.400213,20.87333688,0,2.506614618,0,0,0,0,0,0,0.005747222,9749.057516,2.708071532,0,0.02238806,0,LOW,LOW
VEH_004,68b89b2d4f65cd554d7512ab,02/11/2025 0:00,ON,38.23,1434.54,53.73,43.9,49.7,25,-0.47,14,18.97,0,86.07,334475.14,2.3,38.24,16.62608696,0,0,18.97,0.47,0.14,0.371,3600,1,26.00787,0,1,3600,53.73,0.000638889,0.000717063,74930.60321,1248.843387,20.81405645,0,2.179962315,0,16.62608696,0,0,0,0,0.005269444,10196.52082,2.832366895,0.060146444,0.847014925,0,LOW,LOW
VEH_004,68b89b2d4f65cd554d7512ab,02/11/2025 1:00,ON,32.24,1466.78,51.8,44,47.5,26,0.49,2,17.17,0,88.01,334475.14,1.93,32.24,16.70466321,0,0,17.17,0.49,0.02,0.349,3600,1,23.16233,0,1,7200,51.8,0.000536111,0.000659127,78588.80193,1309.813365,21.83022276,0,1.837918019,0,16.70466321,0,0,0,0,0.004769444,10860.80373,3.016889924,0.059863524,0.23880597,0,LOW,LOW
VEH_004,68b89b2d4f65cd554d7512ab,02/11/2025 2:00,ON,30.56,1497.33,63.97,44,45.2,27,-0.31,31,16.67,0,89.84,334475.14,0,30.55,0,0,0,16.67,0.31,0.31,0.31,3600,1,21.8377,1,2,0,63.97,0,0.000519841,123056.7939,2050.946565,34.18244275,0,1.741575542,0,0,0,0,0,0,0.004630556,13814.75705,3.837432513,0,0.02238806,0,LOW,LOW
VEH_004,68b89b2d4f65cd554d7512ab,02/11/2025 3:00,ON,26.99,1524.33,62.35,44.3,44,28,-0.34,23,15.6,0,91.46,334475.14,1.62,27,16.66666667,0,0,15.6,0.34,0.23,0.307,3600,0,20.3892,0,2,3600,62.35,0.00045,0.000456746,136509.1225,2275.152042,37.9192007,0,1.539199333,0,16.66666667,0,0,0,0,0.004333333,14388.46154,3.996794872,0.06,0.518656716,0,LOW,LOW
VEH_004,68b89b2d4f65cd554d7512ab,02/11/2025 4:00,ON,30.46,1554.78,60.52,43.8,43.6,29,-0.29,28,16.64,0,93.29,334475.14,1.83,30.45,16.63934426,0,0,16.64,0.29,0.28,0.287,3600,1,21.41568,0,2,7200,60.52,0.000508333,0.000416667,145248,2420.8,40.34666667,0,1.735874804,0,16.63934426,0,0,0,0,0.004622222,13093.26923,3.637019231,0.060098522,0.77238806,0,LOW,LOW
VEH_004,68b89b2d4f65cd554d7512ab,02/11/2025 5:00,ON,37.67,1592.46,58.26,44.3,47.7,30,-0.03,30,18.8,0,95.55,334475.14,2.26,37.68,16.67256637,0,0,18.8,0.03,0.3,0.111,3600,1,20.8868,0,2,10800,58.26,0.000627778,0.000394444,147701.4085,2461.690141,41.02816901,0,2.148038181,0,16.67256637,0,0,0,0,0.005222222,11156.17021,3.09893617,0.059978769,0.481343284,0,LOW,LOW
VEH_004,68b89b2d4f65cd554d7512ab,02/11/2025 6:00,ON,34.59,1627.05,56.19,44.3,45.4,31,0.24,46,17.88,0,97.62,334475.14,2.07,34.59,16.71014493,0,0,17.88,0.24,0.46,0.306,3600,1,23.35128,0,2,14400,56.19,0.000575,0.000476587,117900.7494,1965.01249,32.75020816,0,1.971885368,0,16.71014493,0,0,0,0,0.004966667,11313.42282,3.14261745,0.059843886,0.205223881,0,LOW,LOW
VEH_004,68b89b2d4f65cd554d7512ab,02/11/2025 7:00,ON,36.92,1663.97,53.97,44.3,47.7,32,-0.1,21,18.58,0,99.84,334475.14,2.22,36.92,16.63063063,0,0,18.58,0.1,0.21,0.133,3600,1,21.05114,0,2,18000,53.97,0.000616667,0.000473413,114002.0117,1900.033529,31.66722548,0,2.10471257,0,16.63063063,0,0,0,0,0.005161111,10457.05059,2.904736276,0.060130011,0.820895522,0,LOW,LOW
VEH_004,68b89b2d4f65cd554d7512ab,02/11/2025 8:00,ON,32.67,1696.64,52.01,44,43,33,-0.22,31,17.3,0,101.8,334475.14,1.96,32.67,16.66836735,0,0,17.3,0.22,0.31,0.247,3600,1,21.5731,0,2,21600,52.01,0.000544444,0.000474603,109586.2876,1826.438127,30.44063545,0,1.862431193,0,16.66836735,0,0,0,0,0.004805556,10822.89017,3.006358382,0.059993878,0.503731343,0,LOW,LOW
VEH_004,68b89b2d4f65cd554d7512ab,02/11/2025 9:00,ON,31.15,1727.79,50.14,44.1,44.4,34,0.23,21,16.85,0,103.67,334475.14,1.87,31.15,16.65775401,0,0,16.85,0.23,0.21,0.224,3600,1,20.6244,0,2,25200,50.14,0.000519444,0.00054881,91361.38829,1522.689805,25.37816341,0,1.775779971,0,16.65775401,0,0,0,0,0.004680556,10712.40356,2.975667656,0.060032103,0.604477612,0,LOW,LOW
VEH_004,68b89b2d4f65cd554d7512ab,02/11/2025 10:00,ON,27.25,1755.04,48.51,44.5,43.9,35,-0.14,47,15.68,0,105.3,334475.14,1.63,27.25,16.71779141,0,0,15.68,0.14,0.47,0.239,3600,0,19.42752,0,2,28800,48.51,0.000452778,0.000549206,88327.45665,1472.124277,24.53540462,0,1.553451179,0,16.71779141,0,0,0,0,0.004355556,11137.5,3.09375,0.059816514,0.182835821,0,LOW,LOW
VEH_004,68b89b2d4f65cd554d7512ab,02/11/2025 11:00,ON,31.03,1786.07,46.64,44.3,45.9,36,0.46,8,16.81,0,107.16,334475.14,1.87,31.03,16.59358289,0,0,16.81,0.46,0.08,0.346,3600,1,22.62626,0,2,32400,46.64,0.000519444,0.000550794,84677.8098,1411.29683,23.52161383,0,1.768939086,0,16.59358289,0,0,0,0,0.004669444,9988.340274,2.774538965,0.06026426,0.914179104,0,LOW,LOW
VEH_004,68b89b2d4f65cd554d7512ab,02/11/2025 12:00,ON,29.2,1815.28,44.89,44.6,46.1,37,-0.1,28,16.26,0,108.92,334475.14,1.75,29.21,16.69142857,0,0,16.26,0.1,0.28,0.154,3600,0,18.76404,0,2,36000,44.89,0.000486111,0.000530556,84609.42408,1410.157068,23.5026178,0,1.665185649,0,16.69142857,0,0,0,0,0.004516667,9938.745387,2.760762608,0.059910989,0.320895522,0,MEDIUM,LOW
VEH_004,68b89b2d4f65cd554d7512ab,02/11/2025 13:00,ON,31.9,1847.18,42.98,44.7,50.1,38,-0.13,30,17.07,0,110.83,334475.14,1.91,31.9,16.70157068,0,0,17.07,0.13,0.3,0.181,3600,1,20.15967,0,2,39600,42.98,0.000530556,0.000524206,81990.61317,1366.51022,22.77517033,0,1.818535509,0,16.70157068,0,0,0,0,0.004741667,9064.323374,2.517867604,0.059874608,0.25,0,MEDIUM,LOW
VEH_004,68b89b2d4f65cd554d7512ab,02/11/2025 14:00,ON,33.91,1881.09,40.94,44,45.6,39,-0.44,40,17.67,0,112.87,334475.14,2.04,33.91,16.62254902,0,0,17.67,0.44,0.4,0.428,3600,1,25.23276,0,2,43200,40.94,0.000566667,0.000517063,79177.89716,1319.631619,21.99386032,0,1.933120348,0,16.62254902,0,0,0,0,0.004908333,8340.916808,2.316921336,0.060159245,0.865671642,0,MEDIUM,LOW
VEH_004,68b89b2d4f65cd554d7512ab,02/11/2025 15:00,ON,41.44,1922.53,38.46,43.8,46,40,0.27,13,19.93,0,115.35,334475.14,2.48,41.44,16.70967742,0,0,19.93,0.27,0.13,0.228,3600,1,24.47404,0,2,46800,38.46,0.000688889,0.000537698,71527.08487,1192.118081,19.86863469,0,2.36238594,0,16.70967742,0,0,0,0,0.005536111,6947.114902,1.929754139,0.05984556,0.212686567,0,MEDIUM,LOW
VEH_004,68b89b2d4f65cd554d7512ab,02/11/2025 16:00,ON,43.71,1966.24,35.83,44.3,48,41,-0.33,44,20.61,0,117.97,334475.14,2.63,43.71,16.61977186,0,0,20.61,0.33,0.44,0.363,3600,1,28.09143,0,2,50400,35.83,0.000730556,0.000567857,63096.85535,1051.614256,17.52690426,0,2.491792698,0,16.61977186,0,0,0,0,0.005725,6258.515284,1.738476468,0.060169298,0.876865672,0,MEDIUM,LOW
VEH_004,68b89b2d4f65cd554d7512ab,02/11/2025 17:00,ON,50.85,2017.09,32.78,44.3,52.1,42,0.23,23,22.76,0,121.03,334475.14,3.05,50.85,16.67213115,0,0,22.76,0.23,0.23,0.23,3600,1,27.9948,0,2,54000,32.78,0.000847222,0.000624206,52514.68531,875.2447552,14.58741259,0,2.898825411,0,16.67213115,0,0,0,0,0.006322222,5184.885764,1.440246046,0.059980334,0.485074627,0,MEDIUM,MEDIUM
VEH_004,68b89b2d4f65cd554d7512ab,02/11/2025 18:00,ON,50.53,2067.62,29.75,44.3,53.5,43,0.18,20,22.66,0,124.06,334475.14,3.03,50.53,16.67656766,0,0,22.66,0.18,0.2,0.186,3600,1,26.87476,0,2,57600,29.75,0.000841667,0.000670238,44387.21137,739.7868561,12.32978094,0,2.880583048,0,16.67656766,0,0,0,0,0.006294444,4726.390115,1.312886143,0.059964378,0.444029851,0,MEDIUM,MEDIUM
VEH_004,68b89b2d4f65cd554d7512ab,02/11/2025 19:00,ON,48.74,2116.36,26.83,44.4,46.5,44,0.2,2,22.12,0,126.98,334475.14,2.92,48.74,16.69178082,0,0,22.12,0.2,0.02,0.146,3600,1,25.34952,0,2,61200,26.83,0.000811111,0.000716667,37437.2093,623.9534884,10.39922481,0,2.778539833,0,16.69178082,0,0,0,0,0.006144444,4366.546112,1.212929476,0.059909725,0.313432836,0,MEDIUM,MEDIUM
VEH_004,68b89b2d4f65cd554d7512ab,02/11/2025 20:00,ON,50.7,2167.07,23.79,44.9,46.7,45,0.47,20,22.71,0,130.02,334475.14,3.04,50.71,16.68092105,0,0,22.71,0.47,0.2,0.389,3600,1,31.54419,0,2,64800,23.79,0.000844444,0.000761508,31240.64617,520.6774362,8.677957269,0,2.890844377,0,16.68092105,0,0,0,0,0.006308333,3771.202114,1.047556143,0.059948728,0.417910448,0,HIGH,MEDIUM
VEH_004,68b89b2d4f65cd554d7512ab,02/11/2025 21:00,ON,50.42,2217.49,20.76,45.1,48.1,46,0.12,21,22.63,0,133.05,334475.14,3.03,50.42,16.64026403,0,0,22.63,0.12,0.21,0.147,3600,1,25.95661,0,2,68400,20.76,0.000841667,0.000800794,25924.28147,432.0713578,7.201189296,0,2.874312236,0,16.64026403,0,0,0,0,0.006286111,3302.51878,0.917366328,0.0600952,0.764925373,0,HIGH,MEDIUM
VEH_004,68b89b2d4f65cd554d7512ab,02/11/2025 22:00,ON,51.3,2268.79,17.68,45,49.2,47,-0.21,29,22.89,0,136.13,334475.14,3.08,51.3,16.65584416,0,0,22.89,0.21,0.29,0.234,3600,1,28.24626,0,2,72000,17.68,0.000855556,0.000824603,21440.61598,357.3435996,5.95572666,0,2.924478733,0,16.65584416,0,0,0,0,0.006358333,2780.602883,0.77238969,0.060038986,0.623134328,0,HIGH,MEDIUM
VEH_004,68b89b2d4f65cd554d7512ab,02/11/2025 23:00,ON,48.24,2317.02,14.79,45,48.9,48,0.01,27,21.97,0,139.02,334475.14,2.89,48.23,16.68858131,0,0,21.97,0.01,0.27,0.088,3600,1,23.90336,0,2,75600,14.79,0.000802778,0.000834921,17714.25856,295.2376426,4.920627376,0,2.749466068,0,16.68858131,0,0,0,0,0.006102778,2423.486573,0.673190715,0.059921211,0.332089552,0,HIGH,MEDIUM
VEH_004,68b89b2d4f65cd554d7512ab,03/11/2025 0:00,ON,42.65,2359.67,12.23,44.6,48.4,49,0.05,22,20.3,0,141.58,334475.14,2.56,42.65,16.66015625,0,0,20.3,0.05,0.22,0.101,3600,1,22.3503,0,2,79200,12.23,0.000711111,0.000815476,14997.37226,249.9562044,4.16593674,0,2.431364873,0,16.66015625,0,0,0,0,0.005638889,2168.866995,0.602463054,0.060023447,0.574626866,0,HIGH,MEDIUM
VEH_004,68b89b2d4f65cd554d7512ab,03/11/2025 1:00,ON,47.65,2407.32,9.37,44.2,46.7,50,0.4,35,21.79,0,144.44,334475.14,2.86,47.65,16.66083916,0,0,21.79,0.4,0.35,0.385,3600,1,30.17915,0,2,82800,9.37,0.000794444,0.00080873,11586.06477,193.1010795,3.218351325,0,2.716401786,0,16.66083916,0,0,0,0,0.006052778,1548.049564,0.430013768,0.060020986,0.563432836,0,HIGH,HIGH
VEH_004,68b89b2d4f65cd554d7512ab,03/11/2025 2:00,ON,40.6,2447.92,6.93,45.2,44.1,51,0.47,21,19.68,0,146.88,334475.14,2.44,40.6,16.63934426,0,0,19.68,0.47,0.21,0.392,3600,1,27.39456,0,2,86400,6.93,0.000677778,0.000789683,8775.678392,146.2613065,2.437688442,0,2.314499738,0,16.63934426,0,0,0,0,0.005466667,1267.682927,0.352134146,0.060098522,0.776119403,0,HIGH,HIGH
VEH_004,68b89b2d4f65cd554d7512ab,03/11/2025 3:00,ON,35.04,2482.96,58.22,44.9,41.8,52,0.35,8,18.01,0,148.98,334475.14,0,35.04,0,0,0,18.01,0.35,0.08,0.269,3600,1,22.85469,1,3,0,58.22,0,0.000669048,87019.21708,1450.320285,24.17200474,0,1.99753869,0,0,0,0,0,0,0.005002778,11637.5347,3.232648529,0,0.02238806,0,LOW,LOW
VEH_004,68b89b2d4f65cd554d7512ab,03/11/2025 4:00,ON,32.85,2515.82,56.25,45.1,48.8,53,0.04,7,17.36,0,150.95,334475.14,1.97,32.86,16.68020305,0,0,17.36,0.04,0.07,0.049,3600,1,18.21064,0,3,3600,56.25,0.000547222,0.000626984,89715.18987,1495.253165,24.92088608,0,1.873262596,0,16.68020305,0,0,0,0,0.004822222,11664.74654,3.240207373,0.059951309,0.425373134,0,LOW,LOW
VEH_004,68b89b2d4f65cd554d7512ab,03/11/2025 5:00,ON,33.58,2549.4,54.23,45,47,54,-0.41,34,17.57,0,152.96,334475.14,2.02,33.58,16.62376238,0,0,17.57,0.41,0.34,0.389,3600,1,24.40473,0,3,7200,54.23,0.000561111,0.000584921,92713.43284,1545.223881,25.75373134,0,1.914307911,0,16.62376238,0,0,0,0,0.004880556,11111.43995,3.086511098,0.060154854,0.861940299,0,LOW,LOW
VEH_004,68b89b2d4f65cd554d7512ab,03/11/2025 6:00,ON,39.92,2589.33,51.84,45,49.2,55,-0.48,40,19.48,0,155.36,334475.14,2.39,39.93,16.70711297,0,0,19.48,0.48,0.4,0.456,3600,1,28.36288,0,3,10800,51.84,0.000663889,0.000565079,91739.32584,1528.988764,25.48314607,0,2.276304792,0,16.70711297,0,0,0,0,0.005411111,9580.287474,2.661190965,0.059854746,0.22761194,0,LOW,LOW
VEH_004,68b89b2d4f65cd554d7512ab,03/11/2025 7:00,ON,36.77,2626.09,49.63,44.9,47.1,56,0.49,3,18.53,0,157.57,334475.14,2.21,36.76,16.63348416,0,0,18.53,0.49,0.03,0.352,3600,1,25.05256,0,3,14400,49.63,0.000613889,0.00055119,90041.46868,1500.691145,25.01151908,0,2.095591388,0,16.63348416,0,0,0,0,0.005147222,9642.093902,2.678359417,0.060119695,0.805970149,0,LOW,LOW
VEH_004,68b89b2d4f65cd554d7512ab,03/11/2025 8:00,ON,44.47,2670.56,46.96,44.7,52.4,57,-0.41,24,20.84,0,160.23,334475.14,2.67,44.47,16.65543071,0,0,20.84,0.41,0.24,0.359,3600,1,28.32156,0,3,18000,46.96,0.000741667,0.000543651,86378.9781,1439.649635,23.99416058,0,2.535118309,0,16.65543071,0,0,0,0,0.005788889,8112.092131,2.253358925,0.060040477,0.634328358,0,LOW,LOW
VEH_004,68b89b2d4f65cd554d7512ab,03/11/2025 9:00,ON,37.29,2707.86,44.72,44.6,47.3,58,0.06,2,18.69,0,162.47,334475.14,2.24,37.3,16.65178571,0,0,18.69,0.06,0.02,0.048,3600,1,19.58712,0,3,21600,44.72,0.000622222,0.000535714,83477.33333,1391.288889,23.18814815,0,2.126375375,0,16.65178571,0,0,0,0,0.005191667,8613.804173,2.392723381,0.060053619,0.664179104,0,MEDIUM,LOW
VEH_004,68b89b2d4f65cd554d7512ab,03/11/2025 10:00,ON,40.59,2748.44,42.29,44.6,45,59,0.43,16,19.68,0,164.91,334475.14,2.43,40.58,16.69958848,0,0,19.68,0.43,0.16,0.349,3600,1,26.54832,0,3,25200,42.29,0.000675,0.000632143,66899.43503,1114.990584,18.5831764,0,2.31335959,0,16.69958848,0,0,0,0,0.005466667,7735.97561,2.148882114,0.059881715,0.268656716,0,MEDIUM,LOW
VEH_004,68b89b2d4f65cd554d7512ab,03/11/2025 11:00,ON,34.91,2783.35,40.19,44.8,44.9,60,0.44,18,17.97,0,167,334475.14,2.1,34.91,16.62380952,0,0,17.97,0.44,0.18,0.362,3600,1,24.47514,0,3,28800,40.19,0.000583333,0.000637302,63062.76463,1051.046077,17.51743462,0,1.99012773,0,16.62380952,0,0,0,0,0.004991667,8051.419032,2.236505287,0.060154683,0.858208955,0,MEDIUM,LOW
VEH_004,68b89b2d4f65cd554d7512ab,03/11/2025 12:00,ON,41.52,2824.87,37.7,44.6,44.6,61,-0.39,25,19.96,0,169.49,334475.14,2.49,41.52,16.6746988,0,0,19.96,0.39,0.25,0.348,3600,1,26.90608,0,3,32400,37.7,0.000691667,0.000655952,57473.68421,957.8947368,15.96491228,0,2.36694653,0,16.6746988,0,0,0,0,0.005544444,6799.599198,1.888777555,0.059971098,0.447761194,0,MEDIUM,LOW
VEH_004,68b89b2d4f65cd554d7512ab,03/11/2025 13:00,ON,44.95,2869.82,35.01,44.8,47.2,62,-0.42,15,20.99,0,172.19,334475.14,2.69,44.95,16.71003717,0,0,20.99,0.42,0.15,0.339,3600,1,28.10561,0,3,36000,35.01,0.000747222,0.000667857,52421.39037,873.6898396,14.56149733,0,2.562481853,0,16.71003717,0,0,0,0,0.005830556,6004.573606,1.667937113,0.059844271,0.208955224,0,MEDIUM,LOW
VEH_004,68b89b2d4f65cd554d7512ab,03/11/2025 14:00,ON,37.19,2907,32.78,44.3,46.5,63,0.09,45,18.66,0,174.42,334475.14,2.23,37.18,16.67264574,0,0,18.66,0.09,0.45,0.198,3600,1,22.35468,0,3,39600,32.78,0.000619444,0.000668651,49024.09496,817.0682493,13.61780415,0,2.119534489,0,16.67264574,0,0,0,0,0.005183333,6324.115756,1.756698821,0.059978483,0.47761194,0,MEDIUM,LOW
VEH_004,68b89b2d4f65cd554d7512ab,03/11/2025 15:00,ON,31.25,2938.26,30.9,44.2,39.6,64,0.11,32,16.88,0,176.3,334475.14,1.88,31.26,16.62765957,0,0,16.88,0.11,0.32,0.173,3600,1,19.80024,0,3,43200,30.9,0.000522222,0.000637302,48485.6787,808.0946451,13.46824408,0,1.782050784,0,16.62765957,0,0,0,0,0.004688889,6590.047393,1.83056872,0.060140755,0.832089552,0,MEDIUM,LOW
VEH_004,68b89b2d4f65cd554d7512ab,03/11/2025 16:00,ON,33.61,2971.86,28.88,44.5,48.4,65,-0.27,42,17.58,0,178.31,334475.14,2.02,33.6,16.63366337,0,0,17.58,0.27,0.42,0.315,3600,1,23.1177,0,3,46800,28.88,0.000561111,0.000628571,45945.45455,765.7575758,12.76262626,0,1.915448059,0,16.63366337,0,0,0,0,0.004883333,5913.993174,1.642775882,0.060119048,0.802238806,0,MEDIUM,LOW
VEH_004,68b89b2d4f65cd554d7512ab,03/11/2025 17:00,ON,29.09,3000.95,27.14,43.8,45.5,66,0.25,6,16.23,0,180.06,334475.14,1.74,29.09,16.7183908,0,0,16.23,0.25,0.06,0.193,3600,0,19.36239,0,3,50400,27.14,0.000483333,0.00060119,45143.76238,752.3960396,12.53993399,0,1.658344763,0,16.7183908,0,0,0,0,0.004508333,6019.963031,1.672211953,0.059814369,0.167910448,0,MEDIUM,LOW
VEH_004,68b89b2d4f65cd554d7512ab,03/11/2025 18:00,ON,35.2,3036.15,25.03,43.8,47.1,67,-0.4,21,18.06,0,182.17,334475.14,2.11,35.2,16.68246445,0,0,18.06,0.4,0.21,0.343,3600,1,24.25458,0,3,54000,25.03,0.000586111,0.000601587,41606.59631,693.4432718,11.55738786,0,2.006659871,0,16.68246445,0,0,0,0,0.005016667,4989.368771,1.38593577,0.059943182,0.395522388,0,MEDIUM,MEDIUM
VEH_004,68b89b2d4f65cd554d7512ab,03/11/2025 19:00,ON,32.78,3068.92,23.06,44,43.4,68,-0.34,28,17.33,0,184.14,334475.14,1.97,32.77,16.63451777,0,0,17.33,0.34,0.28,0.322,3600,1,22.91026,0,3,57600,23.06,0.000547222,0.000580952,39693.44262,661.557377,11.02595628,0,1.868131931,0,16.63451777,0,0,0,0,0.004813889,4790.305828,1.330640508,0.06011596,0.798507463,0,HIGH,MEDIUM
VEH_004,68b89b2d4f65cd554d7512ab,03/11/2025 20:00,ON,29.12,3098.05,21.31,43.7,45.8,69,-0.1,21,16.24,0,185.88,334475.14,1.75,29.13,16.64571429,0,0,16.24,0.1,0.21,0.133,3600,0,18.39992,0,3,61200,21.31,0.000486111,0.000543651,39197.9562,653.2992701,10.88832117,0,1.660625058,0,16.64571429,0,0,0,0,0.004511111,4723.891626,1.312192118,0.060075524,0.723880597,0,HIGH,MEDIUM
VEH_004,68b89b2d4f65cd554d7512ab,03/11/2025 21:00,ON,27.86,3125.9,19.64,44,44.4,70,0.47,18,15.86,0,187.55,334475.14,1.67,27.85,16.67664671,0,0,15.86,0.47,0.18,0.383,3600,0,21.93438,0,3,64800,19.64,0.000463889,0.000521429,37665.75342,627.7625571,10.46270928,0,1.587655609,0,16.67664671,0,0,0,0,0.004405556,4458.007566,1.238335435,0.059964093,0.440298507,0,HIGH,MEDIUM
VEH_004,68b89b2d4f65cd554d7512ab,03/11/2025 22:00,ON,25.75,3151.65,18.1,43.7,39.8,71,-0.35,17,15.23,0,189.1,334475.14,1.54,25.75,16.72077922,0,0,15.23,0.35,0.17,0.296,3600,0,19.73808,0,3,68400,18.1,0.000427778,0.000507937,35634.375,593.90625,9.8984375,0,1.467940105,0,16.72077922,0,0,0,0,0.004230556,4278.397899,1.188443861,0.059805825,0.149253731,0,HIGH,MEDIUM
VEH_004,68b89b2d4f65cd554d7512ab,03/11/2025 23:00,ON,22.01,3173.67,16.78,43.7,38.1,72,0.14,37,14.1,0,190.42,334475.14,1.32,22.02,16.68181818,0,0,14.1,0.14,0.37,0.209,3600,0,17.0469,0,3,72000,16.78,0.000366667,0.000480159,34946.77686,582.446281,9.707438017,0,1.255302567,0,16.68181818,0,0,0,0,0.003916667,4284.255319,1.190070922,0.059945504,0.410447761,0,HIGH,MEDIUM
VEH_004,68b89b2d4f65cd554d7512ab,04/11/2025 0:00,ON,14.7,3188.36,15.89,43.8,38,73,-0.47,47,11.91,0,191.3,334475.14,0.89,14.69,16.50561798,0,0,11.91,0.47,0.47,0.47,3600,0,17.5077,0,3,75600,15.89,0.000247222,0.000446429,35593.6,593.2266667,9.887111111,0,0.837438452,0,16.50561798,0,0,0,0,0.003308333,4803.02267,1.334172964,0.060585432,0.958955224,0,HIGH,MEDIUM
VEH_004,68b89b2d4f65cd554d7512ab,04/11/2025 1:00,ON,19.56,3207.92,14.72,44,40.3,74,0.35,30,13.37,0,192.48,334475.14,1.17,19.56,16.71794872,0,0,13.37,0.35,0.3,0.335,3600,0,17.84895,0,3,79200,14.72,0.000325,0.000409127,35979.04947,599.6508244,9.994180407,0,1.115064406,0,16.71794872,0,0,0,0,0.003713889,3963.500374,1.100972326,0.059815951,0.179104478,0,HIGH,MEDIUM
VEH_004,68b89b2d4f65cd554d7512ab,04/11/2025 2:00,ON,19.18,3227.11,13.57,44.5,36.7,75,-0.46,28,13.26,0,193.63,334475.14,1.15,19.19,16.68695652,0,0,13.26,0.46,0.28,0.406,3600,0,18.64356,0,3,82800,13.57,0.000319444,0.000376587,36034.1412,600.56902,10.00948367,0,1.093971674,0,16.68695652,0,0,0,0,0.003683333,3684.162896,1.023378582,0.059927045,0.347014925,0,HIGH,MEDIUM
VEH_004,68b89b2d4f65cd554d7512ab,04/11/2025 3:00,ON,23.88,3250.98,12.14,45.2,42,76,0.26,44,14.66,0,195.06,334475.14,1.43,23.87,16.69230769,0,0,14.66,0.26,0.44,0.314,3600,0,19.26324,0,3,86400,12.14,0.000397222,0.000363889,33361.83206,556.0305344,9.267175573,0,1.360766225,0,16.69230769,0,0,0,0,0.004072222,2981.173261,0.828103683,0.059907834,0.309701493,0,HIGH,MEDIUM
VEH_004,68b89b2d4f65cd554d7512ab,04/11/2025 4:00,ON,25.66,3276.64,10.6,44.4,42.3,77,0.44,25,15.2,0,196.6,334475.14,1.54,25.66,16.66233766,0,0,15.2,0.44,0.25,0.383,3600,0,21.0216,0,3,90000,10.6,0.000427778,0.00035873,29548.67257,492.4778761,8.207964602,0,1.46280944,0,16.66233766,0,0,0,0,0.004222222,2510.526316,0.697368421,0.060015588,0.548507463,0,HIGH,MEDIUM
VEH_004,68b89b2d4f65cd554d7512ab,04/11/2025 5:00,ON,29.21,3305.85,8.84,44.1,47.9,78,0.16,46,16.26,0,198.35,334475.14,1.76,29.21,16.59659091,0,0,16.26,0.16,0.46,0.25,3600,0,20.325,0,3,93600,8.84,0.000488889,0.00036746,24057.01944,400.950324,6.6825054,0,1.665185649,0,16.59659091,0,0,0,0,0.004516667,1957.195572,0.543665437,0.060253338,0.902985075,0,HIGH,MEDIUM
VEH_004,68b89b2d4f65cd554d7512ab,04/11/2025 6:00,ON,24.81,3330.67,7.36,43.4,47.9,79,0.28,40,14.94,0,199.84,334475.14,1.48,24.82,16.77027027,0,0,14.94,0.28,0.4,0.316,3600,0,19.66104,0,3,97200,7.36,0.000411111,0.00037381,19689.17197,328.1528662,5.469214437,0,1.414923239,0,16.77027027,0,0,0,0,0.00415,1773.493976,0.492637216,0.059629331,0.097014925,0,HIGH,HIGH
VEH_004,68b89b2d4f65cd554d7512ab,04/11/2025 7:00,ON,26.56,3357.23,5.76,43,35.6,80,0.35,12,15.47,0,201.43,334475.14,1.6,26.56,16.6,0,0,15.47,0.35,0.12,0.281,3600,0,19.81707,0,3,100800,5.76,0.000444444,0.000401984,14328.92399,238.8153998,3.980256663,0,1.514116085,0,16.6,0,0,0,0,0.004297222,1340.400776,0.372333549,0.060240964,0.899253731,0,HIGH,HIGH
VEH_004,68b89b2d4f65cd554d7512ab,04/11/2025 8:00,ON,20.79,3378.02,4.51,43.1,39.7,81,0.47,9,13.74,0,202.68,334475.14,1.25,20.79,16.632,0,0,13.74,0.47,0.09,0.356,3600,0,18.63144,0,3,104400,4.51,0.000347222,0.000405159,11131.43976,185.5239961,3.092066601,0,1.185183487,0,16.632,0,0,0,0,0.003816667,1181.659389,0.328238719,0.06012506,0.813432836,0,HIGH,HIGH
VEH_004,68b89b2d4f65cd554d7512ab,04/11/2025 9:00,ON,26.45,3404.46,2.93,43.7,43.3,82,-0.2,9,15.43,0,204.27,334475.14,1.58,26.44,16.73417722,0,0,15.43,0.2,0.09,0.167,3600,0,18.00681,0,3,108000,2.93,0.000438889,0.000422222,6939.473684,115.6578947,1.927631579,0,1.507275199,0,16.73417722,0,0,0,0,0.004286111,683.6033701,0.189889825,0.059757943,0.138059701,0,HIGH,HIGH
VEH_004,68b89b2d4f65cd554d7512ab,04/11/2025 10:00,ON,19.91,3424.37,1.73,44,41.3,83,-0.19,27,13.47,0,205.46,334475.14,1.2,19.91,16.59166667,0,0,13.47,0.19,0.27,0.214,3600,0,16.35258,0,3,111600,1.73,0.000333333,0.000413095,4187.896254,69.79827089,1.163304515,0,1.13501699,0,16.59166667,0,0,0,0,0.003741667,462.3608018,0.128433556,0.06027122,0.921641791,0,HIGH,HIGH
VEH_004,68b89b2d4f65cd554d7512ab,04/11/2025 11:00,ON,12.14,3436.51,1.01,44.4,37,84,-0.07,31,11.14,0,206.19,334475.14,0.72,12.14,16.86111111,0,0,11.14,0.07,0.31,0.142,3600,0,12.72188,0,3,115200,1.01,0.0002,0.000380556,2654.014599,44.23357664,0.737226277,0,0.692069626,0,16.86111111,0,0,0,0,0.003094444,326.3913824,0.090664273,0.059308072,0.070895522,0,HIGH,HIGH
VEH_004,68b89b2d4f65cd554d7512ab,04/11/2025 12:00,ON,19.22,3455.72,49.6,44.5,45.7,85,-0.4,25,13.27,0,207.34,334475.14,0,19.21,0,0,0,13.27,0.4,0.25,0.355,3600,0,17.98085,1,4,0,49.6,0,0.000310714,159632.1839,2660.536398,44.34227331,0,1.095111822,0,0,0,0,0,0,0.003686111,13455.9156,3.737754333,0,0.02238806,0,LOW,LOW
VEH_004,68b89b2d4f65cd554d7512ab,04/11/2025 13:00,ON,27.12,3482.84,47.97,44.3,42.3,86,0.37,38,15.64,0,208.97,334475.14,1.63,27.12,16.63803681,0,0,15.64,0.37,0.38,0.373,3600,0,21.47372,0,4,3600,47.97,0.000452778,0.000316667,151484.2105,2524.736842,42.07894737,0,1.546040219,0,16.63803681,0,0,0,0,0.004344444,11041.68798,3.06713555,0.060103245,0.78358209,0,LOW,LOW
VEH_004,68b89b2d4f65cd554d7512ab,04/11/2025 14:00,ON,30.17,3513.01,46.16,44.6,47.3,87,-0.32,28,16.55,0,210.78,334475.14,1.81,30.17,16.66850829,0,0,16.55,0.32,0.28,0.308,3600,1,21.6474,0,4,7200,46.16,0.000502778,0.000325,142030.7692,2367.179487,39.45299145,0,1.719912736,0,16.66850829,0,0,0,0,0.004597222,10040.84592,2.789123867,0.059993371,0.5,0,LOW,LOW
VEH_004,68b89b2d4f65cd554d7512ab,04/11/2025 15:00,ON,32.76,3545.77,44.19,44.6,46.6,88,-0.26,15,17.33,0,212.75,334475.14,1.97,32.76,16.62944162,0,0,17.33,0.26,0.15,0.227,3600,1,21.26391,0,4,10800,44.19,0.000547222,0.000353571,124981.8182,2083.030303,34.71717172,0,1.867561858,0,16.62944162,0,0,0,0,0.004813889,9179.688402,2.549913445,0.06013431,0.828358209,0,MEDIUM,LOW
VEH_004,68b89b2d4f65cd554d7512ab,04/11/2025 16:00,ON,31.98,3577.75,42.28,44.5,46.8,89,0.29,42,17.09,0,214.66,334475.14,1.91,31.98,16.7434555,0,0,17.09,0.29,0.42,0.329,3600,1,22.71261,0,4,14400,42.28,0.000530556,0.000366667,115309.0909,1921.818182,32.03030303,0,1.823096099,0,16.7434555,0,0,0,0,0.004747222,8906.260971,2.473961381,0.059724828,0.126865672,0,MEDIUM,LOW
VEH_004,68b89b2d4f65cd554d7512ab,04/11/2025 17:00,ON,34.48,3612.23,40.21,44,47.6,90,-0.36,43,17.84,0,216.73,334475.14,2.07,34.48,16.65700483,0,0,17.84,0.36,0.43,0.381,3600,1,24.63704,0,4,18000,40.21,0.000575,0.00040119,100226.7062,1670.445104,27.84075173,0,1.965614556,0,16.65700483,0,0,0,0,0.004955556,8114.125561,2.253923767,0.060034803,0.611940299,0,MEDIUM,LOW
VEH_004,68b89b2d4f65cd554d7512ab,04/11/2025 18:00,ON,41.94,3654.17,37.69,44.4,49.7,91,0.48,7,20.08,0,219.25,334475.14,2.52,41.94,16.64285714,0,0,20.08,0.48,0.07,0.357,3600,1,27.24856,0,4,21600,37.69,0.0007,0.000472619,79747.10327,1329.118388,22.15197313,0,2.390889631,0,16.64285714,0,0,0,0,0.005577778,6757.171315,1.876992032,0.060085837,0.746268657,0,MEDIUM,LOW
VEH_004,68b89b2d4f65cd554d7512ab,04/11/2025 19:00,ON,44.27,3698.44,35.03,44.9,44.2,92,-0.49,48,20.78,0,221.91,334475.14,2.66,44.27,16.64285714,0,0,20.78,0.49,0.48,0.487,3600,1,30.89986,0,4,25200,35.03,0.000738889,0.000578175,60587.23404,1009.787234,16.82978723,0,2.523716833,0,16.64285714,0,0,0,0,0.005772222,6068.719923,1.685755534,0.060085837,0.742537313,0,MEDIUM,LOW
VEH_004,68b89b2d4f65cd554d7512ab,04/11/2025 20:00,ON,51.27,3749.71,31.96,44.5,51.6,93,-0.27,7,22.88,0,224.98,334475.14,3.07,51.27,16.70032573,0,0,22.88,0.27,0.07,0.21,3600,1,27.6848,0,4,28800,31.96,0.000852778,0.000635317,50305.55903,838.4259838,13.9737664,0,2.922768512,0,16.70032573,0,0,0,0,0.006355556,5028.671329,1.396853147,0.059879072,0.26119403,0,MEDIUM,MEDIUM
VEH_004,68b89b2d4f65cd554d7512ab,04/11/2025 21:00,ON,51.37,3801.08,28.88,44.7,52.7,94,0.42,12,22.91,0,228.06,334475.14,3.08,51.37,16.67857143,0,0,22.91,0.42,0.12,0.33,3600,1,30.4703,0,4,32400,28.88,0.000855556,0.000685714,42116.66667,701.9444444,11.69907407,0,2.92846925,0,16.67857143,0,0,0,0,0.006363889,4538.105631,1.260584897,0.059957173,0.436567164,0,MEDIUM,MEDIUM
VEH_004,68b89b2d4f65cd554d7512ab,04/11/2025 22:00,ON,47.96,3849.04,26,44.9,51.7,95,-0.4,17,21.89,0,230.94,334475.14,2.88,47.96,16.65277778,0,0,21.89,0.4,0.17,0.331,3600,1,29.13559,0,4,36000,26,0.0008,0.000721825,36019.79109,600.3298516,10.00549753,0,2.734074075,0,16.65277778,0,0,0,0,0.006080556,4275.92508,1.187756967,0.060050042,0.656716418,0,MEDIUM,MEDIUM
VEH_004,68b89b2d4f65cd554d7512ab,04/11/2025 23:00,ON,53.38,3902.42,22.8,45.3,54.8,96,0.13,39,23.51,0,234.15,334475.14,3.2,53.38,16.68125,0,0,23.51,0.13,0.39,0.208,3600,1,28.40008,0,4,39600,22.8,0.000888889,0.000773016,29494.86653,491.5811088,8.19301848,0,3.043054089,0,16.68125,0,0,0,0,0.006530556,3491.280306,0.969800085,0.059947546,0.414179104,0,HIGH,MEDIUM
VEH_004,68b89b2d4f65cd554d7512ab,05/11/2025 0:00,ON,51.06,3953.48,19.73,45.4,48.9,97,0.35,47,22.82,0,237.21,334475.14,3.07,51.06,16.63192182,0,0,22.82,0.35,0.47,0.386,3600,1,31.62852,0,4,43200,19.73,0.000852778,0.000812698,24277.14844,404.6191406,6.743652344,0,2.910796961,0,16.63192182,0,0,0,0,0.006338889,3112.532866,0.864592463,0.060125343,0.817164179,0,HIGH,MEDIUM
VEH_004,68b89b2d4f65cd554d7512ab,05/11/2025 1:00,ON,44.18,3997.66,17.08,45.5,50.6,98,-0.04,25,20.75,0,239.86,334475.14,2.65,44.18,16.67169811,0,0,20.75,0.04,0.25,0.103,3600,1,22.88725,0,4,46800,17.08,0.000736111,0.000817857,20883.84279,348.0640466,5.801067443,0,2.518586168,0,16.67169811,0,0,0,0,0.005763889,2963.277108,0.82313253,0.059981892,0.492537313,0,HIGH,MEDIUM
VEH_004,68b89b2d4f65cd554d7512ab,05/11/2025 2:00,ON,42.82,4040.48,72.12,45.5,51.7,99,0.42,13,20.35,0,242.43,334475.14,0,42.82,0,0,0,20.35,0.42,0.13,0.333,3600,1,27.12655,1,5,0,72.12,0,0.000712302,101249.2479,1687.487465,28.12479109,0,2.441056128,0,0,0,0,0,0,0.005652778,12758.32924,3.543980344,0,0.02238806,0,LOW,LOW
VEH_004,68b89b2d4f65cd554d7512ab,05/11/2025 3:00,ON,46.77,4087.26,69.31,45.7,46,100,0.5,36,21.53,0,245.24,334475.14,2.81,46.78,16.64768683,0,0,21.53,0.5,0.36,0.458,3600,1,31.39074,0,5,3600,69.31,0.000780556,0.000701984,98734.42623,1645.57377,27.42622951,0,2.666805363,0,16.64768683,0,0,0,0,0.005980556,11589.22434,3.219228983,0.060068405,0.705223881,0,LOW,LOW
VEH_004,68b89b2d4f65cd554d7512ab,05/11/2025 4:00,ON,40.76,4128.02,66.87,45.5,46.3,101,-0.34,5,19.73,0,247.68,334475.14,2.44,40.76,16.70491803,0,0,19.73,0.34,0.05,0.253,3600,1,24.72169,0,5,7200,66.87,0.000677778,0.000676587,98834.2522,1647.237537,27.45395894,0,2.323620919,0,16.70491803,0,0,0,0,0.005480556,12201.31779,3.389254942,0.05986261,0.235074627,0,LOW,LOW
VEH_004,68b89b2d4f65cd554d7512ab,05/11/2025 5:00,ON,38.16,4166.17,64.58,46,47.6,102,0.11,49,18.95,0,249.97,334475.14,2.29,38.15,16.65938865,0,0,18.95,0.11,0.49,0.224,3600,1,23.1948,0,5,10800,64.58,0.000636111,0.000653175,98870.9599,1647.849332,27.46415553,0,2.17483165,0,16.65938865,0,0,0,0,0.005263889,12268.49604,3.407915567,0.060026212,0.589552239,0,LOW,LOW
VEH_004,68b89b2d4f65cd554d7512ab,05/11/2025 6:00,ON,44.56,4210.73,61.9,46.2,48.2,103,0.27,14,20.87,0,252.64,334475.14,2.68,44.56,16.62686567,0,0,20.87,0.27,0.14,0.231,3600,1,25.69097,0,5,14400,61.9,0.000744444,0.00063254,97859.47302,1630.991217,27.18318695,0,2.540248974,0,16.62686567,0,0,0,0,0.005797222,10677.52755,2.965979875,0.060143627,0.835820896,0,LOW,LOW
VEH_004,68b89b2d4f65cd554d7512ab,05/11/2025 7:00,ON,45.31,4256.04,59.18,46,46.2,104,-0.07,32,21.09,0,255.36,334475.14,2.72,45.31,16.65808824,0,0,21.09,0.07,0.32,0.145,3600,1,24.14805,0,5,18000,59.18,0.000755556,0.000618651,95659.78191,1594.329699,26.57216164,0,2.583004511,0,16.65808824,0,0,0,0,0.005858333,10101.84922,2.806069227,0.060030898,0.600746269,0,LOW,LOW
VEH_004,68b89b2d4f65cd554d7512ab,05/11/2025 8:00,ON,39,4295.03,56.84,46,46.6,105,-0.09,4,19.2,0,257.7,334475.14,2.34,38.99,16.66239316,0,0,19.2,0.09,0.04,0.075,3600,1,20.64,0,5,21600,56.84,0.00065,0.000606349,93741.36126,1562.356021,26.03926702,0,2.222717852,0,16.66239316,0,0,0,0,0.005333333,10657.5,2.960416667,0.060015389,0.544776119,0,LOW,LOW
VEH_004,68b89b2d4f65cd554d7512ab,05/11/2025 9:00,ON,42.45,4337.48,54.3,45.8,48.1,106,-0.32,10,20.23,0,260.25,334475.14,2.54,42.45,16.71259843,0,0,20.23,0.32,0.1,0.254,3600,1,25.36842,0,5,25200,54.3,0.000705556,0.000707143,76787.87879,1279.79798,21.32996633,0,2.419963396,0,16.71259843,0,0,0,0,0.005619444,9662.876915,2.684132477,0.0598351,0.194029851,0,LOW,LOW
VEH_004,68b89b2d4f65cd554d7512ab,05/11/2025 10:00,ON,47.29,4384.77,51.46,45.5,50,107,-0.04,47,21.69,0,263.09,334475.14,2.84,47.29,16.65140845,0,0,21.69,0.04,0.47,0.169,3600,1,25.35561,0,5,28800,51.46,0.000788889,0.000708333,72649.41176,1210.823529,20.18039216,0,2.695879128,0,16.65140845,0,0,0,0,0.006025,8541.078838,2.372521899,0.06005498,0.671641791,0,LOW,LOW
VEH_004,68b89b2d4f65cd554d7512ab,05/11/2025 11:00,ON,50.56,4435.33,48.43,45.7,50.6,108,0.02,8,22.67,0,266.12,334475.14,3.03,50.56,16.68646865,0,0,22.67,0.02,0.08,0.038,3600,1,23.53146,0,5,32400,48.43,0.000841667,0.000731746,66184.16486,1103.069414,18.38449024,0,2.88229327,0,16.68646865,0,0,0,0,0.006297222,7690.692545,2.136303485,0.059928797,0.361940299,0,LOW,LOW
VEH_004,68b89b2d4f65cd554d7512ab,05/11/2025 12:00,ON,46.42,4481.75,45.64,45.6,48.6,109,0.33,47,21.42,0,268.9,334475.14,2.79,46.42,16.63799283,0,0,21.42,0.33,0.47,0.372,3600,1,29.38824,0,5,36000,45.64,0.000775,0.000751587,60724.81521,1012.080253,16.86800422,0,2.646282705,0,16.63799283,0,0,0,0,0.00595,7670.588235,2.130718954,0.060103404,0.787313433,0,LOW,LOW
VEH_004,68b89b2d4f65cd554d7512ab,05/11/2025 13:00,ON,52.25,4534,42.51,45.6,51.4,110,-0.14,9,23.17,0,272.04,334475.14,3.13,52.25,16.69329073,0,0,23.17,0.14,0.09,0.125,3600,1,26.06625,0,5,39600,42.51,0.000869444,0.000769444,55247.65343,920.7942238,15.3465704,0,2.978635747,0,16.69329073,0,0,0,0,0.006436111,6604.920155,1.834700043,0.059904306,0.302238806,0,MEDIUM,LOW
VEH_004,68b89b2d4f65cd554d7512ab,05/11/2025 14:00,ON,56.07,4590.06,39.14,45.8,54,111,-0.23,39,24.32,0,275.4,334475.14,3.37,56.06,16.63501484,0,0,24.32,0.23,0.39,0.278,3600,1,31.08096,0,5,43200,39.14,0.000936111,0.000795238,49217.96407,820.2994012,13.67165669,0,3.195833875,0,16.63501484,0,0,0,0,0.006755556,5793.75,1.609375,0.060114163,0.794776119,0,MEDIUM,LOW
VEH_004,68b89b2d4f65cd554d7512ab,05/11/2025 15:00,ON,54.24,4644.3,35.89,45.4,53.4,112,-0.47,45,23.77,0,278.66,334475.14,3.25,54.24,16.68923077,0,0,23.77,0.47,0.45,0.464,3600,1,34.79928,0,5,46800,35.89,0.000902778,0.000831349,43170.78759,719.5131265,11.99188544,0,3.092080438,0,16.68923077,0,0,0,0,0.006602778,5435.591081,1.509886411,0.059918879,0.328358209,0,MEDIUM,LOW
VEH_004,68b89b2d4f65cd554d7512ab,05/11/2025 16:00,ON,51.76,4696.06,32.78,45.3,49.5,113,-0.14,44,23.03,0,281.76,334475.14,3.11,51.76,16.64308682,0,0,23.03,0.14,0.44,0.23,3600,1,28.3269,0,5,50400,32.78,0.000863889,0.000853968,38385.50186,639.7583643,10.66263941,0,2.950702129,0,16.64308682,0,0,0,0,0.006397222,5124.099001,1.423360834,0.060085008,0.73880597,0,MEDIUM,MEDIUM
VEH_004,68b89b2d4f65cd554d7512ab,05/11/2025 17:00,ON,55.83,4751.89,29.43,45.2,55.9,114,-0.22,29,24.25,0,285.11,334475.14,3.35,55.83,16.66567164,0,0,24.25,0.22,0.29,0.241,3600,1,30.09425,0,5,54000,29.43,0.000930556,0.000874206,33664.8207,561.080345,9.351339083,0,3.182722177,0,16.66567164,0,0,0,0,0.006736111,4368.989691,1.213608247,0.060003582,0.526119403,0,MEDIUM,MEDIUM
VEH_004,68b89b2d4f65cd554d7512ab,05/11/2025 18:00,ON,55.02,4806.91,26.13,45.2,54,115,-0.41,24,24,0,288.41,334475.14,3.3,55.02,16.67272727,0,0,24,0.41,0.24,0.359,3600,1,32.616,0,5,57600,26.13,0.000916667,0.000884921,29528.07175,492.1345291,8.202242152,0,3.136546197,0,16.67272727,0,0,0,0,0.006666667,3919.5,1.08875,0.05997819,0.473880597,0,MEDIUM,MEDIUM
VEH_004,68b89b2d4f65cd554d7512ab,05/11/2025 19:00,ON,51.27,4858.18,23.06,46.2,47.7,116,-0.09,15,22.88,0,291.49,334475.14,3.07,51.27,16.70032573,0,0,22.88,0.09,0.15,0.108,3600,1,25.35104,0,5,61200,23.06,0.000852778,0.000896032,25735.69531,428.9282551,7.148804252,0,2.922768512,0,16.70032573,0,0,0,0,0.006355556,3628.321678,1.007867133,0.059879072,0.257462687,0,HIGH,MEDIUM
VEH_004,68b89b2d4f65cd554d7512ab,05/11/2025 20:00,ON,44.67,4902.85,20.38,45.8,44.2,117,0.25,9,20.9,0,294.17,334475.14,2.68,44.67,16.66791045,0,0,20.9,0.25,0.09,0.202,3600,1,25.1218,0,5,64800,20.38,0.000744444,0.000878175,23207.23,386.7871667,6.446452779,0,2.546519786,0,16.66791045,0,0,0,0,0.005805556,3510.430622,0.975119617,0.059995523,0.51119403,0,HIGH,MEDIUM
VEH_004,68b89b2d4f65cd554d7512ab,05/11/2025 21:00,ON,40.24,4943.08,17.96,45.6,48.6,118,0.03,35,19.57,0,296.58,334475.14,2.42,40.23,16.62396694,0,0,19.57,0.03,0.35,0.126,3600,1,22.03582,0,5,68400,17.96,0.000672222,0.000840476,21368.83853,356.1473088,5.93578848,0,2.293407006,0,16.62396694,0,0,0,0,0.005436111,3303.832397,0.917731221,0.060154114,0.854477612,0,HIGH,MEDIUM
VEH_004,68b89b2d4f65cd554d7512ab,05/11/2025 22:00,ON,34.95,4978.03,15.86,45.9,48.1,119,-0.16,34,17.99,0,298.68,334475.14,2.1,34.95,16.64285714,0,0,17.99,0.16,0.34,0.214,3600,1,21.83986,0,5,72000,15.86,0.000583333,0.000794841,19953.6695,332.5611583,5.542685971,0,1.992408026,0,16.64285714,0,0,0,0,0.004997222,3173.763202,0.881600889,0.060085837,0.75,0,HIGH,MEDIUM
VEH_004,68b89b2d4f65cd554d7512ab,05/11/2025 23:00,ON,28.48,5006.51,14.16,45.7,44.8,120,-0.48,49,16.04,0,300.39,334475.14,1.7,28.48,16.75294118,0,0,16.04,0.48,0.49,0.483,3600,0,23.78732,0,5,75600,14.16,0.000472222,0.000738889,19163.90977,319.3984962,5.323308271,0,1.62357026,0,16.75294118,0,0,0,0,0.004455556,3178.054863,0.882793017,0.059691011,0.115671642,0,HIGH,MEDIUM
VEH_004,68b89b2d4f65cd554d7512ab,06/11/2025 0:00,ON,23.7,5030.22,57.7,45.6,38.4,121,0.5,27,14.61,0,301.81,334475.14,0,23.71,0,0,0,14.61,0.5,0.27,0.431,3600,0,20.90691,1,6,0,57.7,0,0.000605952,95222.00393,1587.033399,26.45055665,0,1.351645044,0,0,0,0,0,0,0.004058333,14217.65914,3.94934976,0,0.02238806,0,LOW,LOW
VEH_004,68b89b2d4f65cd554d7512ab,06/11/2025 1:00,ON,30.08,5060.29,55.9,44.8,45.2,122,-0.05,12,16.52,0,303.62,334475.14,1.8,30.07,16.70555556,0,0,16.52,0.05,0.12,0.071,3600,1,17.69292,0,6,3600,55.9,0.0005,0.000546429,102300.6536,1705.010893,28.41684822,0,1.714211998,0,16.70555556,0,0,0,0,0.004588889,12181.59806,3.38377724,0.059860326,0.231343284,0,LOW,LOW
VEH_004,68b89b2d4f65cd554d7512ab,06/11/2025 2:00,ON,23.65,5083.94,54.48,44.7,36.9,123,-0.48,49,14.59,0,305.04,334475.14,1.42,23.65,16.65492958,0,0,14.59,0.48,0.49,0.483,3600,0,21.63697,0,6,7200,54.48,0.000394444,0.000480952,113275.2475,1887.920792,31.46534653,0,1.348224601,0,16.65492958,0,0,0,0,0.004052778,13442.63194,3.734064428,0.060042283,0.645522388,0,LOW,LOW
VEH_004,68b89b2d4f65cd554d7512ab,06/11/2025 3:00,ON,20.41,5104.35,53.25,44.4,45.1,124,-0.23,47,13.62,0,306.26,334475.14,1.23,20.41,16.59349593,0,0,13.62,0.23,0.47,0.302,3600,0,17.73324,0,6,10800,53.25,0.000341667,0.000423413,125763.8238,2096.06373,34.9343955,0,1.163520681,0,16.59349593,0,0,0,0,0.003783333,14074.88987,3.90969163,0.060264576,0.917910448,0,LOW,LOW
VEH_004,68b89b2d4f65cd554d7512ab,06/11/2025 4:00,ON,14.62,5118.97,52.38,44.5,38.6,125,-0.4,31,11.89,0,307.14,334475.14,0.87,14.62,16.8045977,0,0,11.89,0.4,0.31,0.373,3600,0,16.32497,0,6,14400,52.38,0.000241667,0.000361905,144734.2105,2412.236842,40.20394737,0,0.833447935,0,16.8045977,0,0,0,0,0.003302778,15859.37763,4.405382675,0.059507524,0.082089552,0,LOW,LOW
VEH_004,68b89b2d4f65cd554d7512ab,06/11/2025 5:00,ON,16.89,5135.85,51.36,43.9,37,126,0.38,34,12.57,0,308.15,334475.14,1.02,16.88,16.54901961,0,0,12.57,0.38,0.34,0.368,3600,0,17.19576,0,6,18000,51.36,0.000283333,0.000319048,160979.1045,2682.985075,44.71641791,0,0.96228462,0,16.54901961,0,0,0,0,0.003491667,14709.30788,4.085918854,0.06042654,0.947761194,0,LOW,LOW
VEH_004,68b89b2d4f65cd554d7512ab,06/11/2025 6:00,ON,18.07,5153.92,50.28,44,34.4,127,-0.39,31,12.92,0,309.24,334475.14,1.08,18.07,16.73148148,0,0,12.92,0.39,0.31,0.366,3600,0,17.64872,0,6,21600,50.28,0.0003,0.000294444,170762.2642,2846.037736,47.43396226,0,1.030123406,0,16.73148148,0,0,0,0,0.003588889,14009.90712,3.891640867,0.059767571,0.141791045,0,LOW,LOW
VEH_004,68b89b2d4f65cd554d7512ab,06/11/2025 7:00,ON,18.94,5172.86,49.14,43.7,47.3,128,-0.04,46,13.18,0,310.37,334475.14,1.14,18.94,16.61403509,0,0,13.18,0.04,0.46,0.166,3600,0,15.36788,0,6,25200,49.14,0.000316667,0.000339683,144664.486,2411.074766,40.18457944,0,1.079719829,0,16.61403509,0,0,0,0,0.003661111,13422.15478,3.728376328,0.060190074,0.888059701,0,LOW,LOW
VEH_004,68b89b2d4f65cd554d7512ab,06/11/2025 8:00,ON,20.48,5193.34,47.91,43.1,41.9,129,0.38,45,13.64,0,311.6,334475.14,1.23,20.48,16.6504065,0,0,13.64,0.38,0.45,0.401,3600,0,19.10964,0,6,28800,47.91,0.000341667,0.000317063,151105.3817,2518.423029,41.97371715,0,1.167511198,0,16.6504065,0,0,0,0,0.003788889,12644.86804,3.512463343,0.060058594,0.675373134,0,LOW,LOW
VEH_004,68b89b2d4f65cd554d7512ab,06/11/2025 9:00,ON,23.35,5216.7,46.51,43,42,130,-0.27,18,14.51,0,313,334475.14,1.4,23.36,16.68571429,0,0,14.51,0.27,0.18,0.243,3600,0,18.03593,0,6,32400,46.51,0.000388889,0.00031627,147057.9674,2450.966123,40.84943538,0,1.33169246,0,16.68571429,0,0,0,0,0.004030556,11539.35217,3.205375603,0.059931507,0.369402985,0,LOW,LOW
VEH_004,68b89b2d4f65cd554d7512ab,06/11/2025 10:00,ON,17.69,5234.38,45.45,43.3,40.4,131,0.06,45,12.81,0,314.06,334475.14,1.06,17.68,16.67924528,0,0,12.81,0.06,0.45,0.177,3600,0,15.07737,0,6,36000,45.45,0.000294444,0.000309524,146838.4615,2447.307692,40.78846154,0,1.007890526,0,16.67924528,0,0,0,0,0.003558333,12772.83372,3.548009368,0.059954751,0.432835821,0,LOW,LOW
VEH_004,68b89b2d4f65cd554d7512ab,06/11/2025 11:00,ON,20.03,5254.42,44.25,43.3,42.6,132,0.07,3,13.51,0,315.27,334475.14,1.2,20.04,16.7,0,0,13.51,0.07,0.03,0.058,3600,0,14.29358,0,6,39600,44.25,0.000333333,0.000322619,137158.6716,2285.97786,38.099631,0,1.14242795,0,16.7,0,0,0,0,0.003752778,11791.26573,3.275351591,0.05988024,0.264925373,0,MEDIUM,LOW
VEH_004,68b89b2d4f65cd554d7512ab,06/11/2025 12:00,ON,18.14,5272.56,43.16,43.4,43.6,133,0.22,38,12.94,0,316.35,334475.14,1.09,18.14,16.64220183,0,0,12.94,0.22,0.38,0.268,3600,0,16.40792,0,6,43200,43.16,0.000302778,0.000325397,132638.0488,2210.634146,36.84390244,0,1.034113922,0,16.64220183,0,0,0,0,0.003594444,12007.41886,3.335394127,0.060088203,0.757462687,0,MEDIUM,LOW
VEH_004,68b89b2d4f65cd554d7512ab,06/11/2025 13:00,ON,16.16,5288.72,42.19,43.7,39.5,134,-0.34,47,12.35,0,317.32,334475.14,0.97,16.16,16.65979381,0,0,12.35,0.34,0.47,0.379,3600,0,17.03065,0,6,46800,42.19,0.000269444,0.000321032,131420.0247,2190.333745,36.50556242,0,0.921239305,0,16.65979381,0,0,0,0,0.003430556,12298.2996,3.416194332,0.060024752,0.582089552,0,MEDIUM,LOW
VEH_004,68b89b2d4f65cd554d7512ab,06/11/2025 14:00,ON,20.55,5309.27,40.96,43.4,39.9,135,0.05,17,13.67,0,318.56,334475.14,1.23,20.55,16.70731707,0,0,13.67,0.05,0.17,0.086,3600,0,14.84562,0,6,50400,40.96,0.000341667,0.000324603,126184.8411,2103.080685,35.05134474,0,1.171501715,0,16.70731707,0,0,0,0,0.003797222,10786.83248,2.996342356,0.059854015,0.220149254,0,MEDIUM,LOW
VEH_004,68b89b2d4f65cd554d7512ab,06/11/2025 15:00,ON,20.83,5330.11,39.71,43.1,41,136,0.48,3,13.75,0,319.81,334475.14,1.25,20.84,16.672,0,0,13.75,0.48,0.03,0.345,3600,0,18.49375,0,6,54000,39.71,0.000347222,0.000325397,122035.6098,2033.926829,33.89878049,0,1.188033856,0,16.672,0,0,0,0,0.003819444,10396.8,2.888,0.059980806,0.48880597,0,MEDIUM,LOW
VEH_004,68b89b2d4f65cd554d7512ab,06/11/2025 16:00,ON,18.94,5349.05,38.57,43.2,40.9,137,-0.02,15,13.18,0,320.94,334475.14,1.14,18.94,16.61403509,0,0,13.18,0.02,0.15,0.059,3600,0,13.95762,0,6,57600,38.57,0.000316667,0.000315079,122413.602,2040.2267,34.00377834,0,1.079719829,0,16.61403509,0,0,0,0,0.003661111,10535.05311,2.926403642,0.060190074,0.884328358,0,MEDIUM,LOW
VEH_004,68b89b2d4f65cd554d7512ab,06/11/2025 17:00,ON,14.34,5363.39,37.71,43.5,39.5,138,-0.15,9,11.8,0,321.8,334475.14,0.86,14.34,16.6744186,0,0,11.8,0.15,0.09,0.132,3600,0,13.3576,0,6,61200,37.71,0.000238889,0.000307143,122776.7442,2046.27907,34.10465116,0,0.817485868,0,16.6744186,0,0,0,0,0.003277778,11504.74576,3.195762712,0.059972106,0.455223881,0,MEDIUM,LOW
VEH_004,68b89b2d4f65cd554d7512ab,06/11/2025 18:00,ON,22.2,5385.59,36.38,44.4,41.2,139,0.27,38,14.16,0,323.14,334475.14,1.33,22.2,16.69172932,0,0,14.16,0.27,0.38,0.303,3600,0,18.45048,0,6,64800,36.38,0.000369444,0.000312302,116489.9619,1941.499365,32.35832274,0,1.265563896,0,16.69172932,0,0,0,0,0.003933333,9249.152542,2.56920904,0.05990991,0.317164179,0,MEDIUM,LOW
VEH_004,68b89b2d4f65cd554d7512ab,06/11/2025 19:00,ON,17.89,5403.48,35.31,44.7,42.7,140,0.14,43,12.87,0,324.21,334475.14,1.07,17.89,16.71962617,0,0,12.87,0.14,0.43,0.227,3600,0,15.79149,0,6,68400,35.31,0.000297222,0.000311508,113351.8471,1889.197452,31.4866242,0,1.019862077,0,16.71962617,0,0,0,0,0.003575,9876.923077,2.743589744,0.05980995,0.156716418,0,MEDIUM,LOW
VEH_004,68b89b2d4f65cd554d7512ab,06/11/2025 20:00,ON,12.93,5416.41,34.53,44.9,40,141,-0.26,26,11.38,0,324.98,334475.14,0.78,12.93,16.57692308,0,0,11.38,0.26,0.26,0.26,3600,0,14.3388,0,6,72000,34.53,0.000216667,0.000303968,113597.389,1893.289817,31.55483029,0,0.737105458,0,16.57692308,0,0,0,0,0.003161111,10923.37434,3.03427065,0.060324826,0.929104478,0,MEDIUM,LOW
VEH_004,68b89b2d4f65cd554d7512ab,06/11/2025 21:00,ON,7.12,5423.53,34.1,44.4,36.1,142,-0.5,6,9.64,0,325.41,334475.14,0.43,7.12,16.55813953,0,0,9.64,0.5,0.06,0.368,3600,0,13.18752,0,6,75600,34.1,0.000119444,0.000272222,125265.3061,2087.755102,34.79591837,0,0.405892565,0,16.55813953,0,0,0,0,0.002677778,12734.43983,3.537344398,0.060393258,0.944029851,0,MEDIUM,LOW
VEH_004,68b89b2d4f65cd554d7512ab,06/11/2025 22:00,ON,9.79,5433.32,33.52,45.5,38.2,143,0.26,28,10.44,0,326,334475.14,0.58,9.79,16.87931034,0,0,10.44,0.26,0.28,0.266,3600,0,13.21704,0,6,79200,33.52,0.000161111,0.000245635,136462.6817,2274.378029,37.90630048,0,0.558102277,0,16.87931034,0,0,0,0,0.0029,11558.62069,3.210727969,0.059244127,0.067164179,0,MEDIUM,LOW
VEH_004,68b89b2d4f65cd554d7512ab,06/11/2025 23:00,ON,6.42,5439.74,33.13,45.4,34.5,144,0.17,32,9.43,0,326.38,334475.14,0.39,6.42,16.46153846,0,0,9.43,0.17,0.32,0.215,3600,0,11.45745,0,6,82800,33.13,0.000108333,0.000215873,153469.8529,2557.830882,42.63051471,0,0.365987397,0,16.46153846,0,0,0,0,0.002619444,12647.72004,3.513255567,0.060747664,0.981343284,0,MEDIUM,LOW
VEH_004,68b89b2d4f65cd554d7512ab,07/11/2025 0:00,ON,0,5439.74,33.1,45.3,26.8,145,0.17,3,0,0.03,326.41,334475.14,0.03,0,0,1,0.03,0,0.17,0.03,0.128,3600,0,0,0,6,86400,33.1,8.33E-06,0.000182937,180937.0933,3015.618221,50.26030369,0,0,0,0,1,1,0,0,8.33E-06,3972000,1103.333333,0,0,0,MEDIUM,LOW
VEH_004,68b89b2d4f65cd554d7512ab,07/11/2025 1:00,ON,0,5439.74,33.07,45.5,24.6,146,0.12,49,0,0.03,326.44,334475.14,0.03,0,0,1,0.03,0,0.12,0.49,0.231,3600,0,0,0,6,90000,33.07,8.33E-06,0.000131349,251771.6012,4196.193353,69.93655589,0,0,0,0,1,1,0,0,8.33E-06,3968400,1102.333333,0,0,0,MEDIUM,LOW
VEH_004,68b89b2d4f65cd554d7512ab,07/11/2025 2:00,ON,0,5439.74,33.04,44.8,25.7,147,-0.29,8,0,0.03,326.47,334475.14,0.03,0,0,1,0.03,0,0.29,0.08,0.227,3600,0,0,0,6,93600,33.04,8.33E-06,9.01E-05,366787.6652,6113.127753,101.8854626,0,0,0,0,1,1,0,0,8.33E-06,3964800,1101.333333,0,0,0,MEDIUM,LOW
VEH_004,68b89b2d4f65cd554d7512ab,07/11/2025 3:00,ON,0,5439.74,33.01,45,29.8,148,-0.2,3,0,0.03,326.5,334475.14,0.03,0,0,1,0.03,0,0.2,0.03,0.149,3600,0,0,0,6,97200,33.01,8.33E-06,6.03E-05,547271.0526,9121.184211,152.0197368,0,0,0,0,1,1,0,0,8.33E-06,3961200,1100.333333,0,0,0,MEDIUM,LOW
VEH_004,68b89b2d4f65cd554d7512ab,07/11/2025 4:00,ON,0,5439.74,32.98,45.2,25.8,149,-0.33,31,0,0.03,326.53,334475.14,0.03,0,0,1,0.03,0,0.33,0.31,0.324,3600,0,0,0,6,100800,32.98,8.33E-06,4.44E-05,742050,12367.5,206.125,0,0,0,0,1,1,0,0,8.33E-06,3957600,1099.333333,0,0,0,MEDIUM,LOW
VEH_004,68b89b2d4f65cd554d7512ab,07/11/2025 5:00,ON,0,5439.74,32.95,44.9,27.1,150,0.43,16,0,0.03,326.56,334475.14,0.03,0,0,1,0.03,0,0.43,0.16,0.349,3600,0,0,0,6,104400,32.95,8.33E-06,2.26E-05,1456736.842,24278.94737,404.6491228,0,0,0,0,1,1,0,0,8.33E-06,3954000,1098.333333,0,0,0,MEDIUM,LOW
VEH_004,68b89b2d4f65cd554d7512ab,07/11/2025 6:00,ON,7.84,5447.58,32.48,44.4,28.5,151,-0.16,22,9.85,0,327.03,334475.14,0.47,7.84,16.68085106,0,0,9.85,0.16,0.22,0.178,3600,0,11.6033,0,6,108000,32.48,0.000130556,2.58E-05,1259224.615,20987.07692,349.7846154,0,0.44693788,0,16.68085106,0,0,0,0,0.002736111,11870.86294,3.297461929,0.05994898,0.421641791,0,MEDIUM,LOW
VEH_004,68b89b2d4f65cd554d7512ab,07/11/2025 7:00,ON,3.43,5451.01,32.27,44.1,34.3,152,0.03,28,8.53,0,327.24,334475.14,0.21,3.43,16.33333333,0,0,8.53,0.03,0.28,0.105,3600,0,9.42565,0,6,111600,32.27,5.83E-05,3.29E-05,979763.8554,16329.39759,272.1566265,0,0.195535323,0,16.33333333,0,0,0,0,0.002369444,13619.22626,3.783118406,0.06122449,0.996268657,0,MEDIUM,LOW
VEH_004,68b89b2d4f65cd554d7512ab,07/11/2025 8:00,ON,0,5451.01,32.24,44.1,26.2,153,-0.27,1,0,0.03,327.27,334475.14,0.03,0,0,1,0.03,0,0.27,0.01,0.192,3600,0,0,0,6,115200,32.24,8.33E-06,3.29E-05,978853.012,16314.21687,271.9036145,0,0,0,0,1,1,0,0,8.33E-06,3868800,1074.666667,0,0,0,MEDIUM,LOW
VEH_004,68b89b2d4f65cd554d7512ab,07/11/2025 9:00,ON,0.76,5451.76,32.2,44.2,35.7,154,-0.46,40,7.73,0,327.32,334475.14,0.04,0.75,18.75,0,0,7.73,0.46,0.4,0.442,3600,0,11.14666,0,6,118800,32.2,1.11E-05,3.33E-05,966000,16100,268.3333333,0,0.042755537,0,18.75,0,0,0,0,0.002147222,14996.11902,4.165588616,0.053333333,0.052238806,0,MEDIUM,LOW
VEH_004,68b89b2d4f65cd554d7512ab,07/11/2025 10:00,ON,7.29,5459.05,31.76,44.3,33.9,155,0.01,43,9.69,0,327.75,334475.14,0.44,7.29,16.56818182,0,0,9.69,0.01,0.43,0.136,3600,0,11.00784,0,6,122400,31.76,0.000122222,4.96E-05,640281.6,10671.36,177.856,0,0.41558382,0,16.56818182,0,0,0,0,0.002691667,11799.3808,3.277605779,0.060356653,0.940298507,0,MEDIUM,LOW
VEH_004,68b89b2d4f65cd554d7512ab,07/11/2025 11:00,ON,14.75,5473.8,30.88,44.5,41.2,156,0.07,0,11.92,0,328.64,334475.14,0.88,14.75,16.76136364,0,0,11.92,0.07,0,0.049,3600,0,12.50408,0,6,126000,30.88,0.000244444,8.33E-05,370560,6176,102.9333333,0,0.840858895,0,16.76136364,0,0,0,0,0.003311111,9326.174497,2.590604027,0.059661017,0.104477612,0,MEDIUM,LOW
VEH_004,68b89b2d4f65cd554d7512ab,07/11/2025 12:00,ON,18.41,5492.21,29.77,44.1,41.7,157,-0.2,20,13.02,0,329.74,334475.14,1.11,18.41,16.58558559,0,0,13.02,0.2,0.2,0.2,3600,0,15.624,0,6,129600,29.77,0.000308333,0.00012619,235913.2075,3931.886792,65.53144654,0,1.049505916,0,16.58558559,0,0,0,0,0.003616667,8231.336406,2.286482335,0.060293319,0.925373134,0,MEDIUM,LOW
VEH_004,68b89b2d4f65cd554d7512ab,07/11/2025 13:00,ON,23.48,5515.7,28.36,44,41.5,158,-0.49,28,14.55,0,331.15,334475.14,1.41,23.49,16.65957447,0,0,14.55,0.49,0.28,0.427,3600,0,20.76285,0,6,133200,28.36,0.000391667,0.000163492,173464.0777,2891.067961,48.18446602,0,1.33910342,0,16.65957447,0,0,0,0,0.004041667,7016.907216,1.949140893,0.060025543,0.585820896,0,MEDIUM,LOW
VEH_004,68b89b2d4f65cd554d7512ab,07/11/2025 14:00,ON,23.2,5538.89,26.97,43.5,37.4,159,0.05,38,14.46,0,332.54,334475.14,1.39,23.19,16.68345324,0,0,14.46,0.05,0.38,0.149,3600,0,16.61454,0,6,136800,26.97,0.000386111,0.000210317,128234.717,2137.245283,35.62075472,0,1.322001205,0,16.68345324,0,0,0,0,0.004016667,6714.522822,1.865145228,0.059939629,0.391791045,0,MEDIUM,LOW
VEH_004,68b89b2d4f65cd554d7512ab,07/11/2025 15:00,ON,16.05,5554.94,26.01,43.2,40.3,160,0.43,25,12.31,0,333.51,334475.14,0.96,16.05,16.71875,0,0,12.31,0.43,0.25,0.376,3600,0,16.93856,0,6,140400,26.01,0.000266667,0.000247222,105208.9888,1753.483146,29.2247191,0,0.914968493,0,16.71875,0,0,0,0,0.003419444,7606.498781,2.112916328,0.059813084,0.164179104,0,MEDIUM,LOW
VEH_004,68b89b2d4f65cd554d7512ab,07/11/2025 16:00,ON,16.66,5571.6,25.01,43,40.8,161,-0.28,7,12.5,0,334.51,334475.14,1,16.66,16.66,0,0,12.5,0.28,0.07,0.217,3600,0,15.2125,0,6,144000,25.01,0.000277778,0.000285317,87656.74548,1460.945758,24.34909597,0,0.949742996,0,16.66,0,0,0,0,0.003472222,7202.88,2.0008,0.06002401,0.578358209,0,MEDIUM,LOW
VEH_004,68b89b2d4f65cd554d7512ab,07/11/2025 17:00,ON,18.09,5589.69,23.92,42.8,41.8,162,0.01,23,12.93,0,335.59,334475.14,1.09,18.09,16.59633028,0,0,12.93,0.01,0.23,0.076,3600,0,13.91268,0,6,147600,23.92,0.000302778,0.000311111,76885.71429,1281.428571,21.35714286,0,1.031263553,0,16.59633028,0,0,0,0,0.003591667,6659.860789,1.84996133,0.060254284,0.906716418,0,HIGH,LOW
VEH_004,68b89b2d4f65cd554d7512ab,07/11/2025 18:00,ON,21.09,5610.78,22.66,43.2,38.7,163,-0.19,10,13.83,0,336.86,334475.14,1.26,21.09,16.73809524,0,0,13.83,0.19,0.1,0.163,3600,0,16.08429,0,6,151200,22.66,0.00035,0.00032619,69468.61314,1157.810219,19.29683698,0,1.202285701,0,16.73809524,0,0,0,0,0.003841667,5898.481562,1.638467101,0.059743954,0.134328358,0,HIGH,LOW
VEH_004,68b89b2d4f65cd554d7512ab,07/11/2025 19:00,ON,26.82,5637.6,21.05,43.1,47.6,164,-0.19,25,15.55,0,338.47,334475.14,1.61,26.82,16.65838509,0,0,15.55,0.19,0.25,0.208,3600,0,18.7844,0,6,154800,21.05,0.000447222,0.000346032,60832.56881,1013.876147,16.89793578,0,1.528938004,0,16.65838509,0,0,0,0,0.004319444,4873.311897,1.353697749,0.060029828,0.597014925,0,HIGH,MEDIUM
VEH_004,68b89b2d4f65cd554d7512ab,07/11/2025 20:00,ON,25.43,5663.03,19.52,43.2,41.5,165,-0.38,8,15.13,0,339.99,334475.14,1.53,25.43,16.62091503,0,0,15.13,0.38,0.08,0.29,3600,0,19.5177,0,6,158400,19.52,0.000425,0.000350794,55645.24887,927.4208145,15.45701357,0,1.449697742,0,16.62091503,0,0,0,0,0.004202778,4644.547257,1.290152016,0.060165159,0.873134328,0,HIGH,MEDIUM
VEH_004,68b89b2d4f65cd554d7512ab,07/11/2025 21:00,ON,24.23,5687.26,18.07,43.2,42,166,-0.39,22,14.77,0,341.45,334475.14,1.45,24.23,16.71034483,0,0,14.77,0.39,0.22,0.339,3600,0,19.77703,0,6,162000,18.07,0.000402778,0.000353175,51164.49438,852.741573,14.21235955,0,1.381288883,0,16.71034483,0,0,0,0,0.004102778,4404.333108,1.223425863,0.05984317,0.201492537,0,HIGH,MEDIUM
VEH_004,68b89b2d4f65cd554d7512ab,07/11/2025 22:00,ON,26.9,5714.16,16.45,43.5,46.2,167,-0.4,12,15.57,0,343.06,334475.14,1.62,26.9,16.60493827,0,0,15.57,0.4,0.12,0.316,3600,0,20.49012,0,6,165600,16.45,0.00045,0.000379365,43361.92469,722.6987448,12.04497908,0,1.533498595,0,16.60493827,0,0,0,0,0.004325,3803.468208,1.056518947,0.060223048,0.891791045,0,HIGH,MEDIUM
VEH_004,68b89b2d4f65cd554d7512ab,07/11/2025 23:00,ON,22.66,5736.82,15.09,43.5,41.5,168,0.16,37,14.3,0,344.42,334475.14,1.36,22.66,16.66176471,0,0,14.3,0.16,0.37,0.223,3600,0,17.4889,0,6,169200,15.09,0.000377778,0.000393651,38333.46774,638.891129,10.64818548,0,1.291787292,0,16.66176471,0,0,0,0,0.003972222,3798.881119,1.055244755,0.060017652,0.555970149,0,HIGH,MEDIUM
VEH_004,68b89b2d4f65cd554d7512ab,08/11/2025 0:00,ON,22.03,5758.85,13.77,43.5,38.8,169,0.14,2,14.11,0,345.74,334475.14,1.32,22.03,16.68939394,0,0,14.11,0.14,0.02,0.104,3600,0,15.57744,0,6,172800,13.77,0.000366667,0.000402778,34187.58621,569.7931034,9.496551724,0,1.255872641,0,16.68939394,0,0,0,0,0.003919444,3513.253012,0.975903614,0.059918293,0.324626866,0,HIGH,MEDIUM
VEH_004,68b89b2d4f65cd554d7512ab,08/11/2025 1:00,ON,26.07,5784.93,12.21,43.1,38.3,170,-0.29,8,15.32,0,347.31,334475.14,1.56,26.08,16.71794872,0,0,15.32,0.29,0.08,0.227,3600,0,18.79764,0,6,176400,12.21,0.000433333,0.000414683,29444.21053,490.7368421,8.178947368,0,1.486752541,0,16.71794872,0,0,0,0,0.004255556,2869.190601,0.796997389,0.059815951,0.175373134,0,HIGH,MEDIUM
VEH_004,68b89b2d4f65cd554d7512ab,08/11/2025 2:00,ON,34.06,5818.99,10.17,42.4,47.4,171,-0.35,43,17.72,0,349.35,334475.14,2.04,34.06,16.69607843,0,0,17.72,0.35,0.43,0.374,3600,1,24.34728,0,6,180000,10.17,0.000566667,0.000431746,23555.51471,392.5919118,6.543198529,0,1.941671455,0,16.69607843,0,0,0,0,0.004922222,2066.139955,0.573927765,0.059894304,0.287313433,0,HIGH,MEDIUM
VEH_004,68b89b2d4f65cd554d7512ab,08/11/2025 3:00,ON,41.05,5860.03,7.7,42.5,47.2,172,-0.02,46,19.81,0,351.81,334475.14,2.47,41.04,16.61538462,0,0,19.81,0.02,0.46,0.152,3600,1,22.82112,0,6,183600,7.7,0.000686111,0.000469048,16416.24365,273.6040609,4.560067682,0,2.339582986,0,16.61538462,0,0,0,0,0.005502778,1399.293286,0.38869258,0.060185185,0.880597015,0,HIGH,HIGH
VEH_004,68b89b2d4f65cd554d7512ab,08/11/2025 4:00,ON,46.6,5906.63,4.91,42.7,49.6,173,0.23,25,21.48,0,354.61,334475.14,2.79,46.6,16.70250896,0,0,21.48,0.23,0.25,0.236,3600,1,26.54928,0,6,187200,4.91,0.000775,0.000522222,9402.12766,156.7021277,2.611702128,0,2.656544034,0,16.70250896,0,0,0,0,0.005966667,822.9050279,0.22858473,0.059871245,0.242537313,0,HIGH,HIGH
VEH_004,68b89b2d4f65cd554d7512ab,08/11/2025 5:00,ON,40.75,5947.38,2.46,42.2,48.9,174,0.29,44,19.72,0,357.05,334475.14,2.45,40.75,16.63265306,0,0,19.72,0.29,0.44,0.335,3600,1,26.3262,0,6,190800,2.46,0.000680556,0.000555159,4431.165118,73.85275197,1.230879199,0,2.323050846,0,16.63265306,0,0,0,0,0.005477778,449.0872211,0.12474645,0.060122699,0.809701493,0,HIGH,HIGH
VEH_004,68b89b2d4f65cd554d7512ab,08/11/2025 6:00,ON,36.91,5984.29,0.25,41.8,48.9,175,-0.22,36,18.57,0,359.27,334475.14,2.21,36.91,16.70135747,0,0,18.57,0.22,0.36,0.262,3600,1,23.43534,0,6,194400,0.25,0.000613889,0.000588889,424.5283019,7.075471698,0.117924528,0,2.104142496,0,16.70135747,0,0,0,0,0.005158333,48.46526656,0.013462574,0.059875373,0.253731343,0,HIGH,HIGH
VEH_004,68b89b2d4f65cd554d7512ab,08/11/2025 7:00,ON,40.95,6025.24,0,42.2,48.1,176,-0.15,19,19.78,0,361.72,334475.14,0.25,40.95,163.8,0,0,19.78,0.15,0.19,0.162,3600,1,22.98436,0,6,198000,0,6.94E-05,0.000546429,0,0,0,0,2.334452322,0,163.8,0,0,0,0,0.005494444,0,0,0.006105006,0.044776119,0,HIGH,HIGH
VEH_004,68b89b2d4f65cd554d7512ab,08/11/2025 8:00,ON,0,6025.24,40.86,42.9,20.6,176,0.15,46,0,0.03,361.72,334475.14,0,0,0,1,0.03,0,0.15,0.46,0.243,3600,0,0,1,7,0,40.86,0,0.000484524,84330.22113,1405.503686,23.42506143,0,0,0,0,0,0,0,0,8.33E-06,4903200,1362,0,0,0,MEDIUM,LOW
VEH_004,68b89b2d4f65cd554d7512ab,08/11/2025 9:00,ON,0.9,6026.13,40.81,43.4,33.6,177,0.24,39,7.77,0,361.78,334475.14,0.05,0.89,17.8,0,0,7.77,0.24,0.39,0.285,3600,0,9.98445,0,7,3600,40.81,1.39E-05,0.000405556,100627.3973,1677.123288,27.95205479,0,0.050736571,0,17.8,0,0,0,0,0.002158333,18908.10811,5.252252252,0.056179775,0.059701493,0,MEDIUM,LOW
VEH_004,68b89b2d4f65cd554d7512ab,08/11/2025 10:00,ON,0,6026.13,40.78,42.4,26.5,178,0.24,16,0,0.03,361.81,334475.14,0.03,0,0,1,0.03,0,0.24,0.16,0.216,3600,0,0,0,7,7200,40.78,8.33E-06,0.00030873,132089.4602,2201.491003,36.69151671,0,0,0,0,1,1,0,0,8.33E-06,4893600,1359.333333,0,0,0,MEDIUM,LOW
VEH_004,68b89b2d4f65cd554d7512ab,08/11/2025 11:00,ON,0.58,6026.71,40.74,42.6,32.1,179,0.28,27,7.67,0,361.84,334475.14,0.04,0.58,14.5,0,0,7.67,0.28,0.27,0.277,3600,0,9.79459,0,7,10800,40.74,1.11E-05,0.000199603,204104.9702,3401.749503,56.69582505,0,0.033064282,0,14.5,0,0,0,0,0.002130556,19121.77314,5.311603651,0.068965517,1,0,MEDIUM,LOW
VEH_004,68b89b2d4f65cd554d7512ab,08/11/2025 12:00,ON,2.79,6029.51,40.57,42.6,37.8,180,0.14,26,8.34,0,362.01,334475.14,0.17,2.8,16.47058824,0,0,8.34,0.14,0.26,0.176,3600,0,9.80784,0,7,14400,40.57,4.72E-05,0.000109127,371768.7273,6196.145455,103.2690909,0,0.159620672,0,16.47058824,0,0,0,0,0.002316667,17512.23022,4.864508393,0.060714286,0.97761194,0,MEDIUM,LOW
VEH_004,68b89b2d4f65cd554d7512ab,08/11/2025 13:00,ON,0,6029.51,40.54,42.4,29.1,181,-0.34,23,0,0.03,362.04,334475.14,0.03,0,0,1,0.03,0,0.34,0.23,0.307,3600,0,0,0,7,18000,40.54,8.33E-06,2.26E-05,1792294.737,29871.57895,497.8596491,0,0,0,0,1,1,0,0,8.33E-06,4864800,1351.333333,0,0,0,MEDIUM,LOW
VEH_004,68b89b2d4f65cd554d7512ab,08/11/2025 14:00,ON,3.51,6033.02,40.33,42.1,33.1,182,-0.41,26,8.55,0,362.25,334475.14,0.21,3.51,16.71428571,0,0,8.55,0.41,0.26,0.365,3600,0,11.67075,0,7,21600,40.33,5.83E-05,2.10E-05,1917577.358,31959.62264,532.6603774,0,0.200095913,0,16.71428571,0,0,0,0,0.002375,16981.05263,4.716959064,0.05982906,0.186567164,0,MEDIUM,LOW
VEH_004,68b89b2d4f65cd554d7512ab,08/11/2025 15:00,ON,8.64,6041.65,39.81,42,41.5,183,-0.27,29,10.09,0,362.77,334475.14,0.52,8.63,16.59615385,0,0,10.09,0.27,0.29,0.276,3600,0,12.87484,0,7,25200,39.81,0.000144444,4.17E-05,955440,15924,265.4,0,0.491973713,0,16.59615385,0,0,0,0,0.002802778,14203.76611,3.945490585,0.060254925,0.910447761,0,MEDIUM,LOW
VEH_004,68b89b2d4f65cd554d7512ab,08/11/2025 16:00,ON,6.42,6048.08,39.43,42.3,39,184,0.28,18,9.43,0,363.15,334475.14,0.38,6.43,16.92105263,0,0,9.43,0.28,0.18,0.25,3600,0,11.7875,0,7,28800,39.43,0.000105556,5.48E-05,720026.087,12000.43478,200.0072464,0,0.366557471,0,16.92105263,0,0,0,0,0.002619444,15052.81018,4.181336161,0.059097978,0.063432836,0,MEDIUM,LOW
VEH_004,68b89b2d4f65cd554d7512ab,08/11/2025 17:00,ON,10.6,6058.67,38.79,41.8,43.7,185,0.4,48,10.68,0,363.79,334475.14,0.64,10.59,16.546875,0,0,10.68,0.4,0.48,0.424,3600,0,15.20832,0,7,32400,38.79,0.000177778,7.90E-05,491210.0503,8186.834171,136.4472362,0,0.603708183,0,16.546875,0,0,0,0,0.002966667,13075.2809,3.632022472,0.060434372,0.951492537,0,MEDIUM,LOW
VEH_004,68b89b2d4f65cd554d7512ab,08/11/2025 18:00,ON,14.08,6072.75,37.95,41.6,42,186,0.46,21,11.72,0,364.63,334475.14,0.84,14.08,16.76190476,0,0,11.72,0.46,0.21,0.385,3600,0,16.2322,0,7,36000,37.95,0.000233333,0.000110714,342774.1935,5712.903226,95.21505376,0,0.802663949,0,16.76190476,0,0,0,0,0.003255556,11656.99659,3.238054608,0.059659091,0.100746269,0,MEDIUM,LOW
VEH_004,68b89b2d4f65cd554d7512ab,08/11/2025 19:00,ON,13.46,6086.2,37.14,40.8,38.4,187,-0.24,13,11.54,0,365.44,334475.14,0.81,13.45,16.60493827,0,0,11.54,0.24,0.13,0.207,3600,0,13.92878,0,7,39600,37.14,0.000225,0.000136111,272865.3061,4547.755102,75.79591837,0,0.766749297,0,16.60493827,0,0,0,0,0.003205556,11586.13518,3.218370884,0.060223048,0.895522388,0,MEDIUM,LOW
VEH_004,68b89b2d4f65cd554d7512ab,08/11/2025 20:00,ON,11.52,6097.72,70.2,40.3,39.4,188,-0.22,24,10.96,0,366.13,334475.14,0,11.52,0,0,0,10.96,0.22,0.24,0.226,3600,0,13.43696,1,8,0,70.2,0,0.000134921,520305.8824,8671.764706,144.5294118,0,0.656725049,0,0,0,0,0,0,0.003044444,23058.39416,6.405109489,0,0.02238806,0,LOW,LOW
VEH_004,68b89b2d4f65cd554d7512ab,08/11/2025 21:00,ON,11.32,6109.04,69.52,40.3,42.6,189,-0.43,10,10.9,0,366.81,334475.14,0.68,11.32,16.64705882,0,0,10.9,0.43,0.1,0.331,3600,0,14.5079,0,8,3600,69.52,0.000188889,0.000153571,452688.3721,7544.806202,125.74677,0,0.645323572,0,16.64705882,0,0,0,0,0.003027778,22960.73394,6.377981651,0.060070671,0.71641791,0,LOW,LOW
VEH_004,68b89b2d4f65cd554d7512ab,08/11/2025 22:00,ON,6.99,6116.03,69.1,39.6,38,190,-0.44,20,9.6,0,367.23,334475.14,0.42,6.99,16.64285714,0,0,9.6,0.44,0.2,0.368,3600,0,13.1328,0,8,7200,69.1,0.000116667,0.000149603,461888.5942,7698.143236,128.3023873,0,0.398481605,0,16.64285714,0,0,0,0,0.002666667,25912.5,7.197916667,0.060085837,0.753731343,0,LOW,LOW
VEH_004,68b89b2d4f65cd554d7512ab,08/11/2025 23:00,ON,11.51,6127.53,68.41,39.7,41.1,191,-0.33,17,10.95,0,367.92,334475.14,0.69,11.5,16.66666667,0,0,10.95,0.33,0.17,0.282,3600,0,14.0379,0,8,10800,68.41,0.000191667,0.000161905,422532.3529,7042.205882,117.370098,0,0.655584901,0,16.66666667,0,0,0,0,0.003041667,22490.9589,6.247488584,0.06,0.514925373,0,LOW,LOW
VEH_004,68b89b2d4f65cd554d7512ab,09/11/2025 0:00,ON,15.32,6142.85,67.49,40.1,42.2,192,-0.35,26,12.09,0,368.84,334475.14,0.92,15.32,16.65217391,0,0,12.09,0.35,0.26,0.323,3600,0,15.99507,0,8,14400,67.49,0.000255556,0.000173016,390079.8165,6501.330275,108.3555046,0,0.873353103,0,16.65217391,0,0,0,0,0.003358333,20096.27792,5.582299421,0.060052219,0.660447761,0,LOW,LOW
VEH_004,68b89b2d4f65cd554d7512ab,09/11/2025 1:00,ON,13.7,6156.55,66.67,39.3,37.1,193,-0.22,48,11.61,0,369.66,334475.14,0.82,13.7,16.70731707,0,0,11.61,0.22,0.48,0.298,3600,0,15.06978,0,8,18000,66.67,0.000227778,0.000172222,387116.129,6451.935484,107.5322581,0,0.781001143,0,16.70731707,0,0,0,0,0.003225,20672.86822,5.742463394,0.059854015,0.223880597,0,LOW,LOW
VEH_004,68b89b2d4f65cd554d7512ab,09/11/2025 2:00,ON,11.37,6167.92,65.99,39.1,40.3,194,0.48,15,10.91,0,370.35,334475.14,0.68,11.37,16.72058824,0,0,10.91,0.48,0.15,0.381,3600,0,15.06671,0,8,21600,65.99,0.000188889,0.000167063,394999.5249,6583.325416,109.7220903,0,0.648173941,0,16.72058824,0,0,0,0,0.003030556,21774.88543,6.048579285,0.059806508,0.152985075,0,LOW,LOW
VEH_004,68b89b2d4f65cd554d7512ab,09/11/2025 3:00,ON,5.34,6173.26,65.67,39.5,35.1,195,-0.17,42,9.1,0,370.67,334475.14,0.32,5.34,16.6875,0,0,9.1,0.17,0.42,0.245,3600,0,11.3295,0,8,25200,65.67,8.89E-05,0.000179762,365316.5563,6088.609272,101.4768212,0,0.304419424,0,16.6875,0,0,0,0,0.002527778,25979.34066,7.216483516,0.059925094,0.339552239,0,LOW,LOW
VEH_004,68b89b2d4f65cd554d7512ab,09/11/2025 4:00,ON,7.25,6180.52,65.23,38.6,35.1,196,0.19,39,9.68,0,371.1,334475.14,0.44,7.26,16.5,0,0,9.68,0.19,0.39,0.25,3600,0,12.1,0,8,28800,65.23,0.000122222,0.000170238,383169.2308,6386.153846,106.4358974,0,0.413873598,0,16.5,0,0,0,0,0.002688889,24259.09091,6.738636364,0.060606061,0.96641791,0,LOW,LOW
VEH_004,68b89b2d4f65cd554d7512ab,09/11/2025 5:00,ON,7.55,6188.07,64.78,38.5,37.3,197,-0.23,34,9.77,0,371.55,334475.14,0.45,7.55,16.77777778,0,0,9.77,0.23,0.34,0.263,3600,0,12.33951,0,8,32400,64.78,0.000125,0.000171429,377883.3333,6298.055556,104.9675926,0,0.430405739,0,16.77777778,0,0,0,0,0.002713889,23869.80553,6.630501535,0.059602649,0.093283582,0,LOW,LOW
VEH_004,68b89b2d4f65cd554d7512ab,09/11/2025 6:00,ON,0,6188.07,64.75,38.9,25.5,198,-0.12,8,0,0.03,371.58,334475.14,0.03,0,0,1,0.03,0,0.12,0.08,0.108,3600,0,0,0,8,36000,64.75,8.33E-06,0.000145238,445819.6721,7430.327869,123.8387978,0,0,0,0,1,1,0,0,8.33E-06,7770000,2158.333333,0,0,0,LOW,LOW
VEH_004,68b89b2d4f65cd554d7512ab,09/11/2025 7:00,ON,0,6188.07,64.72,38.8,29.7,199,0.15,20,0,0.03,371.61,334475.14,0.03,0,0,1,0.03,0,0.15,0.2,0.165,3600,0,0,0,8,39600,64.72,8.33E-06,0.000109921,588788.4477,9813.140794,163.5523466,0,0,0,0,1,1,0,0,8.33E-06,7766400,2157.333333,0,0,0,LOW,LOW
VEH_004,68b89b2d4f65cd554d7512ab,09/11/2025 8:00,ON,2.12,6190.2,64.59,38.8,33,200,-0.02,30,8.14,0,371.74,334475.14,0.13,2.13,16.38461538,0,0,8.14,0.02,0.3,0.104,3600,0,8.98656,0,8,43200,64.59,3.61E-05,8.25E-05,782532.6923,13042.21154,217.3701923,0,0.121425725,0,16.38461538,0,0,0,0,0.002261111,28565.60197,7.934889435,0.061032864,0.98880597,0,LOW,LOW
VEH_004,68b89b2d4f65cd554d7512ab,09/11/2025 9:00,ON,6.94,6197.13,64.17,38.8,33.1,201,-0.41,0,9.58,0,372.16,334475.14,0.42,6.93,16.5,0,0,9.58,0.41,0,0.287,3600,0,12.32946,0,8,46800,64.17,0.000116667,7.22E-05,888507.6923,14808.46154,246.8076923,0,0.395061162,0,16.5,0,0,0,0,0.002661111,24113.98747,6.698329854,0.060606061,0.962686567,0,LOW,LOW
VEH_004,68b89b2d4f65cd554d7512ab,09/11/2025 10:00,ON,0.55,6197.68,64.14,39.1,34,202,-0.14,28,7.66,0,372.19,334475.14,0.03,0.55,18.33333333,0,0,7.66,0.14,0.28,0.182,3600,0,9.05412,0,8,50400,64.14,8.33E-06,6.07E-05,1056423.529,17607.05882,293.4509804,0,0.03135406,0,18.33333333,0,0,0,0,0.002127778,30144.12533,8.373368146,0.054545455,0.055970149,0,LOW,LOW
VEH_004,68b89b2d4f65cd554d7512ab,09/11/2025 11:00,ON,0,6197.68,64.11,38.7,28.5,203,-0.03,14,0,0.03,372.22,334475.14,0.03,0,0,1,0.03,0,0.03,0.14,0.063,3600,0,0,0,8,54000,64.11,8.33E-06,4.44E-05,1442475,24041.25,400.6875,0,0,0,0,1,1,0,0,8.33E-06,7693200,2137,0,0,0,LOW,LOW
VEH_004,68b89b2d4f65cd554d7512ab,09/11/2025 12:00,ON,3.63,6201.32,63.89,37.9,40.8,204,0.29,13,8.59,0,372.44,334475.14,0.22,3.64,16.54545455,0,0,8.59,0.29,0.13,0.242,3600,0,10.66878,0,8,57600,63.89,6.11E-05,3.53E-05,1809020.225,30150.33708,502.505618,0,0.207506873,0,16.54545455,0,0,0,0,0.002386111,26775.7858,7.437718277,0.06043956,0.955223881,0,LOW,LOW
VEH_004,68b89b2d4f65cd554d7512ab,09/11/2025 13:00,ON,9.45,6210.76,63.33,38.2,42.9,205,0.38,47,10.33,0,373.01,334475.14,0.56,9.44,16.85714286,0,0,10.33,0.38,0.47,0.407,3600,0,14.53431,0,8,61200,63.33,0.000155556,5.63E-05,1123884.507,18731.40845,312.1901408,0,0.538149693,0,16.85714286,0,0,0,0,0.002869444,22070.47435,6.130687318,0.059322034,0.074626866,0,LOW,LOW
VEH_004,68b89b2d4f65cd554d7512ab,09/11/2025 14:00,ON,6.57,6217.33,62.93,37.9,34.1,206,0.32,17,9.47,0,373.4,334475.14,0.4,6.57,16.425,0,0,9.47,0.32,0.17,0.275,3600,0,12.07425,0,8,64800,62.93,0.000111111,7.10E-05,885941.8994,14765.69832,246.0949721,0,0.374538504,0,16.425,0,0,0,0,0.002630556,23922.70327,6.645195354,0.060882801,0.985074627,0,LOW,LOW
VEH_004,68b89b2d4f65cd554d7512ab,09/11/2025 15:00,ON,10.56,6227.9,62.3,37.4,36.7,207,-0.37,9,10.67,0,374.03,334475.14,0.63,10.57,16.77777778,0,0,10.67,0.37,0.09,0.286,3600,0,13.72162,0,8,68400,62.3,0.000175,9.09E-05,685572.0524,11426.20087,190.4366812,0,0.602568035,0,16.77777778,0,0,0,0,0.002963889,21019.68135,5.838800375,0.059602649,0.089552239,0,LOW,LOW
VEH_004,68b89b2d4f65cd554d7512ab,09/11/2025 16:00,ON,9.2,6237.09,61.75,36.9,35.2,208,0.06,35,10.26,0,374.59,334475.14,0.55,9.19,16.70909091,0,0,10.26,0.06,0.35,0.147,3600,0,11.76822,0,8,72000,61.75,0.000152778,9.60E-05,643016.5289,10716.94215,178.6157025,0,0.523897847,0,16.70909091,0,0,0,0,0.00285,21666.66667,6.018518519,0.059847661,0.21641791,0,LOW,LOW
VEH_004,68b89b2d4f65cd554d7512ab,09/11/2025 17:00,ON,2,6239.1,61.63,36.6,33.9,209,0.19,28,8.1,0,374.71,334475.14,0.12,2.01,16.75,0,0,8.1,0.19,0.28,0.217,3600,0,9.8577,0,8,75600,61.63,3.33E-05,9.96E-05,618755.3785,10312.58964,171.876494,0,0.114584839,0,16.75,0,0,0,0,0.00225,27391.11111,7.608641975,0.059701493,0.119402985,0,LOW,LOW
VEH_004,68b89b2d4f65cd554d7512ab,09/11/2025 18:00,ON,9.01,6248.11,61.08,36.3,41.4,210,-0.14,27,10.2,0,375.25,334475.14,0.55,9.01,16.38181818,0,0,10.2,0.14,0.27,0.179,3600,0,12.0258,0,8,79200,61.08,0.000152778,0.000120238,507992.0792,8466.534653,141.1089109,0,0.513636518,0,16.38181818,0,0,0,0,0.002833333,21557.64706,5.988235294,0.061043285,0.992537313,0,LOW,LOW
VEH_004,68b89b2d4f65cd554d7512ab,09/11/2025 19:00,ON,9.06,6257.16,60.54,36.4,39,211,0.29,35,10.22,0,375.79,334475.14,0.54,9.05,16.75925926,0,0,10.22,0.29,0.35,0.308,3600,0,13.36776,0,8,82800,60.54,0.00015,0.000132937,455405.3731,7590.089552,126.5014925,0,0.515916814,0,16.75925926,0,0,0,0,0.002838889,21325.24462,5.923679061,0.059668508,0.108208955,0,LOW,LOW
VEH_004,68b89b2d4f65cd554d7512ab,09/11/2025 20:00,ON,16.78,6273.94,59.54,36.1,36.8,212,0.03,24,12.53,0,376.8,334475.14,1,16.78,16.78,0,0,12.53,0.03,0.24,0.093,3600,0,13.69529,0,8,86400,59.54,0.000277778,0.000150397,395886.0158,6598.100264,109.9683377,0,0.956583882,0,16.78,0,0,0,0,0.003480556,17106.46449,4.75179569,0.059594756,0.085820896,0,LOW,LOW
VEH_004,68b89b2d4f65cd554d7512ab,09/11/2025 21:00,ON,10.94,6284.88,58.88,36.6,37.3,213,-0.38,2,10.78,0,377.45,334475.14,0.66,10.94,16.57575758,0,0,10.78,0.38,0.02,0.272,3600,0,13.71216,0,8,90000,58.88,0.000183333,0.000160714,366364.4444,6106.074074,101.7679012,0,0.623660767,0,16.57575758,0,0,0,0,0.002994444,19663.07978,5.461966605,0.060329068,0.932835821,0,LOW,LOW
VEH_004,68b89b2d4f65cd554d7512ab,09/11/2025 22:00,ON,13.31,6298.19,58.08,36.6,42.1,214,-0.19,48,11.49,0,378.25,334475.14,0.8,13.31,16.6375,0,0,11.49,0.19,0.48,0.277,3600,0,14.67273,0,8,93600,58.08,0.000222222,0.00016746,346828.436,5780.473934,96.34123223,0,0.758768264,0,16.6375,0,0,0,0,0.003191667,18197.38903,5.054830287,0.060105184,0.791044776,0,LOW,LOW
VEH_004,68b89b2d4f65cd554d7512ab,09/11/2025 23:00,ON,12.9,6311.08,57.31,36.7,42.7,215,-0.22,40,11.37,0,379.02,334475.14,0.77,12.89,16.74025974,0,0,11.37,0.22,0.4,0.274,3600,0,14.48538,0,8,97200,57.31,0.000213889,0.00017619,325272.973,5421.216216,90.3536036,0,0.734825163,0,16.74025974,0,0,0,0,0.003158333,18145.64644,5.040457344,0.05973623,0.130597015,0,LOW,LOW
VEH_004,68b89b2d4f65cd554d7512ab,10/11/2025 0:00,ON,5.34,6316.43,56.99,37,39.2,216,-0.05,44,9.1,0,379.35,334475.14,0.32,5.35,16.71875,0,0,9.1,0.05,0.44,0.167,3600,0,10.6197,0,8,100800,56.99,8.89E-05,0.000184127,309514.6552,5158.577586,85.9762931,0,0.304989498,0,16.71875,0,0,0,0,0.002527778,22545.49451,6.262637363,0.059813084,0.160447761,0,LOW,LOW
VEH_004,68b89b2d4f65cd554d7512ab,10/11/2025 1:00,ON,11.23,6327.65,56.31,36.7,36,217,-0.02,38,10.87,0,380.02,334475.14,0.68,11.22,16.5,0,0,10.87,0.02,0.38,0.128,3600,0,12.26136,0,8,104400,56.31,0.000188889,0.000189286,297486.7925,4958.113208,82.63522013,0,0.639622834,0,16.5,0,0,0,0,0.003019444,18649.12603,5.180312787,0.060606061,0.970149254,0,LOW,LOW
VEH_004,68b89b2d4f65cd554d7512ab,10/11/2025 2:00,ON,10.54,6338.2,55.68,36.2,40,218,0.5,19,10.66,0,380.65,334475.14,0.63,10.55,16.74603175,0,0,10.66,0.5,0.19,0.407,3600,0,14.99862,0,8,108000,55.68,0.000175,0.000192857,288711.1111,4811.851852,80.19753086,0,0.601427888,0,16.74603175,0,0,0,0,0.002961111,18803.75235,5.22326454,0.05971564,0.123134328,0,LOW,LOW
VEH_004,68b89b2d4f65cd554d7512ab,10/11/2025 3:00,ON,9.61,6347.81,55.1,36.5,36.7,219,0.17,20,10.38,0,381.23,334475.14,0.58,9.61,16.56896552,0,0,10.38,0.17,0.2,0.179,3600,0,12.23802,0,8,111600,55.1,0.000161111,0.00017619,312729.7297,5212.162162,86.86936937,0,0.547840948,0,16.56896552,0,0,0,0,0.002883333,19109.82659,5.308285164,0.060353798,0.936567164,0,LOW,LOW
VEH_004,68b89b2d4f65cd554d7512ab,10/11/2025 4:00,ON,10.54,6358.35,54.47,35.9,36.5,220,0.09,23,10.66,0,381.86,334475.14,0.63,10.54,16.73015873,0,0,10.66,0.09,0.23,0.132,3600,0,12.06712,0,8,115200,54.47,0.000175,0.000175,311257.1429,5187.619048,86.46031746,0,0.600857814,0,16.73015873,0,0,0,0,0.002961111,18395.12195,5.109756098,0.059772296,0.145522388,0,LOW,LOW
VEH_004,68b89b2d4f65cd554d7512ab,10/11/2025 5:00,ON,8.92,6367.27,53.94,36.4,36.5,221,-0.2,10,10.18,0,382.4,334475.14,0.53,8.92,16.83018868,0,0,10.18,0.2,0.1,0.17,3600,0,11.9106,0,8,118800,53.94,0.000147222,0.000164286,328330.4348,5472.173913,91.20289855,0,0.508505854,0,16.83018868,0,0,0,0,0.002827778,19075.04912,5.298624754,0.05941704,0.078358209,0,LOW,LOW
VEH_004,68b89b2d4f65cd554d7512ab,10/11/2025 6:00,ON,13.51,6380.78,53.12,36.9,39.9,222,0.3,2,11.55,0,383.21,334475.14,0.82,13.51,16.47560976,0,0,11.55,0.3,0.02,0.216,3600,0,14.0448,0,8,122400,53.12,0.000227778,0.00016627,319480.6683,5324.677804,88.74463007,0,0.77016974,0,16.47560976,0,0,0,0,0.003208333,16556.88312,4.599134199,0.060695781,0.973880597,0,LOW,LOW
VEH_004,68b89b2d4f65cd554d7512ab,10/11/2025 7:00,ON,17.56,6398.33,52.07,37,39.8,223,-0.44,30,12.77,0,384.26,334475.14,1.05,17.55,16.71428571,0,0,12.77,0.44,0.3,0.398,3600,0,17.85246,0,8,126000,52.07,0.000291667,0.000195238,266700,4445,74.08333333,0,1.000479567,0,16.71428571,0,0,0,0,0.003547222,14679.09162,4.07752545,0.05982906,0.190298507,0,LOW,LOW
VEH_004,68b89b2d4f65cd554d7512ab,10/11/2025 8:00,ON,19.56,6417.89,50.9,37,44.1,224,-0.49,32,13.37,0,385.43,334475.14,1.17,19.56,16.71794872,0,0,13.37,0.49,0.32,0.439,3600,0,19.23943,0,8,129600,50.9,0.000325,0.000214683,237094.2699,3951.571165,65.85951941,0,1.115064406,0,16.71794872,0,0,0,0,0.003713889,13705.3104,3.807030666,0.059815951,0.171641791,0,LOW,LOW
VEH_004,68b89b2d4f65cd554d7512ab,10/11/2025 9:00,ON,23.71,6441.6,49.48,36.7,42.2,225,-0.2,6,14.61,0,386.86,334475.14,1.42,23.71,16.6971831,0,0,14.61,0.2,0.06,0.158,3600,0,16.91838,0,8,133200,49.48,0.000394444,0.000246032,201112.2581,3351.870968,55.86451613,0,1.351645044,0,16.6971831,0,0,0,0,0.004058333,12192.19713,3.386721424,0.059890342,0.28358209,0,LOW,LOW
VEH_004,68b89b2d4f65cd554d7512ab,10/11/2025 10:00,ON,28.3,6469.9,47.78,36.8,46.7,226,0.23,25,15.99,0,388.55,334475.14,1.7,28.3,16.64705882,0,0,15.99,0.23,0.25,0.236,3600,0,19.76364,0,8,136800,47.78,0.000472222,0.000290476,164488.5246,2741.47541,45.69125683,0,1.613308931,0,16.64705882,0,0,0,0,0.004441667,10757.22326,2.988117573,0.060070671,0.712686567,0,LOW,LOW
VEH_004,68b89b2d4f65cd554d7512ab,10/11/2025 11:00,ON,30.79,6500.7,45.93,37.2,46.6,227,0.28,31,16.74,0,390.4,334475.14,1.85,30.8,16.64864865,0,0,16.74,0.28,0.31,0.289,3600,1,21.57786,0,8,140400,45.93,0.000513889,0.000338889,135531.1475,2258.852459,37.64754098,0,1.755827388,0,16.64864865,0,0,0,0,0.00465,9877.419355,2.743727599,0.060064935,0.697761194,0,LOW,LOW
VEH_004,68b89b2d4f65cd554d7512ab,10/11/2025 12:00,ON,30.1,6530.8,44.12,37.5,46.3,228,-0.43,30,16.53,0,392.21,334475.14,1.81,30.1,16.62983425,0,0,16.53,0.43,0.3,0.391,3600,1,22.99323,0,8,144000,44.12,0.000502778,0.000389683,113220.3666,1887.00611,31.45010183,0,1.71592222,0,16.62983425,0,0,0,0,0.004591667,9608.711434,2.669086509,0.06013289,0.824626866,0,MEDIUM,LOW
VEH_004,68b89b2d4f65cd554d7512ab,10/11/2025 13:00,ON,22.96,6553.76,42.75,38.2,41.1,229,-0.1,19,14.39,0,393.59,334475.14,1.37,22.96,16.75912409,0,0,14.39,0.1,0.19,0.127,3600,0,16.21753,0,8,147600,42.75,0.000380556,0.000411508,103886.2102,1731.436837,28.85728062,0,1.308889507,0,16.75912409,0,0,0,0,0.003997222,10694.92703,2.970813065,0.05966899,0.111940299,0,MEDIUM,LOW
VEH_004,68b89b2d4f65cd554d7512ab,10/11/2025 14:00,ON,15.79,6569.55,41.8,37.8,39,230,-0.46,16,12.24,0,394.53,334475.14,0.95,15.79,16.62105263,0,0,12.24,0.46,0.16,0.37,3600,0,16.7688,0,8,151200,41.8,0.000263889,0.00040754,102566.6991,1709.444985,28.49074976,0,0.900146573,0,16.62105263,0,0,0,0,0.0034,12294.11765,3.41503268,0.060164661,0.869402985,0,MEDIUM,LOW
VEH_004,68b89b2d4f65cd554d7512ab,10/11/2025 15:00,ON,18.98,6588.53,40.66,37.2,39.9,231,0.23,46,13.19,0,395.67,334475.14,1.14,18.98,16.64912281,0,0,13.19,0.23,0.46,0.299,3600,0,17.13381,0,8,154800,40.66,0.000316667,0.000406349,100061.7187,1667.695312,27.79492187,0,1.082000124,0,16.64912281,0,0,0,0,0.003663889,11097.4981,3.082638362,0.060063224,0.694029851,0,MEDIUM,LOW
VEH_004,68b89b2d4f65cd554d7512ab,10/11/2025 16:00,ON,18.2,6606.73,39.57,37.7,38.9,232,0.02,45,12.96,0,396.76,334475.14,1.09,18.2,16.69724771,0,0,12.96,0.02,0.45,0.149,3600,0,14.89104,0,8,158400,39.57,0.000302778,0.000393254,100621.998,1677.0333,27.95055499,0,1.037534365,0,16.69724771,0,0,0,0,0.0036,10991.66667,3.053240741,0.05989011,0.279850746,0,MEDIUM,LOW
VEH_004,68b89b2d4f65cd554d7512ab,10/11/2025 17:00,ON,19.12,6625.85,38.42,37.7,41.6,233,-0.27,25,13.24,0,397.91,334475.14,1.15,19.12,16.62608696,0,0,13.24,0.27,0.25,0.264,3600,0,16.73536,0,8,162000,38.42,0.000319444,0.000371429,103438.4615,1723.974359,28.73290598,0,1.089981157,0,16.62608696,0,0,0,0,0.003677778,10446.52568,2.901812689,0.060146444,0.843283582,0,MEDIUM,LOW
VEH_004,68b89b2d4f65cd554d7512ab,10/11/2025 18:00,ON,25.84,6651.69,36.87,37.3,38.9,234,-0.14,34,15.25,0,399.46,334475.14,1.55,25.84,16.67096774,0,0,15.25,0.14,0.34,0.2,3600,0,18.3,0,8,165600,36.87,0.000430556,0.000359524,102552.3179,1709.205298,28.48675497,0,1.473070769,0,16.67096774,0,0,0,0,0.004236111,8703.737705,2.417704918,0.05998452,0.496268657,0,MEDIUM,LOW
VEH_004,68b89b2d4f65cd554d7512ab,10/11/2025 19:00,ON,30.97,6682.66,74.73,37,46.4,235,-0.48,28,16.79,0,401.32,334475.14,0,30.97,0,0,0,16.79,0.48,0.28,0.42,3600,1,23.8418,1,9,0,74.73,0,0.000287698,259751.1724,4329.186207,72.15310345,0,1.765518643,0,0,0,0,0,0,0.004663889,16023.10899,4.450863609,0,0.02238806,0,LOW,LOW
VEH_004,68b89b2d4f65cd554d7512ab,10/11/2025 20:00,ON,38,6720.66,72.45,37.1,49.7,236,0.01,11,18.9,0,403.6,334475.14,2.28,38,16.66666667,0,0,18.9,0.01,0.11,0.04,3600,1,19.656,0,9,3600,72.45,0.000633333,0.00032381,223742.6471,3729.044118,62.15073529,0,2.166280543,0,16.66666667,0,0,0,0,0.00525,13800,3.833333333,0.06,0.52238806,0,LOW,LOW
VEH_004,68b89b2d4f65cd554d7512ab,10/11/2025 21:00,ON,40.63,6761.29,70.01,37.7,50.4,237,0.13,46,19.69,0,406.04,334475.14,2.44,40.63,16.65163934,0,0,19.69,0.13,0.46,0.229,3600,1,24.19901,0,9,7200,70.01,0.000677778,0.000382937,182824.0415,3047.067358,50.78445596,0,2.31620996,0,16.65163934,0,0,0,0,0.005469444,12800.20315,3.555611986,0.060054147,0.667910448,0,LOW,LOW
VEH_004,68b89b2d4f65cd554d7512ab,10/11/2025 22:00,ON,42.05,6803.34,67.49,37.5,52.6,238,-0.42,48,20.12,0,408.56,334475.14,2.52,42.05,16.68650794,0,0,20.12,0.42,0.48,0.438,3600,1,28.93256,0,9,10800,67.49,0.0007,0.000437698,154192.9284,2569.88214,42.83136899,0,2.397160443,0,16.68650794,0,0,0,0,0.005588889,12075.74553,3.354373757,0.059928656,0.358208955,0,LOW,LOW
VEH_004,68b89b2d4f65cd554d7512ab,10/11/2025 23:00,ON,40.99,6844.33,65.03,37.4,49.5,239,0.4,14,19.8,0,411.02,334475.14,2.46,40.99,16.66260163,0,0,19.8,0.4,0.14,0.322,3600,1,26.1756,0,9,14400,65.03,0.000683333,0.000492063,132157.7419,2202.629032,36.71048387,0,2.336732617,0,16.66260163,0,0,0,0,0.0055,11823.63636,3.284343434,0.060014638,0.541044776,0,LOW,LOW
VEH_004,68b89b2d4f65cd554d7512ab,11/11/2025 0:00,ON,48.76,6893.09,62.11,38,47.2,240,0.27,27,22.13,0,413.95,334475.14,2.92,48.76,16.69863014,0,0,22.13,0.27,0.27,0.27,3600,1,28.1051,0,9,18000,62.11,0.000811111,0.000562302,110456.7396,1840.94566,30.68242766,0,2.779679981,0,16.69863014,0,0,0,0,0.006147222,10103.75056,2.806597379,0.059885152,0.276119403,0,LOW,LOW
VEH_004,68b89b2d4f65cd554d7512ab,11/11/2025 1:00,ON,56.11,6949.2,58.74,38.3,47.5,241,-0.42,29,24.33,0,417.31,334475.14,3.37,56.11,16.64985163,0,0,24.33,0.42,0.29,0.381,3600,1,33.59973,0,9,21600,58.74,0.000936111,0.000634524,92573.35835,1542.889306,25.71482176,0,3.198684244,0,16.64985163,0,0,0,0,0.006758333,8691.491985,2.414303329,0.060060595,0.682835821,0,LOW,LOW
VEH_004,68b89b2d4f65cd554d7512ab,11/11/2025 2:00,ON,61.09,7010.3,55.07,38.8,53.7,242,0.13,18,25.83,0,420.98,334475.14,3.67,61.1,16.64850136,0,0,25.83,0.13,0.18,0.145,3600,1,29.57535,0,9,25200,55.07,0.001019444,0.000780159,70588.19939,1176.46999,19.60783316,0,3.483151084,0,16.64850136,0,0,0,0,0.007175,7675.261324,2.132017034,0.060065466,0.701492537,0,LOW,LOW
VEH_004,68b89b2d4f65cd554d7512ab,11/11/2025 3:00,ON,64.56,7074.86,51.2,38.8,58.8,243,0.47,6,26.87,0,424.85,334475.14,3.87,64.56,16.68217054,0,0,26.87,0.47,0.06,0.347,3600,1,36.19389,0,9,28800,51.2,0.001075,0.000843254,60717.17647,1011.952941,16.86588235,0,3.680396628,0,16.68217054,0,0,0,0,0.007463889,6859.694827,1.905470785,0.059944238,0.399253731,0,LOW,LOW
VEH_004,68b89b2d4f65cd554d7512ab,11/11/2025 4:00,ON,70.48,7145.34,46.97,38.7,56.8,244,-0.44,25,28.64,0,429.08,334475.14,4.23,70.48,16.66193853,0,0,28.64,0.44,0.25,0.383,3600,2,39.60912,0,9,32400,46.97,0.001175,0.000914286,51373.4375,856.2239583,14.27039931,0,4.017880334,0,16.66193853,0,0,0,0,0.007955556,5904.050279,1.640013966,0.060017026,0.552238806,0,LOW,LOW
VEH_004,68b89b2d4f65cd554d7512ab,11/11/2025 5:00,ON,71.45,7216.79,42.68,38.8,57,245,0.06,12,28.93,0,433.37,334475.14,4.29,71.45,16.65501166,0,0,28.93,0.06,0.12,0.078,3600,2,31.18654,0,9,36000,42.68,0.001191667,0.000984524,43350.90689,722.5151149,12.04191858,0,4.073177495,0,16.65501166,0,0,0,0,0.008036111,5311.026616,1.475285171,0.060041987,0.638059701,0,MEDIUM,MEDIUM
VEH_004,68b89b2d4f65cd554d7512ab,11/11/2025 6:00,ON,68.22,7285.01,38.59,38.7,64.8,246,-0.09,34,27.97,0,437.46,334475.14,4.09,68.22,16.6797066,0,0,27.97,0.09,0.34,0.165,3600,1,32.58505,0,9,39600,38.59,0.001136111,0.001049206,36780.18154,613.0030257,10.2167171,0,3.889043649,0,16.6797066,0,0,0,0,0.007769444,4966.8931,1.379692528,0.059953093,0.429104478,0,MEDIUM,MEDIUM
VEH_004,68b89b2d4f65cd554d7512ab,11/11/2025 7:00,ON,64.41,7349.42,34.73,38.3,57,247,-0.02,36,26.82,0,441.32,334475.14,3.86,64.41,16.6865285,0,0,26.82,0.02,0.36,0.122,3600,1,30.09204,0,9,43200,34.73,0.001072222,0.001086508,31964.79182,532.7465303,8.879108839,0,3.67184552,0,16.6865285,0,0,0,0,0.00745,4661.744966,1.294929157,0.059928583,0.354477612,0,MEDIUM,MEDIUM
VEH_004,68b89b2d4f65cd554d7512ab,11/11/2025 8:00,ON,60.98,7410.4,31.07,38.2,51.4,248,-0.08,47,25.79,0,444.98,334475.14,3.66,60.98,16.66120219,0,0,25.79,0.08,0.47,0.197,3600,1,30.87063,0,9,46800,31.07,0.001016667,0.001098016,28296.4944,471.60824,7.860137333,0,3.476310198,0,16.66120219,0,0,0,0,0.007163889,4337.029857,1.204730516,0.060019679,0.559701493,0,MEDIUM,MEDIUM
VEH_004,68b89b2d4f65cd554d7512ab,11/11/2025 9:00,ON,64.31,7474.71,56.79,38.4,57.6,249,0.29,9,26.79,0,448.84,334475.14,0,64.31,0,0,0,26.79,0.29,0.09,0.23,3600,1,32.9517,1,10,0,56.79,0,0.000952381,59629.5,993.825,16.56375,0,3.666144782,0,0,0,0,0,0,0.007441667,7631.354983,2.119820829,0,0.02238806,0,LOW,LOW
VEH_004,68b89b2d4f65cd554d7512ab,11/11/2025 10:00,ON,68.23,7542.94,52.7,39.2,54.1,250,0.36,48,27.97,0,452.94,334475.14,4.09,68.23,16.68215159,0,0,27.97,0.36,0.48,0.396,3600,1,39.04612,0,10,3600,52.7,0.001136111,0.000961111,54832.36994,913.8728324,15.23121387,0,3.889613722,0,16.68215159,0,0,0,0,0.007769444,6782.981766,1.884161602,0.059944306,0.406716418,0,LOW,LOW
VEH_004,68b89b2d4f65cd554d7512ab,11/11/2025 11:00,ON,62.85,7605.8,48.93,39.1,53.4,251,0.1,35,26.36,0,456.71,334475.14,3.77,62.86,16.67374005,0,0,26.36,0.1,0.35,0.175,3600,1,30.973,0,10,7200,48.93,0.001047222,0.000942857,51895.45455,864.9242424,14.41540404,0,3.583484077,0,16.67374005,0,0,0,0,0.007322222,6682.397572,1.856221548,0.059974547,0.462686567,0,LOW,LOW
VEH_004,68b89b2d4f65cd554d7512ab,11/11/2025 12:00,ON,55.25,7661.04,45.61,39.7,50.6,252,0.35,19,24.07,0,460.02,334475.14,3.32,55.24,16.63855422,0,0,24.07,0.35,0.19,0.302,3600,1,31.33914,0,10,10800,45.61,0.000922222,0.000904365,50433.17244,840.5528741,14.00921457,0,3.149087821,0,16.63855422,0,0,0,0,0.006686111,6821.603656,1.894889904,0.060101376,0.779850746,0,LOW,LOW
VEH_004,68b89b2d4f65cd554d7512ab,11/11/2025 13:00,ON,62.36,7723.4,41.87,39.9,55.2,253,-0.22,13,26.21,0,463.76,334475.14,3.74,62.36,16.67379679,0,0,26.21,0.22,0.13,0.193,3600,1,31.26853,0,10,14400,41.87,0.001038889,0.000890476,47019.7861,783.6631016,13.06105169,0,3.554980386,0,16.67379679,0,0,0,0,0.007280556,5750.934758,1.597481877,0.059974343,0.458955224,0,MEDIUM,LOW
VEH_004,68b89b2d4f65cd554d7512ab,11/11/2025 14:00,ON,63.28,7786.69,38.08,39.9,56.4,254,-0.12,23,26.48,0,467.56,334475.14,3.79,63.29,16.69920844,0,0,26.48,0.12,0.23,0.153,3600,1,30.53144,0,10,18000,38.08,0.001052778,0.000887698,42897.45194,714.9575324,11.91595887,0,3.607997252,0,16.69920844,0,0,0,0,0.007355556,5177.039275,1.438066465,0.059883078,0.27238806,0,MEDIUM,MEDIUM
VEH_004,68b89b2d4f65cd554d7512ab,11/11/2025 15:00,ON,62.93,7849.62,76.17,39.9,52.9,255,0.19,37,26.38,0,471.34,334475.14,0,62.93,0,0,0,26.38,0.19,0.37,0.244,3600,1,32.81672,1,11,0,76.17,0,0.00074246,102591.3415,1709.855692,28.49759487,0,3.587474594,0,0,0,0,0,0,0.007327778,10394.69295,2.887414708,0,0.02238806,0,LOW,LOW
VEH_004,68b89b2d4f65cd554d7512ab,11/11/2025 16:00,ON,61.47,7911.09,72.48,40.5,53.9,256,-0.13,17,25.94,0,475.03,334475.14,3.69,61.47,16.65853659,0,0,25.94,0.13,0.17,0.142,3600,1,29.62348,0,11,3600,72.48,0.001025,0.000888889,81540,1359,22.65,0,3.504243815,0,16.65853659,0,0,0,0,0.007205556,10058.90517,2.794140324,0.060029283,0.593283582,0,LOW,LOW
VEH_004,68b89b2d4f65cd554d7512ab,11/11/2025 17:00,ON,59.41,7970.5,68.92,39.8,48.9,257,-0.46,29,25.32,0,478.59,334475.14,3.56,59.41,16.68820225,0,0,25.32,0.46,0.29,0.409,3600,1,35.67588,0,11,7200,68.92,0.000988889,0.000867857,79413.99177,1323.566529,22.05944216,0,3.386808607,0,16.68820225,0,0,0,0,0.007033333,9799.052133,2.721958926,0.059922572,0.335820896,0,LOW,LOW
VEH_004,68b89b2d4f65cd554d7512ab,11/11/2025 18:00,ON,64.45,8034.95,65.05,40,57.1,258,0.38,22,26.84,0,482.46,334475.14,3.87,64.45,16.65374677,0,0,26.84,0.38,0.22,0.332,3600,1,35.75088,0,11,10800,65.05,0.001075,0.000871825,74613.56395,1243.559399,20.72598999,0,3.674125816,0,16.65374677,0,0,0,0,0.007455556,8725.037258,2.423621461,0.060046548,0.652985075,0,LOW,LOW
VEH_004,68b89b2d4f65cd554d7512ab,11/11/2025 19:00,ON,59.43,8094.38,61.49,39.1,52.9,259,-0.42,30,25.33,0,486.02,334475.14,3.56,59.43,16.69382022,0,0,25.33,0.42,0.3,0.384,3600,1,35.05672,0,11,14400,61.49,0.000988889,0.000881349,69768.03242,1162.80054,19.380009,0,3.387948755,0,16.69382022,0,0,0,0,0.007036111,8739.202527,2.427556257,0.059902406,0.298507463,0,LOW,LOW
VEH_004,68b89b2d4f65cd554d7512ab,11/11/2025 20:00,ON,65.79,8160.17,57.54,38.5,55.4,260,0.03,9,27.24,0,489.97,334475.14,3.95,65.79,16.6556962,0,0,27.24,0.03,0.09,0.048,3600,1,28.54752,0,11,18000,57.54,0.001097222,0.000889683,64674.75468,1077.912578,17.96520963,0,3.750515709,0,16.6556962,0,0,0,0,0.007566667,7604.405286,2.112334802,0.06003952,0.630597015,0,LOW,LOW
VEH_004,68b89b2d4f65cd554d7512ab,11/11/2025 21:00,ON,60.13,8220.3,53.93,38.5,50.6,261,0.09,45,25.54,0,493.58,334475.14,3.61,60.13,16.6565097,0,0,25.54,0.09,0.45,0.198,3600,1,30.59692,0,11,21600,53.93,0.001002778,0.00088254,61107.73381,1018.46223,16.9743705,0,3.427853922,0,16.6565097,0,0,0,0,0.007094444,7601.722788,2.111589663,0.060036587,0.615671642,0,LOW,LOW
VEH_004,68b89b2d4f65cd554d7512ab,11/11/2025 22:00,ON,57.93,8278.23,50.46,38.7,53,262,-0.22,49,24.88,0,497.05,334475.14,3.47,57.93,16.6945245,0,0,24.88,0.22,0.49,0.301,3600,1,32.36888,0,11,25200,50.46,0.000963889,0.001020238,49459.04317,824.3173862,13.7386231,0,3.30243768,0,16.6945245,0,0,0,0,0.006911111,7301.286174,2.028135048,0.059899879,0.294776119,0,LOW,LOW
VEH_004,68b89b2d4f65cd554d7512ab,11/11/2025 23:00,ON,56.49,8334.72,47.07,38.1,54.7,263,-0.19,23,24.45,0,500.44,334475.14,3.39,56.49,16.66371681,0,0,24.45,0.19,0.23,0.202,3600,1,29.3889,0,11,28800,47.07,0.000941667,0.001008333,46680.99174,778.0165289,12.96694215,0,3.220347049,0,16.66371681,0,0,0,0,0.006791667,6930.552147,1.925153374,0.060010621,0.53358209,0,LOW,LOW
VEH_004,68b89b2d4f65cd554d7512ab,12/11/2025 0:00,ON,56.76,8391.48,43.66,38.4,54.5,264,-0.21,0,24.53,0,503.85,334475.14,3.41,56.76,16.64516129,0,0,24.53,0.21,0,0.147,3600,1,28.13591,0,11,32400,43.66,0.000947222,0.001002381,43556.29454,725.9382423,12.0989707,0,3.235739043,0,16.64516129,0,0,0,0,0.006813889,6407.501019,1.779861394,0.060077519,0.72761194,0,MEDIUM,LOW
VEH_004,68b89b2d4f65cd554d7512ab,12/11/2025 1:00,ON,55.03,8446.5,40.36,38.2,52.7,265,0.17,34,24.01,0,507.15,334475.14,3.3,55.02,16.67272727,0,0,24.01,0.17,0.34,0.221,3600,1,29.31621,0,11,36000,40.36,0.000916667,0.000979762,41193.68165,686.5613609,11.44268935,0,3.136546197,0,16.67272727,0,0,0,0,0.006669444,6051.478551,1.680966264,0.05997819,0.470149254,0,MEDIUM,LOW
VEH_004,68b89b2d4f65cd554d7512ab,12/11/2025 2:00,ON,62.57,8509.07,36.61,38,52.1,266,-0.43,39,26.27,0,510.9,334475.14,3.75,62.57,16.68533333,0,0,26.27,0.43,0.39,0.418,3600,1,37.25086,0,11,39600,36.61,0.001041667,0.000987302,37080.86817,618.0144695,10.30024116,0,3.566951936,0,16.68533333,0,0,0,0,0.007297222,5016.977541,1.393604872,0.059932875,0.376865672,0,MEDIUM,MEDIUM
VEH_004,68b89b2d4f65cd554d7512ab,12/11/2025 3:00,ON,61.57,8570.64,32.91,38.4,53.3,267,0.19,27,25.97,0,514.6,334475.14,3.7,61.57,16.64054054,0,0,25.97,0.19,0.27,0.214,3600,1,31.52758,0,11,43200,32.91,0.001027778,0.000977381,33671.61998,561.1936663,9.353227771,0,3.509944554,0,16.64054054,0,0,0,0,0.007213889,4562.033115,1.267231421,0.060094202,0.76119403,0,MEDIUM,MEDIUM
VEH_004,68b89b2d4f65cd554d7512ab,12/11/2025 4:00,ON,61.13,8631.77,56.06,38.1,55.6,268,0.04,39,25.84,0,518.27,334475.14,0,61.13,0,0,0,25.84,0.04,0.39,0.145,3600,1,29.5868,1,12,0,56.06,0,0.000834127,67207.99239,1120.133206,18.66888677,0,3.484861305,0,0,0,0,0,0,0.007177778,7810.216718,2.169504644,0,0.02238806,0,LOW,LOW
VEH_004,68b89b2d4f65cd554d7512ab,12/11/2025 5:00,ON,63.53,8695.3,52.25,38.2,52.6,269,0.27,31,26.56,0,522.08,334475.14,3.81,63.53,16.67454068,0,0,26.56,0.27,0.31,0.282,3600,1,34.04992,0,12,3600,52.25,0.001058333,0.000847619,61643.25843,1027.38764,17.12312734,0,3.621679024,0,16.67454068,0,0,0,0,0.007377778,7082.078313,1.967243976,0.059971667,0.451492537,0,LOW,LOW
VEH_004,68b89b2d4f65cd554d7512ab,12/11/2025 6:00,ON,69.92,8765.22,48.05,37.8,54.5,270,-0.36,24,28.48,0,526.27,334475.14,4.2,69.92,16.64761905,0,0,28.48,0.36,0.24,0.324,3600,1,37.70752,0,12,7200,48.05,0.001166667,0.000879762,54617.05007,910.2841678,15.1714028,0,3.985956199,0,16.64761905,0,0,0,0,0.007911111,6073.735955,1.687148876,0.06006865,0.708955224,0,LOW,LOW
VEH_004,68b89b2d4f65cd554d7512ab,12/11/2025 7:00,ON,75.95,8841.17,43.49,37.8,61.4,271,-0.3,35,30.29,0,530.83,334475.14,4.56,75.95,16.65570175,0,0,30.29,0.3,0.35,0.315,3600,2,39.83135,0,12,10800,43.49,0.001266667,0.000925397,46996.05489,783.2675815,13.05445969,0,4.329710717,0,16.65570175,0,0,0,0,0.008413889,5168.834599,1.435787389,0.0600395,0.626865672,0,MEDIUM,MEDIUM
VEH_004,68b89b2d4f65cd554d7512ab,12/11/2025 8:00,ON,79.93,8921.1,38.7,37.9,62,272,0.07,22,31.48,0,535.63,334475.14,4.79,79.93,16.6868476,0,0,31.48,0.07,0.22,0.115,3600,2,35.1002,0,12,14400,38.7,0.001330556,0.000984524,39308.34341,655.1390568,10.91898428,0,4.5566001,0,16.6868476,0,0,0,0,0.008744444,4425.66709,1.22935197,0.059927437,0.350746269,0,MEDIUM,MEDIUM
VEH_004,68b89b2d4f65cd554d7512ab,12/11/2025 9:00,ON,72.84,8993.94,34.33,37.9,55.4,273,-0.33,37,29.35,0,540,334475.14,4.37,72.84,16.66819222,0,0,29.35,0.33,0.37,0.342,3600,2,39.3877,0,12,18000,34.33,0.001213889,0.001009127,34019.50452,566.991742,9.449862367,0,4.152417757,0,16.66819222,0,0,0,0,0.008152778,4210.834753,1.16967632,0.059994509,0.507462687,0,MEDIUM,MEDIUM
VEH_004,68b89b2d4f65cd554d7512ab,12/11/2025 10:00,ON,72.58,9066.52,29.97,38,56.8,274,0.44,9,29.27,0,544.35,334475.14,4.36,72.58,16.64678899,0,0,29.27,0.44,0.09,0.335,3600,2,39.07545,0,12,21600,29.97,0.001211111,0.001035317,28947.64278,482.4607129,8.041011882,0,4.137595837,0,16.64678899,0,0,0,0,0.008130556,3686.094978,1.023915272,0.060071645,0.720149254,0,MEDIUM,MEDIUM
VEH_004,68b89b2d4f65cd554d7512ab,12/11/2025 11:00,ON,75.42,9141.94,25.45,38.3,54.5,275,0.21,20,30.13,0,548.88,334475.14,4.52,75.42,16.68584071,0,0,30.13,0.21,0.2,0.207,3600,2,36.36691,0,12,25200,25.45,0.001255556,0.001214683,20951.97648,349.199608,5.819993466,0,4.299496804,0,16.68584071,0,0,0,0,0.008369444,3040.8231,0.844673083,0.059931053,0.365671642,0,MEDIUM,MEDIUM
VEH_004,68b89b2d4f65cd554d7512ab,12/11/2025 12:00,ON,69.77,9211.7,21.26,38.8,56.9,276,0.48,24,28.43,0,553.06,334475.14,4.19,69.76,16.64916468,0,0,28.43,0.48,0.24,0.408,3600,1,40.02944,0,12,28800,21.26,0.001163889,0.001229762,17287.89932,288.1316554,4.802194256,0,3.976835018,0,16.64916468,0,0,0,0,0.007897222,2692.085825,0.747801618,0.060063073,0.690298507,0,HIGH,MEDIUM
VEH_004,68b89b2d4f65cd554d7512ab,12/11/2025 13:00,ON,66.31,9278.01,17.28,39.2,60.1,277,0.14,33,27.39,0,557.04,334475.14,3.98,66.31,16.66080402,0,0,27.39,0.14,0.33,0.197,3600,1,32.78583,0,12,32400,17.28,0.001105556,0.001221032,14151.9662,235.8661033,3.931101722,0,3.780159548,0,16.66080402,0,0,0,0,0.007608333,2271.193866,0.630887185,0.060021113,0.567164179,0,HIGH,MEDIUM
VEH_004,68b89b2d4f65cd554d7512ab,12/11/2025 14:00,ON,73.66,9351.67,12.86,38.8,57.4,278,-0.42,36,29.6,0,561.46,334475.14,4.42,73.66,16.66515837,0,0,29.6,0.42,0.36,0.402,3600,2,41.4992,0,12,36000,12.86,0.001227778,0.001215476,10580.21548,176.3369246,2.938948743,0,4.199163811,0,16.66515837,0,0,0,0,0.008222222,1564.054054,0.434459459,0.06000543,0.529850746,0,HIGH,HIGH
VEH_004,68b89b2d4f65cd554d7512ab,12/11/2025 15:00,ON,72.79,9424.46,8.5,39,56.9,279,0.33,26,29.34,0,565.83,334475.14,4.36,72.79,16.69495413,0,0,29.34,0.33,0.26,0.309,3600,2,38.40606,0,12,39600,8.5,0.001211111,0.001198413,7092.715232,118.2119205,1.970198675,0,4.149567388,0,16.69495413,0,0,0,0,0.00815,1042.944785,0.289706885,0.059898338,0.291044776,0,HIGH,HIGH
VEH_004,68b89b2d4f65cd554d7512ab,12/11/2025 16:00,ON,79.42,9503.88,3.73,39.1,64.2,280,0.07,41,31.33,0,570.59,334475.14,4.77,79.42,16.64989518,0,0,31.33,0.07,0.41,0.172,3600,2,36.71876,0,12,43200,3.73,0.001325,0.001214286,3071.764706,51.19607843,0.853267974,0,4.527526335,0,16.64989518,0,0,0,0,0.008702778,428.5987871,0.119055219,0.060060438,0.679104478,0,HIGH,HIGH
