vehicleId,driverId,timestamp,engineState,speed_mph,odometer_miles,fuelLevel_pct,fuelTemperature_C,engineOilPressure_psi,engineHours_hr,longitudinalAcceleration_ms2,brakePosition_pct,fuelRate_L_per_hr,idleFuelConsumed_L,fuelIntegrated_L,totalFuelConsumedLiters,fuel_drop_pct,distance_miles,miles_per_fuel_pct,is_idle,fuel_consumed_idle_L,fuel_consumed_moving_L,acceleration_abs,brake_intensity,driver_aggressiveness,engine_on_duration_sec,speed_bucket,fuel_rate_eff,refill_event,fuel_cycle,time_since_refill_sec,fuel_pct_remaining,fuel_burn_pct_per_sec,fuel_burn_pct_per_sec_smooth,fuel_time_to_empty_sec,fuel_time_to_empty_min,fuel_time_to_empty_hr,fuel_theft_flag,expected_fuel_drop,sudden_drop_trip_flag,fuel_efficiency_miles_per_pct,low_efficiency_flag,idle_fuel_flag,fuel_sensor_tamper_flag,fuel_leak_flag,consumption_rate_L_per_sec,fuel_time_to_empty_sec_v2,fuel_time_to_empty_hr_v2,fuel_per_mile,driver_fuel_efficiency_score,fuel_overheat_flag,fuel_level_alert,fuel_time_to_empty_alert
VEH_007,68b89b2d4f65cd554d7512ab,2025-11-01 00:00:00,ON,42.28,42.28,82.46,39.9,49.7,1.0,-0.2,6,20.18,0.0,2.54,383429.02000000025,-0.0,0.0,0.0,0,0.0,20.18,0.2,0.06,0.15799999999999997,3600,1.0,23.36844,0,0,0,82.46,-0.0,-0.0,0.0,0.0,0.0,0,0.0,0,0.0,0,0,0,0,0.0056055555555555555,14710.406342913775,4.086223984142715,0.0,0.0,0,LOW,LOW
VEH_007,68b89b2d4f65cd554d7512ab,2025-11-01 01:00:00,ON,49.69,91.97,79.48,39.7,44.4,2.0,0.25,46,22.41,0.0,5.52,383429.02000000025,2.9799999999999898,49.69,16.67449664429536,0,0.0,22.41,0.25,0.46,0.313,3600,1.0,29.424329999999998,0,0,3600,79.48,0.0008277777777777749,0.00041388888888888747,192032.21476510135,3200.536912751689,53.34228187919482,0,2.8176200737629555,0,16.67449664429536,0,0,0,0,0.006225,12767.871485943777,3.5466309683177157,0.05997182531696498,0.44832826747720367,0,LOW,LOW
VEH_007,68b89b2d4f65cd554d7512ab,2025-11-01 02:00:00,ON,47.41,139.38,76.64,40.3,48.8,3.0,-0.04,42,21.72,0.0,8.36,383429.02000000025,2.8400000000000034,47.41,16.693661971830963,0,0.0,21.72,0.04,0.42,0.154,3600,1.0,25.064879999999995,0,0,7200,76.64,0.0007888888888888899,0.0005388888888888882,142218.5567010311,2370.3092783505185,39.50515463917531,0,2.6883350311350718,0,16.693661971830963,0,0,0,0,0.006033333333333333,12702.762430939227,3.5285451197053406,0.05990297405610638,0.35714285714285715,0,LOW,LOW
VEH_007,68b89b2d4f65cd554d7512ab,2025-11-01 03:00:00,ON,53.13,192.51,73.45,40.4,53.0,4.0,0.02,45,23.44,0.0,11.55,383429.02000000025,3.1899999999999977,53.129999999999995,16.655172413793114,0,0.0,23.44,0.02,0.45,0.14900000000000002,3600,1.0,26.932560000000002,0,0,10800,73.45,0.0008861111111111105,0.0006256944444444438,117389.56714761388,1956.4927857935647,32.60821309655941,0,3.012681717026078,0,16.655172413793114,0,0,0,0,0.006511111111111112,11280.716723549487,3.133532423208191,0.06004140786749479,0.6003039513677811,0,LOW,LOW
VEH_007,68b89b2d4f65cd554d7512ab,2025-11-01 04:00:00,ON,47.24,239.75,70.62,40.5,46.1,5.0,0.16,22,21.67,0.0,14.38,383429.02000000025,2.8299999999999983,47.24000000000001,16.692579505300365,0,0.0,21.67,0.16,0.22,0.178,3600,1.0,25.527260000000002,0,0,14400,70.62,0.0007861111111111107,0.0006577777777777772,107361.48648648658,1789.3581081081097,29.82263513513516,0,2.678695356904046,0,16.692579505300365,0,0,0,0,0.006019444444444445,11731.979695431472,3.2588832487309642,0.059906858594411465,0.3617021276595745,0,LOW,LOW
VEH_007,68b89b2d4f65cd554d7512ab,2025-11-01 05:00:00,ON,44.59,284.33,67.94,40.7,49.4,6.0,-0.44,44,20.88,0.0,17.06,383429.02000000025,2.680000000000007,44.579999999999984,16.634328358208908,0,0.0,20.88,0.44,0.44,0.44,3600,1.0,30.067199999999996,0,0,18000,67.94,0.0007444444444444463,0.0006722222222222221,101067.76859504134,1684.4628099173558,28.074380165289263,0,2.5278628071715135,0,16.634328358208908,0,0,0,0,0.0058,11713.793103448277,3.2538314176245215,0.06011664423508317,0.7279635258358662,0,LOW,LOW
VEH_007,68b89b2d4f65cd554d7512ab,2025-11-01 06:00:00,ON,45.28,329.62,65.22,40.7,48.0,7.0,-0.13,43,21.09,0.0,19.78,383429.02000000025,2.719999999999999,45.29000000000002,16.650735294117663,0,0.0,21.09,0.13,0.43,0.22,3600,1.0,25.7298,0,0,21600,65.22,0.0007555555555555552,0.000684126984126984,95333.17865429237,1588.8863109048727,26.481438515081212,0,2.568122623077567,0,16.650735294117663,0,0,0,0,0.0058583333333333334,11132.859174964438,3.0924608819345663,0.060057407816294935,0.6291793313069909,0,LOW,LOW
VEH_007,68b89b2d4f65cd554d7512ab,2025-11-01 07:00:00,ON,39.72,369.33,62.84,40.4,49.6,8.0,0.27,43,19.42,0.0,22.16,383429.02000000025,2.3799999999999955,39.70999999999998,16.684873949579856,0,0.0,19.42,0.27,0.43,0.318,3600,1.0,25.595560000000003,0,0,25200,62.84,0.0006611111111111098,0.0007785714285714282,80711.92660550463,1345.1987767584105,22.419979612640176,0,2.251714492435639,0,16.684873949579856,0,0,0,0,0.005394444444444445,11649.021627188466,3.235839340885685,0.05993452530848645,0.3966565349544073,0,LOW,LOW
VEH_007,68b89b2d4f65cd554d7512ab,2025-11-01 08:00:00,ON,33.56,402.89,60.83,40.8,45.3,9.0,-0.14,2,17.57,0.0,24.17,383429.02000000025,2.010000000000005,33.56,16.696517412935282,0,0.0,17.57,0.14,0.02,0.10400000000000001,3600,1.0,19.397280000000002,0,0,28800,60.83,0.0005583333333333347,0.0007400793650793652,82193.88739946378,1369.8981233243965,22.83163538873994,0,1.9029851011367436,0,16.696517412935282,0,0,0,0,0.0048805555555555555,12463.745019920318,3.4621513944223103,0.059892729439809445,0.34498480243161095,0,LOW,LOW
VEH_007,68b89b2d4f65cd554d7512ab,2025-11-01 09:00:00,ON,36.64,439.54,58.63,40.7,47.9,10.0,-0.32,4,18.49,0.0,26.37,383429.02000000025,2.1999999999999957,36.650000000000034,16.659090909090956,0,0.0,18.49,0.32,0.04,0.236,3600,1.0,22.85364,0,0,32400,58.63,0.0006111111111111099,0.0007146825396825396,82036.42420877292,1367.2737368128821,22.787895613548034,0,2.0782003562771667,0,16.659090909090956,0,0,0,0,0.00513611111111111,11415.251487290428,3.1709031909140077,0.060027285129604195,0.5653495440729484,0,LOW,LOW
VEH_007,68b89b2d4f65cd554d7512ab,2025-11-01 10:00:00,ON,37.56,477.1,56.37,40.7,50.2,11.0,-0.46,35,18.77,0.0,28.63,383429.02000000025,2.260000000000005,37.56,16.619469026548636,0,0.0,18.77,0.46,0.35,0.427,3600,1.0,26.78479,0,0,36000,56.37,0.0006277777777777792,0.0006777777777777779,83168.85245901637,1386.1475409836062,23.102459016393436,0,2.1298009653961887,0,16.619469026548636,0,0,0,0,0.0052138888888888886,10811.507725093234,3.003196590303676,0.060170394036208864,0.7826747720364742,0,LOW,LOW
VEH_007,68b89b2d4f65cd554d7512ab,2025-11-01 11:00:00,ON,41.21,518.31,53.9,40.3,51.7,12.0,0.21,44,19.86,0.0,31.1,383429.02000000025,2.469999999999999,41.20999999999992,16.684210526315766,0,0.0,19.86,0.21,0.44,0.279,3600,1.0,25.40094,0,0,39600,53.9,0.0006861111111111108,0.0006634920634920637,81236.84210526313,1353.9473684210523,22.5657894736842,0,2.3367704415329276,0,16.684210526315766,0,0,0,0,0.005516666666666666,9770.392749244713,2.713997985901309,0.05993690851735024,0.4012158054711246,0,LOW,LOW
VEH_007,68b89b2d4f65cd554d7512ab,2025-11-01 12:00:00,ON,36.22,554.53,51.73,40.8,45.0,13.0,0.2,7,18.37,0.0,33.27,383429.02000000025,2.1700000000000017,36.22000000000003,16.691244239631335,0,0.0,18.37,0.2,0.07,0.16099999999999998,3600,1.0,21.32757,0,0,43200,51.73,0.0006027777777777783,0.0006432539682539682,80419.24737816163,1340.320789636027,22.338679827267118,0,2.053817650869276,0,16.691244239631335,0,0,0,0,0.005102777777777778,10137.615677735437,2.8160043549265104,0.05991165102153507,0.3708206686930091,0,LOW,LOW
VEH_007,68b89b2d4f65cd554d7512ab,2025-11-01 13:00:00,ON,34.97,589.49,49.63,40.4,47.2,14.0,-0.11,28,17.99,0.0,35.37,383429.02000000025,2.0999999999999943,34.960000000000036,16.64761904761911,0,0.0,17.99,0.11,0.28,0.161,3600,1.0,20.88639,0,0,46800,49.63,0.0005833333333333318,0.0006186507936507935,80222.96343810137,1337.049390635023,22.284156510583717,0,1.9823706536275514,0,16.64761904761911,0,0,0,0,0.0049972222222222215,9931.517509727628,2.75875486381323,0.060068649885583296,0.6504559270516718,0,LOW,LOW
VEH_007,68b89b2d4f65cd554d7512ab,2025-11-01 14:00:00,ON,30.0,619.5,47.83,39.8,39.7,15.0,0.26,28,16.5,0.0,37.17,383429.02000000025,1.8000000000000043,30.00999999999999,16.672222222222178,0,0.0,16.5,0.26,0.28,0.266,3600,0.0,20.889,0,0,50400,47.83,0.0005000000000000012,0.0005956349206349209,80300.86608927378,1338.347768154563,22.305796135909382,0,1.7016860216064855,0,16.672222222222178,0,0,0,0,0.004583333333333333,10435.636363636364,2.898787878787879,0.05998000666444535,0.46048632218844987,0,LOW,LOW
VEH_007,68b89b2d4f65cd554d7512ab,2025-11-01 15:00:00,ON,26.3,645.8,46.25,40.1,47.1,16.0,0.43,48,15.39,0.0,38.75,383429.02000000025,1.5799999999999983,26.299999999999955,16.645569620253152,0,0.0,15.39,0.43,0.48,0.44499999999999995,3600,0.0,22.23855,0,0,54000,46.25,0.0004388888888888884,0.0005785714285714285,79938.27160493829,1332.3045267489715,22.205075445816192,0,1.4913143075058484,0,16.645569620253152,0,0,0,0,0.004275,10818.713450292396,3.0051981806367767,0.060076045627376465,0.6610942249240122,0,LOW,LOW
VEH_007,68b89b2d4f65cd554d7512ab,2025-11-01 16:00:00,ON,21.61,667.42,44.96,40.4,42.1,17.0,-0.46,0,13.98,0.0,40.04,383429.02000000025,1.2899999999999991,21.620000000000005,16.759689922480636,0,0.0,13.98,0.46,0.0,0.322,3600,0.0,18.48156,0,0,57600,44.96,0.0003583333333333331,0.0005424603174603175,82881.63862472567,1381.360643745428,23.022677395757132,0,1.2259397463223005,0,16.759689922480636,0,0,0,0,0.0038833333333333333,11577.682403433477,3.2160228898426326,0.059666975023126685,0.17933130699088146,0,MEDIUM,LOW
VEH_007,68b89b2d4f65cd554d7512ab,2025-11-01 17:00:00,ON,18.08,685.5,43.87,40.2,36.7,18.0,-0.26,30,12.92,0.0,41.13,383429.02000000025,1.0900000000000034,18.08000000000004,16.587155963302738,0,0.0,12.92,0.26,0.3,0.272,3600,0.0,16.43424,0,0,61200,43.87,0.0003027777777777787,0.000496031746031746,88441.92,1474.032,24.5672,0,1.0252077064526937,0,16.587155963302738,0,0,0,0,0.003588888888888889,12223.839009287925,3.3955108359133126,0.06028761061946908,0.8571428571428571,0,MEDIUM,LOW
VEH_007,68b89b2d4f65cd554d7512ab,2025-11-01 18:00:00,ON,21.4,706.9,42.59,40.1,42.3,19.0,-0.21,42,13.92,0.0,42.41,383429.02000000025,1.279999999999994,21.399999999999977,16.71875000000006,0,0.0,13.92,0.21,0.42,0.273,3600,0.0,17.720160000000003,0,0,64800,42.59,0.0003555555555555539,0.00044880952380952363,94895.49071618041,1581.5915119363403,26.359858532272337,0,1.2134648737880294,0,16.71875000000006,0,0,0,0,0.0038666666666666667,11014.655172413793,3.0596264367816093,0.05981308411214932,0.26595744680851063,0,MEDIUM,LOW
VEH_007,68b89b2d4f65cd554d7512ab,2025-11-01 19:00:00,ON,15.9,722.79,41.63,40.2,40.0,20.0,0.22,9,12.27,0.0,43.37,383429.02000000025,0.9600000000000009,15.889999999999986,16.552083333333304,0,0.0,12.27,0.22,0.09,0.181,3600,0.0,14.49087,0,0,68400,41.63,0.0002666666666666669,0.0004007936507936506,103868.91089108917,1731.1485148514862,28.85247524752477,0,0.9010260207706445,0,16.552083333333304,0,0,0,0,0.003408333333333333,12214.180929095357,3.3928280358598215,0.060415355569540696,0.898176291793313,0,MEDIUM,LOW
VEH_007,68b89b2d4f65cd554d7512ab,2025-11-01 20:00:00,ON,10.85,733.64,40.98,40.1,37.7,21.0,0.38,33,10.75,0.0,44.02,383429.02000000025,0.6500000000000057,10.850000000000023,16.69230769230758,0,0.0,10.75,0.38,0.33,0.365,3600,0.0,14.67375,0,0,72000,40.98,0.00018055555555555715,0.00034325396825396855,119386.82080924844,1989.7803468208074,33.163005780346786,0,0.6152380318037458,0,16.69230769230758,0,0,0,0,0.0029861111111111113,13723.534883720928,3.8120930232558132,0.05990783410138289,0.364741641337386,0,MEDIUM,LOW
VEH_007,68b89b2d4f65cd554d7512ab,2025-11-01 21:00:00,ON,3.42,737.07,40.78,40.1,34.9,22.0,-0.17,49,8.53,0.0,44.22,383429.02000000025,0.19999999999999574,3.4300000000000637,17.150000000000684,0,0.0,8.53,0.17,0.49,0.266,3600,0.0,10.798979999999998,0,0,75600,40.78,5.555555555555437e-05,0.00027976190476190467,145766.80851063834,2429.446808510639,40.490780141843985,0,0.1944946036024777,0,17.150000000000684,0,0,0,0,0.0023694444444444444,17210.785463071512,4.780773739742087,0.05830903790087231,0.06382978723404255,0,MEDIUM,LOW
VEH_007,68b89b2d4f65cd554d7512ab,2025-11-01 22:00:00,ON,0.68,737.75,40.74,39.9,29.9,23.0,0.14,6,7.7,0.0,44.26,383429.02000000025,0.03999999999999915,0.67999999999995,16.999999999999112,0,0.0,7.7,0.14,0.06,0.116,3600,0.0,8.593200000000001,0,0,79200,40.74,1.1111111111110874e-05,0.0002186507936507936,186324.50090744108,3105.408348457351,51.75680580762252,0,0.03855869692410281,0,16.999999999999112,0,0,0,0,0.002138888888888889,19047.272727272728,5.290909090909091,0.05882352941176778,0.07446808510638298,0,MEDIUM,LOW
VEH_007,68b89b2d4f65cd554d7512ab,2025-11-01 23:00:00,ON,0.0,737.75,40.71,39.8,25.5,24.0,-0.09,2,0.0,0.03,44.29,383429.02000000025,0.030000000000001137,0.0,0.0,1,0.03,0.0,0.09,0.02,0.069,3600,0.0,0.0,0,0,82800,40.71,8.333333333333649e-06,0.00016865079365079366,241386.35294117645,4023.1058823529406,67.05176470588235,0,0.0,0,0.0,1,1,0,0,8.333333333333334e-06,4885200.0,1357.0,0.0,0.0,0,MEDIUM,LOW
VEH_007,68b89b2d4f65cd554d7512ab,2025-11-02 00:00:00,ON,2.93,740.68,40.53,40.7,33.8,25.0,0.19,37,8.38,0.0,44.47,383429.02000000025,0.17999999999999972,2.92999999999995,16.277777777777526,0,0.0,8.38,0.19,0.37,0.244,3600,0.0,10.42472,0,0,86400,40.53,4.999999999999992e-05,0.0001325396825396824,305795.2095808387,5096.586826347311,84.94311377245519,0,0.16614262057004062,0,16.277777777777526,0,0,0,0,0.002327777777777778,17411.45584725537,4.836515513126491,0.06143344709897706,0.9696048632218845,0,MEDIUM,LOW
VEH_007,68b89b2d4f65cd554d7512ab,2025-11-02 01:00:00,ON,9.39,750.07,39.97,41.3,42.7,26.0,0.19,47,10.32,0.0,45.03,383429.02000000025,0.5600000000000023,9.3900000000001,16.767857142857252,0,0.0,10.32,0.19,0.47,0.27399999999999997,3600,0.0,13.147680000000001,0,0,90000,39.97,0.00015555555555555619,0.00010396825396825415,384444.27480915963,6407.404580152661,106.79007633587767,0,0.5324502413490528,0,16.767857142857252,0,0,0,0,0.0028666666666666667,13943.023255813952,3.8730620155038755,0.05963791267305605,0.16717325227963525,0,MEDIUM,LOW
VEH_007,68b89b2d4f65cd554d7512ab,2025-11-02 02:00:00,ON,2.15,752.22,39.84,41.1,33.4,27.0,0.35,10,8.15,0.0,45.16,383429.02000000025,0.12999999999999545,2.1499999999999773,16.53846153846194,0,0.0,8.15,0.35,0.1,0.27499999999999997,3600,0.0,10.39125,0,0,93600,39.84,3.611111111110985e-05,7.1031746031746e-05,560875.9776536316,9347.93296089386,155.79888268156432,0,0.1219135270394504,0,16.53846153846194,0,0,0,0,0.002263888888888889,17598.036809815952,4.888343558282209,0.06046511627906829,0.9072948328267477,0,MEDIUM,LOW
VEH_007,68b89b2d4f65cd554d7512ab,2025-11-02 03:00:00,ON,9.71,761.93,39.25,40.4,44.0,28.0,-0.4,40,10.41,0.0,45.75,383429.02000000025,0.5900000000000034,9.709999999999923,16.457627118643842,0,0.0,10.41,0.4,0.4,0.39999999999999997,3600,0.0,14.574,0,0,97200,39.25,0.00016388888888888985,6.865079365079352e-05,571734.1040462438,9528.901734104064,158.8150289017344,0,0.5505955104897984,0,16.457627118643842,0,0,0,0,0.0028916666666666665,13573.48703170029,3.7704130643611915,0.06076210092688034,0.9437689969604863,0,MEDIUM,LOW
VEH_007,68b89b2d4f65cd554d7512ab,2025-11-02 04:00:00,ON,15.05,776.98,38.35,40.3,38.0,29.0,-0.25,32,12.02,0.0,46.65,383429.02000000025,0.8999999999999986,15.050000000000068,16.722222222222324,0,0.0,12.02,0.25,0.32,0.271,3600,0.0,15.277419999999998,0,0,100800,38.35,0.0002499999999999996,9.642857142857142e-05,397703.70370370377,6628.395061728396,110.4732510288066,0,0.8533946892761657,0,16.722222222222324,0,0,0,0,0.0033388888888888886,11485.85690515807,3.190515806988353,0.05980066445182688,0.256838905775076,0,MEDIUM,LOW
VEH_007,68b89b2d4f65cd554d7512ab,2025-11-02 05:00:00,ON,19.76,796.75,37.17,40.3,40.9,30.0,-0.0,28,13.43,0.0,47.83,383429.02000000025,1.1799999999999997,19.769999999999982,16.75423728813558,0,0.0,13.43,0.0,0.28,0.084,3600,0.0,14.55812,0,0,104400,37.17,0.0003277777777777777,0.00014166666666666668,262376.4705882353,4372.941176470588,72.88235294117648,0,1.1210374091023059,0,16.75423728813558,0,0,0,0,0.0037305555555555555,9963.663440059569,2.7676842889054356,0.05968639352554379,0.18541033434650456,0,MEDIUM,LOW
VEH_007,68b89b2d4f65cd554d7512ab,2025-11-02 06:00:00,ON,26.17,822.91,35.6,40.3,38.3,31.0,-0.39,32,15.35,0.0,49.4,383429.02000000025,1.5700000000000003,26.159999999999968,16.662420382165582,0,0.0,15.35,0.39,0.32,0.369,3600,0.0,21.01415,0,0,108000,35.6,0.0004361111111111112,0.00020277777777777777,175561.64383561644,2926.027397260274,48.76712328767123,0,1.4833757522567685,0,16.662420382165582,0,0,0,0,0.004263888888888889,8349.185667752443,2.3192182410423454,0.06001529051987776,0.5379939209726444,0,MEDIUM,LOW
VEH_007,68b89b2d4f65cd554d7512ab,2025-11-02 07:00:00,ON,33.58,856.49,33.58,40.0,44.0,32.0,0.18,5,17.57,0.0,51.42,383429.02000000025,2.020000000000003,33.58000000000004,16.623762376237618,0,0.0,17.57,0.18,0.05,0.14100000000000001,3600,1.0,20.04737,0,0,111600,33.58,0.0005611111111111119,0.0002757936507936509,121757.69784172658,2029.2949640287763,33.82158273381294,0,1.904119180458043,0,16.623762376237618,0,0,0,0,0.0048805555555555555,6880.364257256687,1.911212293682413,0.06015485407980943,0.7720364741641338,0,MEDIUM,LOW
VEH_007,68b89b2d4f65cd554d7512ab,2025-11-02 08:00:00,ON,26.81,883.3,31.97,40.5,41.5,33.0,-0.35,23,15.54,0.0,53.03,383429.02000000025,1.6099999999999994,26.809999999999945,16.652173913043452,0,0.0,15.54,0.35,0.23,0.31399999999999995,3600,0.0,20.41956,0,0,115200,31.97,0.00044722222222222206,0.00031746031746031746,100705.5,1678.425,27.97375,0,1.520233330198927,0,16.652173913043452,0,0,0,0,0.004316666666666667,7406.177606177606,2.0572715572715574,0.060052219321148924,0.6155015197568389,0,MEDIUM,LOW
VEH_007,68b89b2d4f65cd554d7512ab,2025-11-02 09:00:00,ON,33.63,916.93,29.95,40.1,43.3,34.0,-0.49,4,17.59,0.0,55.05,383429.02000000025,2.0199999999999996,33.629999999999995,16.64851485148515,0,0.0,17.59,0.49,0.04,0.355,3600,1.0,23.83445,0,0,118800,29.95,0.000561111111111111,0.00039246031746031755,76313.44792719917,1271.8907987866528,21.19817997977755,0,1.9069543787612835,0,16.64851485148515,0,0,0,0,0.004886111111111111,6129.619101762365,1.702671972711768,0.060065417781742486,0.6413373860182371,0,MEDIUM,LOW
VEH_007,68b89b2d4f65cd554d7512ab,2025-11-02 10:00:00,ON,39.03,955.97,27.61,40.1,46.7,35.0,0.09,44,19.21,0.0,57.39,383429.02000000025,2.34,39.04000000000008,16.683760683760717,0,0.0,19.21,0.09,0.44,0.195,3600,1.0,22.95595,0,0,122400,27.61,0.00065,0.00046190476190476195,59774.226804123704,996.2371134020617,16.603951890034363,0,2.2137228351721876,0,16.683760683760717,0,0,0,0,0.005336111111111111,5174.180114523686,1.4372722540343572,0.059938524590163814,0.40577507598784196,0,MEDIUM,MEDIUM
VEH_007,68b89b2d4f65cd554d7512ab,2025-11-02 11:00:00,ON,32.1,988.07,25.69,39.7,42.9,36.0,-0.3,42,17.13,0.0,59.31,383429.02000000025,1.9199999999999982,32.10000000000002,16.71875000000003,0,0.0,17.13,0.3,0.42,0.33599999999999997,3600,1.0,22.885679999999997,0,0,126000,25.69,0.0005333333333333328,0.0005023809523809524,51136.492890995265,852.2748815165877,14.204581358609795,0,1.8201973106820475,0,16.71875000000003,0,0,0,0,0.004758333333333333,5398.949211908932,1.4997081144191478,0.05981308411214943,0.2674772036474164,0,MEDIUM,MEDIUM
VEH_007,68b89b2d4f65cd554d7512ab,2025-11-02 12:00:00,ON,29.67,1017.74,23.91,39.7,43.8,37.0,0.45,14,16.4,0.0,61.09,383429.02000000025,1.7800000000000011,29.66999999999996,16.668539325842662,0,0.0,16.4,0.45,0.14,0.357,3600,0.0,22.2548,0,0,129600,23.91,0.0004944444444444448,0.0005261904761904762,45439.819004524885,757.3303167420814,12.622171945701357,0,1.682406673144431,0,16.668539325842662,0,0,0,0,0.004555555555555555,5248.536585365854,1.4579268292682928,0.05999325918436143,0.49240121580547114,0,HIGH,MEDIUM
VEH_007,68b89b2d4f65cd554d7512ab,2025-11-02 13:00:00,ON,34.26,1052.01,21.85,38.7,47.2,38.0,0.1,49,17.78,0.0,63.15,383429.02000000025,2.0599999999999987,34.26999999999998,16.635922330097088,0,0.0,17.78,0.1,0.49,0.21699999999999997,3600,1.0,21.638260000000002,0,0,133200,21.85,0.0005722222222222219,0.0005456349206349206,40045.09090909091,667.4181818181819,11.123636363636365,0,1.943244917042794,0,16.635922330097088,0,0,0,0,0.004938888888888889,4424.071991001125,1.2289088863892013,0.06011088415523781,0.7188449848024316,0,HIGH,MEDIUM
VEH_007,68b89b2d4f65cd554d7512ab,2025-11-02 14:00:00,ON,31.56,1083.57,19.96,38.5,41.8,39.0,0.29,19,16.97,0.0,65.04,383429.02000000025,1.8900000000000006,31.559999999999945,16.698412698412664,0,0.0,16.97,0.29,0.19,0.26,3600,1.0,21.382199999999997,0,0,136800,19.96,0.0005250000000000002,0.0005404761904761904,36930.39647577093,615.5066079295156,10.258443465491926,0,1.789577169007018,0,16.698412698412664,0,0,0,0,0.004713888888888889,4234.29581614614,1.1761932822628167,0.059885931558935485,0.33586626139817627,0,HIGH,MEDIUM
VEH_007,68b89b2d4f65cd554d7512ab,2025-11-02 15:00:00,ON,31.56,1115.12,18.06,38.5,50.4,40.0,-0.46,5,16.97,0.0,66.94,383429.02000000025,1.9000000000000021,31.549999999999955,16.605263157894694,0,0.0,16.97,0.46,0.05,0.337,3600,1.0,22.688889999999997,0,0,140400,18.06,0.0005277777777777784,0.000551984126984127,32718.33213515456,545.3055355859093,9.088425593098489,0,1.7890101293463698,0,16.605263157894694,0,0,0,0,0.004713888888888889,3831.231585150265,1.0642309958750735,0.06022187004754374,0.817629179331307,0,HIGH,MEDIUM
VEH_007,68b89b2d4f65cd554d7512ab,2025-11-02 16:00:00,ON,36.31,1151.44,15.88,39.9,47.5,41.0,0.26,42,18.39,0.0,69.12,383429.02000000025,2.179999999999998,36.320000000000164,16.660550458715687,0,0.0,18.39,0.26,0.42,0.308,3600,1.0,24.05412,0,0,144000,15.88,0.000605555555555555,0.0005583333333333333,28441.79104477612,474.02985074626866,7.900497512437811,0,2.05948804747577,0,16.660550458715687,0,0,0,0,0.005108333333333334,3108.646003262643,0.8635127786840674,0.06002202643171774,0.5547112462006079,0,HIGH,MEDIUM
VEH_007,68b89b2d4f65cd554d7512ab,2025-11-02 17:00:00,ON,29.33,1180.77,14.12,39.8,44.2,42.0,-0.29,5,16.3,0.0,70.88,383429.02000000025,1.7600000000000016,29.329999999999927,16.66477272727267,0,0.0,16.3,0.29,0.05,0.21799999999999997,3600,0.0,19.8534,0,0,147600,14.12,0.0004888888888888893,0.0005353174603174604,26376.871756856926,439.6145292809488,7.3269088213491465,0,1.6631273246823763,0,16.66477272727267,0,0,0,0,0.004527777777777778,3118.527607361963,0.8662576687116563,0.06000681895669983,0.5227963525835866,0,HIGH,MEDIUM
VEH_007,68b89b2d4f65cd554d7512ab,2025-11-02 18:00:00,ON,29.06,1209.83,12.38,40.5,45.4,43.0,0.43,5,16.22,0.0,72.62,383429.02000000025,1.7399999999999984,29.059999999999945,16.70114942528734,0,0.0,16.22,0.43,0.05,0.316,3600,0.0,21.34552,0,0,151200,12.38,0.0004833333333333329,0.0005281746031746032,23439.218632607062,390.6536438767844,6.510894064613073,0,1.6478172538448648,0,16.70114942528734,0,0,0,0,0.004505555555555555,2747.7188655980276,0.7632552404438966,0.05987611837577432,0.3221884498480243,0,HIGH,MEDIUM
VEH_007,68b89b2d4f65cd554d7512ab,2025-11-02 19:00:00,ON,28.04,1237.87,10.7,40.6,42.5,44.0,0.35,0,15.91,0.0,74.3,383429.02000000025,1.6800000000000015,28.039999999999964,16.690476190476154,0,0.0,15.91,0.35,0.0,0.24499999999999997,3600,0.0,19.807949999999998,0,0,154800,10.7,0.0004666666666666671,0.0005242063492063492,20411.809235427703,340.1968205904617,5.669947009841029,0,1.5899792084587074,0,16.690476190476154,0,0,0,0,0.004419444444444445,2421.1187932118164,0.6725329981143935,0.05991440798858786,0.3738601823708207,0,HIGH,MEDIUM
VEH_007,68b89b2d4f65cd554d7512ab,2025-11-02 20:00:00,ON,23.88,1261.75,41.81,40.3,42.2,45.0,-0.0,27,14.66,0.0,75.74,383429.02000000025,0.0,23.88000000000011,0.0,0,0.0,14.66,0.0,0.27,0.081,3600,0.0,15.84746,1,1,0,41.81,0.0,0.0004424603174603175,94494.34977578475,1574.9058295964126,26.248430493273542,0,1.3540907096288928,0,0.0,0,0,0,0,0.004072222222222222,10267.12141882674,2.8519781718963166,0.0,0.020516717325227963,0,MEDIUM,LOW
VEH_007,68b89b2d4f65cd554d7512ab,2025-11-02 21:00:00,ON,17.69,1279.44,40.74,40.5,42.2,46.0,-0.46,15,12.81,0.0,76.8,383429.02000000025,1.0700000000000003,17.690000000000055,16.532710280373877,0,0.0,12.81,0.46,0.15,0.367,3600,0.0,17.51127,0,1,3600,40.74,0.0002972222222222223,0.000409920634920635,99385.09196515004,1656.4181994191674,27.606969990319456,0,1.0030931596873986,0,16.532710280373877,0,0,0,0,0.0035583333333333335,11449.180327868853,3.180327868852459,0.06048615036743906,0.9133738601823708,0,MEDIUM,LOW
VEH_007,68b89b2d4f65cd554d7512ab,2025-11-02 22:00:00,ON,16.83,1296.27,39.73,40.4,44.8,47.0,0.29,26,12.55,0.0,77.81,383429.02000000025,1.0100000000000051,16.829999999999927,16.66336633663351,0,0.0,12.55,0.29,0.26,0.28099999999999997,3600,0.0,16.07655,0,1,7200,39.73,0.000280555555555557,0.0003746031746031748,106058.89830508469,1767.6483050847448,29.460805084745747,0,0.9543277488716108,0,16.66336633663351,0,0,0,0,0.0034861111111111113,11396.653386454182,3.1657370517928283,0.06001188354129587,0.5319148936170213,0,MEDIUM,LOW
VEH_007,68b89b2d4f65cd554d7512ab,2025-11-02 23:00:00,ON,16.81,1313.07,38.73,40.7,43.1,48.0,-0.49,23,12.54,0.0,78.81,383429.02000000025,1.0,16.799999999999955,16.799999999999955,0,0.0,12.54,0.49,0.23,0.412,3600,0.0,17.70648,0,1,10800,38.73,0.0002777777777777778,0.000327777777777778,118159.3220338982,1969.3220338983035,32.82203389830506,0,0.9526266298896664,0,16.799999999999955,0,0,0,0,0.003483333333333333,11118.66028708134,3.0885167464114835,0.05952380952380969,0.13829787234042554,0,MEDIUM,LOW
VEH_007,68b89b2d4f65cd554d7512ab,2025-11-03 00:00:00,ON,12.35,1325.43,37.99,41.4,40.8,49.0,0.31,45,11.21,0.0,79.56,383429.02000000025,0.7399999999999949,12.360000000000127,16.70270270270299,0,0.0,11.21,0.31,0.45,0.352,3600,0.0,15.15592,0,1,14400,37.99,0.00020555555555555412,0.00028730158730158736,132230.38674033148,2203.8397790055246,36.73066298342541,0,0.7008610205616923,0,16.70270270270299,0,0,0,0,0.003113888888888889,12200.178412132025,3.3889384478144513,0.05987055016181127,0.31458966565349544,0,MEDIUM,LOW
VEH_007,68b89b2d4f65cd554d7512ab,2025-11-03 01:00:00,ON,8.86,1334.28,37.45,41.6,39.5,50.0,0.32,40,10.16,0.0,80.09,383429.02000000025,0.5399999999999991,8.849999999999909,16.388888888888747,0,0.0,10.16,0.32,0.4,0.344,3600,0.0,13.65504,0,1,18000,37.45,0.00014999999999999977,0.00023968253968253972,156248.34437086093,2604.139072847682,43.402317880794705,0,0.5018300996740169,0,16.388888888888747,0,0,0,0,0.002822222222222222,13269.68503937008,3.6860236220472444,0.0610169491525429,0.9574468085106383,0,MEDIUM,LOW
VEH_007,68b89b2d4f65cd554d7512ab,2025-11-03 02:00:00,ON,4.83,1339.12,37.16,41.1,37.9,51.0,0.08,20,8.95,0.0,80.38,383429.02000000025,0.29000000000000625,4.839999999999918,16.68965517241315,0,0.0,8.95,0.08,0.2,0.11599999999999999,3600,0.0,9.9882,0,1,21600,37.16,8.055555555555729e-05,0.00018452380952380977,201383.22580645132,3356.3870967741886,55.93978494623648,0,0.2744471957539238,0,16.68965517241315,0,0,0,0,0.002486111111111111,14947.039106145252,4.15195530726257,0.05991735537190313,0.378419452887538,0,MEDIUM,LOW
VEH_007,68b89b2d4f65cd554d7512ab,2025-11-03 03:00:00,ON,7.69,1346.81,36.7,41.5,36.6,52.0,-0.44,28,9.81,0.0,80.84,383429.02000000025,0.45999999999999375,7.690000000000055,16.717391304348173,0,0.0,9.81,0.44,0.28,0.392,3600,0.0,13.65552,0,1,25200,36.7,0.00012777777777777603,0.00020277777777777777,180986.30136986304,3016.438356164384,50.27397260273973,0,0.4360534990387861,0,16.717391304348173,0,0,0,0,0.002725,13467.889908256882,3.7410805300713563,0.059817945383613846,0.270516717325228,0,MEDIUM,LOW
VEH_007,68b89b2d4f65cd554d7512ab,2025-11-03 04:00:00,ON,4.16,1350.97,36.45,41.8,36.8,53.0,0.16,28,8.75,0.0,81.09,383429.02000000025,0.25,4.160000000000082,16.640000000000327,0,0.0,8.75,0.16,0.28,0.196,3600,0.0,10.465,0,1,28800,36.45,6.944444444444444e-05,0.0001702380952380952,214111.88811188817,3568.5314685314693,59.475524475524495,0,0.23588849882982743,0,16.640000000000327,0,0,0,0,0.0024305555555555556,14996.57142857143,4.165714285714286,0.06009615384615266,0.6945288753799392,0,MEDIUM,LOW
VEH_007,68b89b2d4f65cd554d7512ab,2025-11-03 05:00:00,ON,3.55,1354.52,36.24,41.8,32.1,54.0,-0.05,40,8.57,0.0,81.3,383429.02000000025,0.21000000000000085,3.5499999999999545,16.90476190476162,0,0.0,8.57,0.05,0.4,0.155,3600,0.0,9.89835,0,1,32400,36.24,5.833333333333357e-05,0.0001384920634920633,261675.6446991408,4361.26074498568,72.68767908309466,0,0.20129907953025486,0,16.90476190476162,0,0,0,0,0.0023805555555555555,15223.33722287048,4.228704784130689,0.059154929577465785,0.09270516717325228,0,MEDIUM,LOW
VEH_007,68b89b2d4f65cd554d7512ab,2025-11-03 06:00:00,ON,8.22,1362.74,35.75,42.9,36.6,55.0,0.19,26,9.97,0.0,81.79,383429.02000000025,0.490000000000002,8.220000000000027,16.77551020408162,0,0.0,9.97,0.19,0.26,0.21099999999999997,3600,0.0,12.07367,0,1,36000,35.75,0.00013611111111111167,0.00011825396825396813,302315.4362416111,5038.590604026851,83.97651006711419,0,0.46610660105316104,0,16.77551020408162,0,0,0,0,0.0027694444444444446,12908.726178535606,3.5857572718154462,0.0596107055961071,0.15501519756838905,0,MEDIUM,LOW
VEH_007,68b89b2d4f65cd554d7512ab,2025-11-03 07:00:00,ON,15.88,1378.62,34.79,43.0,40.7,56.0,-0.26,2,12.27,0.0,82.75,383429.02000000025,0.9600000000000009,15.879999999999882,16.54166666666653,0,0.0,12.27,0.26,0.02,0.188,3600,0.0,14.576759999999998,0,1,39600,34.79,0.0002666666666666669,0.0001269841269841271,273971.24999999977,4566.187499999996,76.10312499999993,0,0.9004589811099899,0,16.54166666666653,0,0,0,0,0.003408333333333333,10207.334963325184,2.8353708231458845,0.06045340050377884,0.9042553191489362,0,MEDIUM,LOW
VEH_007,68b89b2d4f65cd554d7512ab,2025-11-03 08:00:00,ON,12.78,1391.4,34.03,43.0,38.7,57.0,0.41,15,11.33,0.0,83.51,383429.02000000025,0.759999999999998,12.7800000000002,16.815789473684518,0,0.0,11.33,0.41,0.15,0.33199999999999996,3600,0.0,15.091559999999998,0,1,43200,34.03,0.00021111111111111057,0.00013571428571428578,250747.36842105252,4179.122807017542,69.6520467836257,0,0.7246766863089381,0,16.815789473684518,0,0,0,0,0.0031472222222222223,10812.709620476611,3.003530450132392,0.059467918622847116,0.12917933130699089,0,MEDIUM,LOW
VEH_007,68b89b2d4f65cd554d7512ab,2025-11-03 09:00:00,ON,18.79,1410.19,32.9,43.1,40.1,58.0,-0.15,17,13.14,0.0,84.64,383429.02000000025,1.1300000000000026,18.789999999999964,16.628318584070726,0,0.0,13.14,0.15,0.17,0.156,3600,0.0,15.18984,0,1,46800,32.9,0.0003138888888888896,0.00016904761904761896,194619.71830985925,3243.6619718309876,54.06103286384979,0,1.0654675223587409,0,16.628318584070726,0,0,0,0,0.00365,9013.698630136985,2.5038051750380514,0.06013837147418865,0.7492401215805471,0,MEDIUM,LOW
VEH_007,68b89b2d4f65cd554d7512ab,2025-11-03 10:00:00,ON,11.32,1421.52,32.22,42.9,40.1,59.0,-0.3,45,10.9,0.0,85.32,383429.02000000025,0.6799999999999997,11.329999999999927,16.661764705882252,0,0.0,10.9,0.3,0.45,0.345,3600,0.0,14.6605,0,1,50400,32.22,0.0001888888888888888,0.00017777777777777792,181237.49999999985,3020.6249999999977,50.34374999999996,0,0.6424559355148738,0,16.661764705882252,0,0,0,0,0.0030277777777777777,10641.467889908257,2.9559633027522936,0.06001765225066232,0.5455927051671733,0,MEDIUM,LOW
VEH_007,68b89b2d4f65cd554d7512ab,2025-11-03 11:00:00,ON,13.51,1435.03,31.41,43.4,39.8,60.0,0.34,44,11.55,0.0,86.13,383429.02000000025,0.8099999999999987,13.509999999999991,16.679012345679027,0,0.0,11.55,0.34,0.44,0.37,3600,0.0,15.823500000000003,0,1,54000,31.41,0.00022499999999999964,0.00020000000000000012,157049.9999999999,2617.4999999999986,43.62499999999998,0,0.7660705815362749,0,16.679012345679027,0,0,0,0,0.0032083333333333334,9790.12987012987,2.7194805194805194,0.05995558845299773,0.4316109422492401,0,MEDIUM,LOW
VEH_007,68b89b2d4f65cd554d7512ab,2025-11-03 12:00:00,ON,17.73,1452.76,30.35,44.0,39.0,61.0,-0.47,48,12.82,0.0,87.2,383429.02000000025,1.0599999999999987,17.730000000000018,16.72641509433966,0,0.0,12.82,0.47,0.48,0.473,3600,0.0,18.88386,0,1,57600,30.35,0.00029444444444444407,0.00023373015873015874,129850.59422750425,2164.176570458404,36.06960950764007,0,1.005361318329991,0,16.72641509433966,0,0,0,0,0.0035611111111111112,8522.620904836194,2.367394695787832,0.05978567399887184,0.24164133738601823,0,MEDIUM,LOW
VEH_007,68b89b2d4f65cd554d7512ab,2025-11-03 13:00:00,ON,14.2,1466.96,29.49,44.3,42.4,62.0,0.45,44,11.76,0.0,88.05,383429.02000000025,0.860000000000003,14.200000000000045,16.51162790697674,0,0.0,11.76,0.45,0.44,0.447,3600,0.0,17.01672,0,1,61200,29.49,0.00023888888888888972,0.0002484126984126985,118713.73801916928,1978.562300319488,32.976038338658135,0,0.8051963181210323,0,16.51162790697674,0,0,0,0,0.0032666666666666664,9027.551020408164,2.50765306122449,0.06056338028169016,0.9179331306990881,0,MEDIUM,LOW
VEH_007,68b89b2d4f65cd554d7512ab,2025-11-03 14:00:00,ON,21.81,1488.76,28.19,44.1,41.0,63.0,0.04,15,14.04,0.0,89.36,383429.02000000025,1.2999999999999972,21.799999999999955,16.76923076923077,0,0.0,14.04,0.04,0.15,0.073,3600,0.0,15.064919999999999,0,1,64800,28.19,0.00036111111111111034,0.0002619047619047618,107634.5454545455,1793.9090909090917,29.898484848484863,0,1.2361464602139727,0,16.76923076923077,0,0,0,0,0.0039,7228.205128205129,2.007834757834758,0.059633027522935776,0.1641337386018237,0,MEDIUM,LOW
VEH_007,68b89b2d4f65cd554d7512ab,2025-11-03 15:00:00,ON,28.36,1517.13,26.48,44.0,47.0,64.0,-0.36,22,16.01,0.0,91.06,383429.02000000025,1.7100000000000009,28.37000000000012,16.59064327485386,0,0.0,16.01,0.36,0.22,0.318,3600,0.0,21.101180000000003,0,1,68400,26.48,0.0004750000000000002,0.00029960317460317465,88383.57615894038,1473.0596026490064,24.55099337748344,0,1.6086915172601204,0,16.59064327485386,0,0,0,0,0.004447222222222223,5954.278575890067,1.6539662710805743,0.06027493831512139,0.8465045592705167,0,MEDIUM,LOW
VEH_007,68b89b2d4f65cd554d7512ab,2025-11-03 16:00:00,ON,33.2,1550.33,24.49,44.5,42.9,65.0,-0.23,10,17.46,0.0,93.05,383429.02000000025,1.990000000000002,33.19999999999982,16.683417085427028,0,0.0,17.46,0.23,0.1,0.191,3600,1.0,20.794860000000003,0,1,72000,24.49,0.0005527777777777783,0.00033373015873015876,73382.63971462543,1223.043995243757,20.384066587395953,0,1.8825716733533833,0,16.683417085427028,0,0,0,0,0.00485,5049.484536082474,1.4026345933562427,0.059939759036144964,0.41033434650455924,0,HIGH,MEDIUM
VEH_007,68b89b2d4f65cd554d7512ab,2025-11-03 17:00:00,ON,26.66,1576.99,22.89,44.3,46.1,66.0,-0.02,37,15.5,0.0,94.65,383429.02000000025,1.5999999999999979,26.660000000000082,16.662500000000072,0,0.0,15.5,0.02,0.37,0.125,3600,0.0,17.4375,0,1,75600,22.89,0.00044444444444444387,0.0003702380952380952,61825.0803858521,1030.4180064308684,17.17363344051447,0,1.5117277352892056,0,16.662500000000072,0,0,0,0,0.0043055555555555555,5316.387096774194,1.4767741935483873,0.06001500375093747,0.5364741641337386,0,HIGH,MEDIUM
VEH_007,68b89b2d4f65cd554d7512ab,2025-11-03 18:00:00,ON,31.91,1608.9,20.98,43.9,47.8,67.0,0.13,3,17.07,0.0,96.56,383429.02000000025,1.9100000000000001,31.910000000000082,16.706806282722553,0,0.0,17.07,0.13,0.03,0.09999999999999999,3600,1.0,18.777,0,1,79200,20.98,0.0005305555555555556,0.0004138888888888889,50689.93288590604,844.8322147651007,14.080536912751677,0,1.809423557129727,0,16.706806282722553,0,0,0,0,0.004741666666666667,4424.604569420036,1.2290568248388989,0.05985584456283282,0.29635258358662614,0,HIGH,MEDIUM
VEH_007,68b89b2d4f65cd554d7512ab,2025-11-03 19:00:00,ON,26.58,1635.48,19.38,43.0,42.5,68.0,0.26,44,15.47,0.0,98.16,383429.02000000025,1.6000000000000014,26.579999999999927,16.61249999999994,0,0.0,15.47,0.26,0.44,0.314,3600,0.0,20.32758,0,1,82800,19.38,0.00044444444444444485,0.0004353174603174605,44519.23427529624,741.9872379216041,12.366453965360067,0,1.5071914180040078,0,16.61249999999994,0,0,0,0,0.004297222222222222,4509.89010989011,1.2527472527472527,0.06019563581640353,0.8024316109422492,0,HIGH,MEDIUM
VEH_007,68b89b2d4f65cd554d7512ab,2025-11-03 20:00:00,ON,26.22,1661.7,17.81,42.2,39.8,69.0,0.16,30,15.37,0.0,99.73,383429.02000000025,1.5700000000000003,26.220000000000027,16.700636942675175,0,0.0,15.37,0.16,0.3,0.20199999999999999,3600,0.0,18.474739999999997,0,1,86400,17.81,0.0004361111111111112,0.0004634920634920635,38425.68493150685,640.4280821917807,10.673801369863012,0,1.4867779902206635,0,16.700636942675175,0,0,0,0,0.004269444444444445,4171.502927781392,1.1587508132726088,0.05987795575896257,0.3252279635258359,0,HIGH,MEDIUM
VEH_007,68b89b2d4f65cd554d7512ab,2025-11-03 21:00:00,ON,32.06,1693.76,15.89,42.6,39.9,70.0,-0.36,13,17.12,0.0,101.66,383429.02000000025,1.9199999999999982,32.059999999999945,16.697916666666654,0,0.0,17.12,0.36,0.13,0.291,3600,1.0,22.10192,0,1,90000,15.89,0.0005333333333333328,0.0004880952380952381,32555.121951219513,542.5853658536586,9.043089430894309,0,1.8179291520394485,0,16.697916666666654,0,0,0,0,0.004755555555555555,3341.3551401869163,0.9281542056074767,0.05988771054273242,0.3404255319148936,0,HIGH,MEDIUM
VEH_007,68b89b2d4f65cd554d7512ab,2025-11-03 22:00:00,ON,29.19,1722.95,14.13,42.6,44.3,71.0,-0.14,40,16.26,0.0,103.41,383429.02000000025,1.7599999999999998,29.190000000000055,16.585227272727305,0,0.0,16.26,0.14,0.4,0.218,3600,0.0,19.80468,0,1,93600,14.13,0.0004888888888888889,0.0004900793650793651,28832.064777327934,480.5344129554656,8.008906882591093,0,1.655188769433303,0,16.585227272727305,0,0,0,0,0.004516666666666667,3128.413284132841,0.8690036900369003,0.06029462144570046,0.8632218844984803,0,HIGH,MEDIUM
VEH_007,68b89b2d4f65cd554d7512ab,2025-11-03 23:00:00,ON,22.11,1745.06,12.81,42.7,40.4,72.0,-0.15,14,14.13,0.0,104.73,383429.02000000025,1.3200000000000003,22.1099999999999,16.749999999999922,0,0.0,14.13,0.15,0.14,0.147,3600,0.0,16.20711,0,1,97200,12.81,0.0003666666666666667,0.0004634920634920634,27638.013698630144,460.6335616438357,7.677226027397262,0,1.2537246896940766,0,16.749999999999922,0,0,0,0,0.0039250000000000005,3263.6942675159235,0.9065817409766455,0.059701492537313716,0.19148936170212766,0,HIGH,MEDIUM
VEH_007,68b89b2d4f65cd554d7512ab,2025-11-04 00:00:00,ON,15.41,1760.47,11.88,42.8,42.9,73.0,0.36,48,12.12,0.0,105.66,383429.02000000025,0.9299999999999997,15.410000000000082,16.569892473118372,0,0.0,12.12,0.36,0.48,0.396,3600,0.0,16.91952,0,1,100800,11.88,0.00025833333333333323,0.0004369047619047619,27191.28065395096,453.18801089918264,7.553133514986377,0,0.8738081170595166,0,16.569892473118372,0,0,0,0,0.0033666666666666662,3528.7128712871295,0.9801980198019804,0.06035042180402302,0.8799392097264438,0,HIGH,MEDIUM
VEH_007,68b89b2d4f65cd554d7512ab,2025-11-04 01:00:00,ON,11.92,1772.39,11.17,43.2,38.5,74.0,0.01,40,11.08,0.0,106.37,383429.02000000025,0.7100000000000009,11.920000000000073,16.788732394366278,0,0.0,11.08,0.01,0.4,0.127,3600,0.0,12.48716,0,1,104400,11.17,0.00019722222222222247,0.0003892857142857143,28693.577981651375,478.2262996941896,7.970438328236493,0,0.6759112754931502,0,16.788732394366278,0,0,0,0,0.003077777777777778,3629.241877256318,1.0081227436823106,0.05956375838926145,0.14285714285714285,0,HIGH,MEDIUM
VEH_007,68b89b2d4f65cd554d7512ab,2025-11-04 02:00:00,ON,9.8,1782.18,10.58,43.1,39.9,75.0,0.2,44,10.44,0.0,106.96,383429.02000000025,0.5899999999999999,9.789999999999964,16.59322033898299,0,0.0,10.44,0.2,0.44,0.272,3600,0.0,13.279679999999999,0,1,108000,10.58,0.00016388888888888885,0.00034920634920634913,30297.272727272735,504.9545454545456,8.415909090909093,0,0.5551318277749896,0,16.59322033898299,0,0,0,0,0.0029,3648.2758620689656,1.0134099616858239,0.06026557711950992,0.8404255319148937,0,HIGH,MEDIUM
VEH_007,68b89b2d4f65cd554d7512ab,2025-11-04 03:00:00,ON,2.47,1784.65,10.43,43.4,33.3,76.0,0.26,5,8.24,0.0,107.11,383429.02000000025,0.15000000000000036,2.4700000000000273,16.46666666666681,0,0.0,8.24,0.26,0.05,0.197,3600,0.0,9.863280000000001,0,1,111600,10.43,4.166666666666677e-05,0.00029285714285714283,35614.634146341465,593.5772357723578,9.892953929539296,0,0.14005879618020883,0,16.46666666666681,0,0,0,0,0.002288888888888889,4556.796116504855,1.2657766990291264,0.060728744939270725,0.9407294832826748,0,HIGH,MEDIUM
VEH_007,68b89b2d4f65cd554d7512ab,2025-11-04 04:00:00,ON,0.97,1785.61,10.37,41.9,36.5,77.0,0.08,17,7.79,0.0,107.17,383429.02000000025,0.0600000000000005,0.959999999999809,15.999999999996684,0,0.0,7.79,0.08,0.17,0.107,3600,0.0,8.62353,0,1,115200,10.37,1.6666666666666806e-05,0.0002190476190476191,47341.30434782607,789.0217391304345,13.150362318840576,0,0.05443580742225597,0,15.999999999996684,0,0,0,0,0.002163888888888889,4792.297817715019,1.331193838254172,0.06250000000001295,0.9848024316109423,0,HIGH,MEDIUM
VEH_007,68b89b2d4f65cd554d7512ab,2025-11-04 05:00:00,ON,0.0,1785.61,10.34,42.0,20.5,78.0,0.29,39,0.0,0.03,107.2,383429.02000000025,0.02999999999999936,0.0,0.0,1,0.03,0.0,0.29,0.39,0.31999999999999995,3600,0.0,0.0,0,1,118800,10.34,8.333333333333156e-06,0.00015039682539682542,68751.45118733509,1145.8575197889181,19.0976253298153,0,0.0,0,0.0,1,1,0,0,8.333333333333334e-06,1240800.0,344.6666666666667,0.0,0.0,0,HIGH,LOW
VEH_007,68b89b2d4f65cd554d7512ab,2025-11-04 06:00:00,ON,2.62,1788.23,10.19,41.8,35.3,79.0,0.4,27,8.29,0.0,107.35,383429.02000000025,0.15000000000000036,2.6200000000001182,17.466666666667415,0,0.0,8.29,0.4,0.27,0.361,3600,0.0,11.282689999999999,0,1,122400,10.19,4.166666666666677e-05,0.00010396825396825401,98010.68702290072,1633.5114503816787,27.225190839694644,0,0.14856439108994318,0,17.466666666667415,0,0,0,0,0.0023027777777777777,4425.090470446321,1.2291917973462003,0.057251908396944114,0.05015197568389058,0,HIGH,MEDIUM
VEH_007,68b89b2d4f65cd554d7512ab,2025-11-04 07:00:00,ON,0.0,1788.23,10.16,42.1,26.3,80.0,0.21,9,0.0,0.03,107.38,383429.02000000025,0.02999999999999936,0.0,0.0,1,0.03,0.0,0.21,0.09,0.174,3600,0.0,0.0,0,1,126000,10.16,8.333333333333156e-06,6.825396825396828e-05,148855.8139534883,2480.9302325581384,41.34883720930231,0,0.0,0,0.0,1,1,0,0,8.333333333333334e-06,1219200.0,338.6666666666667,0.0,0.0,0,HIGH,LOW
VEH_007,68b89b2d4f65cd554d7512ab,2025-11-04 08:00:00,ON,0.0,1788.23,10.13,42.7,24.6,81.0,-0.16,35,0.0,0.03,107.41,383429.02000000025,0.02999999999999936,0.0,0.0,1,0.03,0.0,0.16,0.35,0.21699999999999997,3600,0.0,0.0,0,1,129600,10.13,8.333333333333156e-06,4.126984126984123e-05,245457.69230769255,4090.961538461542,68.18269230769238,0,0.0,0,0.0,1,1,0,0,8.333333333333334e-06,1215600.0,337.6666666666667,0.0,0.0,0,HIGH,LOW
VEH_007,68b89b2d4f65cd554d7512ab,2025-11-04 09:00:00,ON,0.0,1788.23,37.16,42.8,26.0,82.0,0.01,24,0.0,0.03,107.44,383429.02000000025,0.0,0.0,0.0,1,0.03,0.0,0.01,0.24,0.07899999999999999,3600,0.0,0.0,1,2,0,37.16,0.0,1.785714285714283e-05,2080960.0000000028,34682.666666666715,578.0444444444453,0,0.0,0,0.0,0,0,0,0,8.333333333333334e-06,4459199.999999999,1238.6666666666665,0.0,0.0,0,MEDIUM,LOW
VEH_007,68b89b2d4f65cd554d7512ab,2025-11-04 10:00:00,ON,6.49,1794.72,80.75,42.7,39.6,83.0,0.43,21,9.45,0.0,107.83,383429.02000000025,0.0,6.490000000000009,0.0,0,0.0,9.45,0.43,0.21,0.364,3600,0.0,12.889799999999997,1,3,0,80.75,0.0,1.1904761904761864e-05,6783000.000000023,113050.0000000004,1884.166666666673,0,0.36800873976095005,0,0.0,0,0,0,0,0.0026249999999999997,30761.904761904763,8.544973544973546,0.0,0.020516717325227963,0,LOW,LOW
VEH_007,68b89b2d4f65cd554d7512ab,2025-11-04 11:00:00,ON,5.37,1800.09,80.43,42.3,39.4,84.0,0.3,34,9.11,0.0,108.16,383429.02000000025,0.3199999999999932,5.369999999999891,16.781250000000018,0,0.0,9.11,0.3,0.34,0.312,3600,0.0,11.95232,0,3,3600,80.43,8.8888888888887e-05,2.222222222222189e-05,3619350.000000054,60322.5000000009,1005.375000000015,0,0.30450029776829873,0,16.781250000000018,0,0,0,0,0.0025305555555555554,31783.53457738749,8.828759604829859,0.05959031657355674,0.14893617021276595,0,LOW,LOW
VEH_007,68b89b2d4f65cd554d7512ab,2025-11-04 12:00:00,ON,10.62,1810.71,79.79,42.6,40.5,85.0,0.31,15,10.69,0.0,108.79,383429.02000000025,0.6400000000000006,10.620000000000118,16.59375000000017,0,0.0,10.69,0.31,0.15,0.262,3600,0.0,13.490779999999999,0,3,7200,79.79,0.00017777777777777795,4.6428571428571145e-05,1718553.8461538567,28642.56410256428,477.3760683760713,0,0.6021961196088331,0,16.59375000000017,0,0,0,0,0.0029694444444444443,26870.346117867168,7.46398503274088,0.06026365348399185,0.8389057750759878,0,LOW,LOW
VEH_007,68b89b2d4f65cd554d7512ab,2025-11-04 13:00:00,ON,17.19,1827.9,78.76,42.1,42.1,86.0,-0.36,49,12.66,0.0,109.82,383429.02000000025,1.0300000000000011,17.190000000000055,16.68932038834955,0,0.0,12.66,0.36,0.49,0.399,3600,0.0,17.71134,0,3,10800,78.76,0.00028611111111111144,8.134920634920611e-05,968171.707317076,16136.195121951267,268.93658536585446,0,0.974741176654968,0,16.68932038834955,0,0,0,0,0.0035166666666666666,22396.20853080569,6.2211690363349135,0.05991855730075613,0.38145896656534956,0,LOW,LOW
VEH_007,68b89b2d4f65cd554d7512ab,2025-11-04 14:00:00,ON,18.73,1846.63,77.63,41.7,42.4,87.0,0.45,44,13.12,0.0,110.95,383429.02000000025,1.1300000000000097,18.730000000000018,16.575221238937928,0,0.0,13.12,0.45,0.44,0.447,3600,0.0,18.98464,0,3,14400,77.63,0.0003138888888888916,0.00012500000000000017,621039.9999999992,10350.666666666653,172.5111111111109,0,1.0620652843948521,0,16.575221238937928,0,0,0,0,0.003644444444444444,21300.914634146342,5.916920731707317,0.060331019754405156,0.8753799392097265,0,LOW,LOW
VEH_007,68b89b2d4f65cd554d7512ab,2025-11-04 15:00:00,ON,15.71,1862.35,76.69,41.5,41.2,88.0,-0.09,16,12.21,0.0,111.89,383429.02000000025,0.9399999999999977,15.7199999999998,16.723404255318975,0,0.0,12.21,0.09,0.16,0.111,3600,0.0,13.56531,0,3,18000,76.69,0.00026111111111111045,0.00016111111111111122,476006.8965517238,7933.448275862063,132.2241379310344,0,0.8913863465396075,0,16.723404255318975,0,0,0,0,0.003391666666666667,22611.30221130221,6.28091728091728,0.0597964376590337,0.25227963525835867,0,LOW,LOW
VEH_007,68b89b2d4f65cd554d7512ab,2025-11-04 16:00:00,ON,16.46,1878.8,75.7,41.7,43.0,89.0,-0.06,14,12.44,0.0,112.88,383429.02000000025,0.9899999999999949,16.450000000000045,16.616161616161747,0,0.0,12.44,0.06,0.14,0.08399999999999999,3600,0.0,13.484960000000001,0,3,21600,75.7,0.00027499999999999855,0.0002003968253968253,377750.49504950515,6295.841584158419,104.93069306930698,0,0.9327802417669702,0,16.616161616161747,0,0,0,0,0.0034555555555555555,21906.752411575562,6.085209003215434,0.06018237082066821,0.7933130699088146,0,LOW,LOW
VEH_007,68b89b2d4f65cd554d7512ab,2025-11-04 17:00:00,ON,16.13,1894.93,74.73,41.9,41.3,90.0,0.32,49,12.34,0.0,113.85,383429.02000000025,0.9699999999999989,16.13000000000011,16.628865979381576,0,0.0,12.34,0.32,0.49,0.371,3600,0.0,16.91814,0,3,25200,74.73,0.0002694444444444441,0.00023888888888888874,312823.2558139537,5213.720930232562,86.89534883720935,0,0.9146349726262182,0,16.628865979381576,0,0,0,0,0.003427777777777778,21801.29659643436,6.0559157212317665,0.06013639181649053,0.7446808510638298,0,LOW,LOW
VEH_007,68b89b2d4f65cd554d7512ab,2025-11-04 18:00:00,ON,9.46,1904.4,74.17,41.2,37.1,91.0,0.38,38,10.34,0.0,114.41,383429.02000000025,0.5600000000000023,9.470000000000027,16.910714285714267,0,0.0,10.34,0.38,0.38,0.37999999999999995,3600,0.0,14.269199999999998,0,3,28800,74.17,0.00015555555555555619,0.0002484126984126986,298575.71884984005,4976.261980830667,82.93769968051113,0,0.5369865586342376,0,16.910714285714267,0,0,0,0,0.002872222222222222,25823.21083172147,7.17311411992263,0.059134107708553395,0.08966565349544073,0,LOW,LOW
VEH_007,68b89b2d4f65cd554d7512ab,2025-11-04 19:00:00,ON,9.89,1914.29,73.57,40.5,37.6,92.0,-0.01,47,10.47,0.0,115.01,383429.02000000025,0.6000000000000085,9.889999999999873,16.483333333332887,0,0.0,10.47,0.01,0.47,0.148,3600,0.0,12.01956,0,3,32400,73.57,0.00016666666666666905,0.00024682539682539735,298064.9517684881,4967.749196141468,82.79581993569114,0,0.5608022243814705,0,16.483333333332887,0,0,0,0,0.0029083333333333335,25296.275071633234,7.026743075453676,0.06066734074823218,0.9316109422492401,0,LOW,LOW
VEH_007,68b89b2d4f65cd554d7512ab,2025-11-04 20:00:00,ON,14.58,1928.87,72.7,40.5,36.3,93.0,-0.32,4,11.87,0.0,115.88,383429.02000000025,0.8699999999999903,14.579999999999927,16.758620689655274,0,0.0,11.87,0.32,0.04,0.236,3600,0.0,14.67132,0,3,36000,72.7,0.00024166666666666398,0.00024047619047619056,302316.83168316825,5038.613861386138,83.97689768976896,0,0.8267438252256729,0,16.758620689655274,0,0,0,0,0.0032972222222222222,22048.862679022746,6.124684077506318,0.05967078189300375,0.18085106382978725,0,LOW,LOW
VEH_007,68b89b2d4f65cd554d7512ab,2025-11-04 21:00:00,ON,18.23,1947.09,71.6,40.6,42.2,94.0,0.02,30,12.97,0.0,116.98,383429.02000000025,1.1000000000000085,18.220000000000027,16.56363636363626,0,0.0,12.97,0.02,0.3,0.104,3600,0.0,14.318880000000002,0,3,39600,71.6,0.00030555555555555794,0.0002392857142857143,299223.88059701485,4987.064676616914,83.1177446102819,0,1.0331462617017735,0,16.56363636363626,0,0,0,0,0.003602777777777778,19873.554356206627,5.520431765612952,0.06037321624588402,0.8875379939209727,0,LOW,LOW
VEH_007,68b89b2d4f65cd554d7512ab,2025-11-04 22:00:00,ON,17.94,1965.03,70.53,40.3,41.0,95.0,-0.3,47,12.88,0.0,118.05,383429.02000000025,1.0699999999999932,17.940000000000055,16.766355140187073,0,0.0,12.88,0.3,0.47,0.351,3600,0.0,17.40088,0,3,43200,70.53,0.0002972222222222203,0.0002444444444444443,288531.81818181835,4808.863636363639,80.14772727272732,0,1.0172691512036138,0,16.766355140187073,0,0,0,0,0.003577777777777778,19713.35403726708,5.475931677018633,0.059643255295428646,0.16869300911854104,0,LOW,LOW
VEH_007,68b89b2d4f65cd554d7512ab,2025-11-04 23:00:00,ON,23.24,1988.27,69.13,39.9,43.0,96.0,-0.28,3,14.47,0.0,119.45,383429.02000000025,1.4000000000000057,23.24000000000001,16.599999999999937,0,0.0,14.47,0.28,0.03,0.20500000000000002,3600,0.0,17.43635,0,3,46800,69.13,0.0003888888888888905,0.000260714285714286,265156.16438356135,4419.269406392689,73.65449010654481,0,1.317800171347376,0,16.599999999999937,0,0,0,0,0.004019444444444444,17198.89426399447,4.777470628887352,0.06024096385542191,0.8328267477203647,0,LOW,LOW
VEH_007,68b89b2d4f65cd554d7512ab,2025-11-05 00:00:00,ON,24.69,2012.96,67.65,39.6,44.6,97.0,-0.07,31,14.91,0.0,120.93,383429.02000000025,1.4799999999999898,24.690000000000055,16.682432432432584,0,0.0,14.91,0.07,0.31,0.14200000000000002,3600,0.0,17.02722,0,3,50400,67.65,0.00041111111111110824,0.00028095238095238086,240788.13559322045,4013.135593220341,66.88559322033902,0,1.4000209221414273,0,16.682432432432584,0,0,0,0,0.004141666666666667,16334.00402414487,4.537223340040241,0.05994329688132793,0.4133738601823708,0,LOW,LOW
VEH_007,68b89b2d4f65cd554d7512ab,2025-11-05 01:00:00,ON,27.74,2040.69,65.99,39.9,43.1,98.0,-0.04,28,15.82,0.0,122.59,383429.02000000025,1.6600000000000108,27.730000000000018,16.704819277108335,0,0.0,15.82,0.04,0.28,0.112,3600,0.0,17.59184,0,3,54000,65.99,0.0004611111111111141,0.0003246031746031749,203294.37652811717,3388.2396088019527,56.47066014669921,0,1.5724009789786035,0,16.704819277108335,0,0,0,0,0.004394444444444445,15016.687737041717,4.1713021491782545,0.05986296429859393,0.3069908814589666,0,LOW,LOW
VEH_007,68b89b2d4f65cd554d7512ab,2025-11-05 02:00:00,ON,30.16,2070.85,64.18,40.0,45.4,99.0,0.5,49,16.55,0.0,124.4,383429.02000000025,1.809999999999988,30.159999999999854,16.662983425414396,0,0.0,16.55,0.5,0.49,0.497,3600,1.0,24.77535,0,3,57600,64.18,0.0005027777777777744,0.0003726190476190471,172240.2555910546,2870.6709265175764,47.84451544195961,0,1.710191616516207,0,16.662983425414396,0,0,0,0,0.004597222222222222,13960.604229607252,3.877945619335348,0.06001326259946939,0.5334346504559271,0,LOW,LOW
VEH_007,68b89b2d4f65cd554d7512ab,2025-11-05 03:00:00,ON,33.11,2103.97,62.19,39.9,44.2,100.0,-0.19,18,17.43,0.0,126.39,383429.02000000025,1.990000000000009,33.11999999999989,16.643216080401878,0,0.0,17.43,0.19,0.18,0.18699999999999997,3600,1.0,20.689410000000002,0,3,61200,62.19,0.0005527777777777803,0.0004170634920634923,149113.9866793529,2485.2331113225487,41.420551855375805,0,1.8780353560681984,0,16.643216080401878,0,0,0,0,0.004841666666666667,12844.750430292597,3.5679862306368326,0.06008454106280241,0.6778115501519757,0,LOW,LOW
VEH_007,68b89b2d4f65cd554d7512ab,2025-11-05 04:00:00,ON,37.18,2141.14,59.96,40.0,46.1,101.0,0.38,36,18.65,0.0,128.62,383429.02000000025,2.229999999999997,37.17000000000007,16.668161434977634,0,0.0,18.65,0.38,0.36,0.37399999999999994,3600,1.0,25.625099999999996,0,3,64800,59.96,0.0006194444444444436,0.0004619047619047616,129810.3092783506,2163.5051546391765,36.05841924398628,0,2.107686418630897,0,16.668161434977634,0,0,0,0,0.0051805555555555554,11574.048257372655,3.2150134048257373,0.059994619316653015,0.4939209726443769,0,LOW,LOW
VEH_007,68b89b2d4f65cd554d7512ab,2025-11-05 05:00:00,ON,29.53,2170.67,58.19,40.6,44.9,102.0,-0.36,0,16.36,0.0,130.39,383429.02000000025,1.7700000000000031,29.5300000000002,16.683615819209123,0,0.0,16.36,0.36,0.0,0.252,3600,0.0,20.48272,0,3,68400,58.19,0.0004916666666666675,0.0004896825396825398,118832.09076175037,1980.5348460291727,33.008914100486216,0,1.674468117895364,0,16.683615819209123,0,0,0,0,0.004544444444444445,12804.645476772615,3.556845965770171,0.059939045038943144,0.4072948328267477,0,LOW,LOW
VEH_007,68b89b2d4f65cd554d7512ab,2025-11-05 06:00:00,ON,34.99,2205.66,56.09,40.5,47.1,103.0,0.32,39,18.0,0.0,132.49,383429.02000000025,2.0999999999999943,34.98999999999978,16.661904761904704,0,0.0,18.0,0.32,0.39,0.34099999999999997,3600,1.0,24.137999999999998,0,3,72000,56.09,0.0005833333333333318,0.0005174603174603171,108394.7852760737,1806.5797546012284,30.10966257668714,0,1.9840717726094828,0,16.661904761904704,0,0,0,0,0.005,11218.0,3.116111111111111,0.06001714775650207,0.5425531914893617,0,LOW,LOW
VEH_007,68b89b2d4f65cd554d7512ab,2025-11-05 07:00:00,ON,39.46,2245.12,53.72,41.0,47.0,104.0,-0.26,4,19.34,0.0,134.86,383429.02000000025,2.3700000000000045,39.460000000000036,16.64978902953585,0,0.0,19.34,0.26,0.04,0.194,3600,1.0,23.09196,0,3,75600,53.72,0.0006583333333333346,0.000552777777777778,97181.90954773864,1619.6984924623107,26.994974874371845,0,2.237538500919427,0,16.64978902953585,0,0,0,0,0.005372222222222222,9999.586349534644,2.7776628748707344,0.06006082108464274,0.6367781155015197,0,LOW,LOW
VEH_007,68b89b2d4f65cd554d7512ab,2025-11-05 08:00:00,ON,46.67,2291.79,50.92,41.4,47.7,105.0,0.4,25,21.5,0.0,137.66,383429.02000000025,2.799999999999997,46.67000000000007,16.667857142857187,0,0.0,21.5,0.4,0.25,0.355,3600,1.0,29.1325,0,3,79200,50.92,0.000777777777777777,0.0005980158730158727,85148.24153948246,1419.1373589913744,23.652289316522907,0,2.6463740962470785,0,16.667857142857187,0,0,0,0,0.0059722222222222225,8526.139534883721,2.368372093023256,0.059995714591814714,0.49544072948328266,0,LOW,LOW
VEH_007,68b89b2d4f65cd554d7512ab,2025-11-05 09:00:00,ON,46.6,2338.4,48.13,41.6,47.0,106.0,0.34,21,21.48,0.0,140.45,383429.02000000025,2.789999999999999,46.61000000000013,16.706093189964207,0,0.0,21.48,0.34,0.21,0.301,3600,1.0,27.94548,0,3,82800,48.13,0.0007749999999999998,0.000636904761904762,75568.59813084111,1259.4766355140187,20.991277258566978,0,2.64297185828319,0,16.706093189964207,0,0,0,0,0.005966666666666667,8066.480446927374,2.240689013035382,0.05985839948508886,0.2978723404255319,0,LOW,LOW
VEH_007,68b89b2d4f65cd554d7512ab,2025-11-05 10:00:00,ON,45.01,2383.4,45.43,41.3,49.4,107.0,-0.05,25,21.0,0.0,143.15,383429.02000000025,2.700000000000003,45.0,16.66666666666665,0,0.0,21.0,0.05,0.25,0.10999999999999999,3600,1.0,23.31,0,3,86400,45.43,0.0007500000000000008,0.000665079365079365,68307.63723150358,1138.4606205250598,18.97434367541766,0,2.551678472918756,0,16.66666666666665,0,0,0,0,0.005833333333333334,7788.0,2.1633333333333336,0.06000000000000006,0.5091185410334347,0,LOW,LOW
VEH_007,68b89b2d4f65cd554d7512ab,2025-11-05 11:00:00,ON,38.95,2422.35,43.09,41.2,47.2,108.0,-0.12,29,19.18,0.0,145.49,383429.02000000025,2.3399999999999963,38.94999999999982,16.645299145299095,0,0.0,19.18,0.12,0.29,0.17099999999999999,3600,1.0,22.459780000000002,0,3,90000,43.09,0.000649999999999999,0.0006694444444444444,64366.804979253124,1072.780082987552,17.879668049792535,0,2.2086194782263355,0,16.645299145299095,0,0,0,0,0.005327777777777778,8087.799791449427,2.2466110531803962,0.06007702182284999,0.6648936170212766,0,MEDIUM,LOW
VEH_007,68b89b2d4f65cd554d7512ab,2025-11-05 12:00:00,ON,34.73,2457.08,41.01,41.8,46.2,109.0,0.48,9,17.92,0.0,147.57,383429.02000000025,2.0800000000000054,34.73000000000002,16.69711538461535,0,0.0,17.92,0.48,0.09,0.363,3600,1.0,24.424960000000002,0,3,93600,41.01,0.0005777777777777793,0.0006817460317460317,60154.365541327126,1002.5727590221188,16.70954598370198,0,1.9693287414326321,0,16.69711538461535,0,0,0,0,0.004977777777777778,8238.61607142857,2.288504464285714,0.059890584509070095,0.3434650455927052,0,MEDIUM,LOW
VEH_007,68b89b2d4f65cd554d7512ab,2025-11-05 13:00:00,ON,28.35,2485.43,39.3,41.6,42.6,110.0,-0.22,7,16.0,0.0,149.28,383429.02000000025,1.7100000000000009,28.34999999999991,16.57894736842099,0,0.0,16.0,0.22,0.07,0.175,3600,0.0,18.8,0,3,97200,39.3,0.0004750000000000002,0.0006662698412698415,58985.11018463369,983.0851697438949,16.384752829064915,0,1.6075574379388113,0,16.57894736842099,0,0,0,0,0.0044444444444444444,8842.5,2.45625,0.06031746031746054,0.8693009118541033,0,MEDIUM,LOW
VEH_007,68b89b2d4f65cd554d7512ab,2025-11-05 14:00:00,ON,33.64,2519.07,37.29,42.8,46.1,111.0,0.27,16,17.59,0.0,151.29,383429.02000000025,2.009999999999998,33.64000000000033,16.73631840796038,0,0.0,17.59,0.27,0.16,0.237,3600,1.0,21.758830000000003,0,3,100800,37.29,0.0005583333333333328,0.000651984126984127,57194.64394400487,953.2440657334145,15.887401095556909,0,1.907521418421951,0,16.73631840796038,0,0,0,0,0.004886111111111111,7631.8362706083,2.1199545196134166,0.05975029726515988,0.21580547112462006,0,MEDIUM,LOW
VEH_007,68b89b2d4f65cd554d7512ab,2025-11-05 15:00:00,ON,31.38,2550.45,35.4,42.3,46.9,112.0,-0.04,22,16.91,0.0,153.18,383429.02000000025,1.8900000000000006,31.379999999999654,16.603174603174416,0,0.0,16.91,0.04,0.22,0.094,3600,1.0,18.499540000000003,0,3,104400,35.4,0.0005250000000000002,0.000615873015873016,57479.38144329896,957.9896907216494,15.966494845360822,0,1.7793704551153264,0,16.603174603174416,0,0,0,0,0.004697222222222222,7536.369012418687,2.0934358367829686,0.06022944550669284,0.8237082066869301,0,MEDIUM,LOW
VEH_007,68b89b2d4f65cd554d7512ab,2025-11-05 16:00:00,ON,29.28,2579.72,33.65,42.1,46.4,113.0,-0.03,8,16.28,0.0,154.93,383429.02000000025,1.75,29.269999999999982,16.725714285714275,0,0.0,16.28,0.03,0.08,0.045,3600,0.0,17.0126,0,3,108000,33.65,0.0004861111111111111,0.0005746031746031748,58562.15469613257,976.0359116022096,16.26726519337016,0,1.6597250867184878,0,16.725714285714275,0,0,0,0,0.004522222222222223,7441.03194103194,2.0669533169533167,0.05978817902289037,0.24316109422492402,0,MEDIUM,LOW
VEH_007,68b89b2d4f65cd554d7512ab,2025-11-05 17:00:00,ON,28.66,2608.39,31.93,42.4,44.1,114.0,0.12,11,16.1,0.0,156.65,383429.02000000025,1.7199999999999989,28.670000000000073,16.668604651162845,0,0.0,16.1,0.12,0.11,0.11699999999999999,3600,0.0,17.983700000000002,0,3,111600,31.93,0.0004777777777777775,0.0005357142857142857,59602.666666666664,993.3777777777777,16.556296296296296,0,1.6257027070795762,0,16.668604651162845,0,0,0,0,0.004472222222222223,7139.627329192545,1.983229813664596,0.05999302406696876,0.4878419452887538,0,MEDIUM,LOW
VEH_007,68b89b2d4f65cd554d7512ab,2025-11-05 18:00:00,ON,31.33,2639.72,30.05,42.2,44.3,115.0,0.17,31,16.9,0.0,158.53,383429.02000000025,1.879999999999999,31.329999999999927,16.664893617021246,0,0.0,16.9,0.17,0.31,0.212,3600,1.0,20.482799999999997,0,3,115200,30.05,0.000522222222222222,0.0005174603174603177,58072.08588957053,967.8680981595088,16.13113496932515,0,1.776535256812099,0,16.664893617021246,0,0,0,0,0.004694444444444444,6401.183431952663,1.7781065088757397,0.060006383657836046,0.5197568389057751,0,MEDIUM,LOW
VEH_007,68b89b2d4f65cd554d7512ab,2025-11-05 19:00:00,ON,39.31,2679.03,27.69,42.5,44.0,116.0,-0.03,44,19.29,0.0,160.89,383429.02000000025,2.3599999999999994,39.3100000000004,16.656779661017122,0,0.0,19.29,0.03,0.44,0.153,3600,1.0,22.24137,0,3,118800,27.69,0.0006555555555555554,0.0005285714285714285,52386.486486486494,873.1081081081082,14.551801801801805,0,2.2290329060097185,0,16.656779661017122,0,0,0,0,0.005358333333333333,5167.651632970452,1.4354587869362365,0.06003561434749365,0.5851063829787234,0,MEDIUM,MEDIUM
VEH_007,68b89b2d4f65cd554d7512ab,2025-11-05 20:00:00,ON,35.75,2714.78,25.54,42.3,49.6,117.0,0.16,28,18.22,0.0,163.04,383429.02000000025,2.150000000000002,35.75,16.62790697674417,0,0.0,18.22,0.16,0.28,0.196,3600,1.0,21.79112,0,3,122400,25.54,0.0005972222222222228,0.0005460317460317459,46773.837209302335,779.5639534883722,12.992732558139538,0,2.0271667868187895,0,16.62790697674417,0,0,0,0,0.005061111111111111,5046.322722283206,1.4017563117453349,0.060139860139860196,0.7507598784194529,0,MEDIUM,MEDIUM
VEH_007,68b89b2d4f65cd554d7512ab,2025-11-05 21:00:00,ON,42.23,2757.01,23.01,42.1,49.1,118.0,-0.11,48,20.17,0.0,165.57,383429.02000000025,2.5299999999999976,42.23000000000002,16.691699604743107,0,0.0,20.17,0.11,0.48,0.22099999999999997,3600,1.0,24.627570000000002,0,3,126000,23.01,0.0007027777777777771,0.0005666666666666666,40605.88235294118,676.764705882353,11.279411764705884,0,2.3946084869190916,0,16.691699604743107,0,0,0,0,0.005602777777777779,4106.891422905304,1.1408031730292512,0.05991001657589383,0.3677811550151976,0,HIGH,MEDIUM
VEH_007,68b89b2d4f65cd554d7512ab,2025-11-05 22:00:00,ON,36.65,2793.66,20.81,41.8,45.2,119.0,-0.49,16,18.5,0.0,167.77,383429.02000000025,2.200000000000003,36.649999999999636,16.65909090909072,0,0.0,18.5,0.49,0.16,0.39099999999999996,3600,1.0,25.7335,0,3,129600,20.81,0.0006111111111111119,0.0005789682539682539,35943.248800548325,599.0541466758054,9.98423577793009,0,2.078200356277144,0,16.65909090909072,0,0,0,0,0.005138888888888889,4049.5135135135133,1.1248648648648647,0.06002728512960504,0.5668693009118541,0,HIGH,MEDIUM
VEH_007,68b89b2d4f65cd554d7512ab,2025-11-05 23:00:00,ON,43.45,2837.11,62.01,41.6,45.9,120.0,-0.47,30,20.53,0.0,170.38,383429.02000000025,0.0,43.45000000000027,0.0,0,0.0,20.53,0.47,0.3,0.41899999999999993,3600,1.0,29.132070000000002,1,4,0,62.01,0.0,0.0005095238095238095,121701.8691588785,2028.3644859813082,33.80607476635514,0,2.4637873255182368,0,0.0,0,0,0,0,0.005702777777777778,10873.64831953239,3.020457866536775,0.0,0.020516717325227963,0,LOW,LOW
VEH_007,68b89b2d4f65cd554d7512ab,2025-11-06 00:00:00,ON,44.85,2881.96,59.32,41.7,44.6,121.0,-0.05,48,20.95,0.0,173.07,383429.02000000025,2.6899999999999977,44.84999999999991,16.67286245353158,0,0.0,20.95,0.05,0.48,0.179,3600,1.0,24.70005,0,4,3600,59.32,0.0007472222222222216,0.000548015873015873,108245.03982621289,1804.0839971035482,30.068066618392468,0,2.5431728780090217,0,16.67286245353158,0,0,0,0,0.005819444444444444,10193.412887828163,2.831503579952267,0.0599777034559644,0.4574468085106383,0,LOW,LOW
VEH_007,68b89b2d4f65cd554d7512ab,2025-11-06 01:00:00,ON,45.92,2927.88,56.56,41.6,49.6,122.0,-0.32,43,21.28,0.0,175.82,383429.02000000025,2.759999999999998,45.92000000000007,16.637681159420328,0,0.0,21.28,0.32,0.43,0.353,3600,1.0,28.79184,0,4,7200,56.56,0.0007666666666666661,0.0005829365079365079,97026.00408441118,1617.1000680735197,26.951667801225327,0,2.6038461216984325,0,16.637681159420328,0,0,0,0,0.005911111111111112,9568.421052631578,2.657894736842105,0.0601045296167246,0.7142857142857143,0,LOW,LOW
VEH_007,68b89b2d4f65cd554d7512ab,2025-11-06 02:00:00,ON,39.41,2967.29,54.2,40.9,42.9,123.0,-0.06,21,19.32,0.0,178.19,383429.02000000025,2.3599999999999994,39.409999999999854,16.699152542372822,0,0.0,19.32,0.06,0.21,0.105,3600,1.0,21.3486,0,4,10800,54.2,0.0006555555555555554,0.0005829365079365079,92977.5357385977,1549.625595643295,25.827093260721583,0,2.2347033026161736,0,16.699152542372822,0,0,0,0,0.005366666666666667,10099.378881987577,2.805383022774327,0.05988327835574748,0.33282674772036475,0,LOW,LOW
VEH_007,68b89b2d4f65cd554d7512ab,2025-11-06 03:00:00,ON,46.64,3013.93,51.4,40.1,47.4,124.0,-0.25,21,21.49,0.0,180.99,383429.02000000025,2.8000000000000043,46.63999999999987,16.657142857142787,0,0.0,21.49,0.25,0.21,0.238,3600,1.0,26.604619999999997,0,4,14400,51.4,0.0007777777777777789,0.0006087301587301587,84438.0704041721,1407.3011734028685,23.455019556714472,0,2.6446729772651216,0,16.657142857142787,0,0,0,0,0.005969444444444444,8610.516519311308,2.391810144253141,0.06003430531732444,0.5820668693009119,0,LOW,LOW
VEH_007,68b89b2d4f65cd554d7512ab,2025-11-06 04:00:00,ON,46.3,3060.23,48.62,40.2,53.1,125.0,-0.33,15,21.39,0.0,183.76,383429.02000000025,2.780000000000001,46.30000000000018,16.654676258992865,0,0.0,21.39,0.33,0.15,0.27599999999999997,3600,1.0,27.29364,0,4,18000,48.62,0.0007722222222222225,0.0006186507936507937,78590.37844772289,1309.8396407953815,21.830660679923025,0,2.6253936288030864,0,16.654676258992865,0,0,0,0,0.005941666666666667,8182.889200561009,2.2730247779336135,0.06004319654427625,0.601823708206687,0,LOW,LOW
VEH_007,68b89b2d4f65cd554d7512ab,2025-11-06 05:00:00,ON,48.63,3108.86,45.7,40.1,49.6,126.0,-0.14,7,22.09,0.0,186.68,383429.02000000025,2.9199999999999946,48.63000000000011,16.654109589041163,0,0.0,22.09,0.14,0.07,0.11900000000000001,3600,1.0,24.718709999999998,0,4,21600,45.7,0.0008111111111111096,0.000647222222222222,70609.44206008587,1176.8240343347645,19.61373390557941,0,2.757513869734209,0,16.654109589041163,0,0,0,0,0.006136111111111111,7447.713897691263,2.068809416025351,0.060045239564054866,0.6033434650455927,0,LOW,LOW
VEH_007,68b89b2d4f65cd554d7512ab,2025-11-06 06:00:00,ON,40.64,3149.5,43.27,40.0,51.4,127.0,0.29,34,19.69,0.0,189.12,383429.02000000025,2.4299999999999997,40.63999999999987,16.724279835390895,0,0.0,19.69,0.29,0.34,0.305,3600,1.0,25.69545,0,4,25200,43.27,0.0006749999999999999,0.0007436507936507934,58185.912486659574,969.765208110993,16.16275346851655,0,2.304449180875954,0,16.724279835390895,0,0,0,0,0.005469444444444445,7911.223971559167,2.197562214321991,0.05979330708661435,0.24772036474164133,0,MEDIUM,LOW
VEH_007,68b89b2d4f65cd554d7512ab,2025-11-06 07:00:00,ON,41.59,3191.1,40.77,40.6,50.5,128.0,0.25,40,19.98,0.0,191.62,383429.02000000025,2.5,41.59999999999991,16.639999999999965,0,0.0,19.98,0.25,0.4,0.295,3600,1.0,25.8741,0,4,28800,40.77,0.0006944444444444445,0.000736111111111111,55385.6603773585,923.0943396226417,15.384905660377362,0,2.358884988298223,0,16.639999999999965,0,0,0,0,0.00555,7345.945945945946,2.0405405405405403,0.06009615384615398,0.6960486322188449,0,MEDIUM,LOW
VEH_007,68b89b2d4f65cd554d7512ab,2025-11-06 08:00:00,ON,35.37,3226.47,38.65,40.7,47.7,129.0,-0.02,43,18.11,0.0,193.74,383429.02000000025,2.1200000000000045,35.36999999999989,16.683962264150857,0,0.0,18.11,0.02,0.43,0.14300000000000002,3600,1.0,20.69973,0,4,32400,38.65,0.0005888888888888902,0.0007107142857142859,54381.90954773868,906.365159128978,15.106085985482967,0,2.005619279714136,0,16.683962264150857,0,0,0,0,0.0050305555555555555,7683.04803975704,2.134180011043622,0.05993780039581598,0.4027355623100304,0,MEDIUM,LOW
VEH_007,68b89b2d4f65cd554d7512ab,2025-11-06 09:00:00,ON,32.87,3259.34,54.51,40.1,47.8,130.0,-0.4,0,17.36,0.0,195.71,383429.02000000025,0.0,32.870000000000346,0.0,0,0.0,17.36,0.4,0.0,0.27999999999999997,3600,1.0,22.2208,1,5,0,54.51,0.0,0.0006170634920634922,88337.74919614145,1472.2958199356908,24.538263665594847,0,1.863859364552009,0,0.0,0,0,0,0,0.004822222222222222,11303.917050691245,3.1399769585253456,0.0,0.020516717325227963,0,LOW,LOW
VEH_007,68b89b2d4f65cd554d7512ab,2025-11-06 10:00:00,ON,28.32,3287.66,52.81,40.4,37.4,131.0,0.38,10,16.0,0.0,197.41,383429.02000000025,1.6999999999999957,28.31999999999971,16.658823529411634,0,0.0,16.0,0.38,0.1,0.29599999999999993,3600,0.0,20.735999999999997,0,5,3600,52.81,0.00047222222222222105,0.0005734126984126983,92097.71626297581,1534.9619377162635,25.582698961937727,0,1.605856318956854,0,16.658823529411634,0,0,0,0,0.0044444444444444444,11882.25,3.300625,0.06002824858757109,0.5699088145896657,0,LOW,LOW
VEH_007,68b89b2d4f65cd554d7512ab,2025-11-06 11:00:00,ON,26.03,3313.69,51.24,39.7,45.0,132.0,-0.15,9,15.31,0.0,198.97,383429.02000000025,1.5700000000000003,26.0300000000002,16.57961783439503,0,0.0,15.31,0.15,0.09,0.132,3600,0.0,17.330920000000003,0,5,7200,51.24,0.0004361111111111112,0.0005253968253968252,97526.28398791543,1625.4380664652572,27.09063444108762,0,1.4760042366683497,0,16.57961783439503,0,0,0,0,0.004252777777777778,12048.595689092097,3.3468321358589157,0.060315021129465546,0.8677811550151976,0,LOW,LOW
VEH_007,68b89b2d4f65cd554d7512ab,2025-11-06 12:00:00,ON,28.87,3342.56,49.51,39.9,50.0,133.0,0.3,36,16.16,0.0,200.7,383429.02000000025,1.730000000000004,28.86999999999989,16.687861271676198,0,0.0,16.16,0.3,0.36,0.318,3600,0.0,21.29888,0,5,10800,49.51,0.00048055555555555666,0.0004781746031746033,103539.58506224063,1725.6597510373438,28.760995850622397,0,1.637043500292538,0,16.687861271676198,0,0,0,0,0.004488888888888889,11029.455445544554,3.063737623762376,0.05992379632836891,0.3844984802431611,0,LOW,LOW
VEH_007,68b89b2d4f65cd554d7512ab,2025-11-06 13:00:00,ON,31.3,3373.85,47.63,39.6,42.3,134.0,0.15,30,16.89,0.0,202.58,383429.02000000025,1.8799999999999955,31.289999999999964,16.643617021276615,0,0.0,16.89,0.15,0.3,0.195,3600,1.0,20.18355,0,5,14400,47.63,0.0005222222222222209,0.0004563492063492063,104371.82608695653,1739.5304347826088,28.99217391304348,0,1.7742670981695063,0,16.643617021276615,0,0,0,0,0.004691666666666667,10152.042628774423,2.8200118413262287,0.06008309364014054,0.6717325227963525,0,LOW,LOW
VEH_007,68b89b2d4f65cd554d7512ab,2025-11-06 14:00:00,ON,29.6,3403.45,45.86,39.8,46.5,135.0,-0.24,44,16.38,0.0,204.36,383429.02000000025,1.7700000000000031,29.59999999999991,16.72316384180783,0,0.0,16.38,0.24,0.44,0.3,3600,0.0,21.294,0,5,18000,45.86,0.0004916666666666675,0.00042738095238095247,107304.73537604454,1788.412256267409,29.80687093779015,0,1.678437395519888,0,16.72316384180783,0,0,0,0,0.004549999999999999,10079.120879120881,2.7997557997558005,0.05979729729729759,0.25379939209726443,0,LOW,LOW
VEH_007,68b89b2d4f65cd554d7512ab,2025-11-06 15:00:00,ON,25.38,3428.84,44.34,40.1,40.5,136.0,0.41,4,15.11,0.0,205.88,383429.02000000025,1.519999999999996,25.390000000000327,16.70394736842131,0,0.0,15.11,0.41,0.04,0.299,3600,0.0,19.627889999999997,0,5,21600,44.34,0.00042222222222222113,0.0004035714285714284,109869.02654867263,1831.150442477877,30.51917404129795,0,1.4397136983868457,0,16.70394736842131,0,0,0,0,0.004197222222222222,10564.129715420253,2.934480476505626,0.05986608901142089,0.30851063829787234,0,MEDIUM,LOW
VEH_007,68b89b2d4f65cd554d7512ab,2025-11-06 16:00:00,ON,21.36,3450.2,43.05,39.9,43.7,137.0,-0.38,5,13.91,0.0,207.16,383429.02000000025,1.2900000000000063,21.359999999999673,16.558139534883388,0,0.0,13.91,0.38,0.05,0.28099999999999997,3600,0.0,17.81871,0,5,25200,43.05,0.00035833333333333507,0.0004547619047619048,94664.92146596857,1577.7486910994762,26.2958115183246,0,1.2111967151454177,0,16.558139534883388,0,0,0,0,0.003863888888888889,11141.624730409776,3.09489575844716,0.06039325842696751,0.8936170212765957,0,MEDIUM,LOW
VEH_007,68b89b2d4f65cd554d7512ab,2025-11-06 17:00:00,ON,25.34,3475.54,41.53,39.6,44.5,138.0,0.03,0,15.1,0.0,208.68,383429.02000000025,1.519999999999996,25.340000000000146,16.671052631579087,0,0.0,15.1,0.03,0.0,0.020999999999999998,3600,0.0,15.417099999999998,0,5,28800,41.53,0.00042222222222222113,0.00044761904761904766,92779.78723404255,1546.3297872340424,25.772163120567377,0,1.4368785000835924,0,16.671052631579087,0,0,0,0,0.004194444444444444,9901.192052980134,2.750331125827815,0.05998421468034677,0.46656534954407297,0,MEDIUM,LOW
VEH_007,68b89b2d4f65cd554d7512ab,2025-11-06 18:00:00,ON,25.33,3500.87,40.01,38.8,43.7,139.0,-0.1,46,15.1,0.0,210.2,383429.02000000025,1.5200000000000031,25.329999999999927,16.664473684210446,0,0.0,15.1,0.1,0.46,0.20800000000000002,3600,0.0,18.2408,0,5,32400,40.01,0.0004222222222222231,0.00044563492063492077,89782.01246660727,1496.3668744434544,24.939447907390907,0,1.4363114604229312,0,16.664473684210446,0,0,0,0,0.004194444444444444,9538.807947019868,2.6496688741721854,0.06000789577576027,0.5258358662613982,0,MEDIUM,LOW
VEH_007,68b89b2d4f65cd554d7512ab,2025-11-06 19:00:00,ON,28.8,3529.67,38.29,38.5,45.7,140.0,-0.31,19,16.14,0.0,211.93,383429.02000000025,1.7199999999999989,28.800000000000182,16.744186046511746,0,0.0,16.14,0.31,0.19,0.274,3600,0.0,20.56236,0,5,36000,38.29,0.0004777777777777775,0.0004452380952380952,85998.93048128342,1433.3155080213903,23.888591800356505,0,1.6330742226680144,0,16.744186046511746,0,0,0,0,0.004483333333333333,8540.520446096654,2.372366790582404,0.05972222222222181,0.20820668693009117,0,MEDIUM,LOW
VEH_007,68b89b2d4f65cd554d7512ab,2025-11-06 20:00:00,ON,24.62,3554.29,36.81,38.5,46.2,141.0,-0.15,36,14.89,0.0,213.41,383429.02000000025,1.4799999999999969,24.61999999999989,16.635135135135098,0,0.0,14.89,0.15,0.36,0.213,3600,0.0,18.061570000000003,0,5,39600,36.81,0.00041111111111111025,0.00042936507936507936,85731.23844731979,1428.8539741219965,23.814232902033275,0,1.3960516445168778,0,16.635135135135098,0,0,0,0,0.004136111111111111,8899.664204163868,2.4721289456010744,0.06011372867587341,0.7218844984802432,0,MEDIUM,LOW
VEH_007,68b89b2d4f65cd554d7512ab,2025-11-06 21:00:00,ON,21.12,3575.42,35.54,38.2,43.8,142.0,0.43,44,13.84,0.0,214.67,383429.02000000025,1.2700000000000031,21.13000000000011,16.637795275590594,0,0.0,13.84,0.43,0.44,0.433,3600,0.0,19.832720000000002,0,5,43200,35.54,0.0003527777777777786,0.00040952380952380955,86783.72093023255,1446.3953488372092,24.10658914728682,0,1.1981548029505245,0,16.637795275590594,0,0,0,0,0.0038444444444444446,9244.50867052023,2.5679190751445082,0.060104117368669975,0.7127659574468085,0,MEDIUM,LOW
VEH_007,68b89b2d4f65cd554d7512ab,2025-11-06 22:00:00,ON,24.67,3600.09,34.06,37.9,44.7,143.0,-0.01,8,14.9,0.0,216.16,383429.02000000025,1.4799999999999969,24.670000000000073,16.668918918919005,0,0.0,14.9,0.01,0.08,0.031,3600,0.0,15.361899999999999,0,5,46800,34.06,0.00041111111111111025,0.0004079365079365079,83493.3852140078,1391.5564202334633,23.192607003891055,0,1.398886842820131,0,16.668918918919005,0,0,0,0,0.004138888888888889,8229.261744966443,2.2859060402684563,0.05999189298743383,0.4848024316109423,0,MEDIUM,LOW
VEH_007,68b89b2d4f65cd554d7512ab,2025-11-06 23:00:00,ON,21.31,3621.4,32.78,38.3,41.1,144.0,-0.44,28,13.89,0.0,217.43,383429.02000000025,1.2800000000000011,21.309999999999945,16.648437499999943,0,0.0,13.89,0.44,0.28,0.392,3600,0.0,19.33488,0,5,50400,32.78,0.0003555555555555559,0.0004075396825396824,80433.88510223957,1340.564751703993,22.342745861733214,0,1.2083615168421902,0,16.648437499999943,0,0,0,0,0.0038583333333333334,8495.896328293737,2.3599712023038157,0.060065696855936386,0.6428571428571429,0,MEDIUM,LOW
VEH_007,68b89b2d4f65cd554d7512ab,2025-11-07 00:00:00,ON,24.28,3645.68,31.33,38.4,44.0,145.0,-0.4,38,14.78,0.0,218.89,383429.02000000025,1.4500000000000028,24.279999999999745,16.74482758620669,0,0.0,14.78,0.4,0.38,0.39399999999999996,3600,0.0,20.603319999999997,0,5,54000,31.33,0.0004027777777777786,0.0004047619047619049,77403.52941176467,1290.0588235294113,21.50098039215685,0,1.3767722960548168,0,16.74482758620669,0,0,0,0,0.004105555555555555,7631.123139377538,2.1197564276048717,0.05971993410214242,0.20364741641337386,0,MEDIUM,LOW
VEH_007,68b89b2d4f65cd554d7512ab,2025-11-07 01:00:00,ON,30.62,3676.3,29.49,38.4,46.0,146.0,0.08,13,16.69,0.0,220.73,383429.02000000025,1.8399999999999999,30.620000000000346,16.641304347826274,0,0.0,16.69,0.08,0.13,0.095,3600,1.0,18.275550000000003,0,5,57600,29.49,0.0005111111111111111,0.0004174603174603174,70641.44486692015,1177.3574144486693,19.622623574144487,0,1.736275440906071,0,16.641304347826274,0,0,0,0,0.004636111111111112,6360.934691431994,1.766926303175554,0.06009144350097907,0.6884498480243161,0,MEDIUM,LOW
VEH_007,68b89b2d4f65cd554d7512ab,2025-11-07 02:00:00,ON,27.24,3703.54,27.85,38.2,40.2,147.0,-0.13,18,15.67,0.0,222.36,383429.02000000025,1.639999999999997,27.23999999999978,16.609756097560872,0,0.0,15.67,0.13,0.18,0.145,3600,0.0,17.94215,0,5,61200,27.85,0.00045555555555555475,0.0004142857142857142,67224.1379310345,1120.4022988505749,18.67337164750958,0,1.5446160356068082,0,16.609756097560872,0,0,0,0,0.0043527777777777775,6398.21314613912,1.777281429483089,0.060205580029368946,0.8085106382978723,0,MEDIUM,LOW
VEH_007,68b89b2d4f65cd554d7512ab,2025-11-07 03:00:00,ON,26.84,3730.38,26.24,38.3,41.0,148.0,0.19,27,15.55,0.0,223.97,383429.02000000025,1.610000000000003,26.840000000000146,16.67080745341621,0,0.0,15.55,0.19,0.27,0.21399999999999997,3600,0.0,18.8777,0,5,64800,26.24,0.00044722222222222304,0.00041944444444444456,62558.94039735097,1042.6490066225163,17.377483443708602,0,1.5219344491808842,0,16.67080745341621,0,0,0,0,0.004319444444444444,6074.855305466238,1.687459807073955,0.05998509687034256,0.46808510638297873,0,MEDIUM,LOW
VEH_007,68b89b2d4f65cd554d7512ab,2025-11-07 04:00:00,ON,32.87,3763.26,39.1,38.1,46.7,149.0,-0.42,37,17.36,0.0,225.95,383429.02000000025,0.0,32.88000000000011,0.0,0,0.0,17.36,0.42,0.37,0.40499999999999997,3600,1.0,24.3908,1,6,0,39.1,0.0,0.00036904761904761905,105948.3870967742,1765.8064516129032,29.43010752688172,0,1.8644264042126442,0,0.0,0,0,0,0,0.004822222222222222,8108.294930875577,2.252304147465438,0.0,0.020516717325227963,0,MEDIUM,LOW
VEH_007,68b89b2d4f65cd554d7512ab,2025-11-07 05:00:00,ON,38.63,3801.89,36.78,38.5,52.1,150.0,0.4,45,19.09,0.0,228.26,383429.02000000025,2.3200000000000003,38.629999999999654,16.650862068965367,0,0.0,19.09,0.4,0.45,0.415,3600,1.0,27.01235,0,6,3600,36.78,0.0006444444444444446,0.00040238095238095256,91405.91715976328,1523.4319526627214,25.39053254437869,0,2.1904742090855707,0,16.650862068965367,0,0,0,0,0.005302777777777778,6935.987427972761,1.926663174436878,0.0600569505565628,0.6276595744680851,0,MEDIUM,LOW
VEH_007,68b89b2d4f65cd554d7512ab,2025-11-07 06:00:00,ON,45.6,3847.49,34.05,38.6,46.5,151.0,-0.27,20,21.18,0.0,231.0,383429.02000000025,2.730000000000004,45.59999999999991,16.703296703296644,0,0.0,21.18,0.27,0.2,0.249,3600,1.0,26.45382,0,6,7200,34.05,0.0007583333333333345,0.0004599206349206352,74034.5125107851,1233.9085418464185,20.565142364106975,0,2.5857008525576677,0,16.703296703296644,0,0,0,0,0.005883333333333333,5787.535410764872,1.6076487252124645,0.059868421052631786,0.31155015197568386,0,MEDIUM,LOW
VEH_007,68b89b2d4f65cd554d7512ab,2025-11-07 07:00:00,ON,39.04,3886.53,31.7,38.2,42.9,152.0,-0.24,5,19.21,0.0,233.34,383429.02000000025,2.349999999999998,39.04000000000042,16.612765957447003,0,0.0,19.21,0.24,0.05,0.183,3600,1.0,22.725430000000003,0,6,10800,31.7,0.0006527777777777772,0.0004956349206349207,63958.36669335467,1065.9727782225777,17.766212970376298,0,2.2137228351722067,0,16.612765957447003,0,0,0,0,0.005336111111111111,5940.655908381052,1.6501821967725143,0.06019467213114684,0.8009118541033434,0,MEDIUM,LOW
VEH_007,68b89b2d4f65cd554d7512ab,2025-11-07 08:00:00,ON,44.86,3931.4,29.01,37.6,49.6,153.0,-0.01,30,20.96,0.0,236.03,383429.02000000025,2.6899999999999977,44.86999999999989,16.68029739776949,0,0.0,20.96,0.01,0.3,0.097,3600,1.0,22.99312,0,6,14400,29.01,0.0007472222222222216,0.0005293650793650794,54801.499250374814,913.3583208395802,15.22263868065967,0,2.5443069573303183,0,16.68029739776949,0,0,0,0,0.0058222222222222226,4982.633587786259,1.3840648854961832,0.05995096946735022,0.42249240121580545,0,MEDIUM,MEDIUM
VEH_007,68b89b2d4f65cd554d7512ab,2025-11-07 09:00:00,ON,49.7,3981.09,26.03,37.4,46.5,154.0,0.01,2,22.41,0.0,239.02,383429.02000000025,2.9800000000000004,49.690000000000055,16.674496644295317,0,0.0,22.41,0.01,0.02,0.013,3600,1.0,22.70133,0,6,18000,26.03,0.0008277777777777779,0.0005825396825396827,44683.65122615803,744.7275204359671,12.412125340599452,0,2.8176200737629586,0,16.674496644295317,0,0,0,0,0.006225,4181.526104417671,1.1615350290049087,0.05997182531696513,0.44984802431610943,0,MEDIUM,MEDIUM
VEH_007,68b89b2d4f65cd554d7512ab,2025-11-07 10:00:00,ON,57.6,4038.69,22.57,36.6,56.5,155.0,-0.43,29,24.78,0.0,242.47,383429.02000000025,3.460000000000001,57.59999999999991,16.647398843930606,0,0.0,24.78,0.43,0.29,0.388,3600,1.0,34.39464,0,6,21600,22.57,0.0009611111111111114,0.0006559523809523811,34407.98548094373,573.4664246823955,9.557773744706592,0,3.266148445336003,0,16.647398843930606,0,0,0,0,0.006883333333333333,3278.9346246973364,0.9108151735270379,0.06006944444444456,0.6534954407294833,0,HIGH,MEDIUM
VEH_007,68b89b2d4f65cd554d7512ab,2025-11-07 11:00:00,ON,62.31,4101.0,18.84,37.0,56.4,156.0,0.35,43,26.19,0.0,246.21,383429.02000000025,3.7300000000000004,62.309999999999945,16.705093833780143,0,0.0,26.19,0.35,0.43,0.374,3600,1.0,35.985060000000004,0,6,25200,18.84,0.0010361111111111111,0.000803968253968254,23433.761105626847,390.5626850937808,6.509378084896347,0,3.5332241255015013,0,16.705093833780143,0,0,0,0,0.007275,2589.6907216494847,0.7193585337915235,0.059861980420478314,0.30547112462006076,0,HIGH,MEDIUM
VEH_007,68b89b2d4f65cd554d7512ab,2025-11-07 12:00:00,ON,69.0,4169.99,14.7,37.0,58.7,157.0,0.36,5,28.2,0.0,250.35,383429.02000000025,4.140000000000001,68.98999999999978,16.664251207729414,0,0.0,28.2,0.36,0.05,0.267,3600,1.0,35.7294,0,6,28800,14.7,0.0011500000000000002,0.0008761904761904763,16777.173913043476,279.61956521739125,4.6603260869565215,0,3.912006618814765,0,16.664251207729414,0,0,0,0,0.007833333333333333,1876.595744680851,0.5212765957446809,0.06000869691259623,0.5273556231003039,0,HIGH,MEDIUM
VEH_007,68b89b2d4f65cd554d7512ab,2025-11-07 13:00:00,ON,67.02,4237.01,75.38,37.3,55.1,158.0,0.05,45,27.6,0.0,254.37,383429.02000000025,0.0,67.02000000000044,0.0,0,0.0,27.6,0.05,0.45,0.17,3600,1.0,32.292,1,7,0,75.38,0.0,0.0007678571428571428,98169.30232558139,1636.15503875969,27.26925064599483,0,3.800299805667026,0,0.0,0,0,0,0,0.007666666666666667,9832.173913043476,2.7311594202898544,0.0,0.020516717325227963,0,LOW,LOW
VEH_007,68b89b2d4f65cd554d7512ab,2025-11-07 14:00:00,ON,63.14,4300.15,71.59,37.6,54.4,159.0,0.21,18,26.44,0.0,258.16,383429.02000000025,3.789999999999992,63.13999999999942,16.65963060686004,0,0.0,26.44,0.21,0.18,0.20099999999999998,3600,1.0,31.754440000000002,0,7,3600,71.59,0.0010527777777777755,0.0008249999999999997,86775.75757575761,1446.2626262626268,24.104377104377114,0,3.5802884173353062,0,16.65963060686004,0,0,0,0,0.007344444444444445,9747.50378214826,2.707639939485628,0.06002534051314582,0.5592705167173252,0,LOW,LOW
VEH_007,68b89b2d4f65cd554d7512ab,2025-11-07 15:00:00,ON,63.79,4363.94,67.76,38.2,55.1,160.0,-0.24,24,26.64,0.0,261.99,383429.02000000025,3.8299999999999983,63.789999999999964,16.655352480417754,0,0.0,26.64,0.24,0.24,0.24,3600,1.0,33.0336,0,7,7200,67.76,0.0010638888888888885,0.0008702380952380949,77863.74829001371,1297.7291381668952,21.628818969448254,0,3.617145995277497,0,16.655352480417754,0,0,0,0,0.0074,9156.756756756757,2.5435435435435436,0.06004075873961437,0.5987841945288754,0,LOW,LOW
VEH_007,68b89b2d4f65cd554d7512ab,2025-11-07 16:00:00,ON,60.76,4424.7,64.11,37.7,57.6,161.0,0.49,13,25.73,0.0,265.63,383429.02000000025,3.6500000000000057,60.76000000000022,16.646575342465788,0,0.0,25.73,0.49,0.13,0.38199999999999995,3600,1.0,35.558859999999996,0,7,10800,64.11,0.0010138888888888906,0.0008968253968253967,71485.48672566372,1191.424778761062,19.857079646017702,0,3.445332978100982,0,16.646575342465788,0,0,0,0,0.007147222222222222,8969.91838321026,2.4916439953361835,0.06007241606319935,0.6595744680851063,0,LOW,LOW
VEH_007,68b89b2d4f65cd554d7512ab,2025-11-07 17:00:00,ON,59.74,4484.44,60.53,37.2,55.8,162.0,0.23,26,25.42,0.0,269.22,383429.02000000025,3.5799999999999983,59.73999999999978,16.687150837988774,0,0.0,25.42,0.23,0.26,0.239,3600,1.0,31.495379999999997,0,7,14400,60.53,0.000994444444444444,0.0009015873015873014,67137.14788732395,1118.9524647887326,18.649207746478876,0,3.3874949327147985,0,16.687150837988774,0,0,0,0,0.007061111111111112,8572.30527143981,2.381195908733281,0.05992634750585891,0.3905775075987842,0,LOW,LOW
VEH_007,68b89b2d4f65cd554d7512ab,2025-11-07 18:00:00,ON,55.7,4540.14,57.19,37.7,52.8,163.0,-0.04,29,24.21,0.0,272.56,383429.02000000025,3.3400000000000034,55.70000000000073,16.67664670658703,0,0.0,24.21,0.04,0.29,0.11499999999999999,3600,1.0,26.99415,0,7,18000,57.19,0.0009277777777777788,0.0008861111111111111,64540.43887147336,1075.6739811912225,17.927899686520377,0,3.158410909812813,0,16.67664670658703,0,0,0,0,0.006725,8504.089219330855,2.362247005369682,0.059964093357270376,0.44072948328267475,0,LOW,LOW
VEH_007,68b89b2d4f65cd554d7512ab,2025-11-07 19:00:00,ON,54.28,4594.41,53.93,37.8,56.0,164.0,0.24,47,23.78,0.0,275.81,383429.02000000025,3.259999999999998,54.26999999999953,16.647239263803545,0,0.0,23.78,0.24,0.47,0.30899999999999994,3600,1.0,31.12802,0,7,21600,53.93,0.000905555555555555,0.0008511904761904761,63358.321678321685,1055.9720279720282,17.599533799533802,0,3.077324238339993,0,16.647239263803545,0,0,0,0,0.0066055555555555555,8164.3397813288475,2.2678721614802355,0.060070020269025734,0.6565349544072948,0,LOW,LOW
VEH_007,68b89b2d4f65cd554d7512ab,2025-11-07 20:00:00,ON,46.65,4641.06,51.13,37.9,46.5,165.0,0.21,25,21.5,0.0,278.61,383429.02000000025,2.799999999999997,46.650000000000546,16.660714285714498,0,0.0,21.5,0.21,0.25,0.22199999999999998,3600,1.0,26.273,0,7,25200,51.13,0.000777777777777777,0.0009623015873015871,53133.03092783507,885.5505154639178,14.759175257731963,0,2.645240016925808,0,16.660714285714498,0,0,0,0,0.0059722222222222225,8561.302325581395,2.378139534883721,0.060021436227223245,0.5516717325227963,0,LOW,LOW
VEH_007,68b89b2d4f65cd554d7512ab,2025-11-07 21:00:00,ON,47.73,4688.8,48.27,38.2,45.1,166.0,0.02,41,21.82,0.0,281.48,383429.02000000025,2.8599999999999994,47.73999999999978,16.69230769230762,0,0.0,21.82,0.02,0.41,0.13699999999999998,3600,1.0,24.80934,0,7,28800,48.27,0.0007944444444444443,0.0009253968253968255,52161.406518010284,869.3567753001714,14.48927958833619,0,2.7070473399364636,0,16.69230769230762,0,0,0,0,0.006061111111111111,7963.886342804767,2.212190650779102,0.05990783410138275,0.36322188449848025,0,LOW,LOW
VEH_007,68b89b2d4f65cd554d7512ab,2025-11-07 22:00:00,ON,50.85,4739.64,45.22,37.7,53.2,167.0,-0.32,46,22.75,0.0,284.53,383429.02000000025,3.0500000000000043,50.840000000000146,16.668852459016417,0,0.0,22.75,0.32,0.46,0.362,3600,1.0,30.985500000000002,0,7,32400,45.22,0.0008472222222222234,0.0008944444444444448,50556.52173913042,842.6086956521737,14.043478260869561,0,2.882829634737554,0,16.668852459016417,0,0,0,0,0.006319444444444444,7155.692307692308,1.9876923076923076,0.059992132179386225,0.48632218844984804,0,LOW,LOW
VEH_007,68b89b2d4f65cd554d7512ab,2025-11-07 23:00:00,ON,49.5,4789.15,42.25,38.2,47.4,168.0,0.13,26,22.35,0.0,287.5,383429.02000000025,2.969999999999999,49.50999999999931,16.670033670033444,0,0.0,22.35,0.13,0.26,0.16899999999999998,3600,1.0,26.127150000000004,0,7,36000,42.25,0.0008249999999999997,0.0008674603174603174,48705.39798719122,811.7566331198537,13.529277218664228,0,2.807413359871241,0,16.670033670033444,0,0,0,0,0.006208333333333334,6805.369127516778,1.8903803131991048,0.05998788123611473,0.4756838905775076,0,MEDIUM,LOW
VEH_007,68b89b2d4f65cd554d7512ab,2025-11-08 00:00:00,ON,53.43,4842.58,39.04,37.7,52.4,169.0,0.34,10,23.53,0.0,290.7,383429.02000000025,3.210000000000001,53.43000000000029,16.6448598130842,0,0.0,23.53,0.34,0.1,0.268,3600,1.0,29.83604,0,7,39600,39.04,0.0008916666666666669,0.0008527777777777779,45779.80456026058,762.9967426710097,12.716612377850161,0,3.029692906845553,0,16.6448598130842,0,0,0,0,0.0065361111111111115,5972.970675733106,1.659158521036974,0.06007860752386269,0.668693009118541,0,MEDIUM,LOW
VEH_007,68b89b2d4f65cd554d7512ab,2025-11-08 01:00:00,ON,49.37,4891.95,60.18,37.5,49.8,170.0,0.42,9,22.31,0.0,293.67,383429.02000000025,0.0,49.36999999999989,0.0,0,0.0,22.31,0.42,0.09,0.321,3600,1.0,29.47151,1,8,0,60.18,0.0,0.0007202380952380952,83555.70247933886,1392.5950413223143,23.209917355371903,0,2.799474804622194,0,0.0,0,0,0,0,0.006197222222222222,9710.802330793367,2.6974450918870465,0.0,0.020516717325227963,0,LOW,LOW
VEH_007,68b89b2d4f65cd554d7512ab,2025-11-08 02:00:00,ON,50.45,4942.41,57.15,37.4,52.2,171.0,0.48,4,22.64,0.0,296.69,383429.02000000025,3.030000000000001,50.460000000000036,16.65346534653466,0,0.0,22.64,0.48,0.04,0.348,3600,1.0,30.51872,0,8,3600,57.15,0.000841666666666667,0.0007111111111111111,80367.1875,1339.453125,22.32421875,0,2.861282127632901,0,16.65346534653466,0,0,0,0,0.006288888888888889,9087.455830388692,2.524293286219081,0.06004756242568369,0.6063829787234043,0,LOW,LOW
VEH_007,68b89b2d4f65cd554d7512ab,2025-11-08 03:00:00,ON,52.81,4995.21,53.98,37.7,52.0,172.0,-0.45,32,23.34,0.0,299.86,383429.02000000025,3.1700000000000017,52.80000000000018,16.65615141955841,0,0.0,23.34,0.45,0.32,0.41100000000000003,3600,1.0,32.93274,0,8,7200,53.98,0.0008805555555555561,0.0007257936507936511,74373.75615090209,1239.5626025150348,20.659376708583913,0,2.993969408224684,0,16.65615141955841,0,0,0,0,0.006483333333333333,8325.964010282776,2.3127677806341045,0.06003787878787861,0.5896656534954408,0,LOW,LOW
VEH_007,68b89b2d4f65cd554d7512ab,2025-11-08 04:00:00,ON,58.27,5053.48,50.48,38.1,52.6,173.0,-0.25,46,24.98,0.0,303.36,383429.02000000025,3.5,58.26999999999953,16.648571428571294,0,0.0,24.98,0.25,0.46,0.313,3600,1.0,32.79874,0,8,10800,50.48,0.0009722222222222222,0.0007511904761904765,67199.99999999997,1119.9999999999995,18.666666666666657,0,3.304140102599438,0,16.648571428571294,0,0,0,0,0.006938888888888889,7274.939951961568,2.0208166533226577,0.06006521366054622,0.6398176291793313,0,LOW,LOW
VEH_007,68b89b2d4f65cd554d7512ab,2025-11-08 05:00:00,ON,51.39,5104.88,62.08,38.6,47.9,174.0,0.16,7,22.92,0.0,306.44,383429.02000000025,0.0,51.400000000000546,0.0,0,0.0,22.92,0.16,0.07,0.13299999999999998,3600,1.0,25.96836,1,9,0,62.08,0.0,0.0006301587301587303,98514.86146095717,1641.9143576826195,27.365239294710324,0,2.914583855733899,0,0.0,0,0,0,0,0.006366666666666667,9750.785340314134,2.708551483420593,0.0,0.020516717325227963,0,LOW,LOW
VEH_007,68b89b2d4f65cd554d7512ab,2025-11-08 06:00:00,ON,45.71,5150.59,59.34,38.4,48.5,175.0,0.29,21,21.21,0.0,309.19,383429.02000000025,2.739999999999995,45.710000000000036,16.682481751824863,0,0.0,21.21,0.29,0.21,0.266,3600,1.0,26.851860000000002,0,9,3600,59.34,0.0007611111111111097,0.000621031746031746,95550.67092651757,1592.5111821086261,26.54185303514377,0,2.5919382888248097,0,16.682481751824863,0,0,0,0,0.005891666666666667,10071.852899575673,2.797736916548798,0.05994311966746867,0.41185410334346506,0,LOW,LOW
VEH_007,68b89b2d4f65cd554d7512ab,2025-11-08 07:00:00,ON,51.38,5201.97,56.26,38.6,51.3,176.0,-0.27,25,22.91,0.0,312.27,383429.02000000025,3.0800000000000054,51.38000000000011,16.681818181818187,0,0.0,22.91,0.27,0.25,0.264,3600,1.0,28.95824,0,9,7200,56.26,0.0008555555555555571,0.000615873015873016,91349.99999999999,1522.4999999999998,25.374999999999996,0,2.9134497764125773,0,16.681818181818187,0,0,0,0,0.0063638888888888885,8840.506329113925,2.4556962025316458,0.05994550408719344,0.41793313069908816,0,LOW,LOW
VEH_007,68b89b2d4f65cd554d7512ab,2025-11-08 08:00:00,ON,45.47,5247.44,53.53,39.5,49.2,177.0,-0.06,2,21.14,0.0,315.0,383429.02000000025,2.729999999999997,45.469999999999345,16.655677655677437,0,0.0,21.14,0.06,0.02,0.047999999999999994,3600,1.0,22.15472,0,9,10800,53.53,0.0007583333333333324,0.0007242063492063492,73915.39726027398,1231.923287671233,20.53205479452055,0,2.5783293369692037,0,16.655677655677437,0,0,0,0,0.005872222222222222,9115.799432355723,2.532166508987701,0.060039586540577,0.5957446808510638,0,LOW,LOW
VEH_007,68b89b2d4f65cd554d7512ab,2025-11-08 09:00:00,ON,39.89,5287.33,51.14,39.6,46.0,178.0,-0.16,12,19.47,0.0,317.39,383429.02000000025,2.3900000000000006,39.89000000000033,16.69037656903779,0,0.0,19.47,0.16,0.12,0.148,3600,1.0,22.351559999999996,0,9,14400,51.14,0.0006638888888888891,0.0006988095238095237,73181.60136286201,1219.6933560477003,20.328222600795005,0,2.261921206327334,0,16.69037656903779,0,0,0,0,0.005408333333333333,9455.778120184901,2.6266050333846946,0.059914765605414415,0.37537993920972645,0,LOW,LOW
VEH_007,68b89b2d4f65cd554d7512ab,2025-11-08 10:00:00,ON,46.09,5333.42,48.37,39.3,47.5,179.0,0.03,5,21.33,0.0,320.16,383429.02000000025,2.770000000000003,46.090000000000146,16.638989169675124,0,0.0,21.33,0.03,0.05,0.036,3600,1.0,22.09788,0,9,18000,48.37,0.0007694444444444453,0.0006829365079365079,70826.49622312609,1180.4416037187682,19.674026728646137,0,2.613485795929463,0,16.638989169675124,0,0,0,0,0.005925,8163.713080168776,2.2676980778246603,0.06009980472987621,0.7051671732522796,0,LOW,LOW
VEH_007,68b89b2d4f65cd554d7512ab,2025-11-08 11:00:00,ON,40.81,5374.23,45.92,39.0,46.9,180.0,0.38,7,19.74,0.0,322.6,383429.02000000025,2.4499999999999957,40.80999999999949,16.657142857142677,0,0.0,19.74,0.38,0.07,0.287,3600,1.0,25.405379999999997,0,9,21600,45.92,0.0006805555555555544,0.0006412698412698411,71607.92079207923,1193.4653465346537,19.891089108910897,0,2.314088855106959,0,16.657142857142677,0,0,0,0,0.005483333333333333,8374.468085106384,2.3262411347517733,0.06003430531732483,0.5835866261398176,0,LOW,LOW
VEH_007,68b89b2d4f65cd554d7512ab,2025-11-08 12:00:00,ON,33.09,5407.32,43.94,39.3,49.4,181.0,0.15,41,17.43,0.0,324.59,383429.02000000025,1.980000000000004,33.090000000000146,16.712121212121254,0,0.0,17.43,0.15,0.41,0.22799999999999998,3600,1.0,21.40404,0,9,25200,43.94,0.0005500000000000011,0.0007198412698412698,61041.2348401323,1017.3539140022051,16.955898566703418,0,1.876334237086267,0,16.712121212121254,0,0,0,0,0.004841666666666667,9075.38726333907,2.520940906483075,0.059836808703535665,0.2811550151975684,0,MEDIUM,LOW
VEH_007,68b89b2d4f65cd554d7512ab,2025-11-08 13:00:00,ON,35.8,5443.12,41.79,39.8,43.7,182.0,-0.15,13,18.24,0.0,326.74,383429.02000000025,2.1499999999999986,35.80000000000018,16.65116279069777,0,0.0,18.24,0.15,0.13,0.144,3600,1.0,20.866559999999996,0,9,28800,41.79,0.0005972222222222219,0.0006964285714285716,60006.15384615383,1000.1025641025639,16.668376068376062,0,2.030001985122043,0,16.65116279069777,0,0,0,0,0.005066666666666666,8248.026315789473,2.2911184210526314,0.06005586592178736,0.6261398176291794,0,MEDIUM,LOW
VEH_007,68b89b2d4f65cd554d7512ab,2025-11-08 14:00:00,ON,34.96,5478.08,39.69,39.7,42.7,183.0,-0.2,12,17.99,0.0,328.83,383429.02000000025,2.1000000000000014,34.960000000000036,16.647619047619052,0,0.0,17.99,0.2,0.12,0.176,3600,1.0,21.156239999999997,0,9,32400,39.69,0.0005833333333333337,0.0006575396825396826,60361.37598068798,1006.0229330114664,16.76704888352444,0,1.9823706536275514,0,16.647619047619052,0,0,0,0,0.0049972222222222215,7942.412451361868,2.2062256809338523,0.060068649885583504,0.6519756838905775,0,MEDIUM,LOW
VEH_007,68b89b2d4f65cd554d7512ab,2025-11-08 15:00:00,ON,29.06,5507.14,37.95,39.7,37.6,184.0,-0.41,34,16.22,0.0,330.58,383429.02000000025,1.7399999999999949,29.0600000000004,16.701149425287635,0,0.0,16.22,0.41,0.34,0.389,3600,0.0,22.52958,0,9,36000,37.95,0.0004833333333333319,0.0006182539682539682,61382.54172015405,1023.0423620025674,17.050706033376123,0,1.6478172538448905,0,16.701149425287635,0,0,0,0,0.004505555555555555,8422.934648581999,2.3397040690505553,0.05987611837577326,0.32066869300911854,0,MEDIUM,LOW
VEH_007,68b89b2d4f65cd554d7512ab,2025-11-08 16:00:00,ON,28.79,5535.93,36.22,40.1,49.6,185.0,0.35,27,16.14,0.0,332.31,383429.02000000025,1.730000000000004,28.789999999999964,16.641618497109768,0,0.0,16.14,0.35,0.27,0.32599999999999996,3600,0.0,21.40164,0,9,39600,36.22,0.00048055555555555666,0.0005920634920634922,61175.87131367291,1019.5978552278818,16.993297587131366,0,1.6325071830073534,0,16.641618497109768,0,0,0,0,0.004483333333333333,8078.810408921933,2.2441140024783146,0.06009030913511657,0.6869300911854104,0,MEDIUM,LOW
VEH_007,68b89b2d4f65cd554d7512ab,2025-11-08 17:00:00,ON,24.49,5560.43,34.75,40.2,43.8,186.0,-0.23,44,14.85,0.0,333.78,383429.02000000025,1.4699999999999989,24.5,16.66666666666668,0,0.0,14.85,0.23,0.44,0.29300000000000004,3600,0.0,19.201050000000002,0,9,43200,34.75,0.00040833333333333303,0.0005404761904761904,64295.15418502204,1071.5859030837007,17.859765051395012,0,1.3892471685891006,0,16.66666666666668,0,0,0,0,0.004125,8424.242424242424,2.34006734006734,0.059999999999999956,0.5030395136778115,0,MEDIUM,LOW
VEH_007,68b89b2d4f65cd554d7512ab,2025-11-08 18:00:00,ON,24.88,5585.31,33.26,41.4,43.7,187.0,0.17,11,14.97,0.0,335.27,383429.02000000025,1.490000000000002,24.88000000000011,16.697986577181258,0,0.0,14.97,0.17,0.11,0.152,3600,0.0,17.24544,0,9,46800,33.26,0.0004138888888888894,0.0005023809523809525,66204.73933649287,1103.4123222748813,18.39020537124802,0,1.4107946756937542,0,16.697986577181258,0,0,0,0,0.004158333333333333,7998.396793587174,2.2217768871075485,0.05988745980707377,0.3373860182370821,0,MEDIUM,LOW
VEH_007,68b89b2d4f65cd554d7512ab,2025-11-08 19:00:00,ON,19.44,5604.75,49.06,41.6,41.4,188.0,0.4,37,13.33,0.0,336.43,383429.02000000025,0.0,19.4399999999996,0.0,0,0.0,13.33,0.4,0.37,0.39099999999999996,3600,0.0,18.54203,1,10,0,49.06,0.0,0.0004238095238095238,115759.55056179776,1929.3258426966293,32.15543071161049,0,1.10232510030088,0,0.0,0,0,0,0,0.003702777777777778,13249.512378094523,3.6804201050262564,0.0,0.020516717325227963,0,LOW,LOW
VEH_007,68b89b2d4f65cd554d7512ab,2025-11-08 20:00:00,ON,22.48,5627.22,47.72,42.0,43.4,189.0,-0.04,16,14.24,0.0,337.78,383429.02000000025,1.3400000000000034,22.470000000000255,16.768656716418057,0,0.0,14.24,0.04,0.16,0.076,3600,0.0,15.32224,0,10,3600,47.72,0.00037222222222222317,0.00039166666666666684,121838.29787234036,2030.6382978723393,33.843971631205655,0,1.2741381174774467,0,16.768656716418057,0,0,0,0,0.003955555555555556,12064.044943820223,3.3511235955056176,0.05963506898086285,0.1656534954407295,0,LOW,LOW
VEH_007,68b89b2d4f65cd554d7512ab,2025-11-08 21:00:00,ON,23.79,5651.02,46.29,42.1,42.9,190.0,-0.41,13,14.64,0.0,339.21,383429.02000000025,1.4299999999999997,23.800000000000182,16.643356643356775,0,0.0,14.64,0.41,0.13,0.32599999999999996,3600,0.0,19.412640000000003,0,10,7200,46.29,0.00039722222222222215,0.0003650793650793652,126794.34782608692,2113.239130434782,35.22065217391303,0,1.349554392343708,0,16.643356643356775,0,0,0,0,0.004066666666666667,11382.7868852459,3.161885245901639,0.06008403361344491,0.6762917933130699,0,LOW,LOW
VEH_007,68b89b2d4f65cd554d7512ab,2025-11-08 22:00:00,ON,23.44,5674.46,44.88,41.7,42.9,191.0,0.27,0,14.53,0.0,340.62,383429.02000000025,1.4099999999999966,23.4399999999996,16.62411347517706,0,0.0,14.53,0.27,0.0,0.189,3600,0.0,17.27617,0,10,10800,44.88,0.0003916666666666657,0.00035198412698412716,127505.74971815101,2125.09582863585,35.4182638105975,0,1.329140964560325,0,16.62411347517706,0,0,0,0,0.004036111111111111,11119.61459050241,3.0887818306951136,0.06015358361774832,0.7689969604863222,0,MEDIUM,LOW
VEH_007,68b89b2d4f65cd554d7512ab,2025-11-08 23:00:00,ON,17.94,5692.39,43.81,42.2,39.7,192.0,-0.08,44,12.88,0.0,341.69,383429.02000000025,1.0700000000000003,17.93000000000029,16.75700934579466,0,0.0,12.88,0.08,0.44,0.188,3600,0.0,15.30144,0,10,14400,43.81,0.0002972222222222223,0.0003257936507936508,134471.61997563948,2241.193666260658,37.353227771010964,0,1.0167021115429786,0,16.75700934579466,0,0,0,0,0.003577777777777778,12245.031055900621,3.4013975155279503,0.05967651979921823,0.182370820668693,0,MEDIUM,LOW
VEH_007,68b89b2d4f65cd554d7512ab,2025-11-09 00:00:00,ON,19.29,5711.69,42.65,41.9,36.5,193.0,-0.39,0,13.29,0.0,342.85,383429.02000000025,1.1600000000000037,19.299999999999272,16.63793103448208,0,0.0,13.29,0.39,0.0,0.27299999999999996,3600,0.0,16.918169999999996,0,10,18000,42.65,0.00032222222222222325,0.0003134920634920637,136048.10126582268,2267.468354430378,37.791139240506304,0,1.094386545051781,0,16.63793103448208,0,0,0,0,0.0036916666666666664,11553.047404063205,3.2091798344620015,0.06010362694300764,0.7112462006079028,0,MEDIUM,LOW
VEH_007,68b89b2d4f65cd554d7512ab,2025-11-09 01:00:00,ON,15.44,5727.13,41.72,41.8,41.4,194.0,0.29,29,12.13,0.0,343.78,383429.02000000025,0.9299999999999997,15.44000000000051,16.602150537634962,0,0.0,12.13,0.29,0.29,0.29,3600,0.0,15.647700000000002,0,10,21600,41.72,0.00025833333333333323,0.0002912698412698414,143234.8773841961,2387.2479564032683,39.78746594005447,0,0.8755092360414866,0,16.602150537634962,0,0,0,0,0.003369444444444445,12381.863149216815,3.4394064303380043,0.06023316062175965,0.8267477203647416,0,MEDIUM,LOW
VEH_007,68b89b2d4f65cd554d7512ab,2025-11-09 02:00:00,ON,17.41,5744.53,40.68,41.6,38.0,195.0,0.46,10,12.72,0.0,344.82,383429.02000000025,1.0399999999999991,17.399999999999636,16.730769230768896,0,0.0,12.72,0.46,0.1,0.352,3600,0.0,17.19744,0,10,25200,40.68,0.00028888888888888866,0.0003325396825396826,122331.26491646776,2038.8544152744626,33.98090692124104,0,0.9866490095285652,0,16.730769230768896,0,0,0,0,0.0035333333333333336,11513.20754716981,3.1981132075471694,0.059770114942529935,0.22948328267477203,0,MEDIUM,LOW
VEH_007,68b89b2d4f65cd554d7512ab,2025-11-09 03:00:00,ON,18.16,5762.7,39.59,41.8,43.5,196.0,0.02,42,12.95,0.0,345.91,383429.02000000025,1.0899999999999963,18.170000000000073,16.669724770642325,0,0.0,12.95,0.02,0.42,0.14,3600,0.0,14.763000000000002,0,10,28800,39.59,0.00030277777777777676,0.00032261904761904744,122714.39114391152,2045.2398523985253,34.08733087330876,0,1.030311063398533,0,16.669724770642325,0,0,0,0,0.003597222222222222,11005.714285714286,3.0571428571428574,0.05998899284534903,0.47720364741641336,0,MEDIUM,LOW
VEH_007,68b89b2d4f65cd554d7512ab,2025-11-09 04:00:00,ON,22.73,5785.43,38.22,40.4,47.8,197.0,0.17,6,14.32,0.0,347.28,383429.02000000025,1.3700000000000045,22.730000000000473,16.5912408759127,0,0.0,14.32,0.17,0.06,0.13699999999999998,3600,0.0,16.28184,0,10,32400,38.22,0.00038055555555555683,0.0003202380952380952,119348.69888475837,1989.1449814126395,33.152416356877325,0,1.288881148654323,0,16.5912408759127,0,0,0,0,0.003977777777777778,9608.379888268155,2.668994413407821,0.0602727672679268,0.8419452887537994,0,MEDIUM,LOW
VEH_007,68b89b2d4f65cd554d7512ab,2025-11-09 05:00:00,ON,15.32,5800.75,37.3,40.2,39.8,198.0,-0.05,32,12.1,0.0,348.19,383429.02000000025,0.9200000000000017,15.319999999999709,16.652173913043132,0,0.0,12.1,0.05,0.32,0.131,3600,0.0,13.6851,0,10,36000,37.3,0.000255555555555556,0.000300793650793651,124005.27704485478,2066.7546174142462,34.44591029023744,0,0.8687047601136578,0,16.652173913043132,0,0,0,0,0.003361111111111111,11097.520661157023,3.082644628099173,0.060052219321150076,0.6193009118541033,0,MEDIUM,LOW
VEH_007,68b89b2d4f65cd554d7512ab,2025-11-09 06:00:00,ON,18.03,5818.78,36.22,40.5,39.4,199.0,-0.0,43,12.91,0.0,349.28,383429.02000000025,1.0799999999999983,18.029999999999745,16.694444444444233,0,0.0,12.91,0.0,0.43,0.129,3600,0.0,14.57539,0,10,39600,36.22,0.00029999999999999954,0.00030119047619047633,120256.12648221338,2004.2687747035563,33.4044795783926,0,1.022372508149434,0,16.694444444444233,0,0,0,0,0.003586111111111111,10100.07745933385,2.8055770720371807,0.05990016638935183,0.3556231003039514,0,MEDIUM,LOW
VEH_007,68b89b2d4f65cd554d7512ab,2025-11-09 07:00:00,ON,14.31,5833.09,35.36,40.5,39.8,200.0,0.27,37,11.79,0.0,350.14,383429.02000000025,0.8599999999999994,14.3100000000004,16.639534883721407,0,0.0,11.79,0.27,0.37,0.3,3600,0.0,15.327,0,10,43200,35.36,0.00023888888888888874,0.00028928571428571425,122232.0987654321,2037.2016460905352,33.953360768175585,0,0.8114337543881872,0,16.639534883721407,0,0,0,0,0.0032749999999999997,10796.946564885497,2.9991518235793047,0.06009783368273762,0.7006079027355623,0,MEDIUM,LOW
VEH_007,68b89b2d4f65cd554d7512ab,2025-11-09 08:00:00,ON,20.05,5853.14,34.16,41.2,42.3,201.0,-0.21,19,13.52,0.0,351.34,383429.02000000025,1.2000000000000028,20.050000000000182,16.708333333333446,0,0.0,13.52,0.21,0.19,0.204,3600,0.0,16.27808,0,10,46800,34.16,0.00033333333333333414,0.0003000000000000001,113866.66666666663,1897.7777777777771,31.62962962962962,0,1.1369145196004784,0,16.708333333333446,0,0,0,0,0.0037555555555555554,9095.85798816568,2.5266272189349115,0.0598503740648375,0.2948328267477204,0,MEDIUM,LOW
VEH_007,68b89b2d4f65cd554d7512ab,2025-11-09 09:00:00,ON,12.46,5865.6,33.41,40.6,42.2,202.0,0.12,42,11.24,0.0,352.09,383429.02000000025,0.75,12.460000000000036,16.613333333333383,0,0.0,11.24,0.12,0.42,0.21,3600,0.0,13.6004,0,10,50400,33.41,0.00020833333333333335,0.0002884920634920636,115809.07840440159,1930.1513067400265,32.16918844566711,0,0.7065314171681732,0,16.613333333333383,0,0,0,0,0.0031222222222222224,10700.71174377224,2.9724199288256226,0.060192616372391476,0.7963525835866262,0,MEDIUM,LOW
VEH_007,68b89b2d4f65cd554d7512ab,2025-11-09 10:00:00,ON,13.46,5879.06,32.61,40.9,36.2,203.0,-0.17,4,11.54,0.0,352.89,383429.02000000025,0.7999999999999972,13.460000000000036,16.825000000000106,0,0.0,11.54,0.17,0.04,0.131,3600,0.0,13.051739999999999,0,10,54000,32.61,0.00022222222222222142,0.00027698412698412713,117732.37822349565,1962.2063037249275,32.70343839541545,0,0.7632353832330345,0,16.825000000000106,0,0,0,0,0.0032055555555555552,10172.963604852686,2.8258232235701906,0.059435364041604384,0.12462006079027356,0,MEDIUM,LOW
VEH_007,68b89b2d4f65cd554d7512ab,2025-11-09 11:00:00,ON,17.03,5896.09,31.58,41.2,45.8,204.0,0.39,30,12.61,0.0,353.92,383429.02000000025,1.0300000000000011,17.029999999999745,16.533980582524006,0,0.0,12.61,0.39,0.3,0.363,3600,0.0,17.18743,0,10,57600,31.58,0.00028611111111111144,0.0002634920634920635,119851.80722891566,1997.5301204819275,33.29216867469879,0,0.9656685420845726,0,16.533980582524006,0,0,0,0,0.003502777777777778,9015.701823949246,2.5043616177636796,0.06048150322959581,0.9118541033434651,0,MEDIUM,LOW
VEH_007,68b89b2d4f65cd554d7512ab,2025-11-09 12:00:00,ON,20.27,5916.36,30.37,41.7,45.8,205.0,0.07,7,13.58,0.0,355.13,383429.02000000025,1.2099999999999973,20.269999999999527,16.752066115702124,0,0.0,13.58,0.07,0.07,0.07,3600,0.0,14.530600000000002,0,10,61200,30.37,0.0003361111111111104,0.00027499999999999985,110436.3636363637,1840.6060606060616,30.676767676767696,0,1.1493893921347107,0,16.752066115702124,0,0,0,0,0.0037722222222222224,8050.957290132548,2.236377025036819,0.059694129255057994,0.1884498480243161,0,MEDIUM,LOW
VEH_007,68b89b2d4f65cd554d7512ab,2025-11-09 13:00:00,ON,18.25,5934.61,29.27,40.7,35.2,206.0,-0.3,48,12.98,0.0,356.23,383429.02000000025,1.1000000000000014,18.25,16.59090909090907,0,0.0,12.98,0.3,0.48,0.354,3600,0.0,17.574920000000002,0,10,64800,29.27,0.00030555555555555593,0.0002757936507936508,106130.07194244605,1768.834532374101,29.48057553956835,0,1.0348473806837177,0,16.59090909090907,0,0,0,0,0.003605555555555556,8118.027734976887,2.255007704160246,0.060273972602739805,0.8449848024316109,0,MEDIUM,LOW
VEH_007,68b89b2d4f65cd554d7512ab,2025-11-09 14:00:00,ON,20.91,5955.53,28.02,40.3,40.4,207.0,0.42,41,13.77,0.0,357.48,383429.02000000025,1.25,20.920000000000073,16.736000000000057,0,0.0,13.77,0.42,0.41,0.417,3600,0.0,19.51209,0,10,68400,28.02,0.00034722222222222224,0.00029126984126984126,96199.45504087194,1603.324250681199,26.722070844686648,0,1.1862469700769014,0,16.736000000000057,0,0,0,0,0.003825,7325.490196078432,2.0348583877995643,0.05975143403441662,0.21732522796352582,0,MEDIUM,LOW
VEH_007,68b89b2d4f65cd554d7512ab,2025-11-09 15:00:00,ON,20.42,5975.95,26.79,40.7,41.7,208.0,-0.32,36,13.63,0.0,358.71,383429.02000000025,1.2300000000000004,20.420000000000073,16.601626016260216,0,0.0,13.63,0.32,0.36,0.33199999999999996,3600,0.0,18.15516,0,10,72000,26.79,0.00034166666666666677,0.00029246031746031734,91602.17096336503,1526.7028493894172,25.44504748982362,0,1.1578949870444708,0,16.601626016260216,0,0,0,0,0.003786111111111111,7075.862068965517,1.9655172413793103,0.060235063663075225,0.8282674772036475,0,MEDIUM,LOW
VEH_007,68b89b2d4f65cd554d7512ab,2025-11-09 16:00:00,ON,27.58,6003.54,25.14,40.7,44.9,209.0,0.45,38,15.78,0.0,360.36,383429.02000000025,1.6499999999999986,27.590000000000146,16.721212121212226,0,0.0,15.78,0.45,0.38,0.429,3600,0.0,22.54962,0,10,75600,25.14,0.00045833333333333295,0.00032817460317460307,76605.56227327693,1276.7593712212822,21.279322853688036,0,1.5644624237295301,0,16.721212121212226,0,0,0,0,0.004383333333333333,5735.361216730039,1.5931558935361219,0.05980427691192424,0.2613981762917933,0,MEDIUM,LOW
VEH_007,68b89b2d4f65cd554d7512ab,2025-11-09 17:00:00,ON,21.88,6025.41,23.82,40.7,46.1,210.0,-0.33,32,14.06,0.0,361.67,383429.02000000025,1.3200000000000003,21.86999999999989,16.56818181818173,0,0.0,14.06,0.33,0.32,0.32699999999999996,3600,0.0,18.65762,0,10,79200,23.82,0.0003666666666666667,0.0003488095238095238,68289.41979522184,1138.1569965870306,18.96928327645051,0,1.2401157378385093,0,16.56818181818173,0,0,0,0,0.0039055555555555558,6099.00426742532,1.694167852062589,0.06035665294924586,0.8829787234042553,0,HIGH,LOW
VEH_007,68b89b2d4f65cd554d7512ab,2025-11-09 18:00:00,ON,24.06,6049.47,22.38,41.1,42.7,211.0,-0.03,46,14.72,0.0,363.12,383429.02000000025,1.4400000000000013,24.0600000000004,16.708333333333595,0,0.0,14.72,0.03,0.46,0.159,3600,0.0,17.060480000000002,0,10,82800,22.38,0.00040000000000000034,0.00036507936507936505,61301.739130434784,1021.6956521739131,17.02826086956522,0,1.3642974235205843,0,16.708333333333595,0,0,0,0,0.004088888888888889,5473.36956521739,1.5203804347826084,0.05985037406483696,0.2933130699088146,0,HIGH,LOW
VEH_007,68b89b2d4f65cd554d7512ab,2025-11-09 19:00:00,ON,29.67,6079.14,20.6,41.2,47.0,212.0,-0.45,7,16.4,0.0,364.9,383429.02000000025,1.7799999999999976,29.670000000000073,16.66853932584276,0,0.0,16.4,0.45,0.07,0.336,3600,0.0,21.9104,0,10,86400,20.6,0.0004944444444444437,0.00038769841269841273,53134.08393039918,885.568065506653,14.759467758444217,0,1.6824066731444374,0,16.66853932584276,0,0,0,0,0.004555555555555555,4521.951219512196,1.25609756097561,0.05999325918436108,0.4908814589665654,0,HIGH,MEDIUM
VEH_007,68b89b2d4f65cd554d7512ab,2025-11-09 20:00:00,ON,29.58,6108.72,18.83,41.4,45.3,213.0,-0.27,11,16.37,0.0,366.67,383429.02000000025,1.7700000000000031,29.579999999999927,16.71186440677959,0,0.0,16.37,0.27,0.11,0.222,3600,0.0,20.00414,0,10,90000,18.83,0.0004916666666666675,0.0004142857142857143,45451.72413793103,757.5287356321838,12.625478927203064,0,1.6773033161985917,0,16.71186440677959,0,0,0,0,0.0045472222222222225,4140.989615149663,1.1502748930971287,0.05983772819472642,0.2826747720364742,0,HIGH,MEDIUM
VEH_007,68b89b2d4f65cd554d7512ab,2025-11-09 21:00:00,ON,22.55,6131.28,17.47,41.2,42.2,214.0,-0.09,15,14.27,0.0,368.03,383429.02000000025,1.3599999999999994,22.55999999999949,16.58823529411728,0,0.0,14.27,0.09,0.15,0.108,3600,0.0,15.811160000000001,0,10,93600,17.47,0.0003777777777777776,0.00041865079365079364,41729.28909952607,695.4881516587678,11.591469194312797,0,1.279241474423241,0,16.58823529411728,0,0,0,0,0.003963888888888889,4407.2880168185,1.2242466713384723,0.06028368794326375,0.8541033434650456,0,HIGH,MEDIUM
VEH_007,68b89b2d4f65cd554d7512ab,2025-11-09 22:00:00,ON,18.29,6149.57,16.37,41.9,38.2,215.0,-0.16,8,12.99,0.0,369.12,383429.02000000025,1.0999999999999979,18.289999999999964,16.627272727272725,0,0.0,12.99,0.16,0.08,0.13599999999999998,3600,0.0,14.756639999999999,0,10,97200,16.37,0.00030555555555555495,0.0004134920634920634,39589.63531669867,659.8272552783111,10.997120921305186,0,1.0371155393263103,0,16.627272727272725,0,0,0,0,0.003608333333333333,4536.720554272518,1.2602001539645882,0.060142154182613455,0.7522796352583586,0,HIGH,MEDIUM
VEH_007,68b89b2d4f65cd554d7512ab,2025-11-09 23:00:00,ON,12.28,6161.85,15.64,41.5,40.2,216.0,0.31,26,11.18,0.0,369.86,383429.02000000025,0.7300000000000004,12.280000000000655,16.821917808220064,0,0.0,11.18,0.31,0.26,0.295,3600,0.0,14.4781,0,10,100800,15.64,0.0002027777777777779,0.000376984126984127,41487.15789473684,691.4526315789474,11.52421052631579,0,0.6963247032765333,0,16.821917808220064,0,0,0,0,0.0031055555555555554,5036.13595706619,1.3989266547406083,0.0594462540716581,0.12613981762917933,0,HIGH,MEDIUM
VEH_007,68b89b2d4f65cd554d7512ab,2025-11-10 00:00:00,ON,4.58,6166.43,15.36,41.4,40.4,217.0,0.32,19,8.87,0.0,370.14,383429.02000000025,0.28000000000000114,4.579999999999927,16.35714285714253,0,0.0,8.87,0.32,0.19,0.28099999999999997,3600,0.0,11.362469999999998,0,10,104400,15.36,7.777777777777809e-05,0.0003357142857142857,45753.1914893617,762.5531914893617,12.709219858156027,0,0.2597041645770604,0,16.35714285714253,0,0,0,0,0.0024638888888888887,6234.047350620068,1.7316798196166856,0.06113537117904052,0.9620060790273556,0,HIGH,LOW
VEH_007,68b89b2d4f65cd554d7512ab,2025-11-10 01:00:00,ON,0.59,6167.02,15.33,41.5,34.7,218.0,-0.13,29,7.68,0.0,370.17,383429.02000000025,0.02999999999999936,0.5900000000001455,19.666666666671937,0,0.0,7.68,0.13,0.29,0.178,3600,0.0,9.047039999999999,0,10,108000,15.33,8.333333333333156e-06,0.0002797619047619047,54796.59574468086,913.276595744681,15.221276595744683,0,0.03345533997827639,0,19.666666666671937,0,0,0,0,0.0021333333333333334,7185.9375,1.99609375,0.05084745762710502,0.044072948328267476,0,HIGH,LOW
VEH_007,68b89b2d4f65cd554d7512ab,2025-11-10 02:00:00,ON,6.88,6173.9,14.92,41.6,33.6,219.0,-0.01,31,9.56,0.0,370.58,383429.02000000025,0.41000000000000014,6.8799999999992,16.780487804876092,0,0.0,9.56,0.01,0.31,0.1,3600,0.0,10.516000000000002,0,10,111600,14.92,0.00011388888888888893,0.00022539682539682545,66194.36619718309,1103.2394366197182,18.38732394366197,0,0.39012328652620004,0,16.780487804876092,0,0,0,0,0.0026555555555555555,5618.410041841004,1.5606694560669456,0.05959302325582091,0.1519756838905775,0,HIGH,LOW
VEH_007,68b89b2d4f65cd554d7512ab,2025-11-10 03:00:00,ON,7.06,6180.96,14.49,42.1,44.2,220.0,-0.29,36,9.62,0.0,371.01,383429.02000000025,0.4299999999999997,7.0600000000004,16.418604651163733,0,0.0,9.62,0.29,0.36,0.311,3600,0.0,12.611819999999998,0,10,115200,14.49,0.00011944444444444437,0.00017222222222222213,84135.48387096779,1402.2580645161297,23.370967741935495,0,0.4003300004179431,0,16.418604651163733,0,0,0,0,0.002672222222222222,5422.453222453223,1.5062370062370065,0.06090651558073305,0.9483282674772037,0,HIGH,LOW
VEH_007,68b89b2d4f65cd554d7512ab,2025-11-10 04:00:00,ON,0.0,6180.96,14.46,42.7,23.9,221.0,0.25,35,0.0,0.03,371.04,383429.02000000025,0.02999999999999936,0.0,0.0,1,0.03,0.0,0.25,0.35,0.27999999999999997,3600,0.0,0.0,0,10,118800,14.46,8.333333333333156e-06,0.00011944444444444437,121060.46511627916,2017.6744186046526,33.62790697674421,0,0.0,0,0.0,1,1,0,0,8.333333333333334e-06,1735200.0,482.0,0.0,0.0,0,HIGH,LOW
VEH_007,68b89b2d4f65cd554d7512ab,2025-11-10 05:00:00,ON,5.83,6186.78,14.11,42.4,36.9,222.0,0.41,47,9.25,0.0,371.39,383429.02000000025,0.3500000000000014,5.819999999999709,16.62857142857053,0,0.0,9.25,0.41,0.47,0.42799999999999994,3600,0.0,13.209,0,10,122400,14.11,9.722222222222262e-05,8.968253968253975e-05,157332.74336283174,2622.2123893805287,43.70353982300882,0,0.33001708249747597,0,16.62857142857053,0,0,0,0,0.0025694444444444445,5491.459459459459,1.5254054054054054,0.06013745704467679,0.7462006079027356,0,HIGH,LOW
VEH_007,68b89b2d4f65cd554d7512ab,2025-11-10 06:00:00,ON,0.64,6187.43,14.07,42.3,33.8,223.0,-0.2,24,7.69,0.0,371.43,383429.02000000025,0.03999999999999915,0.6500000000005457,16.25000000001399,0,0.0,7.69,0.2,0.24,0.21199999999999997,3600,0.0,9.32028,0,10,126000,14.07,1.1111111111110874e-05,6.230158730158733e-05,225836.94267515917,3763.949044585986,62.7324840764331,0,0.03685757794219076,0,16.25000000001399,0,0,0,0,0.002136111111111111,6586.736020806242,1.8296488946684004,0.06153846153840856,0.9726443768996961,0,HIGH,LOW
VEH_007,68b89b2d4f65cd554d7512ab,2025-11-10 07:00:00,ON,3.34,6190.77,13.87,42.1,36.1,224.0,0.23,13,8.5,0.0,371.63,383429.02000000025,0.20000000000000107,3.3400000000001455,16.70000000000064,0,0.0,8.5,0.23,0.13,0.2,3600,0.0,10.2,0,10,129600,13.87,5.555555555555585e-05,5.912698412698413e-05,234579.86577181204,3909.664429530201,65.16107382550334,0,0.18939124665664483,0,16.70000000000064,0,0,0,0,0.002361111111111111,5874.35294117647,1.6317647058823528,0.059880239520955794,0.3282674772036474,0,HIGH,LOW
VEH_007,68b89b2d4f65cd554d7512ab,2025-11-10 08:00:00,ON,0.0,6190.77,13.84,42.2,24.2,225.0,0.44,21,0.0,0.03,371.66,383429.02000000025,0.02999999999999936,0.0,0.0,1,0.03,0.0,0.44,0.21,0.371,3600,0.0,0.0,0,10,133200,13.84,8.333333333333156e-06,5.912698412698414e-05,234072.48322147646,3901.2080536912745,65.0201342281879,0,0.0,0,0.0,1,1,0,0,8.333333333333334e-06,1660800.0,461.3333333333333,0.0,0.0,0,HIGH,LOW
VEH_007,68b89b2d4f65cd554d7512ab,2025-11-10 09:00:00,ON,0.0,6190.77,55.02,42.4,27.3,226.0,-0.01,40,0.0,0.03,371.69,383429.02000000025,0.0,0.0,0.0,1,0.03,0.0,0.01,0.4,0.127,3600,0.0,0.0,1,11,0,55.02,0.0,4.285714285714286e-05,1283800.0,21396.666666666668,356.6111111111111,0,0.0,0,0.0,0,0,0,0,8.333333333333334e-06,6602400.0,1834.0,0.0,0.0,0,LOW,LOW
VEH_007,68b89b2d4f65cd554d7512ab,2025-11-10 10:00:00,ON,0.0,6190.77,54.99,42.3,27.6,227.0,-0.16,37,0.0,0.03,371.72,383429.02000000025,0.030000000000001137,0.0,0.0,1,0.03,0.0,0.16,0.37,0.22299999999999998,3600,0.0,0.0,0,11,3600,54.99,8.333333333333649e-06,2.698412698412704e-05,2037864.7058823486,33964.41176470581,566.0735294117635,0,0.0,0,0.0,1,1,0,0,8.333333333333334e-06,6598800.0,1833.0,0.0,0.0,0,LOW,LOW
VEH_007,68b89b2d4f65cd554d7512ab,2025-11-10 11:00:00,ON,7.34,6198.1,54.55,42.0,34.6,228.0,0.5,31,9.7,0.0,372.16,383429.02000000025,0.44000000000000483,7.329999999999927,16.659090909090562,0,0.0,9.7,0.5,0.31,0.44299999999999995,3600,0.0,13.9971,0,11,7200,54.55,0.00012222222222222357,4.325396825396853e-05,1261155.963302744,21019.266055045733,350.3211009174289,0,0.41564007125542884,0,16.659090909090562,0,0,0,0,0.002694444444444444,20245.360824742267,5.623711340206185,0.06002728512960562,0.5683890577507599,0,LOW,LOW
VEH_007,68b89b2d4f65cd554d7512ab,2025-11-10 12:00:00,ON,3.04,6201.14,54.37,42.0,34.6,229.0,-0.13,18,8.41,0.0,372.34,383429.02000000025,0.17999999999999972,3.0399999999999636,16.888888888888715,0,0.0,8.41,0.13,0.18,0.145,3600,0.0,9.62945,0,11,10800,54.37,4.999999999999992e-05,3.650793650793672e-05,1489265.2173912956,24821.086956521594,413.68478260869324,0,0.17238005683717614,0,16.888888888888715,0,0,0,0,0.0023361111111111113,23273.72175980975,6.464922711058263,0.05921052631579009,0.09574468085106383,0,LOW,LOW
VEH_007,68b89b2d4f65cd554d7512ab,2025-11-10 13:00:00,ON,2.4,6203.55,54.23,41.9,36.0,230.0,0.48,21,8.22,0.0,372.48,383429.02000000025,0.14000000000000057,2.4099999999998545,17.214285714284603,0,0.0,8.22,0.48,0.21,0.39899999999999997,3600,0.0,11.499780000000001,0,11,14400,54.23,3.8888888888889047e-05,4.0476190476190745e-05,1339799.999999991,22329.999999999847,372.1666666666641,0,0.13665655821630737,0,17.214285714284603,0,0,0,0,0.0022833333333333334,23750.36496350365,6.597323600973236,0.058091286307057684,0.05623100303951368,0,LOW,LOW
VEH_007,68b89b2d4f65cd554d7512ab,2025-11-10 14:00:00,ON,0.0,6203.55,54.2,42.3,29.1,231.0,0.12,36,0.0,0.03,372.51,383429.02000000025,0.02999999999999403,0.0,0.0,1,0.03,0.0,0.12,0.36,0.192,3600,0.0,0.0,0,11,18000,54.2,8.333333333331675e-06,3.3730158730158714e-05,1606870.588235295,26781.17647058825,446.35294117647084,0,0.0,0,0.0,1,1,0,0,8.333333333333334e-06,6504000.0,1806.6666666666667,0.0,0.0,0,LOW,LOW
VEH_007,68b89b2d4f65cd554d7512ab,2025-11-10 15:00:00,ON,3.78,6207.32,53.97,42.1,38.4,232.0,0.39,31,8.63,0.0,372.74,383429.02000000025,0.23000000000000398,3.769999999999527,16.39130434782375,0,0.0,8.63,0.39,0.31,0.366,3600,0.0,11.788580000000001,0,11,21600,53.97,6.388888888888999e-05,4.1666666666666835e-05,1295279.9999999946,21587.99999999991,359.79999999999853,0,0.2137739520645001,0,16.39130434782375,0,0,0,0,0.0023972222222222225,22513.5573580533,6.253765932792583,0.06100795755969041,0.9559270516717325,0,LOW,LOW
VEH_007,68b89b2d4f65cd554d7512ab,2025-11-10 16:00:00,ON,7.55,6214.88,53.52,42.2,34.0,233.0,-0.11,48,9.77,0.0,373.19,383429.02000000025,0.44999999999999574,7.5600000000004,16.80000000000105,0,0.0,9.77,0.11,0.48,0.22099999999999997,3600,0.0,11.929170000000001,0,11,25200,53.52,0.0001249999999999988,5.952380952380952e-05,899136.0000000001,14985.600000000002,249.76000000000002,0,0.4286819834503737,0,16.80000000000105,0,0,0,0,0.002713888888888889,19720.777891504607,5.4779938587512795,0.05952380952380581,0.135258358662614,0,LOW,LOW
VEH_007,68b89b2d4f65cd554d7512ab,2025-11-10 17:00:00,ON,5.72,6220.6,53.17,41.5,37.2,234.0,-0.24,9,9.22,0.0,373.54,383429.02000000025,0.3500000000000014,5.720000000000255,16.342857142857802,0,0.0,9.22,0.24,0.09,0.19499999999999998,3600,0.0,11.017900000000001,0,11,28800,53.17,9.722222222222262e-05,7.222222222222223e-05,736199.9999999999,12269.999999999998,204.49999999999997,0,0.3243466858910208,0,16.342857142857802,0,0,0,0,0.0025611111111111112,20760.52060737527,5.766811279826464,0.061188811188808714,0.9650455927051672,0,LOW,LOW
VEH_007,68b89b2d4f65cd554d7512ab,2025-11-10 18:00:00,ON,6.06,6226.66,52.81,41.2,35.6,235.0,0.29,48,9.32,0.0,373.9,383429.02000000025,0.35999999999999943,6.059999999999491,16.833333333331947,0,0.0,9.32,0.29,0.48,0.347,3600,0.0,12.55404,0,11,32400,52.81,9.999999999999984e-05,6.904761904761885e-05,764834.482758623,12747.241379310382,212.45402298850638,0,0.3436260343530303,0,16.833333333331947,0,0,0,0,0.002588888888888889,20398.712446351932,5.666309012875537,0.0594059405940643,0.12158054711246201,0,LOW,LOW
VEH_007,68b89b2d4f65cd554d7512ab,2025-11-10 19:00:00,ON,1.94,6228.6,52.69,42.1,31.8,236.0,0.2,7,8.08,0.0,374.02,383429.02000000025,0.12000000000000455,1.9400000000005093,16.1666666666703,0,0.0,8.08,0.2,0.07,0.16099999999999998,3600,0.0,9.380880000000001,0,11,36000,52.69,3.3333333333334595e-05,6.666666666666666e-05,790350.0000000001,13172.500000000002,219.54166666666669,0,0.1100056941658597,0,16.1666666666703,0,0,0,0,0.0022444444444444443,23475.742574257427,6.521039603960396,0.06185567010307889,0.9802431610942249,0,LOW,LOW
VEH_007,68b89b2d4f65cd554d7512ab,2025-11-10 20:00:00,ON,8.79,6237.38,52.17,42.5,34.1,237.0,0.35,38,10.14,0.0,374.54,383429.02000000025,0.519999999999996,8.779999999999745,16.884615384615024,0,0.0,10.14,0.35,0.38,0.359,3600,0.0,13.78026,0,11,39600,52.17,0.00014444444444444333,8.174603174603156e-05,638196.1165048559,10636.601941747598,177.27669902912663,0,0.49786082204946736,0,16.884615384615024,0,0,0,0,0.002816666666666667,18521.893491124258,5.1449704142011825,0.05922551252847507,0.0972644376899696,0,LOW,LOW
VEH_007,68b89b2d4f65cd554d7512ab,2025-11-10 21:00:00,ON,14.93,6252.31,51.27,43.3,38.9,238.0,0.3,22,11.98,0.0,375.44,383429.02000000025,0.8999999999999986,14.930000000000291,16.588888888889237,0,0.0,11.98,0.3,0.22,0.276,3600,0.0,15.286480000000001,0,11,43200,51.27,0.0002499999999999996,0.00011626984126984126,440956.99658703076,7349.283276450513,122.48805460750854,0,0.846590213348395,0,16.588888888889237,0,0,0,0,0.003327777777777778,15406.677796327212,4.279632721202003,0.060281312793032886,0.851063829787234,0,LOW,LOW
VEH_007,68b89b2d4f65cd554d7512ab,2025-11-10 22:00:00,ON,18.5,6270.81,50.16,43.0,41.3,239.0,-0.08,5,13.05,0.0,376.55,383429.02000000025,1.1100000000000065,18.5,16.66666666666657,0,0.0,13.05,0.08,0.05,0.071,3600,0.0,13.97655,0,11,46800,50.16,0.00030833333333333515,0.00015119047619047626,331766.92913385807,5529.448818897635,92.15748031496058,0,1.0490233721999331,0,16.66666666666657,0,0,0,0,0.003625,13837.241379310342,3.8436781609195396,0.06000000000000035,0.5106382978723404,0,LOW,LOW
VEH_007,68b89b2d4f65cd554d7512ab,2025-11-10 23:00:00,ON,21.65,6292.46,48.86,43.2,42.5,240.0,-0.13,25,14.0,0.0,377.85,383429.02000000025,1.2999999999999972,21.649999999999636,16.65384615384591,0,0.0,14.0,0.13,0.25,0.16599999999999998,3600,0.0,16.323999999999998,0,11,50400,48.86,0.00036111111111111034,0.00018492063492063507,264221.4592274676,4403.69098712446,73.39484978540767,0,1.2276408653042254,0,16.65384615384591,0,0,0,0,0.0038888888888888888,12564.0,3.49,0.0600461893764443,0.6048632218844985,0,LOW,LOW
VEH_007,68b89b2d4f65cd554d7512ab,2025-11-11 00:00:00,ON,28.88,6321.34,47.13,42.9,43.8,241.0,-0.34,33,16.16,0.0,379.58,383429.02000000025,1.7299999999999969,28.88000000000011,16.693641618497203,0,0.0,16.16,0.34,0.33,0.33699999999999997,3600,0.0,21.60592,0,11,54000,47.13,0.0004805555555555547,0.00023968253968253966,196635.09933774837,3277.2516556291393,54.62086092715232,0,1.637610539953199,0,16.693641618497203,0,0,0,0,0.004488888888888889,10499.257425742575,2.916460396039604,0.059903047091412406,0.3586626139817629,0,LOW,LOW
VEH_007,68b89b2d4f65cd554d7512ab,2025-11-11 01:00:00,ON,28.11,6349.45,45.44,43.0,42.2,242.0,-0.35,21,15.93,0.0,381.27,383429.02000000025,1.6900000000000048,28.109999999999673,16.633136094674313,0,0.0,15.93,0.35,0.21,0.30799999999999994,3600,0.0,20.836439999999996,0,11,57600,45.44,0.0004694444444444458,0.0002924603174603176,155371.50610583439,2589.5251017639066,43.15875169606511,0,1.5939484860832311,0,16.633136094674313,0,0,0,0,0.004425,10268.926553672316,2.85247959824231,0.06012095339736836,0.7325227963525835,0,LOW,LOW
VEH_007,68b89b2d4f65cd554d7512ab,2025-11-11 02:00:00,ON,33.13,6382.58,43.46,42.7,42.6,243.0,-0.49,5,17.44,0.0,383.25,383429.02000000025,1.9799999999999969,33.13000000000011,16.732323232323314,0,0.0,17.44,0.49,0.05,0.358,3600,1.0,23.683520000000005,0,11,61200,43.46,0.0005499999999999992,0.0003662698412698412,118655.68797399786,1977.594799566631,32.95991332611052,0,1.8786023957288593,0,16.732323232323314,0,0,0,0,0.004844444444444445,8971.100917431193,2.49197247706422,0.05976456383942017,0.22492401215805471,0,MEDIUM,LOW
VEH_007,68b89b2d4f65cd554d7512ab,2025-11-11 03:00:00,ON,34.91,6417.48,41.36,42.6,45.8,244.0,0.5,12,17.97,0.0,385.35,383429.02000000025,2.1000000000000014,34.899999999999636,16.619047619047436,0,0.0,17.97,0.5,0.12,0.38599999999999995,3600,1.0,24.906419999999997,0,11,64800,41.36,0.0005833333333333337,0.00042896825396825404,96417.39130434781,1606.9565217391303,26.78260869565217,0,1.978968415663637,0,16.619047619047436,0,0,0,0,0.004991666666666666,8285.809682804676,2.301613800779077,0.06017191977077431,0.7864741641337386,0,MEDIUM,LOW
VEH_007,68b89b2d4f65cd554d7512ab,2025-11-11 04:00:00,ON,42.44,6459.93,38.81,42.5,47.4,245.0,0.38,13,20.23,0.0,387.9,383429.02000000025,2.549999999999997,42.45000000000073,16.647058823529715,0,0.0,20.23,0.38,0.13,0.30499999999999994,3600,1.0,26.40015,0,11,68400,38.81,0.0007083333333333325,0.0004944444444444445,78492.13483146067,1308.202247191011,21.803370786516854,0,2.4070833594534013,0,16.647058823529715,0,0,0,0,0.005619444444444444,6906.376668314385,1.9184379634206625,0.06007067137809077,0.6580547112462006,0,MEDIUM,LOW
VEH_007,68b89b2d4f65cd554d7512ab,2025-11-11 05:00:00,ON,36.47,6496.39,36.63,42.0,48.7,246.0,0.12,44,18.44,0.0,390.08,383429.02000000025,2.1799999999999997,36.460000000000036,16.724770642201854,0,0.0,18.44,0.12,0.44,0.216,3600,1.0,22.42304,0,11,72000,36.63,0.0006055555555555555,0.0005369047619047617,68224.39024390247,1137.0731707317077,18.95121951219513,0,2.067426602724843,0,16.724770642201854,0,0,0,0,0.0051222222222222225,7151.19305856833,1.9864425162689807,0.05979155238617657,0.24468085106382978,0,MEDIUM,LOW
VEH_007,68b89b2d4f65cd554d7512ab,2025-11-11 06:00:00,ON,39.48,6535.87,34.26,41.6,45.0,247.0,0.03,1,19.34,0.0,392.45,383429.02000000025,2.3700000000000045,39.47999999999956,16.65822784810105,0,0.0,19.34,0.03,0.01,0.023999999999999997,3600,1.0,19.80416,0,11,75600,34.26,0.0006583333333333346,0.0005793650793650795,59133.69863013697,985.5616438356161,16.42602739726027,0,2.2386725802406975,0,16.65822784810105,0,0,0,0,0.005372222222222222,6377.249224405377,1.7714581178903825,0.060030395136778894,0.5729483282674772,0,MEDIUM,LOW
VEH_007,68b89b2d4f65cd554d7512ab,2025-11-11 07:00:00,ON,35.99,6571.86,32.1,40.9,49.9,248.0,-0.28,44,18.3,0.0,394.61,383429.02000000025,2.1599999999999966,35.98999999999978,16.662037037036963,0,0.0,18.3,0.28,0.44,0.328,3600,1.0,24.302400000000002,0,11,79200,32.1,0.0005999999999999991,0.0005964285714285714,53820.35928143713,897.0059880239521,14.950099800399203,0,2.040775738674344,0,16.662037037036963,0,0,0,0,0.005083333333333334,6314.754098360655,1.7540983606557374,0.06001667129758293,0.541033434650456,0,MEDIUM,LOW
VEH_007,68b89b2d4f65cd554d7512ab,2025-11-11 08:00:00,ON,28.51,6600.37,65.31,40.8,43.3,249.0,0.36,46,16.05,0.0,396.32,383429.02000000025,0.0,28.51000000000022,0.0,0,0.0,16.05,0.36,0.46,0.39,3600,0.0,22.309500000000003,1,12,0,65.31,0.0,0.0005293650793650792,123374.21289355325,2056.236881559221,34.27061469265368,0,1.6166300725092067,0,0.0,0,0,0,0,0.004458333333333333,14648.971962616823,4.069158878504673,0.0,0.020516717325227963,0,LOW,LOW
VEH_007,68b89b2d4f65cd554d7512ab,2025-11-11 09:00:00,ON,25.69,6626.05,63.77,41.0,46.7,250.0,0.4,12,15.21,0.0,397.86,383429.02000000025,1.5399999999999991,25.68000000000029,16.675324675324873,0,0.0,15.21,0.4,0.12,0.31599999999999995,3600,0.0,20.01636,0,12,3600,63.77,0.0004277777777777775,0.0005119047619047618,124573.95348837212,2076.2325581395353,34.603875968992256,0,1.4561578485456534,0,16.675324675324873,0,0,0,0,0.0042250000000000005,15093.491124260354,4.192636423405654,0.05996884735202421,0.4452887537993921,0,LOW,LOW
VEH_007,68b89b2d4f65cd554d7512ab,2025-11-11 10:00:00,ON,22.73,6648.78,62.4,41.1,40.7,251.0,-0.09,37,14.32,0.0,399.23,383429.02000000025,1.3700000000000045,22.729999999999563,16.591240875912035,0,0.0,14.32,0.09,0.37,0.174,3600,0.0,16.81168,0,12,7200,62.4,0.00038055555555555683,0.000482936507936508,129209.53163516843,2153.4921939194737,35.891536565324564,0,1.2888811486542715,0,16.591240875912035,0,0,0,0,0.003977777777777778,15687.150837988826,4.35754189944134,0.060272767267929205,0.8434650455927052,0,LOW,LOW
VEH_007,68b89b2d4f65cd554d7512ab,2025-11-11 11:00:00,ON,18.71,6667.49,61.28,41.6,35.2,252.0,-0.25,37,13.11,0.0,400.35,383429.02000000025,1.1199999999999974,18.710000000000036,16.705357142857213,0,0.0,13.11,0.25,0.37,0.286,3600,0.0,16.85946,0,12,10800,61.28,0.0003111111111111104,0.0004261904761904763,143785.47486033518,2396.4245810055863,39.94040968342644,0,1.060931205073556,0,16.705357142857213,0,0,0,0,0.0036416666666666663,16827.45995423341,4.674294431731503,0.05986103687867425,0.30243161094224924,0,LOW,LOW
VEH_007,68b89b2d4f65cd554d7512ab,2025-11-11 12:00:00,ON,25.63,6693.12,59.74,41.9,41.8,253.0,-0.07,46,15.19,0.0,401.89,383429.02000000025,1.5399999999999991,25.63000000000011,16.642857142857224,0,0.0,15.19,0.07,0.46,0.187,3600,0.0,18.03053,0,12,14400,59.74,0.0004277777777777775,0.00040079365079365083,149054.25742574257,2484.237623762376,41.4039603960396,0,1.4533226502424,0,16.642857142857224,0,0,0,0,0.004219444444444444,14158.262014483214,3.9328505595786707,0.06008583690987095,0.6793313069908815,0,LOW,LOW
VEH_007,68b89b2d4f65cd554d7512ab,2025-11-11 13:00:00,ON,22.9,6716.02,58.37,42.5,42.2,254.0,-0.3,45,14.37,0.0,403.26,383429.02000000025,1.3700000000000045,22.900000000000546,16.71532846715363,0,0.0,14.37,0.3,0.45,0.345,3600,0.0,19.32765,0,12,18000,58.37,0.00038055555555555683,0.00036111111111111115,161639.99999999997,2693.9999999999995,44.89999999999999,0,1.2985208228853535,0,16.71532846715363,0,0,0,0,0.003991666666666667,14622.964509394571,4.061934585942937,0.0598253275109158,0.2735562310030395,0,LOW,LOW
VEH_007,68b89b2d4f65cd554d7512ab,2025-11-11 14:00:00,ON,21.46,6737.48,57.08,42.2,43.0,255.0,0.16,0,13.94,0.0,404.55,383429.02000000025,1.2899999999999991,21.459999999999127,16.635658914728015,0,0.0,13.94,0.16,0.0,0.11199999999999999,3600,0.0,15.501280000000001,0,12,21600,57.08,0.0003583333333333331,0.0003265873015873017,174777.1567436208,2912.9526123936803,48.549210206561334,0,1.216867111751873,0,16.635658914728015,0,0,0,0,0.003872222222222222,14740.889526542323,4.094691535150646,0.060111835973907346,0.7203647416413373,0,LOW,LOW
VEH_007,68b89b2d4f65cd554d7512ab,2025-11-11 15:00:00,ON,21.47,6758.95,55.79,42.0,45.7,256.0,-0.18,8,13.94,0.0,405.84,383429.02000000025,1.2899999999999991,21.470000000000255,16.643410852713387,0,0.0,13.94,0.18,0.08,0.15,3600,0.0,16.031,0,12,25200,55.79,0.0003583333333333331,0.00037777777777777793,147679.41176470582,2461.3235294117635,41.02205882352939,0,1.2174341514125855,0,16.643410852713387,0,0,0,0,0.003872222222222222,14407.747489239599,4.002152080344333,0.06008383791336674,0.6747720364741642,0,LOW,LOW
VEH_007,68b89b2d4f65cd554d7512ab,2025-11-11 16:00:00,ON,18.66,6777.62,71.29,42.2,40.9,257.0,0.48,11,13.1,0.0,406.96,383429.02000000025,0.0,18.670000000000073,0.0,0,0.0,13.1,0.48,0.11,0.369,3600,0.0,17.933899999999998,1,13,0,71.29,0.0,0.00031666666666666686,225126.31578947356,3752.1052631578928,62.53508771929821,0,1.0586630464309637,0,0.0,0,0,0,0,0.003638888888888889,19591.14503816794,5.4419847328244275,0.0,0.020516717325227963,0,LOW,LOW
VEH_007,68b89b2d4f65cd554d7512ab,2025-11-11 17:00:00,ON,15.85,6793.47,70.34,42.3,36.7,258.0,-0.38,34,12.26,0.0,407.91,383429.02000000025,0.9500000000000028,15.850000000000364,16.68421052631612,0,0.0,12.26,0.38,0.34,0.368,3600,0.0,16.77168,0,13,3600,70.34,0.0002638888888888897,0.0003000000000000001,234466.66666666663,3907.777777777777,65.12962962962962,0,0.8987578621280714,0,16.68421052631612,0,0,0,0,0.0034055555555555553,20654.486133768354,5.737357259380098,0.05993690851734896,0.39969604863221886,0,LOW,LOW
VEH_007,68b89b2d4f65cd554d7512ab,2025-11-11 18:00:00,ON,16.81,6810.28,69.33,42.1,37.3,259.0,0.01,44,12.54,0.0,408.92,383429.02000000025,1.0100000000000051,16.80999999999949,16.643564356435053,0,0.0,12.54,0.01,0.44,0.139,3600,0.0,14.283059999999999,0,13,7200,69.33,0.000280555555555557,0.000295634920634921,234512.21476510036,3908.536912751673,65.14228187919454,0,0.9531936695502887,0,16.643564356435053,0,0,0,0,0.003483333333333333,19903.34928229665,5.528708133971292,0.06008328375966899,0.6732522796352584,0,LOW,LOW
VEH_007,68b89b2d4f65cd554d7512ab,2025-11-11 19:00:00,ON,22.02,6832.3,68.01,41.9,45.5,260.0,-0.41,14,14.11,0.0,410.24,383429.02000000025,1.3199999999999932,22.020000000000437,16.6818181818186,0,0.0,14.11,0.41,0.14,0.32899999999999996,3600,0.0,18.75219,0,13,10800,68.01,0.0003666666666666648,0.0002869047619047621,237047.3029045642,3950.7883817427364,65.84647302904561,0,1.2486213327482696,0,16.6818181818186,0,0,0,0,0.003919444444444444,17351.94897236003,4.819985825655564,0.059945504087191966,0.41641337386018235,0,LOW,LOW
VEH_007,68b89b2d4f65cd554d7512ab,2025-11-11 20:00:00,ON,21.92,6854.23,66.69,41.3,44.3,261.0,-0.04,12,14.08,0.0,411.55,383429.02000000025,1.3200000000000074,21.92999999999938,16.613636363635802,0,0.0,14.08,0.04,0.12,0.064,3600,0.0,14.98112,0,13,14400,66.69,0.00036666666666666873,0.0002849206349206352,234065.1810584956,3901.0863509749265,65.01810584958211,0,1.2435179758023722,0,16.613636363635802,0,0,0,0,0.003911111111111111,17051.420454545456,4.7365056818181825,0.06019151846785429,0.7948328267477204,0,LOW,LOW
VEH_007,68b89b2d4f65cd554d7512ab,2025-11-11 21:00:00,ON,16.24,6870.47,65.72,41.4,39.5,262.0,-0.31,40,12.37,0.0,412.53,383429.02000000025,0.9699999999999989,16.24000000000069,16.742268041237846,0,0.0,12.37,0.31,0.4,0.33699999999999997,3600,0.0,16.53869,0,13,18000,65.72,0.0002694444444444441,0.00027222222222222247,241420.4081632651,4023.6734693877515,67.06122448979586,0,0.9208724088933858,0,16.742268041237846,0,0,0,0,0.0034361111111111107,19126.273241713825,5.31285367825384,0.059729064039406254,0.20972644376899696,0,LOW,LOW
VEH_007,68b89b2d4f65cd554d7512ab,2025-11-11 22:00:00,ON,14.84,6885.31,64.83,41.4,39.1,263.0,-0.37,39,11.95,0.0,413.42,383429.02000000025,0.8900000000000006,14.840000000000146,16.67415730337094,0,0.0,11.95,0.37,0.39,0.376,3600,0.0,16.443199999999997,0,13,21600,64.83,0.0002472222222222224,0.00025634920634920666,252897.2136222907,4214.953560371511,70.24922600619186,0,0.8414868564025492,0,16.67415730337094,0,0,0,0,0.0033194444444444443,19530.376569037657,5.42510460251046,0.059973045822101875,0.45288753799392095,0,LOW,LOW
VEH_007,68b89b2d4f65cd554d7512ab,2025-11-11 23:00:00,ON,13.64,6898.95,64.01,40.9,39.5,264.0,-0.33,3,11.59,0.0,414.24,383429.02000000025,0.8199999999999932,13.639999999999418,16.63414634146284,0,0.0,11.59,0.33,0.03,0.24,3600,0.0,14.371599999999999,0,13,25200,64.01,0.00022777777777777588,0.00028888888888888893,221573.0769230769,3692.8846153846152,61.54807692307692,0,0.7734420971246745,0,16.63414634146284,0,0,0,0,0.0032194444444444445,19882.312338222608,5.522864538395169,0.06011730205278799,0.729483282674772,0,LOW,LOW
VEH_007,68b89b2d4f65cd554d7512ab,2025-11-12 00:00:00,ON,14.0,6912.96,63.17,40.7,38.4,265.0,0.34,15,11.7,0.0,415.08,383429.02000000025,0.8400000000000034,14.010000000000218,16.678571428571622,0,0.0,11.7,0.34,0.15,0.283,3600,0.0,15.011099999999999,0,13,28800,63.17,0.00023333333333333428,0.0002845238095238096,222020.08368200832,3700.334728033472,61.672245467224535,0,0.7944225645687185,0,16.678571428571622,0,0,0,0,0.00325,19436.923076923078,5.3991452991452995,0.05995717344753678,0.43617021276595747,0,LOW,LOW
VEH_007,68b89b2d4f65cd554d7512ab,2025-11-12 01:00:00,ON,7.95,6920.9,62.69,41.1,34.7,266.0,0.07,28,9.88,0.0,415.55,383429.02000000025,0.480000000000004,7.9399999999996,16.541666666665694,0,0.0,9.88,0.07,0.28,0.133,3600,0.0,11.194040000000001,0,13,32400,62.69,0.00013333333333333445,0.00026349206349206354,237919.87951807224,3965.331325301204,66.08885542168673,0,0.45022949055497563,0,16.541666666665694,0,0,0,0,0.0027444444444444448,22842.510121457486,6.345141700404858,0.06045340050378189,0.9057750759878419,0,LOW,LOW
VEH_007,68b89b2d4f65cd554d7512ab,2025-11-12 02:00:00,ON,7.21,6928.12,62.26,41.0,40.6,267.0,0.41,28,9.66,0.0,415.99,383429.02000000025,0.4299999999999997,7.220000000000255,16.790697674419206,0,0.0,9.66,0.41,0.28,0.371,3600,0.0,13.24386,0,13,36000,62.26,0.00011944444444444437,0.00022817460317460346,272861.217391304,4547.686956521733,75.79478260869554,0,0.40940263498831264,0,16.790697674419206,0,0,0,0,0.0026833333333333336,23202.484472049688,6.445134575569358,0.05955678670359897,0.1413373860182371,0,LOW,LOW
VEH_007,68b89b2d4f65cd554d7512ab,2025-11-12 03:00:00,ON,12.12,6940.24,61.53,40.5,37.2,268.0,0.05,49,11.14,0.0,416.71,383429.02000000025,0.7299999999999969,12.11999999999989,16.60273972602732,0,0.0,11.14,0.05,0.49,0.182,3600,0.0,13.16748,0,13,39600,61.53,0.0002027777777777769,0.00020476190476190464,300495.3488372095,5008.255813953492,83.4709302325582,0,0.6872520687061121,0,16.60273972602732,0,0,0,0,0.003094444444444445,19884.021543985637,5.523339317773788,0.060231023102310516,0.8252279635258358,0,LOW,LOW
VEH_007,68b89b2d4f65cd554d7512ab,2025-11-12 04:00:00,ON,8.03,6948.27,61.05,40.8,37.4,269.0,0.01,44,9.91,0.0,417.2,383429.02000000025,0.480000000000004,8.030000000000655,16.729166666667894,0,0.0,9.91,0.01,0.44,0.139,3600,0.0,11.28749,0,13,43200,61.05,0.00013333333333333445,0.00018531746031746037,329434.68950749456,5490.578158458243,91.50963597430405,0,0.455332847500873,0,16.729166666667894,0,0,0,0,0.0027527777777777776,22177.598385469224,6.160443995963673,0.059775840597754024,0.23100303951367782,0,LOW,LOW
VEH_007,68b89b2d4f65cd554d7512ab,2025-11-12 05:00:00,ON,2.32,6950.59,60.91,40.2,34.4,270.0,-0.16,2,8.2,0.0,417.34,383429.02000000025,0.14000000000000057,2.319999999999709,16.571428571426424,0,0.0,8.2,0.16,0.02,0.118,3600,0.0,9.167599999999998,0,13,46800,60.91,3.8888888888889047e-05,0.00015555555555555562,391564.28571428556,6526.071428571426,108.7678571428571,0,0.1315532012704616,0,16.571428571426424,0,0,0,0,0.0022777777777777774,26740.9756097561,7.4280487804878055,0.06034482758621471,0.878419452887538,0,LOW,LOW
VEH_007,68b89b2d4f65cd554d7512ab,2025-11-12 06:00:00,ON,0.0,6950.59,60.88,40.2,21.6,271.0,-0.5,8,0.0,0.03,417.37,383429.02000000025,0.02999999999999403,0.0,0.0,1,0.03,0.0,0.5,0.08,0.374,3600,0.0,0.0,0,13,50400,60.88,8.333333333331675e-06,0.00012420634920634933,490152.07667731587,8169.201277955264,136.15335463258774,0,0.0,0,0.0,1,1,0,0,8.333333333333334e-06,7305600.0,2029.3333333333333,0.0,0.0,0,LOW,LOW
VEH_007,68b89b2d4f65cd554d7512ab,2025-11-12 07:00:00,ON,4.75,6955.34,60.6,40.6,38.4,272.0,0.22,16,8.92,0.0,417.65,383429.02000000025,0.28000000000000114,4.75,16.964285714285644,0,0.0,8.92,0.22,0.16,0.202,3600,0.0,10.72184,0,13,54000,60.6,7.777777777777809e-05,0.00010198412698412701,594210.1167315174,9903.50194552529,165.05836575875483,0,0.26934383880809093,0,16.964285714285644,0,0,0,0,0.002477777777777778,24457.39910313901,6.793721973094169,0.05894736842105287,0.08054711246200608,0,LOW,LOW
VEH_007,68b89b2d4f65cd554d7512ab,2025-11-12 08:00:00,ON,10.71,6966.05,59.95,40.4,38.4,273.0,-0.11,47,10.71,0.0,418.29,383429.02000000025,0.6499999999999986,10.710000000000036,16.476923076923168,0,0.0,10.71,0.11,0.47,0.21799999999999997,3600,0.0,13.044780000000001,0,13,57600,59.95,0.00018055555555555517,0.00010873015873015852,551364.9635036507,9189.41605839418,153.15693430656964,0,0.6072994765546661,0,16.476923076923168,0,0,0,0,0.002975,20151.26050420168,5.597572362278244,0.06069094304388388,0.9346504559270516,0,LOW,LOW
VEH_007,68b89b2d4f65cd554d7512ab,2025-11-12 09:00:00,ON,10.12,6976.17,59.35,40.9,39.5,274.0,0.18,15,10.54,0.0,418.9,383429.02000000025,0.6000000000000014,10.11999999999989,16.866666666666443,0,0.0,10.54,0.18,0.15,0.17099999999999999,3600,0.0,12.34234,0,13,61200,59.35,0.00016666666666666707,0.00011547619047619034,513958.7628865986,8565.97938144331,142.76632302405517,0,0.5738441365763897,0,16.866666666666443,0,0,0,0,0.0029277777777777774,20271.347248576854,5.630929791271348,0.059288537549407896,0.1033434650455927,0,LOW,LOW
VEH_007,68b89b2d4f65cd554d7512ab,2025-11-12 10:00:00,ON,13.04,6989.21,58.56,40.2,36.6,275.0,0.35,24,11.41,0.0,419.68,383429.02000000025,0.7899999999999991,13.039999999999964,16.50632911392402,0,0.0,11.41,0.35,0.24,0.31699999999999995,3600,0.0,15.02697,0,13,64800,58.56,0.0002194444444444442,0.00011785714285714282,496872.72727272747,8281.212121212124,138.02020202020208,0,0.7394197174857886,0,16.50632911392402,0,0,0,0,0.0031694444444444443,18476.424189307625,5.132340052585452,0.06058282208588967,0.9224924012158054,0,LOW,LOW
VEH_007,68b89b2d4f65cd554d7512ab,2025-11-12 11:00:00,ON,9.2,6998.41,58.01,40.2,40.0,276.0,-0.14,6,10.26,0.0,420.23,383429.02000000025,0.5500000000000043,9.199999999999818,16.72727272727227,0,0.0,10.26,0.14,0.06,0.116,3600,0.0,11.45016,0,13,68400,58.01,0.00015277777777777897,0.0001206349206349206,480872.36842105276,8014.539473684213,133.57565789473688,0,0.5216764877967132,0,16.72727272727227,0,0,0,0,0.00285,20354.38596491228,5.6539961013645215,0.05978260869565382,0.23556231003039513,0,LOW,LOW
VEH_007,68b89b2d4f65cd554d7512ab,2025-11-12 12:00:00,ON,13.8,7012.21,57.18,40.0,40.2,277.0,0.21,35,11.64,0.0,421.06,383429.02000000025,0.8299999999999983,13.800000000000182,16.62650602409664,0,0.0,11.64,0.21,0.35,0.252,3600,0.0,14.57328,0,13,72000,57.18,0.00023055555555555508,0.0001480158730158729,386309.91957104584,6438.4986595174305,107.30831099195719,0,0.7825147316950956,0,16.62650602409664,0,0,0,0,0.0032333333333333333,17684.536082474227,4.912371134020619,0.06014492753623097,0.7598784194528876,0,LOW,LOW
VEH_007,68b89b2d4f65cd554d7512ab,2025-11-12 13:00:00,ON,6.17,7018.38,56.81,40.5,35.6,278.0,0.37,7,9.35,0.0,421.43,383429.02000000025,0.36999999999999744,6.170000000000073,16.675675675675986,0,0.0,9.35,0.37,0.07,0.28,3600,0.0,11.968,0,13,75600,56.81,0.00010277777777777706,0.00016150793650793652,351747.42014742014,5862.457002457002,97.70761670761671,0,0.349863470620198,0,16.675675675675986,0,0,0,0,0.002597222222222222,21873.36898395722,6.0759358288770065,0.05996758508913988,0.44376899696048633,0,LOW,LOW
VEH_007,68b89b2d4f65cd554d7512ab,2025-11-12 14:00:00,ON,12.2,7030.58,56.08,41.0,34.7,279.0,0.44,25,11.16,0.0,422.17,383429.02000000025,0.730000000000004,12.199999999999818,16.712328767122948,0,0.0,11.16,0.44,0.25,0.383,3600,0.0,15.434280000000001,0,13,79200,56.08,0.00020277777777777888,0.00017936507936507952,312658.4070796457,5210.973451327429,86.84955752212382,0,0.6917883859912969,0,16.712328767122948,0,0,0,0,0.0031,18090.322580645163,5.025089605734768,0.05983606557377171,0.2796352583586626,0,LOW,LOW
VEH_007,68b89b2d4f65cd554d7512ab,2025-11-12 15:00:00,ON,16.27,7046.86,55.11,40.9,37.5,280.0,-0.42,0,12.38,0.0,423.14,383429.02000000025,0.9699999999999989,16.279999999999745,16.78350515463893,0,0.0,12.38,0.42,0.0,0.294,3600,0.0,16.019720000000003,0,13,82800,55.11,0.0002694444444444441,0.00019206349206349221,286936.3636363634,4782.272727272723,79.7045454545454,0,0.9231405675359267,0,16.78350515463893,0,0,0,0,0.003438888888888889,16025.525040387722,4.451534733441034,0.05958230958231044,0.1474164133738602,0,LOW,LOW
VEH_007,68b89b2d4f65cd554d7512ab,2025-11-12 16:00:00,ON,8.43,7055.28,54.6,41.3,39.2,281.0,0.21,12,10.03,0.0,423.65,383429.02000000025,0.509999999999998,8.420000000000073,16.509803921568835,0,0.0,10.03,0.21,0.12,0.183,3600,0.0,11.86549,0,13,86400,54.6,0.0001416666666666661,0.0001884920634920635,289667.36842105264,4827.789473684211,80.46315789473684,0,0.47744739426613586,0,16.509803921568835,0,0,0,0,0.0027861111111111107,19597.208374875376,5.443668993020938,0.0605700712589066,0.9194528875379939,0,LOW,LOW
VEH_007,68b89b2d4f65cd554d7512ab,2025-11-12 17:00:00,ON,12.55,7067.83,53.85,40.9,40.9,282.0,-0.3,3,11.27,0.0,424.4,383429.02000000025,0.75,12.550000000000182,16.733333333333576,0,0.0,11.27,0.3,0.03,0.219,3600,0.0,13.73813,0,13,90000,53.85,0.00020833333333333335,0.00018690476190476196,288114.64968152856,4801.910828025476,80.03184713375794,0,0.711634774114019,0,16.733333333333576,0,0,0,0,0.0031305555555555553,17201.419698314112,4.778172138420587,0.05976095617529794,0.22036474164133737,0,LOW,LOW
VEH_007,68b89b2d4f65cd554d7512ab,2025-11-12 18:00:00,ON,8.65,7076.48,53.33,41.5,42.0,283.0,0.46,20,10.09,0.0,424.92,383429.02000000025,0.5200000000000031,8.649999999999636,16.634615384614584,0,0.0,10.09,0.46,0.2,0.382,3600,0.0,13.94438,0,13,93600,53.33,0.0001444444444444453,0.00018571428571428572,287161.53846153844,4786.025641025641,79.76709401709401,0,0.4904893064610292,0,16.634615384614584,0,0,0,0,0.0028027777777777777,19027.552031714567,5.285431119920713,0.060115606936419076,0.7264437689969605,0,LOW,LOW
VEH_007,68b89b2d4f65cd554d7512ab,2025-11-12 19:00:00,ON,9.85,7086.33,52.74,41.8,36.7,284.0,0.44,22,10.45,0.0,425.51,383429.02000000025,0.5899999999999963,9.850000000000364,16.69491525423801,0,0.0,10.45,0.44,0.22,0.374,3600,0.0,14.3583,0,13,97200,52.74,0.00016388888888888787,0.0001761904761904761,299335.13513513526,4988.918918918921,83.14864864864869,0,0.558534065738904,0,16.69491525423801,0,0,0,0,0.0029027777777777776,18168.8038277512,5.04688995215311,0.05989847715735782,0.3541033434650456,0,LOW,LOW
VEH_007,68b89b2d4f65cd554d7512ab,2025-11-12 20:00:00,ON,4.81,7091.14,52.45,42.2,40.4,285.0,0.4,29,8.94,0.0,425.8,383429.02000000025,0.28999999999999915,4.8100000000004,16.586206896553154,0,0.0,8.94,0.4,0.29,0.367,3600,0.0,12.220979999999999,0,13,100800,52.45,8.055555555555531e-05,0.000173015873015873,303151.37614678906,5052.522935779818,84.2087155963303,0,0.2727460767720053,0,16.586206896553154,0,0,0,0,0.002483333333333333,21120.80536912752,5.8668903803132,0.0602910602910551,0.8586626139817629,0,LOW,LOW
VEH_007,68b89b2d4f65cd554d7512ab,2025-11-12 21:00:00,ON,7.34,7098.48,52.01,41.6,38.4,286.0,-0.15,17,9.7,0.0,426.24,383429.02000000025,0.44000000000000483,7.339999999999236,16.68181818181626,0,0.0,9.7,0.15,0.17,0.156,3600,0.0,11.213199999999999,0,13,104400,52.01,0.00012222222222222357,0.0001615079365079365,322027.51842751843,5367.125307125307,89.45208845208845,0,0.41620711091603824,0,16.68181818181626,0,0,0,0,0.002694444444444444,19302.680412371134,5.361855670103092,0.059945504087200355,0.4194528875379939,0,LOW,LOW
VEH_007,68b89b2d4f65cd554d7512ab,2025-11-12 22:00:00,ON,14.57,7113.05,51.13,41.8,38.8,287.0,-0.49,1,11.87,0.0,427.11,383429.02000000025,0.8799999999999955,14.570000000000618,16.55681818181897,0,0.0,11.87,0.49,0.01,0.346,3600,0.0,15.97702,0,13,108000,51.13,0.0002444444444444432,0.0001579365079365078,323737.6884422113,5395.628140703522,89.92713567839203,0,0.8261767855650635,0,16.55681818181897,0,0,0,0,0.0032972222222222222,15506.992417860152,4.307497893850043,0.060398078242962124,0.8951367781155015,0,LOW,LOW
VEH_007,68b89b2d4f65cd554d7512ab,2025-11-12 23:00:00,ON,11.78,7124.84,50.43,42.7,35.8,288.0,0.27,29,11.03,0.0,427.82,383429.02000000025,0.7000000000000028,11.789999999999964,16.84285714285702,0,0.0,11.03,0.27,0.29,0.276,3600,0.0,14.07428,0,13,111600,50.43,0.00019444444444444525,0.00016547619047619055,304756.83453237393,5079.280575539566,84.65467625899277,0,0.668539759904712,0,16.84285714285702,0,0,0,0,0.0030638888888888886,16459.47416137806,4.57207615593835,0.05937234944868575,0.11550151975683891,0,LOW,LOW
VEH_007,68b89b2d4f65cd554d7512ab,2025-11-13 00:00:00,ON,19.0,7143.84,49.29,43.1,40.5,289.0,-0.17,28,13.2,0.0,428.96,383429.02000000025,1.1400000000000006,19.0,16.666666666666657,0,0.0,13.2,0.17,0.28,0.203,3600,0.0,15.8796,0,13,115200,49.29,0.0003166666666666668,0.00018095238095238103,272392.10526315775,4539.868421052629,75.66447368421049,0,1.0773753552323637,0,16.666666666666657,0,0,0,0,0.0036666666666666666,13442.727272727272,3.734090909090909,0.06000000000000003,0.506838905775076,0,LOW,LOW
VEH_007,68b89b2d4f65cd554d7512ab,2025-11-13 01:00:00,ON,11.99,7155.83,48.57,42.7,38.0,290.0,0.09,7,11.1,0.0,429.68,383429.02000000025,0.7199999999999989,11.989999999999782,16.6527777777775,0,0.0,11.1,0.09,0.07,0.084,3600,0.0,12.0324,0,13,118800,48.57,0.00019999999999999968,0.0001888888888888888,257135.29411764716,4285.58823529412,71.42647058823532,0,0.679880553117674,0,16.6527777777775,0,0,0,0,0.0030833333333333333,15752.432432432433,4.375675675675676,0.060050041701418845,0.6094224924012158,0,LOW,LOW
VEH_007,68b89b2d4f65cd554d7512ab,2025-11-13 02:00:00,ON,13.45,7169.28,47.76,42.6,39.2,291.0,-0.32,35,11.54,0.0,430.49,383429.02000000025,0.8100000000000023,13.449999999999818,16.604938271604667,0,0.0,11.54,0.32,0.35,0.32899999999999996,3600,0.0,15.336659999999998,0,13,122400,47.76,0.00022500000000000064,0.00019761904761904776,241677.10843373474,4027.9518072289125,67.13253012048187,0,0.7626683435723735,0,16.604938271604667,0,0,0,0,0.0032055555555555552,14899.133448873485,4.138648180242635,0.06022304832713853,0.8206686930091185,0,LOW,LOW
VEH_007,68b89b2d4f65cd554d7512ab,2025-11-13 03:00:00,ON,16.0,7185.27,46.8,43.5,38.5,292.0,0.23,15,12.3,0.0,431.45,383429.02000000025,0.9600000000000009,15.990000000000691,16.656250000000707,0,0.0,12.3,0.23,0.15,0.20600000000000002,3600,0.0,14.8338,0,13,126000,46.8,0.0002666666666666669,0.00022420634920634943,208736.2831858405,3478.9380530973417,57.98230088495569,0,0.9066964173771705,0,16.656250000000707,0,0,0,0,0.003416666666666667,13697.560975609755,3.8048780487804876,0.06003752345215506,0.5881458966565349,0,LOW,LOW
VEH_007,68b89b2d4f65cd554d7512ab,2025-11-13 04:00:00,ON,21.77,7207.04,45.49,43.3,43.5,293.0,0.05,23,14.03,0.0,432.75,383429.02000000025,1.3099999999999952,21.769999999999527,16.618320610686723,0,0.0,14.03,0.05,0.23,0.10400000000000001,3600,0.0,15.48912,0,13,129600,45.49,0.00036388888888888755,0.0002587301587301586,175820.24539877308,2930.3374233128848,48.83895705521475,0,1.2344453412320027,0,16.618320610686723,0,0,0,0,0.003897222222222222,11672.416250890949,3.2423378474697078,0.060174552135968014,0.7887537993920972,0,LOW,LOW
VEH_007,68b89b2d4f65cd554d7512ab,2025-11-13 05:00:00,ON,20.66,7227.7,44.26,42.9,39.9,294.0,0.47,27,13.7,0.0,433.99,383429.02000000025,1.230000000000004,20.659999999999854,16.7967479674795,0,0.0,13.7,0.47,0.27,0.41,3600,0.0,19.316999999999997,0,13,133200,44.26,0.0003416666666666678,0.0002726190476190478,162351.09170305665,2705.8515283842776,45.09752547307129,0,1.1715039389000252,0,16.7967479674795,0,0,0,0,0.0038055555555555555,11630.364963503649,3.230656934306569,0.05953533397870342,0.1398176291793313,0,MEDIUM,LOW
VEH_007,68b89b2d4f65cd554d7512ab,2025-11-13 06:00:00,ON,24.78,7252.48,42.77,42.5,39.5,295.0,-0.08,40,14.93,0.0,435.48,383429.02000000025,1.4899999999999949,24.779999999999745,16.630872483221363,0,0.0,14.93,0.08,0.4,0.176,3600,0.0,17.557679999999998,0,13,136800,42.77,0.00041388888888888747,0.0003039682539682538,140705.48302872072,2345.091383812012,39.08485639686687,0,1.4051242790872474,0,16.630872483221363,0,0,0,0,0.004147222222222222,10312.926992632285,2.864701942397857,0.06012913640032325,0.7416413373860182,0,MEDIUM,LOW
VEH_007,68b89b2d4f65cd554d7512ab,2025-11-13 07:00:00,ON,24.17,7276.65,41.32,43.4,41.8,296.0,0.15,25,14.75,0.0,436.93,383429.02000000025,1.4500000000000028,24.170000000000073,16.668965517241396,0,0.0,14.75,0.15,0.25,0.18,3600,0.0,17.404999999999998,0,13,140400,41.32,0.0004027777777777786,0.0003162698412698412,130647.92973651194,2177.4654956085324,36.29109159347554,0,1.3705348597877005,0,16.668965517241396,0,0,0,0,0.004097222222222223,10084.881355932202,2.8013559322033896,0.05999172527927176,0.48328267477203646,0,MEDIUM,LOW
VEH_007,68b89b2d4f65cd554d7512ab,2025-11-13 08:00:00,ON,21.99,7298.64,40.0,43.4,47.6,297.0,-0.06,1,14.1,0.0,438.25,383429.02000000025,1.3200000000000003,21.99000000000069,16.65909090909143,0,0.0,14.1,0.06,0.01,0.045,3600,0.0,14.734499999999999,0,13,144000,40.0,0.0003666666666666667,0.00034007936507936514,117619.60326721118,1960.3267211201862,32.67211201866977,0,1.246920213766338,0,16.65909090909143,0,0,0,0,0.003916666666666666,10212.765957446809,2.8368794326241136,0.060027285129602495,0.5638297872340425,0,MEDIUM,LOW
VEH_007,68b89b2d4f65cd554d7512ab,2025-11-13 09:00:00,ON,19.29,7317.93,78.49,43.2,44.0,298.0,-0.0,5,13.29,0.0,439.41,383429.02000000025,0.0,19.289999999999964,0.0,0,0.0,13.29,0.0,0.05,0.015,3600,0.0,13.489349999999998,1,14,0,78.49,0.0,0.0003079365079365079,254890.20618556705,4248.170103092784,70.8028350515464,0,1.0938195053911715,0,0.0,0,0,0,0,0.0036916666666666664,21261.399548532732,5.90594431903687,0.0,0.020516717325227963,0,LOW,LOW
VEH_007,68b89b2d4f65cd554d7512ab,2025-11-13 10:00:00,ON,24.42,7342.36,77.03,43.7,45.0,299.0,0.32,22,14.83,0.0,440.87,383429.02000000025,1.4599999999999937,24.42999999999938,16.732876712328416,0,0.0,14.83,0.32,0.22,0.29,3600,0.0,19.1307,0,14,3600,77.03,0.0004055555555555538,0.0003277777777777774,235006.7796610172,3916.7796610169535,65.27966101694922,0,1.3852778909645254,0,16.732876712328416,0,0,0,0,0.004119444444444445,18699.12339851652,5.194200944032366,0.05976258698321861,0.22340425531914893,0,LOW,LOW
VEH_007,68b89b2d4f65cd554d7512ab,2025-11-13 11:00:00,ON,20.71,7363.06,75.79,43.9,43.7,300.0,-0.1,45,13.71,0.0,442.11,383429.02000000025,1.2399999999999949,20.700000000000728,16.69354838709743,0,0.0,13.71,0.1,0.45,0.20500000000000002,3600,0.0,16.520550000000004,0,14,7200,75.79,0.000344444444444443,0.00032499999999999966,233200.00000000026,3886.666666666671,64.77777777777786,0,1.173772097542669,0,16.69354838709743,0,0,0,0,0.0038083333333333337,19901.09409190372,5.528081692195478,0.059903381642509725,0.3601823708206687,0,LOW,LOW
VEH_007,68b89b2d4f65cd554d7512ab,2025-11-13 12:00:00,ON,27.09,7390.15,74.16,44.0,43.9,301.0,0.01,45,15.63,0.0,443.74,383429.02000000025,1.6300000000000097,27.089999999999236,16.619631901839924,0,0.0,15.63,0.01,0.45,0.14200000000000002,3600,0.0,17.84946,0,14,10800,74.16,0.00045277777777778046,0.00034087301587301574,217559.0221187428,3625.983701979047,60.43306169965078,0,1.5361104406970478,0,16.619631901839924,0,0,0,0,0.004341666666666667,17080.9980806142,4.7447216890595,0.060169804355852924,0.7811550151975684,0,LOW,LOW
VEH_007,68b89b2d4f65cd554d7512ab,2025-11-13 13:00:00,ON,28.34,7418.49,72.46,43.9,43.4,302.0,-0.15,42,16.0,0.0,445.44,383429.02000000025,1.7000000000000028,28.340000000000146,16.670588235294176,0,0.0,16.0,0.15,0.42,0.23099999999999998,3600,0.0,19.695999999999998,0,14,14400,72.46,0.000472222222222223,0.0003492063492063494,207499.09090909077,3458.3181818181793,57.63863636363632,0,1.6069903982781761,0,16.670588235294176,0,0,0,0,0.0044444444444444444,16303.499999999998,4.52875,0.059985885673958864,0.47188449848024316,0,LOW,LOW
VEH_007,68b89b2d4f65cd554d7512ab,2025-11-13 14:00:00,ON,29.1,7447.59,70.72,43.4,44.0,303.0,-0.48,13,16.23,0.0,447.19,383429.02000000025,1.7399999999999949,29.100000000000364,16.72413793103474,0,0.0,16.23,0.48,0.13,0.37499999999999994,3600,0.0,22.31625,0,14,18000,70.72,0.0004833333333333319,0.00036071428571428555,196055.44554455453,3267.590759075909,54.45984598459848,0,1.650085412487483,0,16.72413793103474,0,0,0,0,0.004508333333333334,15686.506469500922,4.357362908194701,0.05979381443298877,0.2507598784194529,0,LOW,LOW
VEH_007,68b89b2d4f65cd554d7512ab,2025-11-13 15:00:00,ON,32.38,7479.97,68.77,43.3,41.7,304.0,0.45,35,17.21,0.0,449.13,383429.02000000025,1.9500000000000028,32.38000000000011,16.60512820512824,0,0.0,17.21,0.45,0.35,0.42,3600,1.0,24.4382,0,14,21600,68.77,0.0005416666666666675,0.00038571428571428567,178292.5925925926,2971.5432098765436,49.52572016460906,0,1.8360744211802134,0,16.60512820512824,0,0,0,0,0.004780555555555556,14385.357350377684,3.9959325973271347,0.06022235948116109,0.8191489361702128,0,LOW,LOW
VEH_007,68b89b2d4f65cd554d7512ab,2025-11-13 16:00:00,ON,34.24,7514.21,66.72,43.1,44.7,305.0,0.04,34,17.77,0.0,451.18,383429.02000000025,2.049999999999997,34.23999999999978,16.70243902439016,0,0.0,17.77,0.04,0.34,0.13,3600,1.0,20.080099999999998,0,14,25200,66.72,0.0005694444444444436,0.0004670634920634919,142849.95751911646,2380.832625318608,39.680543755310126,0,1.9415437980608368,0,16.70243902439016,0,0,0,0,0.004936111111111111,13516.713562183457,3.7546426561620714,0.059871495327103105,0.3161094224924012,0,LOW,LOW
VEH_007,68b89b2d4f65cd554d7512ab,2025-11-13 17:00:00,ON,35.07,7549.28,64.61,43.6,42.2,306.0,0.5,22,18.02,0.0,453.29,383429.02000000025,2.1099999999999994,35.06999999999971,16.620853080568587,0,0.0,18.02,0.5,0.22,0.416,3600,1.0,25.516319999999997,0,14,28800,64.61,0.0005861111111111109,0.0004928571428571429,131092.75362318842,2184.8792270531403,36.414653784219006,0,1.9886080898946674,0,16.620853080568587,0,0,0,0,0.005005555555555556,12907.658157602664,3.5854605993340734,0.060165383518677416,0.776595744680851,0,LOW,LOW
VEH_007,68b89b2d4f65cd554d7512ab,2025-11-13 18:00:00,ON,38.58,7587.86,62.3,43.1,46.4,307.0,-0.3,23,19.07,0.0,455.6,383429.02000000025,2.3100000000000023,38.57999999999993,16.701298701298654,0,0.0,19.07,0.3,0.23,0.279,3600,1.0,24.39053,0,14,32400,62.3,0.0006416666666666673,0.0005353174603174607,116379.54040029644,1939.6590066716074,32.327650111193456,0,2.187639010782343,0,16.701298701298654,0,0,0,0,0.005297222222222222,11760.880964866281,3.2669113791295223,0.05987558320373267,0.3191489361702128,0,LOW,LOW
VEH_007,68b89b2d4f65cd554d7512ab,2025-11-13 19:00:00,ON,43.14,7631.0,59.71,43.4,47.0,308.0,0.46,36,20.44,0.0,458.19,383429.02000000025,2.5899999999999963,43.14000000000033,16.656370656370807,0,0.0,20.44,0.46,0.36,0.43,3600,1.0,29.229200000000002,0,14,36000,59.71,0.0007194444444444435,0.0005734126984126983,104130.93425605539,1735.5155709342566,28.925259515570943,0,2.446209096038133,0,16.656370656370807,0,0,0,0,0.005677777777777778,10516.438356164383,2.9212328767123283,0.06003708854890998,0.5866261398176292,0,LOW,LOW
VEH_007,68b89b2d4f65cd554d7512ab,2025-11-13 20:00:00,ON,48.09,7679.09,56.83,43.6,49.3,309.0,-0.34,34,21.93,0.0,461.08,383429.02000000025,2.8800000000000026,48.090000000000146,16.697916666666703,0,0.0,21.93,0.34,0.34,0.33999999999999997,3600,1.0,29.386199999999995,0,14,39600,56.83,0.0008000000000000007,0.000620238095238095,91626.10364683304,1527.1017274472174,25.451695457453624,0,2.726893728059186,0,16.697916666666703,0,0,0,0,0.006091666666666666,9329.138166894665,2.5914272685818514,0.05988771054273225,0.33890577507598785,0,LOW,LOW
VEH_007,68b89b2d4f65cd554d7512ab,2025-11-13 21:00:00,ON,41.56,7720.65,54.33,43.7,48.5,310.0,-0.19,21,19.97,0.0,463.57,383429.02000000025,2.5,41.55999999999949,16.623999999999796,0,0.0,19.97,0.19,0.21,0.19599999999999998,3600,1.0,23.88412,0,14,43200,54.33,0.0006944444444444445,0.0006503968253968255,83533.61805979254,1392.226967663209,23.203782794386818,0,2.3566168296556045,0,16.623999999999796,0,0,0,0,0.005547222222222222,9794.091136705058,2.7205808713069604,0.06015399422521729,0.770516717325228,0,LOW,LOW
VEH_007,68b89b2d4f65cd554d7512ab,2025-11-13 22:00:00,ON,34.06,7754.71,52.29,44.2,42.6,311.0,0.17,27,17.72,0.0,465.61,383429.02000000025,2.039999999999999,34.0600000000004,16.69607843137275,0,0.0,17.72,0.17,0.27,0.2,3600,1.0,21.264,0,14,46800,52.29,0.0005666666666666664,0.0006539682539682539,79958.00970873788,1332.6334951456313,22.21055825242719,0,1.9313370841691968,0,16.69607843137275,0,0,0,0,0.004922222222222222,10623.250564334086,2.9509029345372464,0.0598943041691126,0.3495440729483283,0,LOW,LOW
VEH_007,68b89b2d4f65cd554d7512ab,2025-11-13 23:00:00,ON,38.95,7793.66,49.95,44.3,47.3,312.0,-0.41,17,19.18,0.0,467.95,383429.02000000025,2.3399999999999963,38.94999999999982,16.645299145299095,0,0.0,19.18,0.41,0.17,0.33799999999999997,3600,1.0,25.662840000000003,0,14,50400,49.95,0.000649999999999999,0.0006654761904761903,75059.03398926658,1250.9838998211096,20.849731663685162,0,2.2086194782263355,0,16.645299145299095,0,0,0,0,0.005327777777777778,9375.39103232534,2.604275286757039,0.06007702182284999,0.6648936170212766,0,LOW,LOW
VEH_007,68b89b2d4f65cd554d7512ab,2025-11-14 00:00:00,ON,45.98,7839.63,47.19,44.9,47.2,313.0,-0.34,3,21.29,0.0,470.71,383429.02000000025,2.760000000000005,45.970000000000255,16.655797101449338,0,0.0,21.29,0.34,0.03,0.247,3600,1.0,26.548629999999996,0,14,54000,47.19,0.0007666666666666681,0.0006912698412698414,68265.67164179102,1137.7611940298505,18.962686567164173,0,2.606681320001686,0,16.655797101449338,0,0,0,0,0.005913888888888889,7979.520901831846,2.216533583842179,0.0600391559712854,0.5911854103343465,0,LOW,LOW
VEH_007,68b89b2d4f65cd554d7512ab,2025-11-14 01:00:00,ON,49.55,7889.18,44.22,45.6,54.8,314.0,0.09,37,22.36,0.0,473.68,383429.02000000025,2.969999999999999,49.55000000000018,16.683501683501753,0,0.0,22.36,0.09,0.37,0.174,3600,1.0,26.250639999999997,0,14,57600,44.22,0.0008249999999999997,0.0007174603174603173,61634.07079646019,1027.2345132743365,17.12057522123894,0,2.809681518513885,0,16.683501683501753,0,0,0,0,0.006211111111111111,7119.499105545618,1.9776386404293382,0.05993945509586252,0.4088145896656535,0,MEDIUM,LOW
VEH_007,68b89b2d4f65cd554d7512ab,2025-11-14 02:00:00,ON,53.83,7943.01,40.99,45.2,54.2,315.0,-0.08,19,23.65,0.0,476.91,383429.02000000025,3.229999999999997,53.82999999999993,16.665634674922593,0,0.0,23.65,0.08,0.19,0.11299999999999999,3600,1.0,26.32245,0,14,61200,40.99,0.0008972222222222213,0.0007428571428571429,55178.846153846156,919.6474358974359,15.327457264957266,0,3.052374493271477,0,16.665634674922593,0,0,0,0,0.006569444444444444,6239.492600422834,1.7331923890063428,0.06000371540033441,0.5182370820668692,0,MEDIUM,LOW
VEH_007,68b89b2d4f65cd554d7512ab,2025-11-14 03:00:00,ON,52.09,7995.11,37.86,45.4,47.2,316.0,0.29,8,23.13,0.0,480.04,383429.02000000025,3.1300000000000026,52.099999999999454,16.645367412140388,0,0.0,23.13,0.29,0.08,0.22699999999999998,3600,1.0,28.380509999999997,0,14,64800,37.86,0.0008694444444444451,0.0007527777777777777,50293.72693726938,838.2287822878229,13.970479704797048,0,2.95427663197924,0,16.645367412140388,0,0,0,0,0.006425,5892.60700389105,1.6368352788586251,0.06007677543186248,0.662613981762918,0,MEDIUM,LOW
VEH_007,68b89b2d4f65cd554d7512ab,2025-11-14 04:00:00,ON,50.11,8045.22,34.86,45.4,53.2,317.0,-0.1,6,22.53,0.0,483.04,383429.02000000025,3.0,50.11000000000058,16.70333333333353,0,0.0,22.53,0.1,0.06,0.088,3600,1.0,24.512640000000005,0,14,68400,34.86,0.0008333333333333334,0.0007726190476190475,45119.26040061634,751.9876733436056,12.533127889060093,0,2.84143573951023,0,16.70333333333353,0,0,0,0,0.006258333333333334,5570.17310252996,1.5472703062583222,0.05986828976252175,0.3100303951367781,0,MEDIUM,LOW
VEH_007,68b89b2d4f65cd554d7512ab,2025-11-14 05:00:00,ON,53.17,8098.38,31.67,45.4,56.6,318.0,0.43,7,23.45,0.0,486.23,383429.02000000025,3.1899999999999977,53.159999999999854,16.664576802507803,0,0.0,23.45,0.43,0.07,0.322,3600,1.0,31.0009,0,14,72000,31.67,0.0008861111111111105,0.0008182539682539682,38704.36469447139,645.0727449078565,10.751212415130942,0,3.0143828360080156,0,16.664576802507803,0,0,0,0,0.0065138888888888885,4861.918976545843,1.350533049040512,0.06000752445447717,0.5243161094224924,0,MEDIUM,MEDIUM
VEH_007,68b89b2d4f65cd554d7512ab,2025-11-14 06:00:00,ON,60.43,8158.81,28.04,46.4,54.7,319.0,0.16,47,25.63,0.0,489.86,383429.02000000025,3.6300000000000026,60.43000000000029,16.64738292011026,0,0.0,25.63,0.16,0.47,0.253,3600,1.0,32.11439,0,14,75600,28.04,0.001008333333333334,0.0008694444444444445,32250.479233226833,537.5079872204473,8.95846645367412,0,3.4266206692995818,0,16.64738292011026,0,0,0,0,0.007119444444444444,3938.5095591104177,1.0940304330862272,0.06006950190302805,0.6550151975683891,0,MEDIUM,MEDIUM
VEH_007,68b89b2d4f65cd554d7512ab,2025-11-14 07:00:00,ON,59.31,8218.12,24.48,45.8,54.4,320.0,0.5,0,25.29,0.0,493.42,383429.02000000025,3.5599999999999987,59.3100000000004,16.66011235955068,0,0.0,25.29,0.5,0.0,0.35,3600,1.0,34.1415,0,14,79200,24.48,0.0009888888888888885,0.0009011904761904761,27164.068692206078,452.7344782034346,7.54557463672391,0,3.3631122273069436,0,16.66011235955068,0,0,0,0,0.007025,3484.697508896797,0.9679715302491103,0.06002360478839951,0.5562310030395137,0,HIGH,MEDIUM
VEH_007,68b89b2d4f65cd554d7512ab,2025-11-14 08:00:00,ON,60.05,8278.17,20.88,46.2,51.8,321.0,-0.38,20,25.51,0.0,497.02,383429.02000000025,3.6000000000000014,60.04999999999927,16.680555555555348,0,0.0,25.51,0.38,0.2,0.32599999999999996,3600,1.0,33.826260000000005,0,14,82800,20.88,0.0010000000000000005,0.0009261904761904763,22543.9588688946,375.73264781490997,6.262210796915166,0,3.405073162194877,0,16.680555555555348,0,0,0,0,0.007086111111111112,2946.6091728733827,0.8185025480203841,0.05995004163197411,0.4209726443768997,0,HIGH,MEDIUM
VEH_007,68b89b2d4f65cd554d7512ab,2025-11-14 09:00:00,ON,52.62,8330.79,17.72,45.6,53.1,322.0,0.48,46,23.29,0.0,500.18,383429.02000000025,3.16,52.6200000000008,16.65189873417747,0,0.0,23.29,0.48,0.46,0.474,3600,1.0,34.32946,0,14,86400,17.72,0.0008777777777777778,0.0009234126984126986,19189.686291362264,319.8281048560377,5.330468414267296,0,2.9837626943330444,0,16.65189873417747,0,0,0,0,0.006469444444444444,2739.02962644912,0.7608415629025332,0.06005321170657454,0.6231003039513677,0,HIGH,MEDIUM
VEH_007,68b89b2d4f65cd554d7512ab,2025-11-14 10:00:00,ON,48.31,8379.11,14.82,45.7,53.8,323.0,-0.44,8,21.99,0.0,503.08,383429.02000000025,2.8999999999999986,48.31999999999971,16.66206896551715,0,0.0,21.99,0.44,0.08,0.332,3600,1.0,29.29068,0,14,90000,14.82,0.0008055555555555551,0.0009142857142857144,16209.374999999998,270.15624999999994,4.502604166666666,0,2.739935640254079,0,16.66206896551715,0,0,0,0,0.006108333333333333,2426.1937244201913,0.673942701227831,0.06001655629139106,0.5395136778115501,0,HIGH,MEDIUM
VEH_007,68b89b2d4f65cd554d7512ab,2025-11-14 11:00:00,ON,50.36,8429.46,11.8,45.8,47.6,324.0,-0.18,10,22.61,0.0,506.1,383429.02000000025,3.0199999999999996,50.349999999998545,16.672185430463095,0,0.0,22.61,0.18,0.1,0.156,3600,1.0,26.137159999999998,0,14,93600,11.8,0.0008388888888888888,0.000915079365079365,12895.056374674763,214.9176062445794,3.581960104076323,0,2.8550446913656815,0,16.672185430463095,0,0,0,0,0.006280555555555556,1878.814683768244,0.5218929677134011,0.05998013902681404,0.46200607902735563,0,HIGH,MEDIUM
VEH_007,68b89b2d4f65cd554d7512ab,2025-11-14 12:00:00,ON,53.69,8483.16,20.16,46.0,56.0,325.0,-0.39,33,23.61,0.0,509.32,383429.02000000025,0.0,53.70000000000073,0.0,0,0.0,23.61,0.39,0.33,0.372,3600,1.0,32.39292,1,15,0,20.16,0.0,0.0007884920634920635,25567.790639154504,426.1298439859084,7.102164066431807,0,3.0450029776830903,0,0.0,0,0,0,0,0.0065583333333333335,3073.951715374841,0.8538754764930114,0.0,0.020516717325227963,0,HIGH,MEDIUM
VEH_007,68b89b2d4f65cd554d7512ab,2025-11-14 13:00:00,ON,49.4,8532.56,17.19,46.2,49.7,326.0,-0.33,23,22.32,0.0,512.28,383429.02000000025,2.969999999999999,49.399999999999636,16.632996632996516,0,0.0,22.32,0.33,0.23,0.3,3600,1.0,29.016000000000002,0,15,3600,17.19,0.0008249999999999997,0.0007623015873015873,22550.1301405518,375.83550234253,6.263925039042166,0,2.801175923604125,0,16.632996632996516,0,0,0,0,0.0062,2772.5806451612907,0.7701612903225807,0.06012145748987896,0.7370820668693009,0,HIGH,MEDIUM
VEH_007,68b89b2d4f65cd554d7512ab,2025-11-14 14:00:00,ON,55.76,8588.31,13.85,45.4,54.5,327.0,0.15,39,24.23,0.0,515.63,383429.02000000025,3.3400000000000016,55.75,16.691616766467057,0,0.0,24.23,0.15,0.39,0.22199999999999998,3600,1.0,29.60906,0,15,7200,13.85,0.0009277777777777782,0.0007535714285714286,18379.146919431278,306.31911532385465,5.105318588730911,0,3.1612461081160146,0,16.691616766467057,0,0,0,0,0.006730555555555556,2057.779612051176,0.5716054477919934,0.05991031390134532,0.36930091185410335,0,HIGH,MEDIUM
VEH_007,68b89b2d4f65cd554d7512ab,2025-11-14 15:00:00,ON,60.11,8648.43,31.04,46.5,55.4,328.0,0.06,3,25.53,0.0,519.24,383429.02000000025,0.0,60.1200000000008,0.0,0,0.0,25.53,0.06,0.03,0.051,3600,1.0,26.83203,1,16,0,31.04,0.0,0.0006107142857142856,50825.73099415205,847.0955165692009,14.11825860948668,0,3.409042439819504,0,0.0,0,0,0,0,0.007091666666666667,4376.968272620446,1.2158245201723463,0.0,0.020516717325227963,0,MEDIUM,MEDIUM
VEH_007,68b89b2d4f65cd554d7512ab,2025-11-14 16:00:00,ON,54.79,8703.21,27.75,46.2,49.7,329.0,-0.48,6,23.94,0.0,522.52,383429.02000000025,3.289999999999999,54.779999999998836,16.650455927051322,0,0.0,23.94,0.48,0.06,0.354,3600,1.0,32.41476,0,16,3600,27.75,0.0009138888888888887,0.0006158730158730159,45057.98969072165,750.9664948453609,12.516108247422682,0,3.106243261033033,0,16.650455927051322,0,0,0,0,0.0066500000000000005,4172.932330827068,1.1591478696741855,0.06005841548010349,0.6337386018237082,0,MEDIUM,MEDIUM
VEH_007,68b89b2d4f65cd554d7512ab,2025-11-14 17:00:00,ON,62.51,8765.72,24.0,45.9,52.0,330.0,-0.15,36,26.25,0.0,526.27,383429.02000000025,3.75,62.51000000000022,16.66933333333339,0,0.0,26.25,0.15,0.36,0.213,3600,1.0,31.841250000000002,0,16,7200,24.0,0.0010416666666666667,0.0006496031746031746,36945.6322541234,615.7605375687233,10.262675626145388,0,3.544564918714489,0,16.66933333333339,0,0,0,0,0.007291666666666667,3291.4285714285716,0.9142857142857144,0.05999040153575407,0.48024316109422494,0,HIGH,MEDIUM
VEH_007,68b89b2d4f65cd554d7512ab,2025-11-14 18:00:00,ON,59.09,8824.81,20.46,46.0,48.0,331.0,-0.1,16,25.23,0.0,529.82,383429.02000000025,3.539999999999999,59.090000000000146,16.69209039548027,0,0.0,25.23,0.1,0.16,0.118,3600,1.0,28.20714,0,16,10800,20.46,0.000983333333333333,0.0006702380952380952,30526.465364120788,508.7744227353465,8.479573712255775,0,3.3506373547726596,0,16.69209039548027,0,0,0,0,0.007008333333333333,2919.381688466112,0.8109393579072534,0.05990861397867643,0.3662613981762918,0,HIGH,MEDIUM
VEH_007,68b89b2d4f65cd554d7512ab,2025-11-14 19:00:00,ON,59.1,8883.91,16.91,46.8,54.4,332.0,-0.27,23,25.23,0.0,533.36,383429.02000000025,3.5500000000000007,59.100000000000364,16.64788732394376,0,0.0,25.23,0.27,0.23,0.258,3600,1.0,31.739340000000002,0,16,14400,16.91,0.0009861111111111112,0.0008111111111111111,20847.945205479453,347.4657534246575,5.7910958904109595,0,3.3512043944333203,0,16.64788732394376,0,0,0,0,0.007008333333333333,2412.8418549346015,0.6702338485929449,0.060067681895092706,0.6458966565349544,0,HIGH,MEDIUM
VEH_007,68b89b2d4f65cd554d7512ab,2025-11-14 20:00:00,ON,52.76,8936.67,13.75,47.0,49.6,333.0,-0.24,26,23.33,0.0,536.53,383429.02000000025,3.16,52.76000000000022,16.69620253164564,0,0.0,23.33,0.24,0.26,0.246,3600,1.0,29.06918,0,16,18000,13.75,0.0008777777777777778,0.0008186507936507936,16795.928259815802,279.93213766359673,4.665535627726612,0,2.991701249582092,0,16.69620253164564,0,0,0,0,0.006480555555555555,2121.7316759537075,0.589369909987141,0.059893858984078605,0.34802431610942247,0,HIGH,MEDIUM
VEH_007,68b89b2d4f65cd554d7512ab,2025-11-14 21:00:00,ON,58.15,8994.82,10.26,46.3,54.0,334.0,-0.44,44,24.94,0.0,540.02,383429.02000000025,3.49,58.149999999999636,16.661891117478405,0,0.0,24.94,0.44,0.44,0.44,3600,1.0,35.9136,0,16,21600,10.26,0.0009694444444444445,0.0008246031746031746,12442.348411934552,207.37247353224254,3.4562078922040422,0,3.297335626671661,0,16.661891117478405,0,0,0,0,0.006927777777777778,1480.9943865276662,0.41138732959101837,0.060017196904557556,0.5440729483282675,0,HIGH,HIGH
VEH_007,68b89b2d4f65cd554d7512ab,2025-11-14 22:00:00,ON,59.28,9054.1,6.7,46.9,49.8,335.0,-0.11,3,25.28,0.0,543.58,383429.02000000025,3.5599999999999996,59.280000000000655,16.651685393258614,0,0.0,25.28,0.11,0.03,0.086,3600,1.0,27.454080000000005,0,16,25200,6.7,0.0009888888888888888,0.0009658730158730158,6936.729663105999,115.61216105176665,1.9268693508627774,0,3.361411108325012,0,16.651685393258614,0,0,0,0,0.007022222222222222,954.1139240506329,0.2650316455696203,0.06005398110661202,0.6246200607902735,0,HIGH,HIGH
VEH_007,68b89b2d4f65cd554d7512ab,2025-11-14 23:00:00,ON,57.01,9111.11,3.28,46.9,54.7,336.0,0.16,17,24.6,0.0,547.0,383429.02000000025,3.4200000000000004,57.01000000000022,16.669590643274915,0,0.0,24.6,0.16,0.17,0.16299999999999998,3600,1.0,28.609800000000003,0,16,28800,3.28,0.0009500000000000001,0.0009710317460317461,3377.850429096853,56.29750715161422,0.938291785860237,0,3.232693105357752,0,16.669590643274915,0,0,0,0,0.006833333333333334,479.99999999999994,0.1333333333333333,0.05998947553060844,0.4787234042553192,0,HIGH,HIGH
VEH_007,68b89b2d4f65cd554d7512ab,2025-11-15 00:00:00,ON,58.82,9169.93,47.65,46.8,56.2,337.0,-0.44,19,25.15,0.0,550.53,383429.02000000025,0.0,58.81999999999971,0.0,0,0.0,25.15,0.44,0.19,0.365,3600,1.0,34.32975,1,17,0,47.65,0.0,0.0008222222222222222,57952.7027027027,965.8783783783783,16.097972972972972,0,3.335327283935122,0,0.0,0,0,0,0,0.0069861111111111105,6820.675944333996,1.8946322067594434,0.0,0.020516717325227963,0,LOW,LOW
VEH_007,68b89b2d4f65cd554d7512ab,2025-11-15 01:00:00,ON,52.41,9222.35,44.5,46.5,53.0,338.0,0.06,46,23.22,0.0,553.67,383429.02000000025,3.1499999999999986,52.42000000000007,16.64126984126987,0,0.0,23.22,0.06,0.46,0.18,3600,1.0,27.399599999999996,0,17,3600,44.5,0.0008749999999999996,0.0008067460317460317,55159.86227250369,919.3310378750615,15.322183964584358,0,2.972421901120031,0,16.64126984126987,0,0,0,0,0.00645,6899.224806201551,1.9164513350559862,0.060091568103777075,0.6899696048632219,0,MEDIUM,LOW
VEH_007,68b89b2d4f65cd554d7512ab,2025-11-15 02:00:00,ON,58.84,9281.18,40.97,46.3,55.2,339.0,0.21,49,25.15,0.0,557.2,383429.02000000025,3.530000000000001,58.82999999999993,16.665722379603373,0,0.0,25.15,0.21,0.49,0.294,3600,1.0,32.5441,0,17,7200,40.97,0.000980555555555556,0.0008059523809523809,50834.268833087146,847.2378138847857,14.120630231413097,0,3.335894323595783,0,16.665722379603373,0,0,0,0,0.0069861111111111105,5864.493041749503,1.6290258449304176,0.06000339962604123,0.5151975683890577,0,MEDIUM,LOW
VEH_007,68b89b2d4f65cd554d7512ab,2025-11-15 03:00:00,ON,54.2,9335.38,37.72,45.3,53.2,340.0,-0.49,46,23.76,0.0,560.45,383429.02000000025,3.25,54.19999999999891,16.67692307692274,0,0.0,23.76,0.49,0.46,0.481,3600,1.0,35.18856,0,17,10800,37.72,0.0009027777777777777,0.0008095238095238096,46595.294117647056,776.5882352941176,12.94313725490196,0,3.073354960715418,0,16.67692307692274,0,0,0,0,0.006600000000000001,5715.151515151514,1.5875420875420871,0.05996309963099752,0.439209726443769,0,MEDIUM,LOW
VEH_007,68b89b2d4f65cd554d7512ab,2025-11-15 04:00:00,ON,51.65,9387.03,34.62,45.0,53.2,341.0,-0.09,24,23.0,0.0,563.55,383429.02000000025,3.1000000000000014,51.650000000001455,16.661290322581106,0,0.0,23.0,0.09,0.24,0.135,3600,1.0,26.105,0,17,14400,34.62,0.0008611111111111115,0.000794047619047619,43599.40029985007,726.6566716641679,12.110944527736132,0,2.928759847250166,0,16.661290322581106,0,0,0,0,0.006388888888888889,5418.782608695651,1.5052173913043476,0.060019361084219056,0.5486322188449848,0,MEDIUM,LOW
VEH_007,68b89b2d4f65cd554d7512ab,2025-11-15 05:00:00,ON,49.9,9436.94,62.44,45.0,52.5,342.0,-0.35,4,22.47,0.0,566.55,383429.02000000025,0.0,49.909999999999854,0.0,0,0.0,22.47,0.35,0.04,0.25699999999999995,3600,1.0,28.244789999999995,1,18,0,62.44,0.0,0.0006527777777777778,95652.7659574468,1594.2127659574467,26.570212765957443,0,2.830094946297217,0,0.0,0,0,0,0,0.006241666666666666,10003.73831775701,2.7788161993769473,0.0,0.020516717325227963,0,LOW,LOW
VEH_007,68b89b2d4f65cd554d7512ab,2025-11-15 06:00:00,ON,51.45,9488.39,59.35,45.1,49.2,343.0,0.2,9,22.94,0.0,569.63,383429.02000000025,3.0899999999999963,51.44999999999891,16.650485436892872,0,0.0,22.94,0.2,0.09,0.16699999999999998,3600,1.0,26.77098,0,18,3600,59.35,0.0008583333333333323,0.0006396825396825396,92780.39702233253,1546.339950372209,25.77233250620348,0,2.9174190540370493,0,16.650485436892872,0,0,0,0,0.006372222222222223,9313.86224934612,2.5871839581517,0.060058309037902075,0.6322188449848024,0,LOW,LOW
VEH_007,68b89b2d4f65cd554d7512ab,2025-11-15 07:00:00,ON,53.69,9542.08,56.13,45.1,51.7,344.0,0.07,45,23.61,0.0,572.85,383429.02000000025,3.219999999999999,53.69000000000051,16.673913043478425,0,0.0,23.61,0.07,0.45,0.184,3600,1.0,27.95424,0,18,7200,56.13,0.0008944444444444441,0.0007674603174603172,73137.33195449847,1218.9555325749745,20.31592554291624,0,3.0444359380224295,0,16.673913043478425,0,0,0,0,0.0065583333333333335,8558.576874205844,2.377382465057179,0.05997392438070345,0.45440729483282677,0,LOW,LOW
VEH_007,68b89b2d4f65cd554d7512ab,2025-11-15 08:00:00,ON,57.46,9599.53,52.68,45.1,57.1,345.0,-0.21,4,24.74,0.0,576.3,383429.02000000025,3.450000000000003,57.45000000000073,16.652173913043676,0,0.0,24.74,0.21,0.04,0.159,3600,1.0,28.673659999999998,0,18,10800,52.68,0.0009583333333333341,0.0007793650793650794,67593.48268839104,1126.5580448065173,18.775967413441958,0,3.25764285042632,0,16.652173913043676,0,0,0,0,0.006872222222222221,7665.6426839126925,2.129345189975748,0.06005221932114811,0.6139817629179332,0,LOW,LOW
VEH_007,68b89b2d4f65cd554d7512ab,2025-11-15 09:00:00,ON,58.18,9657.72,49.19,45.0,55.2,346.0,0.45,32,24.96,0.0,579.79,383429.02000000025,3.490000000000002,58.18999999999869,16.6733524355297,0,0.0,24.96,0.45,0.32,0.41100000000000003,3600,1.0,35.218560000000004,0,18,14400,49.19,0.000969444444444445,0.000777777777777778,63244.285714285696,1054.0714285714282,17.567857142857136,0,3.299603785314202,0,16.6733524355297,0,0,0,0,0.006933333333333334,7094.711538461537,1.9707532051282048,0.05997594088331467,0.45592705167173253,0,LOW,LOW
VEH_007,68b89b2d4f65cd554d7512ab,2025-11-15 10:00:00,ON,57.84,9715.56,45.72,45.3,51.4,347.0,-0.23,42,24.85,0.0,583.26,383429.02000000025,3.469999999999999,57.840000000000146,16.66858789625365,0,0.0,24.85,0.23,0.42,0.28700000000000003,3600,1.0,31.98195,0,18,18000,45.72,0.0009638888888888886,0.0007865079365079365,58130.37336024218,968.8395560040364,16.147325933400605,0,3.2797573971915828,0,16.66858789625365,0,0,0,0,0.0069027777777777785,6623.420523138832,1.839839034205231,0.05999308437067756,0.48936170212765956,0,LOW,LOW
VEH_007,68b89b2d4f65cd554d7512ab,2025-11-15 11:00:00,ON,54.47,9770.02,42.46,45.1,48.9,348.0,-0.27,20,23.84,0.0,586.53,383429.02000000025,3.259999999999998,54.460000000000946,16.705521472392938,0,0.0,23.84,0.27,0.2,0.249,3600,1.0,29.77616,0,18,21600,42.46,0.000905555555555555,0.0007928571428571428,53553.15315315316,892.5525525525526,14.875875875875877,0,3.0880979918923974,0,16.705521472392938,0,0,0,0,0.006622222222222222,6411.744966442953,1.781040268456376,0.05986044803525416,0.3009118541033435,0,MEDIUM,LOW
VEH_007,68b89b2d4f65cd554d7512ab,2025-11-15 12:00:00,ON,53.08,9823.1,39.27,44.5,53.0,349.0,0.18,42,23.42,0.0,589.72,383429.02000000025,3.1899999999999977,53.07999999999993,16.63949843260187,0,0.0,23.42,0.18,0.42,0.252,3600,1.0,29.32184,0,18,25200,39.27,0.0008861111111111105,0.0009194444444444442,42710.57401812691,711.8429003021151,11.864048338368585,0,3.009846518722831,0,16.63949843260187,0,0,0,0,0.006505555555555556,6036.379163108454,1.6767719897523483,0.060097965335342916,0.7021276595744681,0,MEDIUM,LOW
VEH_007,68b89b2d4f65cd554d7512ab,2025-11-15 13:00:00,ON,55.71,9878.81,35.93,44.4,52.5,350.0,-0.39,23,24.21,0.0,593.06,383429.02000000025,3.3400000000000034,55.70999999999913,16.679640718562595,0,0.0,24.21,0.39,0.23,0.34199999999999997,3600,1.0,32.48982,0,18,28800,35.93,0.0009277777777777788,0.0009293650793650794,38660.80273270709,644.3467122117848,10.739111870196414,0,3.1589779494733707,0,16.679640718562595,0,0,0,0,0.006725,5342.75092936803,1.4840974803800082,0.05995332974331459,0.43009118541033436,0,MEDIUM,MEDIUM
VEH_007,68b89b2d4f65cd554d7512ab,2025-11-15 14:00:00,ON,56.4,9935.21,32.54,44.5,53.5,351.0,-0.12,37,24.42,0.0,596.44,383429.02000000025,3.3900000000000006,56.399999999999636,16.63716814159281,0,0.0,24.42,0.12,0.37,0.195,3600,1.0,29.181900000000002,0,18,32400,32.54,0.0009416666666666668,0.0009361111111111113,34760.830860534115,579.3471810089019,9.655786350148365,0,3.198103686058154,0,16.63716814159281,0,0,0,0,0.006783333333333334,4797.051597051596,1.3325143325143323,0.0601063829787238,0.7173252279635258,0,MEDIUM,MEDIUM
VEH_007,68b89b2d4f65cd554d7512ab,2025-11-15 15:00:00,ON,55.28,9990.49,29.23,44.0,51.5,352.0,0.42,1,24.08,0.0,599.76,383429.02000000025,3.3099999999999987,55.280000000000655,16.70090634441108,0,0.0,24.08,0.42,0.01,0.297,3600,1.0,31.231759999999998,0,18,36000,29.23,0.0009194444444444441,0.0009305555555555557,31411.343283582086,523.5223880597015,8.725373134328358,0,3.134595244065567,0,16.70090634441108,0,0,0,0,0.006688888888888888,4369.933554817276,1.2138704318936877,0.05987698986975325,0.32370820668693007,0,MEDIUM,MEDIUM
VEH_007,68b89b2d4f65cd554d7512ab,2025-11-15 16:00:00,ON,50.48,10040.97,26.2,44.3,51.4,353.0,0.37,45,22.64,0.0,602.79,383429.02000000025,3.030000000000001,50.47999999999956,16.66006600660051,0,0.0,22.64,0.37,0.45,0.394,3600,1.0,31.560160000000003,0,18,39600,26.2,0.000841666666666667,0.0009123015873015873,28718.57329273597,478.6428882122662,7.9773814702044366,0,2.862416206954171,0,16.66006600660051,0,0,0,0,0.006288888888888889,4166.077738515901,1.157243816254417,0.06002377179080878,0.5577507598784195,0,MEDIUM,MEDIUM
VEH_007,68b89b2d4f65cd554d7512ab,2025-11-15 17:00:00,ON,55.53,10096.51,22.87,44.0,52.3,354.0,0.1,4,24.16,0.0,606.12,383429.02000000025,3.3299999999999983,55.54000000000087,16.67867867867895,0,0.0,24.16,0.1,0.04,0.08199999999999999,3600,1.0,26.14112,0,18,43200,22.87,0.0009249999999999995,0.0009067460317460317,25222.056892778994,420.3676148796499,7.006126914660832,0,3.1493382752424433,0,16.67867867867895,0,0,0,0,0.006711111111111111,3407.7814569536426,0.9466059602649007,0.0599567879006112,0.43465045592705165,0,HIGH,MEDIUM
VEH_007,68b89b2d4f65cd554d7512ab,2025-11-15 18:00:00,ON,54.84,10151.34,19.58,43.8,52.7,355.0,-0.25,49,23.95,0.0,609.41,383429.02000000025,3.2900000000000027,54.82999999999993,16.665653495440694,0,0.0,23.95,0.25,0.49,0.32199999999999995,3600,1.0,31.6619,0,18,46800,19.58,0.0009138888888888896,0.000907936507936508,21565.384615384613,359.4230769230769,5.990384615384615,0,3.109078459336338,0,16.665653495440694,0,0,0,0,0.006652777777777777,2943.1315240083504,0.817536534446764,0.060003647638154425,0.5167173252279635,0,HIGH,MEDIUM
VEH_007,68b89b2d4f65cd554d7512ab,2025-11-15 19:00:00,ON,61.79,10213.14,15.87,44.6,53.6,356.0,0.37,35,26.04,0.0,613.12,383429.02000000025,3.709999999999999,61.79999999999927,16.657681940700616,0,0.0,26.04,0.37,0.35,0.364,3600,1.0,35.518559999999994,0,18,50400,15.87,0.0010305555555555554,0.0009285714285714288,17090.769230769227,284.84615384615375,4.747435897435897,0,3.504305102808384,0,16.657681940700616,0,0,0,0,0.007233333333333333,2194.009216589862,0.6094470046082949,0.060032362459547614,0.5775075987841946,0,HIGH,MEDIUM
VEH_007,68b89b2d4f65cd554d7512ab,2025-11-15 20:00:00,ON,67.72,10280.86,11.81,43.9,53.1,357.0,-0.16,23,27.82,0.0,617.18,383429.02000000025,4.059999999999999,67.72000000000116,16.679802955665316,0,0.0,27.82,0.16,0.23,0.181,3600,1.0,32.85542,0,18,54000,11.81,0.0011277777777777775,0.000957142857142857,12338.805970149255,205.64676616915423,3.4274461028192373,0,3.83999258191247,0,16.679802955665316,0,0,0,0,0.007727777777777778,1528.253055355859,0.4245147375988497,0.05995274660366109,0.4270516717325228,0,HIGH,HIGH
VEH_007,68b89b2d4f65cd554d7512ab,2025-11-15 21:00:00,ON,71.01,10351.87,7.54,44.6,53.7,358.0,-0.11,37,28.8,0.0,621.44,383429.02000000025,4.2700000000000005,71.01000000000022,16.629976580796303,0,0.0,28.8,0.11,0.37,0.188,3600,2.0,34.2144,0,18,57600,7.54,0.0011861111111111113,0.000992063492063492,7600.320000000001,126.67200000000001,2.1112,0,4.026548630265809,0,16.629976580796303,0,0,0,0,0.008,942.5,0.26180555555555557,0.06013237572172916,0.743161094224924,0,HIGH,HIGH
VEH_007,68b89b2d4f65cd554d7512ab,2025-11-15 22:00:00,ON,65.46,10417.32,3.62,44.2,57.2,359.0,0.38,10,27.14,0.0,625.37,383429.02000000025,3.92,65.44999999999891,16.696428571428292,0,0.0,27.14,0.38,0.1,0.29599999999999993,3600,1.0,35.17343999999999,0,18,61200,3.62,0.0010888888888888888,0.001016269841269841,3562.0460757516603,59.367434595861006,0.98945724326435,0,3.711274578945107,0,16.696428571428292,0,0,0,0,0.007538888888888889,480.1768607221813,0.13338246131171702,0.05989304812834324,0.3465045592705167,0,HIGH,HIGH
VEH_007,68b89b2d4f65cd554d7512ab,2025-11-15 23:00:00,ON,72.67,10489.99,26.71,44.0,59.7,360.0,-0.07,16,29.3,0.0,629.73,383429.02000000025,0.0,72.67000000000007,0.0,0,0.0,29.3,0.07,0.16,0.097,3600,2.0,32.1421,1,19,0,26.71,0.0,0.0008960317460317461,29809.211691762623,496.82019486271037,8.280336581045173,0,4.1206772139334715,0,0.0,0,0,0,0,0.00813888888888889,3281.7747440273033,0.9116040955631398,0.0,0.020516717325227963,0,MEDIUM,MEDIUM
VEH_007,68b89b2d4f65cd554d7512ab,2025-11-16 00:00:00,ON,64.75,10554.75,22.83,44.2,56.5,361.0,-0.29,19,26.93,0.0,633.61,383429.02000000025,3.8800000000000026,64.76000000000022,16.69072164948458,0,0.0,26.93,0.29,0.19,0.26,3600,1.0,33.9318,0,19,3600,22.83,0.0010777777777777784,0.000917857142857143,24873.151750972756,414.55252918287925,6.909208819714655,0,3.6721488423604267,0,16.69072164948458,0,0,0,0,0.007480555555555555,3051.9123653917563,0.8477534348310434,0.05991352686843714,0.3723404255319149,0,HIGH,MEDIUM
VEH_007,68b89b2d4f65cd554d7512ab,2025-11-16 01:00:00,ON,64.82,10619.56,18.94,45.3,56.2,362.0,0.02,34,26.95,0.0,637.5,383429.02000000025,3.889999999999997,64.80999999999949,16.660668380462607,0,0.0,26.95,0.02,0.34,0.116,3600,1.0,30.076200000000004,0,19,7200,18.94,0.0010805555555555547,0.0009416666666666665,20113.27433628319,335.22123893805315,5.5870206489675525,0,3.6749840406636287,0,16.660668380462607,0,0,0,0,0.007486111111111111,2530.018552875696,0.70278293135436,0.06002160160469106,0.5531914893617021,0,HIGH,MEDIUM
VEH_007,68b89b2d4f65cd554d7512ab,2025-11-16 02:00:00,ON,65.86,10685.43,14.99,45.3,56.6,363.0,0.12,38,27.26,0.0,641.46,383429.02000000025,3.950000000000001,65.8700000000008,16.675949367088805,0,0.0,27.26,0.12,0.38,0.19799999999999998,3600,1.0,32.65748,0,19,10800,14.99,0.0010972222222222225,0.0009511904761904761,15759.198998748438,262.6533166458073,4.377555277430122,0,3.735090244692456,0,16.675949367088805,0,0,0,0,0.007572222222222222,1979.6038151137197,0.5498899486426999,0.059966600880521526,0.44224924012158057,0,HIGH,MEDIUM
VEH_007,68b89b2d4f65cd554d7512ab,2025-11-16 03:00:00,ON,64.26,10749.69,11.13,44.8,59.6,364.0,-0.2,42,26.78,0.0,645.31,383429.02000000025,3.8599999999999994,64.26000000000022,16.647668393782443,0,0.0,26.78,0.2,0.42,0.266,3600,1.0,33.90348,0,19,14400,11.13,0.001072222222222222,0.0009432539682539683,11799.579301640724,196.6596550273454,3.2776609171224234,0,3.6437968593279964,0,16.647668393782443,0,0,0,0,0.007438888888888889,1496.1911874533234,0.4156086631814787,0.060068471833177504,0.648936170212766,0,HIGH,HIGH
VEH_007,68b89b2d4f65cd554d7512ab,2025-11-16 04:00:00,ON,65.63,10815.32,7.19,44.6,58.7,365.0,0.29,44,27.19,0.0,649.25,383429.02000000025,3.9400000000000004,65.6299999999992,16.657360406091165,0,0.0,27.19,0.29,0.44,0.33499999999999996,3600,1.0,36.29865,0,19,18000,7.19,0.0010944444444444445,0.0009301587301587301,7729.86348122867,128.83105802047783,2.1471843003412974,0,3.7214812928367986,0,16.657360406091165,0,0,0,0,0.007552777777777778,951.9676351599853,0.26443545421110703,0.06003352125552413,0.5790273556231003,0,HIGH,HIGH
VEH_007,68b89b2d4f65cd554d7512ab,2025-11-16 05:00:00,ON,65.8,10881.12,3.24,44.4,52.6,366.0,0.22,2,27.24,0.0,653.2,383429.02000000025,3.95,65.80000000000109,16.658227848101543,0,0.0,27.24,0.22,0.02,0.16,3600,1.0,31.598399999999994,0,19,21600,3.24,0.0010972222222222223,0.0009313492063492064,3478.8240306774605,57.98040051129101,0.9663400085215168,0,3.731120967067932,0,16.658227848101543,0,0,0,0,0.007566666666666666,428.193832599119,0.11894273127753305,0.060030395136777125,0.5714285714285714,0,HIGH,HIGH
VEH_007,68b89b2d4f65cd554d7512ab,2025-11-16 06:00:00,ON,58.18,10939.3,31.41,43.9,49.5,367.0,-0.32,39,24.95,0.0,656.69,383429.02000000025,0.0,58.17999999999847,0.0,0,0.0,24.95,0.32,0.39,0.34099999999999997,3600,1.0,33.45795,1,20,0,31.41,0.0,0.0009313492063492063,33725.266297400936,562.0877716233489,9.368129527055816,0,3.2990367456535408,0,0.0,0,0,0,0,0.006930555555555555,4532.104208416834,1.2589178356713429,0.0,0.020516717325227963,0,MEDIUM,MEDIUM
VEH_007,68b89b2d4f65cd554d7512ab,2025-11-16 07:00:00,ON,52.97,10992.27,28.23,43.5,49.9,368.0,-0.14,21,23.39,0.0,659.87,383429.02000000025,3.1799999999999997,52.970000000001164,16.657232704402883,0,0.0,23.39,0.14,0.21,0.161,3600,1.0,27.15579,0,20,3600,28.23,0.0008833333333333333,0.0009035714285714284,31242.68774703558,520.711462450593,8.67852437417655,0,3.0036090824557666,0,16.657232704402883,0,0,0,0,0.006497222222222223,4344.933732364258,1.2069260367678494,0.06003398149896035,0.5805471124620061,0,MEDIUM,MEDIUM
VEH_007,68b89b2d4f65cd554d7512ab,2025-11-16 08:00:00,ON,46.99,11039.25,25.41,43.3,49.4,369.0,-0.2,41,21.6,0.0,662.69,383429.02000000025,2.8200000000000003,46.97999999999956,16.65957446808495,0,0.0,21.6,0.2,0.41,0.26299999999999996,3600,1.0,27.2808,0,20,7200,25.41,0.0007833333333333334,0.0008611111111111112,29508.38709677419,491.8064516129032,8.196774193548386,0,2.663952325727157,0,16.65957446808495,0,0,0,0,0.006,4235.0,1.176388888888889,0.06002554278416404,0.560790273556231,0,MEDIUM,MEDIUM
VEH_007,68b89b2d4f65cd554d7512ab,2025-11-16 09:00:00,ON,52.57,11091.82,22.26,42.9,50.1,370.0,-0.06,0,23.27,0.0,665.84,383429.02000000025,3.1499999999999986,52.56999999999971,16.688888888888805,0,0.0,23.27,0.06,0.0,0.041999999999999996,3600,1.0,24.24734,0,20,10800,22.26,0.0008749999999999996,0.0008293650793650793,26839.808612440196,447.33014354066995,7.455502392344499,0,2.9809274960297394,0,16.688888888888805,0,0,0,0,0.006463888888888889,3443.7473141383757,0.9565964761495488,0.05992010652463413,0.3829787234042553,0,HIGH,MEDIUM
VEH_007,68b89b2d4f65cd554d7512ab,2025-11-16 10:00:00,ON,49.87,11141.7,19.26,43.6,46.4,371.0,-0.15,35,22.46,0.0,668.83,383429.02000000025,3.0,49.88000000000102,16.626666666667006,0,0.0,22.46,0.15,0.35,0.21,3600,1.0,27.1766,0,20,14400,19.26,0.0008333333333333334,0.0007952380952380952,24219.161676646712,403.65269461077855,6.727544910179643,0,2.828393827315337,0,16.626666666667006,0,0,0,0,0.006238888888888889,3087.088156723063,0.8575244879786287,0.060144346431434216,0.7583586626139818,0,HIGH,MEDIUM
VEH_007,68b89b2d4f65cd554d7512ab,2025-11-16 11:00:00,ON,46.85,11188.54,16.45,43.2,49.6,372.0,0.4,19,21.55,0.0,671.64,383429.02000000025,2.8100000000000023,46.840000000000146,16.66903914590751,0,0.0,21.55,0.4,0.19,0.33699999999999997,3600,1.0,28.81235,0,20,18000,16.45,0.0007805555555555561,0.0007503968253968254,21921.734531993654,365.36224219989424,6.0893707033315705,0,2.656013770478109,0,16.66903914590751,0,0,0,0,0.005986111111111111,2748.027842227378,0.7633410672853829,0.05999146029034999,0.4817629179331307,0,HIGH,MEDIUM
VEH_007,68b89b2d4f65cd554d7512ab,2025-11-16 12:00:00,ON,43.05,11231.59,13.87,43.2,44.0,373.0,0.44,4,20.41,0.0,674.23,383429.02000000025,2.58,43.04999999999927,16.686046511627623,0,0.0,20.41,0.44,0.04,0.32,3600,1.0,26.941200000000002,0,20,21600,13.87,0.0007166666666666667,0.000696031746031746,19927.251995438997,332.12086659064994,5.535347776510832,0,2.4411057390922357,0,16.686046511627623,0,0,0,0,0.005669444444444445,2446.447819696227,0.6795688388045075,0.05993031358885119,0.39209726443769,0,HIGH,MEDIUM
VEH_007,68b89b2d4f65cd554d7512ab,2025-11-16 13:00:00,ON,35.1,11266.69,11.76,43.3,44.2,374.0,0.24,5,18.03,0.0,676.33,383429.02000000025,2.1099999999999994,35.100000000000364,16.63507109004757,0,0.0,18.03,0.24,0.05,0.183,3600,1.0,21.329490000000003,0,20,25200,11.76,0.0005861111111111109,0.0007797619047619047,15081.526717557252,251.3587786259542,4.189312977099236,0,1.9903092088766505,0,16.63507109004757,0,0,0,0,0.005008333333333333,2348.0865224625622,0.6522462562396006,0.060113960113959475,0.723404255319149,0,HIGH,MEDIUM
VEH_007,68b89b2d4f65cd554d7512ab,2025-11-16 14:00:00,ON,31.75,11298.45,9.86,42.9,44.6,375.0,-0.17,14,17.03,0.0,678.24,383429.02000000025,1.9000000000000004,31.76000000000022,16.71578947368432,0,0.0,17.03,0.17,0.14,0.161,3600,1.0,19.77183,0,20,28800,9.86,0.0005277777777777778,0.0007289682539682541,13525.966249319541,225.43277082199236,3.757212847033206,0,1.8009179622200058,0,16.71578947368432,0,0,0,0,0.0047305555555555556,2084.321785085144,0.5789782736347622,0.05982367758186358,0.27203647416413373,0,HIGH,MEDIUM
VEH_007,68b89b2d4f65cd554d7512ab,2025-11-16 15:00:00,ON,35.23,11333.68,7.74,43.3,45.4,376.0,0.5,6,18.07,0.0,680.35,383429.02000000025,2.119999999999999,35.22999999999956,16.617924528301685,0,0.0,18.07,0.5,0.06,0.368,3600,1.0,24.719759999999997,0,20,32400,7.74,0.0005888888888888887,0.0007011904761904761,11038.370118845502,183.9728353140917,3.0662139219015283,0,1.997680724465037,0,16.617924528301685,0,0,0,0,0.005019444444444444,1542.0033204205868,0.4283342556723852,0.06017598637524909,0.790273556231003,0,HIGH,HIGH
VEH_007,68b89b2d4f65cd554d7512ab,2025-11-16 16:00:00,ON,31.6,11365.28,5.85,43.1,46.5,377.0,0.25,38,16.98,0.0,682.25,383429.02000000025,1.8900000000000006,31.600000000000364,16.719576719576906,0,0.0,16.98,0.25,0.38,0.289,3600,1.0,21.88722,0,20,36000,5.85,0.0005250000000000002,0.0006511904761904763,8983.546617915903,149.72577696526506,2.4954296160877507,0,1.7918453276496362,0,16.719576719576906,0,0,0,0,0.004716666666666667,1240.2826855123674,0.3445229681978798,0.05981012658227781,0.26443768996960487,0,HIGH,HIGH
VEH_007,68b89b2d4f65cd554d7512ab,2025-11-16 17:00:00,ON,30.33,11395.61,4.03,43.9,49.7,378.0,-0.22,13,16.6,0.0,684.07,383429.02000000025,1.8199999999999994,30.329999999999927,16.66483516483513,0,0.0,16.6,0.22,0.13,0.193,3600,1.0,19.803800000000003,0,20,39600,4.03,0.0005055555555555554,0.0006043650793650794,6668.154957321077,111.13591595535128,1.8522652659225214,0,1.7198312907472375,0,16.66483516483513,0,0,0,0,0.004611111111111112,873.9759036144577,0.24277108433734937,0.060006594131223334,0.5212765957446809,0,HIGH,HIGH
VEH_007,68b89b2d4f65cd554d7512ab,2025-11-16 18:00:00,ON,24.72,11420.33,2.54,44.2,42.4,379.0,-0.36,16,14.92,0.0,685.55,383429.02000000025,1.4900000000000002,24.719999999999345,16.590604026845195,0,0.0,14.92,0.36,0.16,0.3,3600,0.0,19.396,0,20,43200,2.54,0.00041388888888888893,0.000551984126984127,4601.581595974119,76.69302659956865,1.278217109992811,0,1.4017220411233329,0,16.590604026845195,0,0,0,0,0.0041444444444444445,612.8686327077749,0.17024128686327078,0.060275080906150476,0.8480243161094225,0,HIGH,HIGH
VEH_007,68b89b2d4f65cd554d7512ab,2025-11-16 19:00:00,ON,31.19,11451.53,0.67,44.3,46.9,380.0,0.03,44,16.86,0.0,687.42,383429.02000000025,1.87,31.200000000000728,16.684491978610012,0,0.0,16.86,0.03,0.44,0.153,3600,1.0,19.43958,0,20,46800,0.67,0.0005194444444444444,0.0005238095238095238,1279.090909090909,21.318181818181817,0.3553030303030303,0,1.7691637412237122,0,16.684491978610012,0,0,0,0,0.004683333333333333,143.0604982206406,0.03973902728351128,0.05993589743589604,0.3981762917933131,0,HIGH,HIGH
VEH_007,68b89b2d4f65cd554d7512ab,2025-11-16 20:00:00,ON,25.92,11477.45,0.0,44.2,42.5,381.0,0.13,41,15.28,0.0,688.98,383429.02000000025,0.67,25.920000000000073,38.68656716417921,0,0.0,15.28,0.13,0.41,0.21399999999999997,3600,0.0,18.54992,0,20,50400,0.0,0.00018611111111111112,0.0004666666666666667,0.0,0.0,0.0,0,1.4697668004012077,0,38.68656716417921,0,0,0,0,0.004244444444444444,0.0,0.0,0.025848765432098693,0.041033434650455926,0,HIGH,HIGH
VEH_007,68b89b2d4f65cd554d7512ab,2025-11-16 21:00:00,ON,0.0,11477.45,42.33,44.1,26.3,381.0,-0.25,38,0.0,0.03,688.98,383429.02000000025,0.0,0.0,0.0,1,0.03,0.0,0.25,0.38,0.289,3600,0.0,0.0,1,21,0,42.33,0.0,0.00039126984126984125,108186.20689655172,1803.103448275862,30.051724137931036,0,0.0,0,0.0,0,0,0,0,8.333333333333334e-06,5079600.0,1411.0,0.0,0.0,0,MEDIUM,LOW
VEH_007,68b89b2d4f65cd554d7512ab,2025-11-16 22:00:00,ON,0.0,11477.45,42.3,43.9,21.7,382.0,-0.34,31,0.0,0.03,689.01,383429.02000000025,0.030000000000001137,0.0,0.0,1,0.03,0.0,0.34,0.31,0.33099999999999996,3600,0.0,0.0,0,21,3600,42.3,8.333333333333649e-06,0.0003083333333333333,137189.1891891892,2286.4864864864867,38.10810810810811,0,0.0,0,0.0,1,1,0,0,8.333333333333334e-06,5075999.999999999,1409.9999999999998,0.0,0.0,0,MEDIUM,LOW
VEH_007,68b89b2d4f65cd554d7512ab,2025-11-16 23:00:00,ON,4.46,11481.91,42.04,44.1,36.1,383.0,-0.07,3,8.84,0.0,689.27,383429.02000000025,0.259999999999998,4.459999999999127,17.153846153842927,0,0.0,8.84,0.07,0.03,0.058,3600,0.0,9.35272,0,21,7200,42.04,7.222222222222166e-05,0.0002436507936507936,172542.019543974,2875.7003257328997,47.928338762215,0,0.2528996886492317,0,17.153846153842927,0,0,0,0,0.0024555555555555554,17120.361990950227,4.755656108597285,0.0582959641255715,0.06231003039513678,0,MEDIUM,LOW
VEH_007,68b89b2d4f65cd554d7512ab,2025-11-17 00:00:00,ON,6.81,11488.72,41.63,44.4,38.0,384.0,0.46,11,9.54,0.0,689.68,383429.02000000025,0.4099999999999966,6.809999999999491,16.60975609755987,0,0.0,9.54,0.46,0.11,0.355,3600,0.0,12.926699999999999,0,21,10800,41.63,0.00011388888888888794,0.00018769841269841253,221791.96617336172,3696.5327695560286,61.60887949260048,0,0.3861540089016762,0,16.60975609755987,0,0,0,0,0.0026499999999999996,15709.433962264155,4.363731656184488,0.060205580029372575,0.8100303951367781,0,MEDIUM,LOW
VEH_007,68b89b2d4f65cd554d7512ab,2025-11-17 01:00:00,ON,1.89,11490.61,41.51,44.0,35.3,385.0,0.09,33,8.07,0.0,689.8,383429.02000000025,0.12000000000000455,1.890000000001237,15.750000000009711,0,0.0,8.07,0.09,0.33,0.162,3600,0.0,9.37734,0,21,14400,41.51,3.3333333333334595e-05,0.00013333333333333334,311324.99999999994,5188.749999999999,86.47916666666666,0,0.1071704958626579,0,15.750000000009711,0,0,0,0,0.0022416666666666665,18517.472118959107,5.143742255266418,0.06349206349202434,0.9878419452887538,0,MEDIUM,LOW
VEH_007,68b89b2d4f65cd554d7512ab,2025-11-17 02:00:00,ON,0.23,11490.84,41.5,44.1,34.3,386.0,-0.1,7,7.57,0.0,689.81,383429.02000000025,0.00999999999999801,0.22999999999956344,22.99999999996092,0,0.0,7.57,0.1,0.07,0.091,3600,0.0,8.25887,0,21,18000,41.5,2.7777777777772252e-06,5.9523809523809456e-05,697200.0000000008,11620.000000000013,193.66666666666688,0,0.013041912194893333,0,22.99999999996092,0,0,0,0,0.002102777777777778,19735.79920739762,5.482166446499339,0.043478260869639095,0.0425531914893617,0,MEDIUM,LOW
VEH_007,68b89b2d4f65cd554d7512ab,2025-11-17 03:00:00,ON,0.83,11491.66,41.45,43.7,40.3,387.0,0.24,14,7.75,0.0,689.86,383429.02000000025,0.04999999999999716,0.819999999999709,16.39999999999511,0,0.0,7.75,0.24,0.14,0.21,3600,0.0,9.3775,0,21,21600,41.45,1.38888888888881e-05,3.492063492063474e-05,1186977.2727272788,19782.954545454646,329.71590909091077,0,0.046497252173169724,0,16.39999999999511,0,0,0,0,0.0021527777777777778,19254.1935483871,5.348387096774194,0.06097560975611574,0.9506079027355623,0,MEDIUM,LOW
VEH_007,68b89b2d4f65cd554d7512ab,2025-11-17 04:00:00,ON,0.0,11491.66,41.42,43.8,26.1,388.0,-0.1,9,0.0,0.03,689.89,383429.02000000025,0.030000000000001137,0.0,0.0,1,0.03,0.0,0.1,0.09,0.09699999999999999,3600,0.0,0.0,0,21,25200,41.42,8.333333333333649e-06,3.611111111111098e-05,1147015.3846153887,19116.923076923144,318.6153846153857,0,0.0,0,0.0,1,1,0,0,8.333333333333334e-06,4970400.0,1380.6666666666667,0.0,0.0,0,MEDIUM,LOW
VEH_007,68b89b2d4f65cd554d7512ab,2025-11-17 05:00:00,ON,1.32,11492.98,41.34,43.8,38.8,389.0,-0.2,14,7.9,0.0,689.97,383429.02000000025,0.0799999999999983,1.319999999999709,16.499999999996714,0,0.0,7.9,0.2,0.14,0.182,3600,0.0,9.3378,0,21,28800,41.34,2.222222222222175e-05,3.809523809523784e-05,1085175.0000000072,18086.25000000012,301.437500000002,0,0.07484923520560034,0,16.499999999996714,0,0,0,0,0.0021944444444444446,18838.481012658227,5.232911392405063,0.060606060606072674,0.925531914893617,0,MEDIUM,LOW
VEH_007,68b89b2d4f65cd554d7512ab,2025-11-17 06:00:00,ON,0.0,11492.98,41.31,44.0,22.9,390.0,-0.41,24,0.0,0.03,690.0,383429.02000000025,0.030000000000001137,0.0,0.0,1,0.03,0.0,0.41,0.24,0.359,3600,0.0,0.0,0,21,32400,41.31,8.333333333333649e-06,2.8968253968253845e-05,1426043.8356164445,23767.397260274076,396.12328767123455,0,0.0,0,0.0,1,1,0,0,8.333333333333334e-06,4957200.0,1377.0,0.0,0.0,0,MEDIUM,LOW
VEH_007,68b89b2d4f65cd554d7512ab,2025-11-17 07:00:00,ON,0.85,11493.83,41.26,44.2,38.2,391.0,-0.07,32,7.76,0.0,690.05,383429.02000000025,0.05000000000000426,0.8500000000003638,17.000000000005826,0,0.0,7.76,0.07,0.32,0.14500000000000002,3600,0.0,8.8852,0,21,36000,41.26,1.3888888888890074e-05,1.4682539682539863e-05,2810140.540540506,46835.675675675106,780.594594594585,0,0.04819837115515269,0,17.000000000005826,0,0,0,0,0.0021555555555555555,19141.23711340206,5.31701030927835,0.05882352941174455,0.0729483282674772,0,MEDIUM,LOW
VEH_007,68b89b2d4f65cd554d7512ab,2025-11-17 08:00:00,ON,0.0,11493.83,41.23,43.9,24.9,392.0,-0.04,14,0.0,0.03,690.08,383429.02000000025,0.030000000000001137,0.0,0.0,1,0.03,0.0,0.04,0.14,0.07,3600,0.0,0.0,0,21,39600,41.23,8.333333333333649e-06,1.1111111111111156e-05,3710699.9999999846,61844.999999999745,1030.7499999999957,0,0.0,0,0.0,1,1,0,0,8.333333333333334e-06,4947599.999999999,1374.333333333333,0.0,0.0,0,MEDIUM,LOW
VEH_007,68b89b2d4f65cd554d7512ab,2025-11-17 09:00:00,ON,2.78,11496.61,41.06,43.6,37.7,393.0,0.02,13,8.33,0.0,690.25,383429.02000000025,0.1699999999999946,2.780000000000655,16.35294117647496,0,0.0,8.33,0.02,0.13,0.053,3600,0.0,8.77149,0,21,43200,41.06,4.7222222222220724e-05,1.746031746031737e-05,2351618.1818181938,39193.636363636564,653.227272727276,0,0.1576370256603514,0,16.35294117647496,0,0,0,0,0.0023138888888888888,17745.01800720288,4.929171668667467,0.0611510791366743,0.9635258358662614,0,MEDIUM,LOW
VEH_007,68b89b2d4f65cd554d7512ab,2025-11-17 10:00:00,ON,7.27,11503.88,40.63,43.9,37.7,394.0,-0.21,22,9.68,0.0,690.68,383429.02000000025,0.4299999999999997,7.269999999998618,16.906976744182842,0,0.0,9.68,0.21,0.22,0.213,3600,0.0,11.74184,0,21,46800,40.63,0.00011944444444444437,3.253968253968255e-05,1248629.2682926827,20810.487804878045,346.84146341463406,0,0.4122378332914629,0,16.906976744182842,0,0,0,0,0.0026888888888888887,15110.3305785124,4.197314049586778,0.05914718019258342,0.0911854103343465,0,MEDIUM,LOW
VEH_007,68b89b2d4f65cd554d7512ab,2025-11-17 11:00:00,ON,5.71,11509.58,40.29,43.8,36.4,395.0,-0.11,33,9.21,0.0,691.03,383429.02000000025,0.3400000000000034,5.700000000000728,16.764705882354914,0,0.0,9.21,0.11,0.33,0.176,3600,0.0,10.830960000000001,0,21,50400,40.29,9.444444444444539e-05,4.484126984126994e-05,898502.6548672547,14975.044247787579,249.58407079645963,0,0.32321260656975037,0,16.764705882354914,0,0,0,0,0.0025583333333333335,15748.534201954397,4.374592833876221,0.05964912280701053,0.1717325227963526,0,MEDIUM,LOW
VEH_007,68b89b2d4f65cd554d7512ab,2025-11-17 12:00:00,ON,8.19,11517.77,39.8,44.0,32.8,396.0,0.1,9,9.96,0.0,691.52,383429.02000000025,0.490000000000002,8.19000000000051,16.714285714286685,0,0.0,9.96,0.1,0.09,0.09699999999999999,3600,0.0,10.926120000000001,0,21,54000,39.8,0.00013611111111111167,6.111111111111136e-05,651272.7272727245,10854.545454545409,180.90909090909014,0,0.4644054820712425,0,16.714285714286685,0,0,0,0,0.002766666666666667,14385.542168674698,3.9959839357429714,0.05982905982905635,0.2765957446808511,0,MEDIUM,LOW
VEH_007,68b89b2d4f65cd554d7512ab,2025-11-17 13:00:00,ON,4.94,11522.71,39.5,44.0,41.7,397.0,-0.18,19,8.98,0.0,691.81,383429.02000000025,0.29999999999999716,4.93999999999869,16.46666666666246,0,0.0,8.98,0.18,0.19,0.183,3600,0.0,10.62334,0,21,57600,39.5,8.333333333333254e-05,7.182539682539692e-05,549944.7513812147,9165.745856353578,152.7624309392263,0,0.2801175923603403,0,16.46666666666246,0,0,0,0,0.0024944444444444445,15835.189309576837,4.398663697104677,0.06072874493928678,0.9422492401215805,0,MEDIUM,LOW
VEH_007,68b89b2d4f65cd554d7512ab,2025-11-17 14:00:00,ON,0.62,11523.33,39.46,44.8,38.0,398.0,-0.43,6,7.69,0.0,691.85,383429.02000000025,0.03999999999999915,0.6200000000008004,15.50000000002034,0,0.0,7.69,0.43,0.06,0.319,3600,0.0,10.14311,0,21,61200,39.46,1.1111111111110874e-05,7.142857142857133e-05,552440.0000000008,9207.333333333347,153.45555555555578,0,0.03515645896025936,0,15.50000000002034,0,0,0,0,0.002136111111111111,18472.821846553965,5.131339401820545,0.06451612903217341,0.9908814589665653,0,MEDIUM,LOW
VEH_007,68b89b2d4f65cd554d7512ab,2025-11-17 15:00:00,ON,6.07,11529.4,39.1,45.4,43.1,399.0,-0.27,32,9.32,0.0,692.21,383429.02000000025,0.35999999999999943,6.069999999999709,16.86111111111033,0,0.0,9.32,0.27,0.32,0.28500000000000003,3600,0.0,11.976200000000002,0,21,64800,39.1,9.999999999999984e-05,8.452380952380936e-05,462591.5492957756,7709.859154929593,128.49765258215987,0,0.34419307401369126,0,16.86111111111033,0,0,0,0,0.002588888888888889,15103.004291845495,4.195278969957082,0.0593080724876469,0.10562310030395136,0,MEDIUM,LOW
VEH_007,68b89b2d4f65cd554d7512ab,2025-11-17 16:00:00,ON,8.12,11537.52,38.61,45.4,34.9,400.0,-0.44,17,9.93,0.0,692.7,383429.02000000025,0.490000000000002,8.1200000000008,16.571428571430136,0,0.0,9.93,0.44,0.17,0.359,3600,0.0,13.494869999999999,0,21,68400,38.61,0.00013611111111111167,9.722222222222235e-05,397131.42857142806,6618.857142857134,110.31428571428557,0,0.46043620444671873,0,16.571428571430136,0,0,0,0,0.002758333333333333,13997.583081570998,3.8882175226586106,0.060344827586201195,0.8768996960486323,0,MEDIUM,LOW
VEH_007,68b89b2d4f65cd554d7512ab,2025-11-17 17:00:00,ON,8.05,11545.56,38.13,45.5,41.1,401.0,-0.31,24,9.91,0.0,693.18,383429.02000000025,0.4799999999999969,8.039999999999054,16.74999999999814,0,0.0,9.91,0.31,0.24,0.289,3600,0.0,12.77399,0,21,72000,38.13,0.00013333333333333247,9.92063492063492e-05,384350.4,6405.84,106.76400000000001,0,0.4558998871614308,0,16.74999999999814,0,0,0,0,0.0027527777777777776,13851.463168516651,3.847628657921292,0.059701492537320065,0.1945288753799392,0,MEDIUM,LOW
VEH_007,68b89b2d4f65cd554d7512ab,2025-11-17 18:00:00,ON,7.51,11553.08,37.68,45.4,37.1,402.0,0.01,0,9.75,0.0,693.63,383429.02000000025,0.45000000000000284,7.520000000000437,16.711111111111975,0,0.0,9.75,0.01,0.0,0.006999999999999999,3600,0.0,9.818249999999999,0,21,75600,37.68,0.0001250000000000008,0.00010357142857142855,363806.89655172423,6063.448275862071,101.05747126436785,0,0.42641382480778134,0,16.711111111111975,0,0,0,0,0.0027083333333333334,13912.615384615385,3.8646153846153846,0.059840425531911795,0.2872340425531915,0,MEDIUM,LOW
VEH_007,68b89b2d4f65cd554d7512ab,2025-11-17 19:00:00,ON,9.96,11563.04,37.08,45.1,38.7,403.0,-0.44,20,10.49,0.0,694.23,383429.02000000025,0.6000000000000014,9.960000000000946,16.600000000001536,0,0.0,10.49,0.44,0.2,0.368,3600,0.0,14.350319999999998,0,21,79200,37.08,0.00016666666666666707,0.00010793650793650788,343535.2941176472,5725.588235294121,95.42647058823535,0,0.5647715020060717,0,16.600000000001536,0,0,0,0,0.002913888888888889,12725.262154432792,3.534795042897998,0.06024096385541611,0.8297872340425532,0,MEDIUM,LOW
VEH_007,68b89b2d4f65cd554d7512ab,2025-11-17 20:00:00,ON,6.99,11570.03,36.66,44.5,39.3,404.0,0.1,20,9.6,0.0,694.65,383429.02000000025,0.4200000000000017,6.989999999999782,16.642857142856556,0,0.0,9.6,0.1,0.2,0.13,3600,0.0,10.847999999999999,0,21,82800,36.66,0.00011666666666666714,0.00011269841269841284,325292.95774647844,5421.549295774641,90.35915492957734,0,0.39636072279336776,0,16.642857142856556,0,0,0,0,0.0026666666666666666,13747.5,3.81875,0.06008583690987337,0.6816109422492401,0,MEDIUM,LOW
VEH_007,68b89b2d4f65cd554d7512ab,2025-11-17 21:00:00,ON,2.41,11572.44,36.52,44.7,39.2,405.0,0.46,37,8.22,0.0,694.8,383429.02000000025,0.13999999999999346,2.4099999999998545,17.214285714285477,0,0.0,8.22,0.46,0.37,0.433,3600,0.0,11.77926,0,21,86400,36.52,3.8888888888887075e-05,0.00011666666666666658,313028.57142857165,5217.1428571428605,86.95238095238102,0,0.13665655821630737,0,17.214285714285477,0,0,0,0,0.0022833333333333334,15994.160583941606,4.442822384428224,0.058091286307054735,0.0547112462006079,0,MEDIUM,LOW
VEH_007,68b89b2d4f65cd554d7512ab,2025-11-17 22:00:00,ON,0.52,11572.96,36.48,45.0,33.2,406.0,-0.38,24,7.66,0.0,694.83,383429.02000000025,0.04000000000000625,0.5199999999986176,12.999999999963407,0,0.0,7.66,0.38,0.24,0.33799999999999997,3600,0.0,10.249080000000001,0,21,90000,36.48,1.1111111111112848e-05,0.00010396825396825415,350876.33587786194,5847.938931297699,97.46564885496166,0,0.02948606235364946,0,12.999999999963407,0,0,0,0,0.002127777777777778,17144.647519582242,4.762402088772845,0.07692307692329345,0.9984802431610942,0,MEDIUM,LOW
VEH_007,68b89b2d4f65cd554d7512ab,2025-11-17 23:00:00,ON,0.0,11572.96,36.45,45.6,26.4,407.0,-0.14,7,0.0,0.03,694.86,383429.02000000025,0.02999999999999403,0.0,0.0,1,0.03,0.0,0.14,0.07,0.11900000000000001,3600,0.0,0.0,0,21,93600,36.45,8.333333333331675e-06,8.571428571428558e-05,425250.0000000007,7087.500000000012,118.1250000000002,0,0.0,0,0.0,1,1,0,0,8.333333333333334e-06,4374000.0,1215.0,0.0,0.0,0,MEDIUM,LOW
VEH_007,68b89b2d4f65cd554d7512ab,2025-11-18 00:00:00,ON,1.18,11574.14,36.38,45.3,38.9,408.0,0.12,2,7.85,0.0,694.93,383429.02000000025,0.07000000000000028,1.180000000000291,16.857142857146947,0,0.0,7.85,0.12,0.02,0.09,3600,0.0,8.5565,0,21,97200,36.38,1.9444444444444523e-05,6.944444444444444e-05,523872.00000000006,8731.2,145.52,0,0.06691067995655278,0,16.857142857146947,0,0,0,0,0.0021805555555555554,16683.821656050957,4.634394904458599,0.059322033898290695,0.1094224924012158,0,MEDIUM,LOW
VEH_007,68b89b2d4f65cd554d7512ab,2025-11-18 01:00:00,ON,0.0,11574.14,36.35,45.7,29.7,409.0,0.0,15,0.0,0.03,694.96,383429.02000000025,0.030000000000001137,0.0,0.0,1,0.03,0.0,0.0,0.15,0.045,3600,0.0,0.0,0,21,100800,36.35,8.333333333333649e-06,5.2777777777777716e-05,688736.842105264,11478.947368421066,191.31578947368445,0,0.0,0,0.0,1,1,0,0,8.333333333333334e-06,4362000.0,1211.6666666666667,0.0,0.0,0,MEDIUM,LOW
VEH_007,68b89b2d4f65cd554d7512ab,2025-11-18 02:00:00,ON,0.0,11574.14,36.32,45.3,27.4,410.0,0.24,10,0.0,0.03,694.99,383429.02000000025,0.030000000000001137,0.0,0.0,1,0.03,0.0,0.24,0.1,0.19799999999999998,3600,0.0,0.0,0,21,104400,36.32,8.333333333333649e-06,3.015873015873008e-05,1204294.7368421084,20071.578947368474,334.52631578947455,0,0.0,0,0.0,1,1,0,0,8.333333333333334e-06,4358400.0,1210.6666666666667,0.0,0.0,0,MEDIUM,LOW
VEH_007,68b89b2d4f65cd554d7512ab,2025-11-18 03:00:00,ON,0.82,11574.96,36.27,44.6,36.7,411.0,0.27,42,7.75,0.0,695.04,383429.02000000025,0.04999999999999716,0.819999999999709,16.39999999999511,0,0.0,7.75,0.27,0.42,0.315,3600,0.0,10.19125,0,21,108000,36.27,1.38888888888881e-05,1.5476190476190216e-05,2343600.0000000396,39060.00000000066,651.000000000011,0,0.046497252173169724,0,16.39999999999511,0,0,0,0,0.0021527777777777778,16848.0,4.68,0.06097560975611574,0.9506079027355623,0,MEDIUM,LOW
VEH_007,68b89b2d4f65cd554d7512ab,2025-11-18 04:00:00,ON,1.07,11576.03,36.21,44.8,37.1,412.0,-0.18,15,7.82,0.0,695.1,383429.02000000025,0.060000000000002274,1.070000000001528,17.833333333358123,0,0.0,7.82,0.18,0.15,0.17099999999999999,3600,0.0,9.15722,0,21,111600,36.21,1.6666666666667298e-05,1.2301587301587389e-05,2943522.5806451403,49058.70967741901,817.6451612903168,0,0.06067324368948818,0,17.833333333358123,0,0,0,0,0.002172222222222222,16669.565217391304,4.630434782608695,0.056074766355062235,0.04711246200607903,0,MEDIUM,LOW
VEH_007,68b89b2d4f65cd554d7512ab,2025-11-18 05:00:00,ON,2.84,11578.87,36.04,44.7,36.1,413.0,-0.08,38,8.35,0.0,695.27,383429.02000000025,0.1700000000000017,2.8400000000001455,16.705882352941863,0,0.0,8.35,0.08,0.38,0.16999999999999998,3600,0.0,9.769499999999999,0,21,115200,36.04,4.7222222222222695e-05,1.746031746031737e-05,2064109.0909091013,34401.81818181836,573.3636363636392,0,0.1610392636242142,0,16.705882352941863,0,0,0,0,0.0023194444444444443,15538.203592814372,4.316167664670659,0.059859154929575,0.2993920972644377,0,MEDIUM,LOW
VEH_007,68b89b2d4f65cd554d7512ab,2025-11-18 06:00:00,ON,3.69,11582.56,35.82,44.3,37.3,414.0,-0.34,41,8.61,0.0,695.49,383429.02000000025,0.21999999999999886,3.6899999999986903,16.772727272721408,0,0.0,8.61,0.34,0.41,0.361,3600,0.0,11.71821,0,21,118800,35.82,6.11111111111108e-05,2.5000000000000103e-05,1432799.9999999942,23879.9999999999,397.9999999999984,0,0.20923763477926374,0,16.772727272721408,0,0,0,0,0.0023916666666666665,14977.00348432056,4.1602787456446,0.05962059620598291,0.1580547112462006,0,MEDIUM,LOW
VEH_007,68b89b2d4f65cd554d7512ab,2025-11-18 07:00:00,ON,0.0,11582.56,35.79,44.3,26.7,415.0,0.3,36,0.0,0.03,695.52,383429.02000000025,0.030000000000001137,0.0,0.0,1,0.03,0.0,0.3,0.36,0.318,3600,0.0,0.0,0,21,122400,35.79,8.333333333333649e-06,2.341269841269855e-05,1528657.627118635,25477.627118643915,424.62711864406526,0,0.0,0,0.0,1,1,0,0,8.333333333333334e-06,4294800.0,1193.0,0.0,0.0,0,MEDIUM,LOW
VEH_007,68b89b2d4f65cd554d7512ab,2025-11-18 08:00:00,ON,0.0,11582.56,35.76,43.9,25.4,416.0,-0.15,42,0.0,0.03,695.55,383429.02000000025,0.030000000000001137,0.0,0.0,1,0.03,0.0,0.15,0.42,0.23099999999999998,3600,0.0,0.0,0,21,126000,35.76,8.333333333333649e-06,2.341269841269855e-05,1527376.2711864316,25456.27118644053,424.2711864406755,0,0.0,0,0.0,1,1,0,0,8.333333333333334e-06,4291200.0,1192.0,0.0,0.0,0,MEDIUM,LOW
VEH_007,68b89b2d4f65cd554d7512ab,2025-11-18 09:00:00,ON,2.93,11585.49,75.29,44.2,37.6,417.0,0.07,28,8.38,0.0,695.73,383429.02000000025,0.0,2.930000000000291,0.0,0,0.0,8.38,0.07,0.28,0.133,3600,0.0,9.49454,1,22,0,75.29,0.0,2.222222222222231e-05,3388049.9999999865,56467.499999999774,941.1249999999962,0,0.16614262057005996,0,0.0,0,0,0,0,0.002327777777777778,32344.15274463007,8.984486873508354,0.0,0.020516717325227963,0,LOW,LOW
VEH_007,68b89b2d4f65cd554d7512ab,2025-11-18 10:00:00,ON,5.06,11590.55,74.98,44.0,39.1,418.0,0.02,31,9.02,0.0,696.03,383429.02000000025,0.3100000000000023,5.059999999999491,16.322580645159526,0,0.0,9.02,0.02,0.31,0.107,3600,0.0,9.98514,0,22,3600,74.98,8.611111111111174e-05,3.2539682539682835e-05,2304263.414634126,38404.3902439021,640.0731707317016,0,0.286922068288169,0,16.322580645159526,0,0,0,0,0.0025055555555555556,29925.498891352552,8.312638580931264,0.061264822134393965,0.9665653495440729,0,LOW,LOW
VEH_007,68b89b2d4f65cd554d7512ab,2025-11-18 11:00:00,ON,5.86,11596.42,74.63,43.7,36.3,419.0,0.17,38,9.26,0.0,696.38,383429.02000000025,0.3500000000000085,5.8700000000008,16.771428571430448,0,0.0,9.26,0.17,0.38,0.23299999999999998,3600,0.0,11.417580000000001,0,22,7200,74.63,9.722222222222459e-05,4.404761904761959e-05,1694302.7027026818,28238.37837837803,470.6396396396338,0,0.33285228080078094,0,16.771428571430448,0,0,0,0,0.0025722222222222223,29013.822894168465,8.05939524838013,0.05962521294718242,0.16261398176291794,0,LOW,LOW
VEH_007,68b89b2d4f65cd554d7512ab,2025-11-18 12:00:00,ON,6.34,11602.75,74.25,43.6,39.2,420.0,0.23,24,9.4,0.0,696.77,383429.02000000025,0.37999999999999545,6.329999999999927,16.657894736842113,0,0.0,9.4,0.23,0.24,0.23299999999999998,3600,0.0,11.590200000000001,0,22,10800,74.25,0.0001055555555555543,5.2380952380952676e-05,1417499.999999992,23624.99999999987,393.7499999999978,0,0.35893610519056757,0,16.657894736842113,0,0,0,0,0.0026111111111111114,28436.170212765956,7.898936170212766,0.060031595576619246,0.574468085106383,0,LOW,LOW
VEH_007,68b89b2d4f65cd554d7512ab,2025-11-18 13:00:00,ON,7.68,11610.44,73.79,44.4,35.1,421.0,0.26,23,9.81,0.0,697.23,383429.02000000025,0.45999999999999375,7.690000000000509,16.71739130434916,0,0.0,9.81,0.26,0.23,0.251,3600,0.0,12.27231,0,22,14400,73.79,0.00012777777777777603,6.1904761904762e-05,1191992.3076923059,19866.538461538432,331.10897435897385,0,0.4360534990388119,0,16.71739130434916,0,0,0,0,0.002725,27078.89908256881,7.5219164118246695,0.05981794538361031,0.2689969604863222,0,LOW,LOW
VEH_007,68b89b2d4f65cd554d7512ab,2025-11-18 14:00:00,ON,1.53,11611.97,73.7,44.1,38.2,422.0,0.04,23,7.96,0.0,697.32,383429.02000000025,0.09000000000000341,1.5299999999988358,16.99999999998642,0,0.0,7.96,0.04,0.23,0.097,3600,0.0,8.73212,0,22,18000,73.7,2.5000000000000946e-05,6.428571428571446e-05,1146444.4444444412,19107.407407407354,318.4567901234559,0,0.0867570680791717,0,16.99999999998642,0,0,0,0,0.002211111111111111,33331.65829145729,9.258793969849247,0.058823529411811695,0.07750759878419453,0,LOW,LOW
VEH_007,68b89b2d4f65cd554d7512ab,2025-11-18 15:00:00,ON,2.19,11614.16,73.57,44.2,35.0,423.0,0.05,0,8.16,0.0,697.45,383429.02000000025,0.13000000000000966,2.1900000000005093,16.84615384615651,0,0.0,8.16,0.05,0.0,0.034999999999999996,3600,0.0,8.445599999999999,0,22,21600,73.57,3.611111111111379e-05,6.825396825396877e-05,1077886.0465116196,17964.767441860327,299.4127906976721,0,0.12418168568207502,0,16.84615384615651,0,0,0,0,0.002266666666666667,32457.352941176465,9.015931372549018,0.059360730593597914,0.11094224924012158,0,LOW,LOW
VEH_007,68b89b2d4f65cd554d7512ab,2025-11-18 16:00:00,ON,0.0,11614.16,73.54,44.5,25.6,424.0,0.24,36,0.0,0.03,697.48,383429.02000000025,0.029999999999986926,0.0,0.0,1,0.03,0.0,0.24,0.36,0.27599999999999997,3600,0.0,0.0,0,22,25200,73.54,8.333333333329702e-06,6.944444444444444e-05,1058976.0,17649.6,294.16,0,0.0,0,0.0,1,1,0,0,8.333333333333334e-06,8824800.0,2451.3333333333335,0.0,0.0,0,LOW,LOW
VEH_007,68b89b2d4f65cd554d7512ab,2025-11-18 17:00:00,ON,0.0,11614.16,73.51,44.2,23.3,425.0,0.29,11,0.0,0.03,697.51,383429.02000000025,0.030000000000001137,0.0,0.0,1,0.03,0.0,0.29,0.11,0.236,3600,0.0,0.0,0,22,28800,73.51,8.333333333333649e-06,5.8333333333333285e-05,1260171.4285714298,21002.857142857163,350.0476190476194,0,0.0,0,0.0,1,1,0,0,8.333333333333334e-06,8821200.0,2450.3333333333335,0.0,0.0,0,LOW,LOW
VEH_007,68b89b2d4f65cd554d7512ab,2025-11-18 18:00:00,ON,2.55,11616.71,73.35,44.9,33.6,426.0,0.06,36,8.27,0.0,697.66,383429.02000000025,0.1600000000000108,2.5499999999992724,15.937499999994376,0,0.0,8.27,0.06,0.36,0.15,3600,0.0,9.510499999999999,0,22,32400,73.35,4.444444444444744e-05,5.079365079365084e-05,1444078.1249999986,24067.968749999978,401.1328124999996,0,0.14459511346535492,0,15.937499999994376,0,0,0,0,0.002297222222222222,31929.86698911729,8.869407496977026,0.06274509803923782,0.986322188449848,0,LOW,LOW
VEH_007,68b89b2d4f65cd554d7512ab,2025-11-18 19:00:00,ON,0.0,11616.71,73.32,44.8,23.6,427.0,-0.05,5,0.0,0.03,697.69,383429.02000000025,0.030000000000001137,0.0,0.0,1,0.03,0.0,0.05,0.05,0.049999999999999996,3600,0.0,0.0,0,22,36000,73.32,8.333333333333649e-06,3.690476190476218e-05,1986735.4838709529,33112.25806451588,551.8709677419314,0,0.0,0,0.0,1,1,0,0,8.333333333333334e-06,8798399.999999998,2443.9999999999995,0.0,0.0,0,LOW,LOW
VEH_007,68b89b2d4f65cd554d7512ab,2025-11-18 20:00:00,ON,5.63,11622.34,72.99,44.7,41.3,428.0,0.22,1,9.19,0.0,698.03,383429.02000000025,0.3299999999999983,5.630000000001019,17.060606060609235,0,0.0,9.19,0.22,0.01,0.157,3600,0.0,10.63283,0,22,39600,72.99,9.16666666666662e-05,3.17460317460322e-05,2299184.999999967,38319.74999999945,638.6624999999908,0,0.3192433289452266,0,17.060606060609235,0,0,0,0,0.0025527777777777775,28592.383025027204,7.9423286180631125,0.058614564831250195,0.0668693009118541,0,LOW,LOW
VEH_007,68b89b2d4f65cd554d7512ab,2025-11-18 21:00:00,ON,4.88,11627.22,72.69,45.3,34.8,429.0,-0.21,35,8.96,0.0,698.32,383429.02000000025,0.29999999999999716,4.8799999999992,16.266666666664154,0,0.0,8.96,0.21,0.35,0.252,3600,0.0,11.217920000000001,0,22,43200,72.69,8.333333333333254e-05,4.0079365079365285e-05,1813651.4851485055,30227.524752475092,503.7920792079182,0,0.27671535439647754,0,16.266666666664154,0,0,0,0,0.002488888888888889,29205.80357142857,8.112723214285714,0.06147540983607507,0.9711246200607903,0,LOW,LOW
VEH_007,68b89b2d4f65cd554d7512ab,2025-11-18 22:00:00,ON,0.0,11627.22,72.66,45.5,28.7,430.0,-0.45,46,0.0,0.03,698.35,383429.02000000025,0.030000000000001137,0.0,0.0,1,0.03,0.0,0.45,0.46,0.453,3600,0.0,0.0,0,22,46800,72.66,8.333333333333649e-06,3.611111111111097e-05,2012123.076923085,33535.38461538475,558.9230769230792,0,0.0,0,0.0,1,1,0,0,8.333333333333334e-06,8719200.0,2422.0,0.0,0.0,0,LOW,LOW
VEH_007,68b89b2d4f65cd554d7512ab,2025-11-18 23:00:00,ON,0.0,11627.22,72.63,45.3,30.0,431.0,0.24,34,0.0,0.03,698.38,383429.02000000025,0.030000000000001137,0.0,0.0,1,0.03,0.0,0.24,0.34,0.27,3600,0.0,0.0,0,22,50400,72.63,8.333333333333649e-06,3.6111111111111536e-05,2011292.307692284,33521.53846153807,558.6923076923011,0,0.0,0,0.0,1,1,0,0,8.333333333333334e-06,8715599.999999998,2420.9999999999995,0.0,0.0,0,LOW,LOW
VEH_007,68b89b2d4f65cd554d7512ab,2025-11-19 00:00:00,ON,0.0,11627.22,72.6,45.7,24.1,432.0,-0.35,27,0.0,0.03,698.41,383429.02000000025,0.030000000000001137,0.0,0.0,1,0.03,0.0,0.35,0.27,0.32599999999999996,3600,0.0,0.0,0,22,54000,72.6,8.333333333333649e-06,3.611111111111154e-05,2010461.5384615143,33507.692307691905,558.4615384615317,0,0.0,0,0.0,1,1,0,0,8.333333333333334e-06,8711999.999999998,2419.9999999999995,0.0,0.0,0,LOW,LOW
VEH_007,68b89b2d4f65cd554d7512ab,2025-11-19 01:00:00,ON,0.0,11627.22,72.57,45.6,21.7,433.0,0.03,24,0.0,0.03,698.44,383429.02000000025,0.030000000000001137,0.0,0.0,1,0.03,0.0,0.03,0.24,0.093,3600,0.0,0.0,0,22,57600,72.57,8.333333333333649e-06,3.0952380952381e-05,2344569.230769227,39076.15384615378,651.2692307692297,0,0.0,0,0.0,1,1,0,0,8.333333333333334e-06,8708399.999999998,2418.9999999999995,0.0,0.0,0,LOW,LOW
VEH_007,68b89b2d4f65cd554d7512ab,2025-11-19 02:00:00,ON,1.43,11628.65,72.49,44.8,37.5,434.0,0.29,20,7.93,0.0,698.53,383429.02000000025,0.0799999999999983,1.430000000000291,17.875000000004018,0,0.0,7.93,0.29,0.2,0.263,3600,0.0,10.01559,0,22,61200,72.49,2.222222222222175e-05,3.293650793650787e-05,2200901.2048192816,36681.68674698802,611.3614457831337,0,0.08108667147276809,0,17.875000000004018,0,0,0,0,0.002202777777777778,32908.448928121055,9.14123581336696,0.055944055944043364,0.04559270516717325,0,LOW,LOW
VEH_007,68b89b2d4f65cd554d7512ab,2025-11-19 03:00:00,ON,8.7,11637.35,71.97,44.2,38.4,435.0,-0.21,0,10.11,0.0,699.05,383429.02000000025,0.519999999999996,8.700000000000728,16.730769230770758,0,0.0,10.11,0.21,0.0,0.147,3600,0.0,11.596169999999999,0,22,64800,71.97,0.00014444444444444333,4.047619047619032e-05,1778082.3529411834,29634.705882353057,493.91176470588425,0,0.49332450476433415,0,16.730769230770758,0,0,0,0,0.0028083333333333333,25627.299703264096,7.118694362017805,0.05977011494252328,0.22644376899696048,0,LOW,LOW
VEH_007,68b89b2d4f65cd554d7512ab,2025-11-19 04:00:00,ON,13.82,11651.17,71.14,43.9,42.6,436.0,0.37,41,11.64,0.0,699.88,383429.02000000025,0.8299999999999983,13.819999999999709,16.65060240963824,0,0.0,11.64,0.37,0.41,0.382,3600,0.0,16.08648,0,22,68400,71.14,0.00023055555555555508,6.150793650793639e-05,1156598.7096774215,19276.64516129036,321.2774193548393,0,0.783648811016366,0,16.65060240963824,0,0,0,0,0.0032333333333333333,22002.061855670105,6.111683848797251,0.060057887120116914,0.6306990881458967,0,LOW,LOW
VEH_007,68b89b2d4f65cd554d7512ab,2025-11-19 05:00:00,ON,17.24,11668.4,70.1,44.2,39.9,437.0,0.28,35,12.67,0.0,700.91,383429.02000000025,1.0400000000000063,17.229999999999563,16.567307692307175,0,0.0,12.67,0.28,0.35,0.301,3600,0.0,16.48367,0,22,72000,70.1,0.0002888888888888906,0.00010158730158730167,690046.8749999994,11500.78124999999,191.67968749999983,0,0.9770093352975345,0,16.567307692307175,0,0,0,0,0.0035194444444444444,19917.91633780584,5.5327545382794,0.060359837492747107,0.8860182370820668,0,LOW,LOW
VEH_007,68b89b2d4f65cd554d7512ab,2025-11-19 06:00:00,ON,22.79,11691.2,68.73,44.3,39.6,438.0,0.32,26,14.34,0.0,702.28,383429.02000000025,1.3699999999999903,22.80000000000109,16.64233576642427,0,0.0,14.34,0.32,0.26,0.302,3600,0.0,18.67068,0,22,75600,68.73,0.0003805555555555529,0.00015476190476190443,444101.5384615394,7401.692307692324,123.36153846153873,0,1.2928504262788985,0,16.64233576642427,0,0,0,0,0.0039833333333333335,17254.39330543933,4.792887029288703,0.06008771929824231,0.6838905775075987,0,LOW,LOW
VEH_007,68b89b2d4f65cd554d7512ab,2025-11-19 07:00:00,ON,19.79,11710.98,67.55,44.0,37.3,439.0,-0.06,33,13.44,0.0,703.47,383429.02000000025,1.1800000000000068,19.779999999998836,16.762711864405695,0,0.0,13.44,0.06,0.33,0.14100000000000001,3600,0.0,15.33504,0,22,79200,67.55,0.0003277777777777797,0.00020039682539682528,337081.18811881205,5618.019801980201,93.63366336633668,0,1.1216044487628896,0,16.762711864405695,0,0,0,0,0.0037333333333333333,18093.75,5.026041666666667,0.05965621840243055,0.1762917933130699,0,LOW,LOW
VEH_007,68b89b2d4f65cd554d7512ab,2025-11-19 08:00:00,ON,13.71,11724.69,66.72,44.0,35.1,440.0,0.47,43,11.61,0.0,704.29,383429.02000000025,0.8299999999999983,13.710000000000946,16.5180722891578,0,0.0,11.61,0.47,0.43,0.45799999999999996,3600,0.0,16.92738,0,22,82800,66.72,0.00023055555555555508,0.00023214285714285692,287409.23076923104,4790.15384615385,79.83589743589751,0,0.7774113747493013,0,16.5180722891578,0,0,0,0,0.003225,20688.372093023256,5.746770025839793,0.06053975200583086,0.9148936170212766,0,LOW,LOW
VEH_007,68b89b2d4f65cd554d7512ab,2025-11-19 09:00:00,ON,14.18,11738.87,65.87,44.0,42.7,441.0,-0.03,27,11.75,0.0,705.14,383429.02000000025,0.8499999999999943,14.180000000000291,16.682352941176923,0,0.0,11.75,0.03,0.27,0.10200000000000001,3600,0.0,12.948500000000001,0,22,86400,65.87,0.00023611111111110952,0.0002626984126984123,250743.8066465261,4179.063444108769,69.6510574018128,0,0.804062238799749,0,16.682352941176923,0,0,0,0,0.003263888888888889,20181.44680851064,5.60595744680851,0.059943582510576646,0.4148936170212766,0,LOW,LOW
VEH_007,68b89b2d4f65cd554d7512ab,2025-11-19 10:00:00,ON,21.3,11760.17,64.6,43.7,42.4,442.0,0.29,11,13.89,0.0,706.42,383429.02000000025,1.2700000000000102,21.299999999999272,16.77165354330638,0,0.0,13.89,0.29,0.11,0.236,3600,0.0,17.16804,0,22,90000,64.6,0.00035277777777778063,0.0002924603174603176,220884.6675712346,3681.4111261872436,61.35685210312072,0,1.2077944771815035,0,16.77165354330638,0,0,0,0,0.0038583333333333334,16742.980561555072,4.650827933765298,0.059624413145542426,0.1595744680851064,0,LOW,LOW
VEH_007,68b89b2d4f65cd554d7512ab,2025-11-19 11:00:00,ON,17.0,11777.17,63.58,43.4,42.4,443.0,0.1,3,12.6,0.0,707.44,383429.02000000025,1.019999999999996,17.0,16.666666666666732,0,0.0,12.6,0.1,0.03,0.07899999999999999,3600,0.0,13.5954,0,22,93600,63.58,0.0002833333333333322,0.0003000000000000001,211933.33333333326,3532.222222222221,58.870370370370345,0,0.9639674231026413,0,16.666666666666732,0,0,0,0,0.0035,18165.714285714286,5.046031746031746,0.05999999999999977,0.5,0,LOW,LOW
VEH_007,68b89b2d4f65cd554d7512ab,2025-11-19 12:00:00,ON,21.53,11798.71,62.28,43.2,46.6,444.0,0.26,21,13.96,0.0,708.73,383429.02000000025,1.2999999999999972,21.539999999999054,16.569230769230078,0,0.0,13.96,0.26,0.21,0.245,3600,0.0,17.380200000000002,0,22,97200,62.28,0.00036111111111111034,0.00031031746031746004,200697.69820971886,3344.9616368286474,55.74936061381079,0,1.2214034290370577,0,16.569230769230078,0,0,0,0,0.003877777777777778,16060.744985673351,4.4613180515759305,0.060352831940578194,0.8814589665653495,0,LOW,LOW
VEH_007,68b89b2d4f65cd554d7512ab,2025-11-19 13:00:00,ON,28.47,11827.18,60.58,44.2,43.9,445.0,0.07,28,16.04,0.0,710.44,383429.02000000025,1.7000000000000028,28.470000000001164,16.747058823530068,0,0.0,16.04,0.07,0.28,0.133,3600,0.0,18.17332,0,22,100800,60.58,0.000472222222222223,0.00032341269841269863,187314.84662576675,3121.914110429446,52.03190184049076,0,1.6143619138666658,0,16.747058823530068,0,0,0,0,0.0044555555555555555,13596.508728179551,3.7768079800498753,0.05971197752019436,0.19756838905775076,0,LOW,LOW
VEH_007,68b89b2d4f65cd554d7512ab,2025-11-19 14:00:00,ON,22.28,11849.46,59.24,43.9,37.9,446.0,-0.33,32,14.19,0.0,711.78,383429.02000000025,1.3399999999999963,22.279999999998836,16.626865671640967,0,0.0,14.19,0.33,0.32,0.32699999999999996,3600,0.0,18.83013,0,22,104400,59.24,0.0003722222222222212,0.0003297619047619046,179644.7653429604,2994.0794223826733,49.90132370637789,0,1.2633643639250427,0,16.626865671640967,0,0,0,0,0.003941666666666666,15029.175475687105,4.174770965468641,0.060143626570918596,0.756838905775076,0,LOW,LOW
VEH_007,68b89b2d4f65cd554d7512ab,2025-11-19 15:00:00,ON,29.44,11878.9,57.47,44.1,46.9,447.0,0.11,25,16.33,0.0,713.54,383429.02000000025,1.7700000000000031,29.44000000000051,16.63276836158218,0,0.0,16.33,0.11,0.25,0.152,3600,0.0,18.812159999999995,0,22,108000,57.47,0.0004916666666666675,0.00036706349206349205,156566.91891891893,2609.448648648649,43.490810810810814,0,1.6693647609495441,0,16.63276836158218,0,0,0,0,0.0045361111111111106,12669.442743417025,3.5192896509491733,0.06012228260869472,0.7386018237082067,0,LOW,LOW
VEH_007,68b89b2d4f65cd554d7512ab,2025-11-19 16:00:00,ON,30.32,11909.22,55.65,43.8,43.8,448.0,0.17,9,16.6,0.0,715.36,383429.02000000025,1.8200000000000003,30.31999999999971,16.659340659340497,0,0.0,16.6,0.17,0.09,0.146,3600,1.0,19.023600000000002,0,22,111600,55.65,0.0005055555555555556,0.00040555555555555576,137219.1780821917,2286.986301369862,38.116438356164366,0,1.7192642510865765,0,16.659340659340497,0,0,0,0,0.004611111111111112,12068.67469879518,3.3524096385542164,0.06002638522427499,0.5623100303951368,0,LOW,LOW
VEH_007,68b89b2d4f65cd554d7512ab,2025-11-19 17:00:00,ON,27.32,11936.53,54.01,44.3,43.0,449.0,-0.39,11,15.69,0.0,717.0,383429.02000000025,1.6400000000000006,27.31000000000131,16.652439024391036,0,0.0,15.69,0.39,0.11,0.30599999999999994,3600,0.0,20.49114,0,22,115200,54.01,0.0004555555555555557,0.0004202380952380951,128522.37960339947,2142.039660056658,35.7006610009443,0,1.548585313231435,0,16.652439024391036,0,0,0,0,0.004358333333333333,12392.351816443595,3.4423199490121097,0.06005126327352332,0.6124620060790273,0,LOW,LOW
VEH_007,68b89b2d4f65cd554d7512ab,2025-11-19 18:00:00,ON,23.24,11959.78,52.62,44.2,41.4,450.0,0.27,17,14.47,0.0,718.4,383429.02000000025,1.3900000000000006,23.25,16.726618705035964,0,0.0,14.47,0.27,0.17,0.24,3600,0.0,17.942800000000002,0,22,118800,52.62,0.00038611111111111127,0.00043492063492063494,120987.5912408759,2016.4598540145985,33.60766423357664,0,1.318367211008024,0,16.726618705035964,0,0,0,0,0.004019444444444444,13091.361437456806,3.636489288182446,0.05978494623655917,0.23860182370820668,0,LOW,LOW
VEH_007,68b89b2d4f65cd554d7512ab,2025-11-19 19:00:00,ON,23.12,11982.9,51.23,43.8,43.1,451.0,-0.34,48,14.44,0.0,719.78,383429.02000000025,1.3900000000000006,23.11999999999898,16.633093525179117,0,0.0,14.44,0.34,0.48,0.382,3600,0.0,19.95608,0,22,122400,51.23,0.00038611111111111127,0.0004384920634920637,116832.21719457008,1947.2036199095014,32.45339366515836,0,1.3109956954195343,0,16.633093525179117,0,0,0,0,0.004011111111111111,12772.02216066482,3.5477839335180055,0.06012110726643866,0.7348024316109423,0,LOW,LOW
VEH_007,68b89b2d4f65cd554d7512ab,2025-11-19 20:00:00,ON,22.61,12005.51,49.88,43.4,41.1,452.0,-0.25,20,14.28,0.0,721.14,383429.02000000025,1.3499999999999943,22.610000000000582,16.74814814814865,0,0.0,14.28,0.25,0.2,0.235,3600,0.0,17.635799999999996,0,22,126000,49.88,0.00037499999999999844,0.00042460317460317443,117474.39252336454,1957.9065420560758,32.6317757009346,0,1.2820766727265458,0,16.74814814814865,0,0,0,0,0.003966666666666666,12574.789915966388,3.4929971988795523,0.05970809376381953,0.196048632218845,0,LOW,LOW
VEH_007,68b89b2d4f65cd554d7512ab,2025-11-19 21:00:00,ON,21.61,12027.12,48.58,43.1,43.0,453.0,0.47,39,13.98,0.0,722.44,383429.02000000025,1.3000000000000043,21.610000000000582,16.623076923077317,0,0.0,13.98,0.47,0.39,0.44599999999999995,3600,0.0,20.21508,0,22,129600,48.58,0.0003611111111111123,0.0004230158730158732,114842.02626641646,1914.033771106941,31.90056285178235,0,1.2253727066616846,0,16.623076923077317,0,0,0,0,0.0038833333333333333,12509.871244635193,3.474964234620887,0.06015733456732852,0.7735562310030395,0,LOW,LOW
VEH_007,68b89b2d4f65cd554d7512ab,2025-11-19 22:00:00,ON,16.64,12043.76,47.58,42.3,42.7,454.0,0.06,23,12.49,0.0,723.44,383429.02000000025,1.0,16.639999999999418,16.639999999999418,0,0.0,12.49,0.06,0.23,0.111,3600,0.0,13.87639,0,22,133200,47.58,0.0002777777777777778,0.0003924603174603175,121235.18705763396,2020.586450960566,33.67644084934277,0,0.9435539953192582,0,16.639999999999418,0,0,0,0,0.0034694444444444447,13714.011208967173,3.809447558046437,0.06009615384615595,0.6975683890577508,0,LOW,LOW
VEH_007,68b89b2d4f65cd554d7512ab,2025-11-19 23:00:00,ON,12.1,12055.85,46.85,43.1,39.2,455.0,-0.35,7,11.13,0.0,724.16,383429.02000000025,0.7299999999999969,12.090000000000146,16.56164383561671,0,0.0,11.13,0.35,0.07,0.26599999999999996,3600,0.0,14.090580000000001,0,22,136800,46.85,0.0002027777777777769,0.00034920634920634913,134161.36363636368,2236.022727272728,37.26704545454547,0,0.6855509497241807,0,16.56164383561671,0,0,0,0,0.003091666666666667,15153.63881401617,4.209344115004492,0.06038047973531746,0.8890577507598785,0,LOW,LOW
VEH_007,68b89b2d4f65cd554d7512ab,2025-11-20 00:00:00,ON,16.91,12072.77,45.84,42.7,38.0,456.0,-0.41,45,12.57,0.0,725.18,383429.02000000025,1.009999999999998,16.920000000000073,16.752475247524856,0,0.0,12.57,0.41,0.45,0.422,3600,0.0,17.87454,0,22,140400,45.84,0.000280555555555555,0.00032420634920634896,141391.43206854357,2356.5238678090595,39.27539779681766,0,0.9594311058174565,0,16.752475247524856,0,0,0,0,0.003491666666666667,13128.400954653938,3.6467780429594274,0.05969267139479868,0.18693009118541035,0,LOW,LOW
VEH_007,68b89b2d4f65cd554d7512ab,2025-11-20 01:00:00,ON,18.87,12091.64,44.71,43.1,40.7,457.0,0.34,34,13.16,0.0,726.31,383429.02000000025,1.1300000000000026,18.86999999999898,16.69911504424685,0,0.0,13.16,0.34,0.34,0.33999999999999997,3600,0.0,17.6344,0,22,144000,44.71,0.0003138888888888896,0.0003138888888888887,142438.93805309743,2373.982300884957,39.56637168141595,0,1.070003839643874,0,16.69911504424685,0,0,0,0,0.0036555555555555556,12230.699088145897,3.3974164133738602,0.05988341282459266,0.3343465045592705,0,MEDIUM,LOW
VEH_007,68b89b2d4f65cd554d7512ab,2025-11-20 02:00:00,ON,14.85,12106.49,43.82,42.5,42.3,458.0,0.21,2,11.95,0.0,727.2,383429.02000000025,0.8900000000000006,14.850000000000364,16.685393258427364,0,0.0,11.95,0.21,0.02,0.153,3600,0.0,13.77835,0,22,147600,43.82,0.0002472222222222224,0.00029404761904761896,149023.48178137655,2483.724696356276,41.39541160593793,0,0.8420538960632102,0,16.685393258427364,0,0,0,0,0.0033194444444444443,13201.004184100419,3.666945606694561,0.059932659932658505,0.3951367781155015,0,MEDIUM,LOW
VEH_007,68b89b2d4f65cd554d7512ab,2025-11-20 03:00:00,ON,11.53,12118.02,43.12,42.4,38.9,459.0,0.05,26,10.96,0.0,727.89,383429.02000000025,0.7000000000000028,11.530000000000655,16.47142857142944,0,0.0,10.96,0.05,0.26,0.11299999999999999,3600,0.0,12.19848,0,22,151200,43.12,0.00019444444444444525,0.00026825396825396847,160743.19526627206,2679.0532544378675,44.65088757396446,0,0.6537967287278873,0,16.47142857142944,0,0,0,0,0.0030444444444444447,14163.503649635035,3.9343065693430654,0.06071118820468023,0.9376899696048632,0,MEDIUM,LOW
VEH_007,68b89b2d4f65cd554d7512ab,2025-11-20 04:00:00,ON,12.32,12130.34,42.39,42.6,39.0,460.0,-0.09,37,11.19,0.0,728.63,383429.02000000025,0.7299999999999969,12.319999999999709,16.876712328766796,0,0.0,11.19,0.09,0.37,0.174,3600,0.0,13.137059999999998,0,22,154800,42.39,0.0002027777777777769,0.00024563492063492057,172573.1825525041,2876.2197092084016,47.93699515347336,0,0.6985928619190741,0,16.876712328766796,0,0,0,0,0.003108333333333333,13637.533512064345,3.788203753351207,0.0592532467532479,0.09878419452887538,0,MEDIUM,LOW
VEH_007,68b89b2d4f65cd554d7512ab,2025-11-20 05:00:00,ON,13.62,12143.96,41.57,42.6,37.4,461.0,-0.2,15,11.59,0.0,729.45,383429.02000000025,0.8200000000000003,13.619999999998981,16.60975609755973,0,0.0,11.59,0.2,0.15,0.185,3600,0.0,13.73415,0,22,158400,41.57,0.00022777777777777786,0.00023849206349206345,174303.49417637274,2905.058236272879,48.41763727121465,0,0.7723080178033525,0,16.60975609755973,0,0,0,0,0.0032194444444444445,12912.165660051769,3.5867126833477134,0.060205580029373096,0.8115501519756839,0,MEDIUM,LOW
VEH_007,68b89b2d4f65cd554d7512ab,2025-11-20 06:00:00,ON,12.27,12156.22,40.83,42.9,38.7,462.0,-0.21,18,11.18,0.0,730.18,383429.02000000025,0.740000000000002,12.260000000000218,16.567567567567817,0,0.0,11.18,0.21,0.18,0.20099999999999998,3600,0.0,13.42718,0,22,162000,40.83,0.0002055555555555561,0.00023888888888888902,170916.27906976733,2848.6046511627887,47.47674418604648,0,0.6951906239552113,0,16.567567567567817,0,0,0,0,0.0031055555555555554,13147.406082289803,3.652057245080501,0.06035889070146728,0.8844984802431611,0,MEDIUM,LOW
VEH_007,68b89b2d4f65cd554d7512ab,2025-11-20 07:00:00,ON,19.23,12175.45,39.68,42.7,41.6,463.0,-0.3,36,13.27,0.0,731.34,383429.02000000025,1.1499999999999986,19.230000000001382,16.721739130436006,0,0.0,13.27,0.3,0.36,0.318,3600,0.0,17.48986,0,22,165600,39.68,0.00031944444444444403,0.0002444444444444446,162327.27272727262,2705.4545454545437,45.09090909090906,0,1.0904172674273602,0,16.721739130436006,0,0,0,0,0.003686111111111111,10764.732479276565,2.9902034664657124,0.05980239209567945,0.25835866261398177,0,MEDIUM,LOW
VEH_007,68b89b2d4f65cd554d7512ab,2025-11-20 08:00:00,ON,16.03,12191.48,38.72,42.0,40.4,464.0,-0.21,25,12.31,0.0,732.3,383429.02000000025,0.9600000000000009,16.029999999998836,16.69791666666544,0,0.0,12.31,0.21,0.25,0.22199999999999998,3600,0.0,15.04282,0,22,169200,38.72,0.0002666666666666669,0.00023769841269841274,162895.4924874791,2714.924874791318,45.24874791318864,0,0.9089645760196599,0,16.69791666666544,0,0,0,0,0.0034194444444444446,11323.476848090982,3.1454102355808287,0.059887710542736776,0.34194528875379937,0,MEDIUM,LOW
VEH_007,68b89b2d4f65cd554d7512ab,2025-11-20 09:00:00,ON,17.41,12208.9,37.67,42.4,43.7,465.0,0.3,16,12.72,0.0,733.34,383429.02000000025,1.0499999999999972,17.420000000000073,16.590476190476306,0,0.0,12.72,0.3,0.16,0.258,3600,0.0,16.00176,0,22,172800,37.67,0.0002916666666666659,0.000244047619047619,154355.12195121954,2572.585365853659,42.87642276422765,0,0.9877830888498871,0,16.590476190476306,0,0,0,0,0.0035333333333333336,10661.32075471698,2.9614779874213832,0.0602755453501718,0.8495440729483282,0,MEDIUM,LOW
VEH_007,68b89b2d4f65cd554d7512ab,2025-11-20 10:00:00,ON,12.03,12220.93,36.95,42.1,37.9,466.0,-0.14,39,11.11,0.0,734.07,383429.02000000025,0.7199999999999989,12.030000000000655,16.70833333333427,0,0.0,11.11,0.14,0.39,0.215,3600,0.0,13.49865,0,22,176400,36.95,0.00019999999999999968,0.00024484126984126965,150914.1004862238,2515.23500810373,41.9205834683955,0,0.682148711760318,0,16.70833333333427,0,0,0,0,0.003086111111111111,11972.997299729974,3.325832583258326,0.05985037406483455,0.2917933130699088,0,MEDIUM,LOW
VEH_007,68b89b2d4f65cd554d7512ab,2025-11-20 11:00:00,ON,9.59,12230.52,36.37,42.4,36.8,467.0,-0.07,17,10.38,0.0,734.64,383429.02000000025,0.5800000000000054,9.590000000000146,16.534482758620786,0,0.0,10.38,0.07,0.17,0.1,3600,0.0,11.418000000000001,0,22,180000,36.37,0.0001611111111111126,0.000238888888888889,152246.5116279069,2537.441860465115,42.29069767441858,0,0.5437910345620276,0,16.534482758620786,0,0,0,0,0.0028833333333333337,12613.87283236994,3.5038535645472053,0.060479666319082026,0.9103343465045592,0,MEDIUM,LOW
VEH_007,68b89b2d4f65cd554d7512ab,2025-11-20 12:00:00,ON,10.74,12241.26,35.73,42.5,42.3,468.0,-0.49,12,10.72,0.0,735.29,383429.02000000025,0.6400000000000006,10.739999999999782,16.781249999999645,0,0.0,10.72,0.49,0.12,0.37899999999999995,3600,0.0,14.78288,0,22,183600,35.73,0.00017777777777777795,0.00023174603174603187,154177.39726027386,2569.623287671231,42.82705479452052,0,0.6090005955365975,0,16.781249999999645,0,0,0,0,0.002977777777777778,11998.880597014924,3.333022388059701,0.05959031657355806,0.15045592705167174,0,MEDIUM,LOW
VEH_007,68b89b2d4f65cd554d7512ab,2025-11-20 13:00:00,ON,18.18,12259.44,34.64,42.6,37.9,469.0,-0.11,21,12.96,0.0,736.38,383429.02000000025,1.0899999999999963,18.18000000000029,16.67889908256913,0,0.0,12.96,0.11,0.21,0.14,3600,0.0,14.774400000000002,0,22,187200,34.64,0.00030277777777777676,0.00024563492063492057,141022.29402261716,2350.3715670436195,39.17285945072699,0,1.030878103059194,0,16.67889908256913,0,0,0,0,0.0036000000000000003,9622.22222222222,2.672839506172839,0.05995599559955879,0.4331306990881459,0,MEDIUM,LOW
VEH_007,68b89b2d4f65cd554d7512ab,2025-11-20 14:00:00,ON,10.76,12270.2,33.99,42.4,38.1,470.0,-0.49,47,10.73,0.0,737.02,383429.02000000025,0.6499999999999986,10.760000000000218,16.553846153846525,0,0.0,10.73,0.49,0.47,0.484,3600,0.0,15.92332,0,22,190800,33.99,0.00018055555555555517,0.0002257936507936507,150535.67662565914,2508.9279437609857,41.81546572934976,0,0.6101346748579194,0,16.553846153846525,0,0,0,0,0.0029805555555555557,11403.914259086672,3.167753960857409,0.06040892193308414,0.8966565349544073,0,MEDIUM,LOW
VEH_007,68b89b2d4f65cd554d7512ab,2025-11-20 15:00:00,ON,3.56,12273.76,33.78,42.8,44.0,471.0,-0.28,14,8.57,0.0,737.24,383429.02000000025,0.21000000000000085,3.5599999999994907,16.95238095237846,0,0.0,8.57,0.28,0.14,0.23800000000000002,3600,0.0,10.60966,0,22,194400,33.78,5.833333333333357e-05,0.00019603174603174592,172319.02834008107,2871.983805668018,47.86639676113363,0,0.20186611919087716,0,16.95238095237846,0,0,0,0,0.0023805555555555555,14189.964994165695,3.9416569428238044,0.0589887640449525,0.08358662613981763,0,MEDIUM,LOW
VEH_007,68b89b2d4f65cd554d7512ab,2025-11-20 16:00:00,ON,5.2,12278.95,69.7,43.4,29.7,472.0,0.26,9,9.06,0.0,737.55,383429.02000000025,0.0,5.190000000000509,0.0,0,0.0,9.06,0.26,0.09,0.209,3600,0.0,10.953540000000002,1,23,0,69.7,0.0,0.0001543650793650794,451526.99228791764,7525.449871465294,125.42416452442157,0,0.29429358387665877,0,0.0,0,0,0,0,0.0025166666666666666,27695.3642384106,7.693156732891833,0.0,0.020516717325227963,0,LOW,LOW
VEH_007,68b89b2d4f65cd554d7512ab,2025-11-20 17:00:00,ON,3.64,12282.59,69.48,43.4,36.4,473.0,-0.3,20,8.59,0.0,737.77,383429.02000000025,0.21999999999999886,3.639999999999418,16.545454545451985,0,0.0,8.59,0.3,0.2,0.27,3600,0.0,10.9093,0,23,3600,69.48,6.11111111111108e-05,0.00013452380952380956,516488.49557522114,8608.141592920352,143.46902654867253,0,0.20640243647606193,0,16.545454545451985,0,0,0,0,0.002386111111111111,29118.509895227013,8.088474970896392,0.060439560439569794,0.9027355623100304,0,LOW,LOW
VEH_007,68b89b2d4f65cd554d7512ab,2025-11-20 18:00:00,ON,10.04,12292.63,68.88,43.1,35.9,474.0,-0.36,3,10.51,0.0,738.37,383429.02000000025,0.6000000000000085,10.039999999999054,16.73333333333152,0,0.0,10.51,0.36,0.03,0.261,3600,0.0,13.253110000000001,0,23,7200,68.88,0.00016666666666666905,0.00013531746031746048,509025.21994134836,8483.753665689139,141.39589442815233,0,0.5693078192911533,0,16.73333333333152,0,0,0,0,0.0029194444444444446,23593.529971455755,6.5537583254043765,0.05976095617530528,0.22188449848024316,0,LOW,LOW
VEH_007,68b89b2d4f65cd554d7512ab,2025-11-20 19:00:00,ON,16.31,12308.93,67.9,43.3,39.4,475.0,-0.37,47,12.39,0.0,739.35,383429.02000000025,0.9799999999999898,16.30000000000109,16.632653061225778,0,0.0,12.39,0.37,0.47,0.4,3600,0.0,17.346,0,23,10800,67.9,0.0002722222222222194,0.00014880952380952352,456288.00000000093,7604.800000000016,126.74666666666693,0,0.9242746468573002,0,16.632653061225778,0,0,0,0,0.0034416666666666667,19728.813559322036,5.480225988700566,0.06012269938649841,0.7401215805471124,0,LOW,LOW
VEH_007,68b89b2d4f65cd554d7512ab,2025-11-20 20:00:00,ON,10.25,12319.18,67.29,42.9,36.8,476.0,-0.12,3,10.58,0.0,739.96,383429.02000000025,0.6099999999999994,10.25,16.803278688524607,0,0.0,10.58,0.12,0.03,0.09299999999999999,3600,0.0,11.56394,0,23,14400,67.29,0.0001694444444444443,0.0001297619047619046,518565.1376146796,8642.752293577993,144.0458715596332,0,0.5812156521648278,0,16.803278688524607,0,0,0,0,0.002938888888888889,22896.408317580343,6.360113421550095,0.05951219512195116,0.13221884498480244,0,LOW,LOW
VEH_007,68b89b2d4f65cd554d7512ab,2025-11-20 21:00:00,ON,11.49,12330.68,66.6,42.6,33.3,477.0,-0.05,49,10.95,0.0,740.65,383429.02000000025,0.6900000000000119,11.5,16.66666666666638,0,0.0,10.95,0.05,0.49,0.182,3600,0.0,12.942899999999998,0,23,18000,66.6,0.00019166666666666998,0.00013134920634920672,507045.31722054235,8450.755287009039,140.84592145015066,0,0.6520956097459044,0,16.66666666666638,0,0,0,0,0.0030416666666666665,21895.890410958902,6.082191780821917,0.06000000000000104,0.513677811550152,0,LOW,LOW
VEH_007,68b89b2d4f65cd554d7512ab,2025-11-20 22:00:00,ON,12.1,12342.78,65.87,42.3,40.2,478.0,-0.24,16,11.13,0.0,741.38,383429.02000000025,0.7299999999999898,12.100000000000364,16.575342465754154,0,0.0,11.13,0.24,0.16,0.21599999999999997,3600,0.0,13.534080000000001,0,23,21600,65.87,0.00020277777777777492,0.00015198412698412694,433400.52219321165,7223.342036553528,120.3890339425588,0,0.6861179893848417,0,16.575342465754154,0,0,0,0,0.003091666666666667,21305.66037735849,5.918238993710692,0.06033057851239403,0.8738601823708206,0,LOW,LOW
VEH_007,68b89b2d4f65cd554d7512ab,2025-11-20 23:00:00,ON,8.24,12351.02,65.38,42.5,34.7,479.0,0.26,46,9.97,0.0,741.87,383429.02000000025,0.4900000000000091,8.239999999999782,16.816326530611487,0,0.0,9.97,0.26,0.46,0.32,3600,0.0,13.160400000000001,0,23,25200,65.38,0.00013611111111111365,0.00017142857142857172,381383.3333333327,6356.388888888878,105.93981481481462,0,0.46724068037444433,0,16.816326530611487,0,0,0,0,0.0027694444444444446,23607.622868605813,6.55767301905717,0.05946601941747841,0.1276595744680851,0,LOW,LOW
VEH_007,68b89b2d4f65cd554d7512ab,2025-11-21 00:00:00,ON,12.75,12363.77,64.61,42.8,36.2,480.0,-0.14,23,11.32,0.0,742.64,383429.02000000025,0.769999999999996,12.75,16.558441558441643,0,0.0,11.32,0.14,0.23,0.167,3600,0.0,13.21044,0,23,28800,64.61,0.00021388888888888778,0.00019325396825396846,334326.8993839832,5572.114989733053,92.86858316221756,0,0.722975567326981,0,16.558441558441643,0,0,0,0,0.0031444444444444445,20547.349823321554,5.707597173144876,0.06039215686274479,0.89209726443769,0,LOW,LOW
VEH_007,68b89b2d4f65cd554d7512ab,2025-11-21 01:00:00,ON,13.91,12377.67,63.78,42.1,33.8,481.0,-0.33,3,11.67,0.0,743.47,383429.02000000025,0.8299999999999983,13.899999999999636,16.746987951806826,0,0.0,11.67,0.33,0.03,0.24,3600,0.0,14.4708,0,23,32400,63.78,0.00023055555555555508,0.00020238095238095215,315148.235294118,5252.4705882353,87.54117647058834,0,0.7881851283015507,0,16.746987951806826,0,0,0,0,0.0032416666666666666,19675.064267352187,5.465295629820052,0.05971223021582878,0.19908814589665655,0,LOW,LOW
VEH_007,68b89b2d4f65cd554d7512ab,2025-11-21 02:00:00,ON,15.53,12393.21,62.85,42.2,38.9,482.0,0.38,2,12.16,0.0,744.4,383429.02000000025,0.9299999999999997,15.539999999999054,16.709677419353827,0,0.0,12.16,0.38,0.02,0.27199999999999996,3600,0.0,15.46752,0,23,36000,62.85,0.00025833333333333323,0.00020039682539682558,313627.72277227696,5227.128712871283,87.11881188118805,0,0.8811796326478902,0,16.709677419353827,0,0,0,0,0.0033777777777777777,18606.907894736843,5.16858552631579,0.05984555984556347,0.2887537993920973,0,LOW,LOW
VEH_007,68b89b2d4f65cd554d7512ab,2025-11-21 03:00:00,ON,13.82,12407.02,62.02,42.7,36.3,483.0,-0.41,7,11.65,0.0,745.23,383429.02000000025,0.8299999999999983,13.81000000000131,16.638554216869082,0,0.0,11.65,0.41,0.07,0.308,3600,0.0,15.2382,0,23,39600,62.02,0.00023055555555555508,0.0002091269841269842,296566.2239089183,4942.770398481972,82.3795066413662,0,0.7830817713558081,0,16.638554216869082,0,0,0,0,0.003236111111111111,19164.978540772532,5.3236051502145925,0.06010137581462126,0.709726443768997,0,LOW,LOW
VEH_007,68b89b2d4f65cd554d7512ab,2025-11-21 04:00:00,ON,18.9,12425.93,60.88,43.0,42.9,484.0,-0.14,28,13.17,0.0,746.37,383429.02000000025,1.1400000000000006,18.909999999999854,16.587719298245478,0,0.0,13.17,0.14,0.28,0.182,3600,0.0,15.566939999999999,0,23,43200,60.88,0.0003166666666666668,0.00022698412698412667,268212.5874125878,4470.209790209797,74.5034965034966,0,1.072271998286518,0,16.587719298245478,0,0,0,0,0.0036583333333333333,16641.457858769932,4.622627182991648,0.0602855631940777,0.8556231003039514,0,LOW,LOW
VEH_007,68b89b2d4f65cd554d7512ab,2025-11-21 05:00:00,ON,15.82,12441.75,59.93,43.2,40.5,485.0,0.21,28,12.25,0.0,747.31,383429.02000000025,0.9500000000000028,15.819999999999709,16.652631578947013,0,0.0,12.25,0.21,0.28,0.23099999999999998,3600,0.0,15.079749999999999,0,23,46800,59.93,0.0002638888888888897,0.0002357142857142859,254248.48484848463,4237.474747474744,70.62457912457906,0,0.8970567431460885,0,16.652631578947013,0,0,0,0,0.0034027777777777776,17612.081632653062,4.892244897959184,0.06005056890012771,0.6109422492401215,0,LOW,LOW
VEH_007,68b89b2d4f65cd554d7512ab,2025-11-21 06:00:00,ON,16.22,12457.96,58.96,42.3,36.3,486.0,-0.38,34,12.36,0.0,748.29,383429.02000000025,0.9699999999999989,16.209999999999127,16.711340206184687,0,0.0,12.36,0.38,0.34,0.368,3600,0.0,16.908479999999997,0,23,50400,58.96,0.0002694444444444441,0.00025476190476190455,231431.77570093478,3857.1962616822466,64.28660436137078,0,0.9191712899113513,0,16.711340206184687,0,0,0,0,0.0034333333333333334,17172.81553398058,4.770226537216828,0.05983960518198958,0.28419452887537994,0,LOW,LOW
VEH_007,68b89b2d4f65cd554d7512ab,2025-11-21 07:00:00,ON,21.36,12479.32,57.68,42.2,43.3,487.0,-0.16,32,13.91,0.0,749.57,383429.02000000025,1.2800000000000011,21.360000000000582,16.68750000000044,0,0.0,13.91,0.16,0.32,0.208,3600,0.0,16.80328,0,23,54000,57.68,0.0003555555555555559,0.00027499999999999996,209745.45454545456,3495.757575757576,58.26262626262626,0,1.2111967151454692,0,16.68750000000044,0,0,0,0,0.003863888888888889,14927.965492451474,4.146657081236521,0.05992509363295722,0.38753799392097266,0,LOW,LOW
VEH_007,68b89b2d4f65cd554d7512ab,2025-11-21 08:00:00,ON,15.49,12494.82,56.75,42.2,39.5,488.0,0.34,2,12.15,0.0,750.5,383429.02000000025,0.9299999999999997,15.5,16.66666666666667,0,0.0,12.15,0.34,0.02,0.244,3600,0.0,15.114600000000001,0,23,57600,56.75,0.00025833333333333323,0.000278968253968254,203428.16500711234,3390.469416785206,56.507823613086764,0,0.8789114740053494,0,16.66666666666667,0,0,0,0,0.003375,16814.814814814814,4.670781893004115,0.059999999999999984,0.5045592705167173,0,LOW,LOW
VEH_007,68b89b2d4f65cd554d7512ab,2025-11-21 09:00:00,ON,8.02,12502.83,56.27,41.9,36.7,489.0,0.32,35,9.91,0.0,750.98,383429.02000000025,0.4799999999999969,8.010000000000218,16.687500000000565,0,0.0,9.91,0.32,0.35,0.32899999999999996,3600,0.0,13.17039,0,23,61200,56.27,0.00013333333333333247,0.00026111111111111105,215502.12765957453,3591.7021276595756,59.86170212765959,0,0.454198768179551,0,16.687500000000565,0,0,0,0,0.0027527777777777776,20441.170534813322,5.678102926337034,0.059925093632956776,0.3860182370820669,0,LOW,LOW
VEH_007,68b89b2d4f65cd554d7512ab,2025-11-21 10:00:00,ON,1.25,12504.08,56.19,41.9,34.9,490.0,-0.36,2,7.87,0.0,751.05,383429.02000000025,0.0800000000000054,1.25,15.624999999998945,0,0.0,7.87,0.36,0.02,0.258,3600,0.0,9.90046,0,23,64800,56.19,2.222222222222372e-05,0.00023134920634920657,242879.58833619187,4047.993138936531,67.46655231560885,0,0.07087995758107657,0,15.624999999998945,0,0,0,0,0.0021861111111111113,25703.176620076236,7.13977128335451,0.06400000000000432,0.9893617021276596,0,LOW,LOW
VEH_007,68b89b2d4f65cd554d7512ab,2025-11-21 11:00:00,ON,0.0,12504.08,56.16,41.8,28.2,491.0,0.1,41,0.0,0.03,751.08,383429.02000000025,0.030000000000001137,0.0,0.0,1,0.03,0.0,0.1,0.41,0.19299999999999998,3600,0.0,0.0,0,23,68400,56.16,8.333333333333649e-06,0.00018730158730158753,299837.2881355928,4997.288135593214,83.28813559322023,0,0.0,0,0.0,1,1,0,0,8.333333333333334e-06,6739199.999999999,1871.9999999999998,0.0,0.0,0,LOW,LOW
VEH_007,68b89b2d4f65cd554d7512ab,2025-11-21 12:00:00,ON,4.29,12508.38,55.91,41.5,39.2,492.0,0.35,14,8.79,0.0,751.34,383429.02000000025,0.25,4.299999999999272,17.19999999999709,0,0.0,8.79,0.35,0.14,0.287,3600,0.0,11.312729999999998,0,23,72000,55.91,6.944444444444444e-05,0.00015952380952380965,350480.5970149251,5841.343283582085,97.35572139303474,0,0.24382705407886213,0,17.19999999999709,0,0,0,0,0.0024416666666666666,22898.29351535836,6.360637087599544,0.05813953488373077,0.057750759878419454,0,LOW,LOW
VEH_007,68b89b2d4f65cd554d7512ab,2025-11-21 13:00:00,ON,0.0,12508.38,55.88,41.4,22.8,493.0,0.14,24,0.0,0.03,751.37,383429.02000000025,0.02999999999999403,0.0,0.0,1,0.03,0.0,0.14,0.24,0.16999999999999998,3600,0.0,0.0,0,23,75600,55.88,8.333333333331675e-06,0.00012222222222222216,457200.00000000023,7620.000000000004,127.00000000000007,0,0.0,0,0.0,1,1,0,0,8.333333333333334e-06,6705600.0,1862.6666666666667,0.0,0.0,0,LOW,LOW
VEH_007,68b89b2d4f65cd554d7512ab,2025-11-21 14:00:00,ON,7.74,12516.12,55.41,41.6,42.5,494.0,-0.1,28,9.82,0.0,751.84,383429.02000000025,0.47000000000000597,7.740000000001601,16.468085106386177,0,0.0,9.82,0.1,0.28,0.154,3600,0.0,11.332279999999999,0,23,79200,55.41,0.0001305555555555572,9.007936507936518e-05,615124.2290748891,10252.070484581485,170.8678414096914,0,0.43888869734211683,0,16.468085106386177,0,0,0,0,0.0027277777777777778,20313.238289205703,5.642566191446028,0.06072351421187452,0.939209726443769,0,LOW,LOW
VEH_007,68b89b2d4f65cd554d7512ab,2025-11-21 15:00:00,ON,4.92,12521.03,55.12,40.7,36.3,495.0,0.3,35,8.98,0.0,752.13,383429.02000000025,0.28999999999999915,4.9099999999998545,16.931034482758168,0,0.0,8.98,0.3,0.35,0.315,3600,0.0,11.8087,0,23,82800,55.12,8.055555555555531e-05,6.468253968253979e-05,852161.9631901826,14202.699386503044,236.7116564417174,0,0.2784164733784605,0,16.931034482758168,0,0,0,0,0.0024944444444444445,22097.10467706013,6.138084632516703,0.05906313645621339,0.08814589665653495,0,LOW,LOW
VEH_007,68b89b2d4f65cd554d7512ab,2025-11-21 16:00:00,ON,1.39,12522.42,55.03,40.3,37.2,496.0,0.35,16,7.92,0.0,752.22,383429.02000000025,0.0899999999999963,1.389999999999418,15.444444444438611,0,0.0,7.92,0.35,0.16,0.293,3600,0.0,10.240559999999999,0,23,86400,55.03,2.4999999999998975e-05,4.920634920634928e-05,1118351.6129032243,18639.193548387073,310.6532258064512,0,0.07881851283012413,0,15.444444444438611,0,0,0,0,0.0022,25013.636363636364,6.9482323232323235,0.06474820143887337,0.9924012158054711,0,LOW,LOW
VEH_007,68b89b2d4f65cd554d7512ab,2025-11-21 17:00:00,ON,4.6,12527.02,54.76,40.1,37.9,497.0,-0.38,31,8.88,0.0,752.49,383429.02000000025,0.2700000000000031,4.600000000000364,17.037037037038186,0,0.0,8.88,0.38,0.31,0.359,3600,0.0,12.06792,0,23,90000,54.76,7.500000000000087e-05,5.6746031746031736e-05,965001.3986013987,16083.356643356645,268.05594405594405,0,0.2608382438983824,0,17.037037037038186,0,0,0,0,0.002466666666666667,22199.999999999996,6.166666666666666,0.05869565217390908,0.06838905775075987,0,LOW,LOW
VEH_007,68b89b2d4f65cd554d7512ab,2025-11-21 18:00:00,ON,4.55,12531.57,54.48,40.1,34.8,498.0,-0.33,30,8.87,0.0,752.76,383429.02000000025,0.28000000000000114,4.549999999999272,16.249999999997335,0,0.0,8.87,0.33,0.3,0.32099999999999995,3600,0.0,11.71727,0,23,93600,54.48,7.777777777777809e-05,6.666666666666666e-05,817200.0000000001,13620.000000000002,227.00000000000003,0,0.2580030455950774,0,16.249999999997335,0,0,0,0,0.0024638888888888887,22111.38669673055,6.142051860202931,0.06153846153847163,0.9756838905775076,0,LOW,LOW
VEH_007,68b89b2d4f65cd554d7512ab,2025-11-21 19:00:00,ON,0.0,12531.57,54.45,40.3,29.6,499.0,0.42,10,0.0,0.03,752.79,383429.02000000025,0.02999999999999403,0.0,0.0,1,0.03,0.0,0.42,0.1,0.32399999999999995,3600,0.0,0.0,0,23,97200,54.45,8.333333333331675e-06,5.793650793650769e-05,939821.9178082233,15663.698630137054,261.0616438356176,0,0.0,0,0.0,1,1,0,0,8.333333333333334e-06,6534000.0,1815.0,0.0,0.0,0,LOW,LOW
VEH_007,68b89b2d4f65cd554d7512ab,2025-11-21 20:00:00,ON,7.87,12539.44,53.98,40.5,35.7,500.0,0.23,10,9.86,0.0,753.27,383429.02000000025,0.47000000000000597,7.8700000000008,16.74468085106532,0,0.0,9.86,0.23,0.1,0.191,3600,0.0,11.74326,0,23,100800,53.98,0.0001305555555555572,7.539682539682562e-05,715945.2631578926,11932.421052631544,198.87368421052574,0,0.44626021293050344,0,16.74468085106532,0,0,0,0,0.002738888888888889,19708.722109533468,5.474645030425964,0.05972045743328566,0.20516717325227962,0,LOW,LOW
VEH_007,68b89b2d4f65cd554d7512ab,2025-11-21 21:00:00,ON,2.26,12541.71,53.85,40.4,38.6,501.0,-0.4,26,8.18,0.0,753.4,383429.02000000025,0.12999999999999545,2.2699999999986176,17.461538461528438,0,0.0,8.18,0.4,0.26,0.358,3600,0.0,11.10844,0,23,104400,53.85,3.611111111110985e-05,6.190476190476172e-05,869884.615384618,14498.076923076967,241.63461538461613,0,0.12871800296715666,0,17.461538461528438,0,0,0,0,0.0022722222222222224,23699.26650366748,6.583129584352078,0.05726872246699322,0.05167173252279635,0,LOW,LOW
VEH_007,68b89b2d4f65cd554d7512ab,2025-11-21 22:00:00,ON,3.93,12545.64,53.61,39.8,37.4,502.0,-0.09,27,8.68,0.0,753.64,383429.02000000025,0.240000000000002,3.930000000000291,16.375000000001076,0,0.0,8.68,0.09,0.27,0.14400000000000002,3600,0.0,9.929920000000001,0,23,108000,53.61,6.666666666666723e-05,5.9920634920634855e-05,894683.4437086103,14911.390728476837,248.5231788079473,0,0.2228465866349212,0,16.375000000001076,0,0,0,0,0.002411111111111111,22234.56221198157,6.176267281105992,0.06106870229007232,0.9604863221884499,0,LOW,LOW
VEH_007,68b89b2d4f65cd554d7512ab,2025-11-21 23:00:00,ON,0.0,12545.64,53.58,39.6,29.9,503.0,-0.08,36,0.0,0.03,753.67,383429.02000000025,0.030000000000001137,0.0,0.0,1,0.03,0.0,0.08,0.36,0.16399999999999998,3600,0.0,0.0,0,23,111600,53.58,8.333333333333649e-06,5.7539682539682656e-05,931183.4482758602,15519.724137931003,258.6620689655167,0,0.0,0,0.0,1,1,0,0,8.333333333333334e-06,6429599.999999999,1785.9999999999998,0.0,0.0,0,LOW,LOW
VEH_007,68b89b2d4f65cd554d7512ab,2025-11-22 00:00:00,ON,6.74,12552.37,53.18,39.1,39.2,504.0,-0.04,46,9.52,0.0,754.07,383429.02000000025,0.3999999999999986,6.730000000001382,16.825000000003516,0,0.0,9.52,0.04,0.46,0.166,3600,0.0,11.100319999999998,0,23,115200,53.18,0.00011111111111111071,6.269841269841262e-05,848187.3417721529,14136.455696202549,235.60759493670915,0,0.3816176916165946,0,16.825000000003516,0,0,0,0,0.0026444444444444445,20110.084033613446,5.586134453781513,0.05943536404159234,0.12310030395136778,0,LOW,LOW
VEH_007,68b89b2d4f65cd554d7512ab,2025-11-22 01:00:00,ON,4.22,12556.59,52.92,39.5,35.1,505.0,-0.38,46,8.76,0.0,754.33,383429.02000000025,0.259999999999998,4.219999999999345,16.230769230766835,0,0.0,8.76,0.38,0.46,0.40399999999999997,3600,0.0,12.29904,0,23,118800,52.92,7.222222222222166e-05,6.190476190476172e-05,854861.5384615411,14247.69230769235,237.4615384615392,0,0.23929073679367735,0,16.230769230766835,0,0,0,0,0.0024333333333333334,21747.945205479453,6.0410958904109595,0.061611374407592026,0.9772036474164134,0,LOW,LOW
VEH_007,68b89b2d4f65cd554d7512ab,2025-11-22 02:00:00,ON,5.43,12562.02,52.6,39.4,38.9,506.0,-0.16,43,9.13,0.0,754.65,383429.02000000025,0.3200000000000003,5.430000000000291,16.968750000000895,0,0.0,9.13,0.16,0.43,0.241,3600,0.0,11.330330000000002,0,23,122400,52.6,8.888888888888897e-05,7.341269841269846e-05,716497.2972972968,11941.621621621614,199.0270270270269,0,0.3079025357322131,0,16.968750000000895,0,0,0,0,0.0025361111111111114,20740.416210295727,5.761226725082146,0.058931860036829306,0.0790273556231003,0,LOW,LOW
VEH_007,68b89b2d4f65cd554d7512ab,2025-11-22 03:00:00,ON,3.46,12565.48,52.39,39.0,37.6,507.0,0.3,44,8.54,0.0,754.86,383429.02000000025,0.21000000000000085,3.459999999999127,16.47619047618625,0,0.0,8.54,0.3,0.44,0.34199999999999997,3600,0.0,11.46068,0,23,126000,52.39,5.833333333333357e-05,6.309523809523795e-05,830332.0754717,13838.867924528335,230.64779874213892,0,0.1961957225843704,0,16.47619047618625,0,0,0,0,0.002372222222222222,22084.777517564402,6.134660421545667,0.06069364161851267,0.9361702127659575,0,LOW,LOW
VEH_007,68b89b2d4f65cd554d7512ab,2025-11-22 04:00:00,ON,1.37,12566.85,52.31,38.6,32.4,508.0,-0.4,35,7.91,0.0,754.94,383429.02000000025,0.0799999999999983,1.3700000000008004,17.12500000001037,0,0.0,7.91,0.4,0.35,0.38499999999999995,3600,0.0,10.955350000000001,0,23,129600,52.31,2.222222222222175e-05,6.111111111111108e-05,855981.8181818187,14266.363636363645,237.77272727272742,0,0.07768443350890529,0,17.12500000001037,0,0,0,0,0.0021972222222222224,23807.33249051833,6.6131479140328695,0.05839416058390625,0.06534954407294832,0,LOW,LOW
VEH_007,68b89b2d4f65cd554d7512ab,2025-11-22 05:00:00,ON,7.59,12574.44,51.85,39.0,37.9,509.0,-0.45,26,9.78,0.0,755.4,383429.02000000025,0.46000000000000085,7.5900000000001455,16.500000000000284,0,0.0,9.78,0.45,0.26,0.393,3600,0.0,13.623539999999998,0,23,133200,51.85,0.000127777777777778,6.984126984126976e-05,742397.7272727282,12373.29545454547,206.22159090909116,0,0.43038310243230515,0,16.500000000000284,0,0,0,0,0.0027166666666666663,19085.88957055215,5.301635991820041,0.06060606060605955,0.9240121580547113,0,LOW,LOW
VEH_007,68b89b2d4f65cd554d7512ab,2025-11-22 06:00:00,ON,13.95,12588.39,51.01,39.6,35.2,510.0,0.43,15,11.69,0.0,756.23,383429.02000000025,0.8400000000000034,13.949999999998909,16.60714285714149,0,0.0,11.69,0.43,0.15,0.346,3600,0.0,15.73474,0,23,136800,51.01,0.00023333333333333428,0.00010198412698412698,500175.8754863813,8336.264591439689,138.93774319066148,0,0.7910203266047525,0,16.60714285714149,0,0,0,0,0.003247222222222222,15708.810949529512,4.363558597091531,0.06021505376344582,0.8145896656534954,0,LOW,LOW
VEH_007,68b89b2d4f65cd554d7512ab,2025-11-22 07:00:00,ON,18.44,12606.83,49.91,40.2,38.4,511.0,-0.02,20,13.03,0.0,757.34,383429.02000000025,1.1000000000000014,18.44000000000051,16.763636363636806,0,0.0,13.03,0.02,0.2,0.074,3600,0.0,13.99422,0,23,140400,49.91,0.00030555555555555593,0.00012976190476190488,384627.5229357795,6410.4587155963245,106.84097859327207,0,1.0456211342360704,0,16.763636363636806,0,0,0,0,0.0036194444444444442,13789.409056024559,3.8303914044512664,0.05965292841648433,0.17477203647416414,0,LOW,LOW
VEH_007,68b89b2d4f65cd554d7512ab,2025-11-22 08:00:00,ON,22.28,12629.11,48.57,40.1,40.8,512.0,0.36,4,14.18,0.0,758.68,383429.02000000025,1.3399999999999963,22.280000000000655,16.626865671642324,0,0.0,14.18,0.36,0.04,0.264,3600,0.0,17.92352,0,23,144000,48.57,0.0003722222222222212,0.0001726190476190477,281371.0344827585,4689.517241379308,78.15862068965514,0,1.2633643639251457,0,16.626865671642324,0,0,0,0,0.0039388888888888885,12330.888575458393,3.4252468265162204,0.06014362657091368,0.7553191489361702,0,LOW,LOW
VEH_007,68b89b2d4f65cd554d7512ab,2025-11-22 09:00:00,ON,18.42,12647.53,47.47,41.0,43.0,513.0,0.2,23,13.03,0.0,759.78,383429.02000000025,1.1000000000000014,18.420000000000073,16.74545454545459,0,0.0,13.03,0.2,0.23,0.209,3600,0.0,15.75327,0,23,147600,47.47,0.00030555555555555593,0.00020357142857142866,233185.9649122806,3886.43274853801,64.77387914230016,0,1.0444870549147482,0,16.74545454545459,0,0,0,0,0.0036194444444444442,13115.27244819647,3.643131235610131,0.05971769815418008,0.20212765957446807,0,LOW,LOW
VEH_007,68b89b2d4f65cd554d7512ab,2025-11-22 10:00:00,ON,16.38,12663.9,46.48,41.1,41.6,514.0,0.49,44,12.41,0.0,760.76,383429.02000000025,0.990000000000002,16.36999999999898,16.535353535352474,0,0.0,12.41,0.49,0.44,0.475,3600,0.0,18.304750000000002,0,23,151200,46.48,0.00027500000000000056,0.00023452380952380966,198188.83248730953,3303.1472081218253,55.05245346869709,0,0.9282439244817209,0,16.535353535352474,0,0,0,0,0.003447222222222222,13483.319903303787,3.7453666398066074,0.06047648136836063,0.9088145896656535,0,LOW,LOW
VEH_007,68b89b2d4f65cd554d7512ab,2025-11-22 11:00:00,ON,19.56,12683.47,45.31,40.7,44.2,515.0,0.16,43,13.37,0.0,761.94,383429.02000000025,1.1699999999999946,19.56999999999971,16.726495726495553,0,0.0,13.37,0.16,0.43,0.241,3600,0.0,16.59217,0,23,154800,45.31,0.0003249999999999985,0.0002777777777777778,163116.0,2718.6,45.31,0,1.1096966158893182,0,16.726495726495553,0,0,0,0,0.0037138888888888885,12200.149588631266,3.3889304412864627,0.05978538579458416,0.24012158054711247,0,LOW,LOW
VEH_007,68b89b2d4f65cd554d7512ab,2025-11-22 12:00:00,ON,19.95,12703.42,44.11,40.7,41.5,516.0,-0.17,42,13.49,0.0,763.14,383429.02000000025,1.2000000000000028,19.950000000000728,16.62500000000057,0,0.0,13.49,0.17,0.42,0.245,3600,0.0,16.795050000000003,0,23,158400,44.11,0.00033333333333333414,0.00030714285714285723,143613.95348837206,2393.565891472868,39.892764857881126,0,1.131244122994023,0,16.62500000000057,0,0,0,0,0.003747222222222222,11771.386212008896,3.2698295033358047,0.060150375939847574,0.7613981762917933,0,MEDIUM,LOW
VEH_007,68b89b2d4f65cd554d7512ab,2025-11-22 13:00:00,ON,15.12,12718.54,43.21,40.8,37.8,517.0,-0.39,5,12.04,0.0,764.04,383429.02000000025,0.8999999999999986,15.1200000000008,16.800000000000917,0,0.0,12.04,0.39,0.05,0.288,3600,0.0,15.50752,0,23,162000,43.21,0.0002499999999999996,0.0003095238095238094,139601.53846153853,2326.692307692309,38.778205128205144,0,0.8573639669007475,0,16.800000000000917,0,0,0,0,0.003344444444444444,12919.933554817277,3.588870431893688,0.05952380952380628,0.13677811550151975,0,MEDIUM,LOW
VEH_007,68b89b2d4f65cd554d7512ab,2025-11-22 14:00:00,ON,17.71,12736.26,42.14,40.6,39.3,518.0,-0.1,24,12.81,0.0,765.11,383429.02000000025,1.0700000000000003,17.719999999999345,16.560747663550785,0,0.0,12.81,0.1,0.24,0.142,3600,0.0,14.629019999999999,0,23,165600,42.14,0.0002972222222222223,0.0003083333333333332,136670.27027027032,2277.837837837839,37.96396396396398,0,1.0047942786693043,0,16.560747663550785,0,0,0,0,0.0035583333333333335,11842.622950819672,3.289617486338798,0.060383747178331816,0.8905775075987842,0,MEDIUM,LOW
VEH_007,68b89b2d4f65cd554d7512ab,2025-11-22 15:00:00,ON,11.39,12747.64,41.46,39.8,36.2,519.0,-0.3,1,10.92,0.0,765.79,383429.02000000025,0.6799999999999997,11.3799999999992,16.73529411764589,0,0.0,10.92,0.3,0.01,0.213,3600,0.0,13.24596,0,23,169200,41.46,0.0001888888888888888,0.0002821428571428571,146946.835443038,2449.113924050633,40.81856540084389,0,0.6452911338180757,0,16.73529411764589,0,0,0,0,0.003033333333333333,13668.13186813187,3.796703296703297,0.059753954305803825,0.2188449848024316,0,MEDIUM,LOW
VEH_007,68b89b2d4f65cd554d7512ab,2025-11-22 16:00:00,ON,18.37,12766.01,40.36,40.1,46.1,520.0,0.23,30,13.01,0.0,766.89,383429.02000000025,1.1000000000000014,18.3700000000008,16.700000000000706,0,0.0,13.01,0.23,0.3,0.251,3600,0.0,16.275509999999997,0,23,172800,40.36,0.00030555555555555593,0.0002821428571428571,143048.1012658228,2384.135021097047,39.735583684950775,0,1.0416518566115465,0,16.700000000000706,0,0,0,0,0.0036138888888888887,11168.024596464258,3.1022290545734053,0.05988023952095555,0.32674772036474165,0,MEDIUM,LOW
VEH_007,68b89b2d4f65cd554d7512ab,2025-11-22 17:00:00,ON,17.43,12783.44,39.31,39.7,38.4,521.0,-0.4,43,12.73,0.0,767.94,383429.02000000025,1.0499999999999972,17.43000000000029,16.60000000000032,0,0.0,12.73,0.4,0.43,0.409,3600,0.0,17.93657,0,23,176400,39.31,0.0002916666666666659,0.0002845238095238093,138160.6694560671,2302.6778242677847,38.377963737796414,0,0.988350128510548,0,16.60000000000032,0,0,0,0,0.0035361111111111114,11116.732128829537,3.0879811468970937,0.06024096385542052,0.831306990881459,0,MEDIUM,LOW
VEH_007,68b89b2d4f65cd554d7512ab,2025-11-22 18:00:00,ON,14.4,12797.84,69.09,38.8,40.3,522.0,0.09,34,11.82,0.0,768.8,383429.02000000025,0.0,14.399999999999636,0.0,0,0.0,11.82,0.09,0.34,0.165,3600,0.0,13.7703,1,24,0,69.09,0.0,0.00023809523809523812,290178.0,4836.3,80.605,0,0.8165371113339813,0,0.0,0,0,0,0,0.0032833333333333334,21042.63959390863,5.845177664974619,0.0,0.020516717325227963,0,LOW,LOW
VEH_007,68b89b2d4f65cd554d7512ab,2025-11-22 19:00:00,ON,8.71,12806.54,68.57,38.6,35.4,523.0,0.46,20,10.11,0.0,769.32,383429.02000000025,0.5200000000000102,8.700000000000728,16.7307692307703,0,0.0,10.11,0.46,0.2,0.382,3600,0.0,13.97202,0,24,3600,68.57,0.00014444444444444728,0.0002111111111111114,324805.26315789425,5413.421052631571,90.22368421052619,0,0.49332450476433415,0,16.7307692307703,0,0,0,0,0.0028083333333333333,24416.617210682492,6.7823936696340255,0.05977011494252491,0.22796352583586627,0,LOW,LOW
VEH_007,68b89b2d4f65cd554d7512ab,2025-11-22 20:00:00,ON,9.67,12816.21,67.99,37.7,32.5,524.0,-0.42,3,10.4,0.0,769.9,383429.02000000025,0.5799999999999983,9.669999999998254,16.672413793100485,0,0.0,10.4,0.42,0.03,0.303,3600,0.0,13.5512,0,24,7200,67.99,0.00016111111111111062,0.00019841269841269866,342669.59999999957,5711.159999999993,95.18599999999988,0,0.5483273518471092,0,16.672413793100485,0,0,0,0,0.002888888888888889,23534.999999999996,6.537499999999999,0.059979317476742816,0.45896656534954405,0,LOW,LOW
VEH_007,68b89b2d4f65cd554d7512ab,2025-11-22 21:00:00,ON,8.7,12824.92,67.47,38.4,32.8,525.0,-0.42,16,10.11,0.0,770.43,383429.02000000025,0.519999999999996,8.710000000000946,16.750000000001947,0,0.0,10.11,0.42,0.16,0.34199999999999997,3600,0.0,13.56762,0,24,10800,67.47,0.00014444444444444333,0.00017658730158730168,382077.3033707863,6367.955056179771,106.13258426966286,0,0.4938915444249951,0,16.750000000001947,0,0,0,0,0.0028083333333333333,24024.92581602374,6.673590504451039,0.05970149253730649,0.1899696048632219,0,LOW,LOW
VEH_007,68b89b2d4f65cd554d7512ab,2025-11-22 22:00:00,ON,4.12,12829.04,67.22,37.9,31.9,526.0,0.33,17,8.74,0.0,770.67,383429.02000000025,0.25,4.1200000000008,16.4800000000032,0,0.0,8.74,0.33,0.17,0.282,3600,0.0,11.20468,0,24,14400,67.22,6.944444444444444e-05,0.00015952380952380965,421379.1044776116,7022.98507462686,117.049751243781,0,0.23362034018727373,0,16.4800000000032,0,0,0,0,0.002427777777777778,27687.87185354691,7.691075514874141,0.06067961165047365,0.9331306990881459,0,LOW,LOW
VEH_007,68b89b2d4f65cd554d7512ab,2025-11-22 23:00:00,ON,11.23,12840.26,66.55,37.4,42.3,527.0,0.1,41,10.87,0.0,771.35,383429.02000000025,0.6700000000000017,11.219999999999345,16.746268656715397,0,0.0,10.87,0.1,0.41,0.19299999999999998,3600,0.0,12.96791,0,24,18000,66.55,0.00018611111111111158,0.0001424603174603176,467147.6323119773,7785.793871866288,129.76323119777146,0,0.6362184992477061,0,16.746268656715397,0,0,0,0,0.0030194444444444444,22040.478380864766,6.122355105795768,0.05971479500891629,0.2006079027355623,0,LOW,LOW
VEH_007,68b89b2d4f65cd554d7512ab,2025-11-23 00:00:00,ON,3.55,12843.82,66.33,37.7,38.7,528.0,-0.43,21,8.57,0.0,771.56,383429.02000000025,0.21999999999999886,3.5599999999994907,16.18181818181595,0,0.0,8.57,0.43,0.21,0.364,3600,0.0,11.68948,0,24,21600,66.33,6.11111111111108e-05,0.00010952380952380972,605621.7391304336,10093.695652173894,168.2282608695649,0,0.20186611919087716,0,16.18181818181595,0,0,0,0,0.0023805555555555555,27863.243873978998,7.739789964994166,0.06179775280899728,0.9787234042553191,0,LOW,LOW
VEH_007,68b89b2d4f65cd554d7512ab,2025-11-23 01:00:00,ON,0.0,12843.82,66.3,37.8,29.4,529.0,-0.33,19,0.0,0.03,771.59,383429.02000000025,0.030000000000001137,0.0,0.0,1,0.03,0.0,0.33,0.19,0.288,3600,0.0,0.0,0,24,25200,66.3,8.333333333333649e-06,0.00011071428571428595,598838.709677418,9980.6451612903,166.344086021505,0,0.0,0,0.0,1,1,0,0,8.333333333333334e-06,7955999.999999999,2209.9999999999995,0.0,0.0,0,LOW,LOW
VEH_007,68b89b2d4f65cd554d7512ab,2025-11-23 02:00:00,ON,0.0,12843.82,66.27,37.6,26.3,530.0,-0.03,48,0.0,0.03,771.62,383429.02000000025,0.030000000000001137,0.0,0.0,1,0.03,0.0,0.03,0.48,0.16499999999999998,3600,0.0,0.0,0,24,28800,66.27,8.333333333333649e-06,9.126984126984115e-05,726088.6956521748,12101.478260869579,201.69130434782633,0,0.0,0,0.0,1,1,0,0,8.333333333333334e-06,7952399.999999999,2208.9999999999995,0.0,0.0,0,LOW,LOW
VEH_007,68b89b2d4f65cd554d7512ab,2025-11-23 03:00:00,ON,0.0,12843.82,66.24,36.9,29.0,531.0,-0.3,34,0.0,0.03,771.65,383429.02000000025,0.030000000000001137,0.0,0.0,1,0.03,0.0,0.3,0.34,0.312,3600,0.0,0.0,0,24,32400,66.24,8.333333333333649e-06,6.944444444444443e-05,953856.0000000001,15897.600000000002,264.96000000000004,0,0.0,0,0.0,1,1,0,0,8.333333333333334e-06,7948799.999999999,2207.9999999999995,0.0,0.0,0,LOW,LOW
VEH_007,68b89b2d4f65cd554d7512ab,2025-11-23 04:00:00,ON,4.85,12848.67,65.95,36.2,37.7,532.0,0.45,1,8.96,0.0,771.94,383429.02000000025,0.28999999999999204,4.850000000000364,16.724137931036196,0,0.0,8.96,0.45,0.01,0.318,3600,0.0,11.809280000000001,0,24,36000,65.95,8.055555555555335e-05,6.031746031746015e-05,1093381.5789473713,18223.02631578952,303.7171052631587,0,0.2750142354145977,0,16.724137931036196,0,0,0,0,0.002488888888888889,26497.76785714286,7.360491071428572,0.059793814432983566,0.24924012158054712,0,LOW,LOW
VEH_007,68b89b2d4f65cd554d7512ab,2025-11-23 05:00:00,ON,3.34,12852.01,65.75,36.5,31.2,533.0,0.48,7,8.5,0.0,772.14,383429.02000000025,0.20000000000000284,3.3400000000001455,16.70000000000049,0,0.0,8.5,0.48,0.07,0.357,3600,0.0,11.5345,0,24,39600,65.75,5.5555555555556344e-05,5.8333333333333285e-05,1127142.857142858,18785.7142857143,313.0952380952383,0,0.18939124665664483,0,16.70000000000049,0,0,0,0,0.002361111111111111,27847.058823529413,7.735294117647059,0.05988023952095633,0.32978723404255317,0,LOW,LOW
VEH_007,68b89b2d4f65cd554d7512ab,2025-11-23 06:00:00,ON,3.51,12855.52,65.54,37.2,38.1,534.0,-0.48,45,8.55,0.0,772.35,383429.02000000025,0.20999999999999375,3.5100000000002183,16.71428571428725,0,0.0,8.55,0.48,0.45,0.471,3600,0.0,12.577050000000002,0,24,43200,65.54,5.83333333333316e-05,4.007936507936472e-05,1635255.445544569,27254.257425742817,454.2376237623803,0,0.19903092088767538,0,16.71428571428725,0,0,0,0,0.0023750000000000004,27595.78947368421,7.665497076023391,0.05982905982905433,0.2750759878419453,0,LOW,LOW
VEH_007,68b89b2d4f65cd554d7512ab,2025-11-23 07:00:00,ON,0.0,12855.52,65.51,36.7,23.7,535.0,0.2,14,0.0,0.03,772.38,383429.02000000025,0.030000000000001137,0.0,0.0,1,0.03,0.0,0.2,0.14,0.182,3600,0.0,0.0,0,24,46800,65.51,8.333333333333649e-06,3.253968253968227e-05,2013234.14634148,33553.90243902467,559.2317073170778,0,0.0,0,0.0,1,1,0,0,8.333333333333334e-06,7861200.0,2183.6666666666665,0.0,0.0,0,LOW,LOW
VEH_007,68b89b2d4f65cd554d7512ab,2025-11-23 08:00:00,ON,0.0,12855.52,65.48,36.0,23.2,536.0,0.26,46,0.0,0.03,772.41,383429.02000000025,0.030000000000001137,0.0,0.0,1,0.03,0.0,0.26,0.46,0.32,3600,0.0,0.0,0,24,50400,65.48,8.333333333333649e-06,3.253968253968227e-05,2012312.195121968,33538.536585366135,558.9756097561022,0,0.0,0,0.0,1,1,0,0,8.333333333333334e-06,7857600.0,2182.6666666666665,0.0,0.0,0,LOW,LOW
VEH_007,68b89b2d4f65cd554d7512ab,2025-11-23 09:00:00,ON,7.4,12862.93,65.04,35.6,33.8,537.0,-0.28,49,9.72,0.0,772.86,383429.02000000025,0.4399999999999977,7.4099999999998545,16.84090909090885,0,0.0,9.72,0.28,0.49,0.34299999999999997,3600,0.0,13.05396,0,24,54000,65.04,0.0001222222222222216,4.8809523809523405e-05,1332526.829268304,22208.780487805067,370.14634146341774,0,0.4201763885406136,0,16.84090909090885,0,0,0,0,0.0027,24088.88888888889,6.691358024691358,0.059379217273954975,0.11854103343465046,0,LOW,LOW
VEH_007,68b89b2d4f65cd554d7512ab,2025-11-23 10:00:00,ON,12.28,12875.21,64.3,36.0,38.1,538.0,-0.31,26,11.18,0.0,773.59,383429.02000000025,0.7400000000000091,12.279999999998836,16.594594594592817,0,0.0,11.18,0.31,0.26,0.295,3600,0.0,14.4781,0,24,57600,64.3,0.00020555555555555808,7.698412698412689e-05,835237.1134020629,13920.618556701049,232.0103092783508,0,0.6963247032764301,0,16.594594594592817,0,0,0,0,0.0031055555555555554,20704.83005366726,5.751341681574239,0.06026058631922469,0.837386018237082,0,LOW,LOW
VEH_007,68b89b2d4f65cd554d7512ab,2025-11-23 11:00:00,ON,5.88,12881.08,63.95,36.5,36.8,539.0,-0.18,23,9.26,0.0,773.94,383429.02000000025,0.3499999999999943,5.8700000000008,16.77142857143113,0,0.0,9.26,0.18,0.23,0.195,3600,0.0,11.0657,0,24,61200,63.95,9.722222222222064e-05,7.936507936507937e-05,805770.0,13429.5,223.825,0,0.33285228080078094,0,16.77142857143113,0,0,0,0,0.0025722222222222223,24861.771058315335,6.906047516198704,0.05962521294718,0.16109422492401215,0,LOW,LOW
VEH_007,68b89b2d4f65cd554d7512ab,2025-11-23 12:00:00,ON,0.66,12881.74,63.91,36.8,38.1,540.0,0.26,17,7.7,0.0,773.98,383429.02000000025,0.04000000000000625,0.6599999999998545,16.499999999993783,0,0.0,7.7,0.26,0.17,0.23299999999999998,3600,0.0,9.494100000000001,0,24,64800,63.91,1.1111111111112848e-05,7.301587301587317e-05,875289.1304347807,14588.152173913013,243.13586956521686,0,0.03742461760280017,0,16.499999999993783,0,0,0,0,0.002138888888888889,29879.999999999996,8.299999999999999,0.060606060606083444,0.9285714285714286,0,LOW,LOW
VEH_007,68b89b2d4f65cd554d7512ab,2025-11-23 13:00:00,ON,3.93,12885.67,63.67,36.8,34.5,541.0,0.46,49,8.68,0.0,774.22,383429.02000000025,0.23999999999999488,3.930000000000291,16.375000000001563,0,0.0,8.68,0.46,0.49,0.469,3600,0.0,12.750919999999999,0,24,68400,63.67,6.666666666666525e-05,7.42063492063494e-05,858012.8342245967,14300.213903743279,238.3368983957213,0,0.2228465866349212,0,16.375000000001563,0,0,0,0,0.002411111111111111,26406.91244239632,7.335253456221199,0.06106870229007051,0.958966565349544,0,LOW,LOW
VEH_007,68b89b2d4f65cd554d7512ab,2025-11-23 14:00:00,ON,0.0,12885.67,63.64,36.8,22.6,542.0,0.24,12,0.0,0.03,774.25,383429.02000000025,0.030000000000001137,0.0,0.0,1,0.03,0.0,0.24,0.12,0.204,3600,0.0,0.0,0,24,72000,63.64,8.333333333333649e-06,7.42063492063494e-05,857608.5561497305,14293.475935828841,238.22459893048068,0,0.0,0,0.0,1,1,0,0,8.333333333333334e-06,7636800.0,2121.3333333333335,0.0,0.0,0,LOW,LOW
VEH_007,68b89b2d4f65cd554d7512ab,2025-11-23 15:00:00,ON,3.25,12888.93,63.45,37.5,38.2,543.0,0.21,2,8.48,0.0,774.45,383429.02000000025,0.18999999999999773,3.2600000000002183,17.15789473684346,0,0.0,8.48,0.21,0.02,0.153,3600,0.0,9.77744,0,24,75600,63.45,5.277777777777715e-05,8.05555555555556e-05,787655.1724137927,13127.586206896545,218.79310344827576,0,0.18485492937146006,0,17.15789473684346,0,0,0,0,0.0023555555555555556,26936.32075471698,7.482311320754717,0.05828220858895246,0.060790273556231005,0,LOW,LOW
VEH_007,68b89b2d4f65cd554d7512ab,2025-11-23 16:00:00,ON,5.88,12894.8,63.09,38.1,34.4,544.0,0.06,22,9.26,0.0,774.8,383429.02000000025,0.35999999999999943,5.869999999998981,16.30555555555275,0,0.0,9.26,0.06,0.22,0.108,3600,0.0,10.26008,0,24,79200,63.09,9.999999999999984e-05,7.73809523809525e-05,815316.9230769218,13588.615384615365,226.47692307692273,0,0.3328522808006778,0,16.30555555555275,0,0,0,0,0.0025722222222222223,24527.429805615553,6.81317494600432,0.061328790459976475,0.9680851063829787,0,LOW,LOW
VEH_007,68b89b2d4f65cd554d7512ab,2025-11-23 17:00:00,ON,0.0,12894.8,63.06,38.9,22.0,545.0,-0.21,0,0.0,0.03,774.83,383429.02000000025,0.030000000000001137,0.0,0.0,1,0.03,0.0,0.21,0.0,0.147,3600,0.0,0.0,0,24,82800,63.06,8.333333333333649e-06,4.9206349206349e-05,1281541.9354838764,21359.032258064606,355.9838709677434,0,0.0,0,0.0,1,1,0,0,8.333333333333334e-06,7567200.0,2102.0,0.0,0.0,0,LOW,LOW
VEH_007,68b89b2d4f65cd554d7512ab,2025-11-23 18:00:00,ON,7.65,12902.46,62.6,38.5,42.0,546.0,0.15,26,9.8,0.0,775.29,383429.02000000025,0.46000000000000085,7.6599999999998545,16.652173913043132,0,0.0,9.8,0.15,0.26,0.183,3600,0.0,11.5934,0,24,86400,62.6,0.000127777777777778,5.357142857142863e-05,1168533.333333332,19475.555555555537,324.59259259259227,0,0.4343523800568289,0,16.652173913043132,0,0,0,0,0.0027222222222222222,22995.918367346938,6.387755102040816,0.060052219321150076,0.6193009118541033,0,LOW,LOW
VEH_007,68b89b2d4f65cd554d7512ab,2025-11-23 19:00:00,ON,9.66,12912.12,62.03,38.7,34.5,547.0,-0.14,2,10.4,0.0,775.87,383429.02000000025,0.5700000000000003,9.660000000001673,16.947368421055558,0,0.0,10.4,0.14,0.02,0.10400000000000001,3600,0.0,11.481600000000002,0,24,90000,62.03,0.0001583333333333334,7.460317460317441e-05,831465.9574468107,13857.765957446845,230.9627659574474,0,0.5477603121866546,0,16.947368421055558,0,0,0,0,0.002888888888888889,21471.923076923074,5.964423076923076,0.05900621118011403,0.0851063829787234,0,LOW,LOW
VEH_007,68b89b2d4f65cd554d7512ab,2025-11-23 20:00:00,ON,9.62,12921.74,61.45,40.0,36.5,548.0,-0.08,29,10.39,0.0,776.44,383429.02000000025,0.5799999999999983,9.619999999998981,16.586206896550017,0,0.0,10.39,0.08,0.29,0.143,3600,0.0,11.875770000000001,0,24,93600,61.45,0.00016111111111111062,8.809523809523804e-05,697540.540540541,11625.675675675684,193.7612612612614,0,0.5454921535439075,0,16.586206896550017,0,0,0,0,0.0028861111111111114,21291.626564003847,5.914340712223291,0.0602910602910665,0.8617021276595744,0,LOW,LOW
VEH_007,68b89b2d4f65cd554d7512ab,2025-11-23 21:00:00,ON,15.67,12937.41,60.51,40.2,40.5,549.0,-0.28,18,12.2,0.0,777.38,383429.02000000025,0.9400000000000048,15.670000000000073,16.670212765957437,0,0.0,12.2,0.28,0.18,0.25,3600,0.0,15.25,0,24,97200,60.51,0.00026111111111111246,0.0001242063492063493,487173.16293929674,8119.552715654946,135.3258785942491,0,0.8885511482363799,0,16.670212765957437,0,0,0,0,0.0033888888888888888,17855.409836065573,4.9598360655737705,0.059987236758136595,0.47416413373860183,0,LOW,LOW
VEH_007,68b89b2d4f65cd554d7512ab,2025-11-23 22:00:00,ON,22.79,12960.2,59.14,40.1,43.7,550.0,0.27,45,14.34,0.0,778.75,383429.02000000025,1.3699999999999974,22.790000000000873,16.635036496351034,0,0.0,14.34,0.27,0.45,0.324,3600,0.0,18.98616,0,24,100800,59.14,0.0003805555555555548,0.0001710317460317461,345783.75870069594,5763.062645011599,96.05104408352665,0,1.2922833866182375,0,16.635036496351034,0,0,0,0,0.0039833333333333335,14846.861924686193,4.124128312412831,0.06011408512505243,0.7249240121580547,0,LOW,LOW
VEH_007,68b89b2d4f65cd554d7512ab,2025-11-23 23:00:00,ON,28.55,12988.76,57.43,40.5,45.8,551.0,0.26,49,16.07,0.0,780.47,383429.02000000025,1.7100000000000009,28.55999999999949,16.701754385964605,0,0.0,16.07,0.26,0.49,0.32899999999999996,3600,0.0,21.357029999999998,0,24,104400,57.43,0.0004750000000000002,0.00022460317460317472,255695.4063604239,4261.590106007065,71.02650176678442,0,1.6194652708124084,0,16.701754385964605,0,0,0,0,0.004463888888888889,12865.463596764157,3.5737398879900435,0.05987394957983303,0.31762917933130697,0,LOW,LOW
VEH_007,68b89b2d4f65cd554d7512ab,2025-11-24 00:00:00,ON,35.42,13024.17,55.3,40.5,48.1,552.0,-0.16,38,18.12,0.0,782.59,383429.02000000025,2.1300000000000026,35.409999999999854,16.62441314553982,0,0.0,18.12,0.16,0.38,0.22599999999999998,3600,1.0,22.215120000000002,0,24,108000,55.3,0.0005916666666666674,0.0003079365079365081,179582.474226804,2993.0412371134003,49.88402061855667,0,2.0078874383567284,0,16.62441314553982,0,0,0,0,0.005033333333333333,10986.754966887416,3.051876379690949,0.06015249929398507,0.7674772036474165,0,LOW,LOW
VEH_007,68b89b2d4f65cd554d7512ab,2025-11-24 01:00:00,ON,33.61,13057.78,53.29,40.5,40.6,553.0,0.31,49,17.58,0.0,784.61,383429.02000000025,2.009999999999998,33.61000000000058,16.72139303482618,0,0.0,17.58,0.31,0.49,0.364,3600,1.0,23.979119999999995,0,24,111600,53.29,0.0005583333333333328,0.00036944444444444454,144243.60902255634,2404.060150375939,40.06766917293232,0,1.9058202994400195,0,16.72139303482618,0,0,0,0,0.004883333333333333,10912.627986348123,3.0312855517633674,0.05980362987206079,0.25987841945288753,0,LOW,LOW
VEH_007,68b89b2d4f65cd554d7512ab,2025-11-24 02:00:00,ON,27.79,13085.57,51.62,40.0,40.8,554.0,0.12,49,15.84,0.0,786.27,383429.02000000025,1.6700000000000017,27.789999999999054,16.64071856287367,0,0.0,15.84,0.12,0.49,0.23099999999999998,3600,0.0,19.499039999999997,0,24,115200,51.62,0.0004638888888888894,0.0004130952380952382,124959.07780979824,2082.6512968299708,34.710854947166176,0,1.5758032169424405,0,16.64071856287367,0,0,0,0,0.0044,11731.81818181818,3.258838383838383,0.060093558834115095,0.6930091185410334,0,LOW,LOW
VEH_007,68b89b2d4f65cd554d7512ab,2025-11-24 03:00:00,ON,32.2,13117.77,49.69,40.0,39.8,555.0,-0.37,36,17.16,0.0,788.21,383429.02000000025,1.9299999999999997,32.20000000000073,16.683937823834576,0,0.0,17.16,0.37,0.36,0.367,3600,1.0,23.45772,0,24,118800,49.69,0.000536111111111111,0.0004666666666666668,106478.57142857139,1774.6428571428564,29.577380952380942,0,1.8258677072885734,0,16.683937823834576,0,0,0,0,0.0047666666666666664,10424.475524475525,2.8956876456876457,0.0599378881987564,0.40425531914893614,0,LOW,LOW
VEH_007,68b89b2d4f65cd554d7512ab,2025-11-24 04:00:00,ON,25.41,13143.18,48.16,39.8,39.6,556.0,-0.37,16,15.12,0.0,789.73,383429.02000000025,1.5300000000000011,25.409999999999854,16.607843137254793,0,0.0,15.12,0.37,0.16,0.307,3600,0.0,19.76184,0,24,122400,48.16,0.0004250000000000003,0.0004900793650793651,98269.79757085019,1637.8299595141698,27.29716599190283,0,1.4408477777081161,0,16.607843137254793,0,0,0,0,0.0042,11466.666666666666,3.185185185185185,0.060212514757969696,0.8130699088145896,0,LOW,LOW
VEH_007,68b89b2d4f65cd554d7512ab,2025-11-24 05:00:00,ON,17.84,13161.01,47.09,39.7,37.6,557.0,-0.29,5,12.85,0.0,790.8,383429.02000000025,1.0699999999999932,17.829999999999927,16.663551401869196,0,0.0,12.85,0.29,0.05,0.21799999999999997,3600,0.0,15.651299999999999,0,24,126000,47.09,0.0002972222222222203,0.0004781746031746031,98478.67219917015,1641.3112033195025,27.355186721991707,0,1.011031714936472,0,16.663551401869196,0,0,0,0,0.0035694444444444445,13192.529182879378,3.6645914396887163,0.06001121704991574,0.5303951367781155,0,LOW,LOW
VEH_007,68b89b2d4f65cd554d7512ab,2025-11-24 06:00:00,ON,20.89,13181.91,45.84,39.1,41.9,558.0,-0.06,18,13.77,0.0,792.05,383429.02000000025,1.25,20.899999999999636,16.719999999999708,0,0.0,13.77,0.06,0.18,0.096,3600,0.0,15.09192,0,24,129600,45.84,0.00034722222222222224,0.0004599206349206348,99669.37014667821,1661.1561691113034,27.685936151855056,0,1.1851128907555795,0,16.719999999999708,0,0,0,0,0.003825,11984.313725490198,3.328976034858388,0.05980861244019243,0.2629179331306991,0,LOW,LOW
VEH_007,68b89b2d4f65cd554d7512ab,2025-11-24 07:00:00,ON,21.51,13203.42,44.55,39.5,41.7,559.0,-0.2,41,13.95,0.0,793.34,383429.02000000025,1.2900000000000063,21.51000000000022,16.67441860465125,0,0.0,13.95,0.2,0.41,0.26299999999999996,3600,0.0,17.61885,0,24,133200,44.55,0.00035833333333333507,0.0004265873015873016,104433.48837209301,1740.5581395348834,29.00930232558139,0,1.2197023100551778,0,16.67441860465125,0,0,0,0,0.003875,11496.774193548386,3.193548387096774,0.059972105997210284,0.4513677811550152,0,MEDIUM,LOW
VEH_007,68b89b2d4f65cd554d7512ab,2025-11-24 08:00:00,ON,14.27,13217.68,62.93,39.4,43.0,560.0,-0.2,29,11.78,0.0,794.2,383429.02000000025,0.0,14.260000000000218,0.0,0,0.0,11.78,0.2,0.29,0.22699999999999998,3600,0.0,14.454059999999998,1,25,0,62.93,0.0,0.0003468253968253969,181445.76659038896,3024.096109839816,50.4016018306636,0,0.8085985560849338,0,0.0,0,0,0,0,0.003272222222222222,19231.578947368424,5.342105263157896,0.0,0.020516717325227963,0,LOW,LOW
VEH_007,68b89b2d4f65cd554d7512ab,2025-11-24 09:00:00,ON,18.62,13236.3,61.81,39.6,35.3,561.0,-0.16,5,13.09,0.0,795.32,383429.02000000025,1.1199999999999974,18.61999999999898,16.62499999999913,0,0.0,13.09,0.16,0.05,0.127,3600,0.0,14.75243,0,25,3600,61.81,0.0003111111111111104,0.0003249999999999999,190184.61538461546,3169.743589743591,52.82905982905985,0,1.0558278481276586,0,16.62499999999913,0,0,0,0,0.0036361111111111112,16998.930481283423,4.72192513368984,0.06015037593985278,0.7629179331306991,0,LOW,LOW
VEH_007,68b89b2d4f65cd554d7512ab,2025-11-24 10:00:00,ON,10.94,13247.25,61.16,39.8,40.3,562.0,0.5,26,10.78,0.0,795.97,383429.02000000025,0.6500000000000057,10.950000000000728,16.846153846154817,0,0.0,10.78,0.5,0.26,0.428,3600,0.0,15.393839999999999,0,25,7200,61.16,0.00018055555555555715,0.00027420634920634937,223043.70477568728,3717.395079594788,61.95658465991313,0,0.6209084284102719,0,16.846153846154817,0,0,0,0,0.002994444444444444,20424.48979591837,5.673469387755103,0.05936073059360388,0.11246200607902736,0,LOW,LOW
VEH_007,68b89b2d4f65cd554d7512ab,2025-11-24 11:00:00,ON,7.52,13254.77,60.71,39.2,39.8,563.0,0.39,0,9.76,0.0,796.43,383429.02000000025,0.44999999999999574,7.520000000000437,16.71111111111224,0,0.0,9.76,0.39,0.0,0.27299999999999996,3600,0.0,12.424479999999999,0,25,10800,60.71,0.0001249999999999988,0.00023134920634920627,262417.1526586622,4373.619210977703,72.89365351629505,0,0.42641382480778134,0,16.71111111111224,0,0,0,0,0.002711111111111111,22393.032786885247,6.220286885245902,0.05984042553191085,0.2857142857142857,0,LOW,LOW
VEH_007,68b89b2d4f65cd554d7512ab,2025-11-24 12:00:00,ON,0.0,13254.77,60.68,38.8,24.3,564.0,0.48,36,0.0,0.03,796.46,383429.02000000025,0.030000000000001137,0.0,0.0,1,0.03,0.0,0.48,0.36,0.44399999999999995,3600,0.0,0.0,0,25,14400,60.68,8.333333333333649e-06,0.00019007936507936532,319235.0730688931,5320.584551148218,88.67640918580364,0,0.0,0,0.0,1,1,0,0,8.333333333333334e-06,7281600.0,2022.6666666666667,0.0,0.0,0,LOW,LOW
VEH_007,68b89b2d4f65cd554d7512ab,2025-11-24 13:00:00,ON,0.0,13254.77,60.65,38.5,21.2,565.0,-0.19,22,0.0,0.03,796.49,383429.02000000025,0.030000000000001137,0.0,0.0,1,0.03,0.0,0.19,0.22,0.19899999999999998,3600,0.0,0.0,0,25,18000,60.65,8.333333333333649e-06,0.00014166666666666697,428117.64705882256,7135.294117647043,118.92156862745071,0,0.0,0,0.0,1,1,0,0,8.333333333333334e-06,7277999.999999999,2021.6666666666665,0.0,0.0,0,LOW,LOW
VEH_007,68b89b2d4f65cd554d7512ab,2025-11-24 14:00:00,ON,0.53,13255.3,60.61,39.2,39.4,566.0,0.45,39,7.66,0.0,796.52,383429.02000000025,0.03999999999999915,0.5299999999988358,13.249999999971179,0,0.0,7.66,0.45,0.39,0.432,3600,0.0,10.96912,0,25,21600,60.61,1.1111111111110874e-05,9.206349206349207e-05,658349.9999999999,10972.499999999998,182.87499999999997,0,0.03005310201431045,0,13.249999999971179,0,0,0,0,0.002127777777777778,28485.117493472582,7.912532637075717,0.07547169811337172,0.9954407294832827,0,LOW,LOW
VEH_007,68b89b2d4f65cd554d7512ab,2025-11-24 15:00:00,ON,0.0,13255.3,60.58,39.2,27.9,567.0,0.09,7,0.0,0.03,796.55,383429.02000000025,0.030000000000001137,0.0,0.0,1,0.03,0.0,0.09,0.07,0.084,3600,0.0,0.0,0,25,25200,60.58,8.333333333333649e-06,9.32539682539683e-05,649623.8297872336,10827.063829787226,180.4510638297871,0,0.0,0,0.0,1,1,0,0,8.333333333333334e-06,7269599.999999999,2019.333333333333,0.0,0.0,0,LOW,LOW
VEH_007,68b89b2d4f65cd554d7512ab,2025-11-24 16:00:00,ON,0.0,13255.3,60.55,39.3,26.7,568.0,0.25,1,0.0,0.03,796.58,383429.02000000025,0.030000000000001137,0.0,0.0,1,0.03,0.0,0.25,0.01,0.178,3600,0.0,0.0,0,25,28800,60.55,8.333333333333649e-06,5.00000000000002e-05,1210999.999999995,20183.333333333252,336.38888888888755,0,0.0,0,0.0,1,1,0,0,8.333333333333334e-06,7265999.999999999,2018.333333333333,0.0,0.0,0,LOW,LOW
VEH_007,68b89b2d4f65cd554d7512ab,2025-11-24 17:00:00,ON,0.0,13255.3,60.52,39.2,22.4,569.0,0.23,19,0.0,0.03,796.61,383429.02000000025,0.02999999999999403,0.0,0.0,1,0.03,0.0,0.23,0.19,0.218,3600,0.0,0.0,0,25,32400,60.52,8.333333333331675e-06,2.5396825396825136e-05,2382975.0000000247,39716.250000000415,661.9375000000068,0,0.0,0,0.0,1,1,0,0,8.333333333333334e-06,7262400.0,2017.3333333333333,0.0,0.0,0,LOW,LOW
VEH_007,68b89b2d4f65cd554d7512ab,2025-11-24 18:00:00,ON,0.53,13255.83,60.49,38.9,36.2,570.0,-0.08,46,7.66,0.0,796.64,383429.02000000025,0.030000000000001137,0.5300000000006548,17.666666666687824,0,0.0,7.66,0.08,0.46,0.194,3600,0.0,9.14604,0,25,36000,60.49,8.333333333333649e-06,8.730158730158686e-06,6928854.545454581,115480.90909090968,1924.681818181828,0,0.030053102014413594,0,17.666666666687824,0,0,0,0,0.002127777777777778,28428.720626631854,7.896866840731071,0.05660377358483787,0.0486322188449848,0,LOW,LOW
VEH_007,68b89b2d4f65cd554d7512ab,2025-11-24 19:00:00,ON,0.0,13255.83,60.46,38.9,24.0,571.0,0.11,29,0.0,0.03,796.67,383429.02000000025,0.030000000000001137,0.0,0.0,1,0.03,0.0,0.11,0.29,0.16399999999999998,3600,0.0,0.0,0,25,39600,60.46,8.333333333333649e-06,8.730158730158686e-06,6925418.181818217,115423.63636363695,1923.7272727272825,0,0.0,0,0.0,1,1,0,0,8.333333333333334e-06,7255200.0,2015.3333333333333,0.0,0.0,0,LOW,LOW
VEH_007,68b89b2d4f65cd554d7512ab,2025-11-24 20:00:00,ON,2.93,13258.75,60.29,38.8,34.1,572.0,-0.35,6,8.38,0.0,796.85,383429.02000000025,0.1700000000000017,2.9200000000000728,17.17647058823555,0,0.0,8.38,0.35,0.06,0.26299999999999996,3600,0.0,10.58394,0,25,43200,60.29,4.7222222222222695e-05,1.4285714285714263e-05,4220300.0000000065,70338.33333333344,1172.3055555555575,0,0.16557558090939897,0,17.17647058823555,0,0,0,0,0.002327777777777778,25900.238663484484,7.194510739856801,0.05821917808219092,0.05927051671732523,0,LOW,LOW
VEH_007,68b89b2d4f65cd554d7512ab,2025-11-24 21:00:00,ON,0.45,13259.21,60.26,39.0,33.8,573.0,0.24,37,7.64,0.0,796.87,383429.02000000025,0.030000000000001137,0.4599999999991269,15.33333333330365,0,0.0,7.64,0.24,0.37,0.27899999999999997,3600,0.0,9.77156,0,25,46800,60.26,8.333333333333649e-06,1.3888888888888945e-05,4338719.999999982,72311.99999999971,1205.199999999995,0,0.026083824389786667,0,15.33333333330365,0,0,0,0,0.002122222222222222,28394.76439790576,7.887434554973822,0.06521739130447408,0.993920972644377,0,LOW,LOW
VEH_007,68b89b2d4f65cd554d7512ab,2025-11-24 22:00:00,ON,0.0,13259.21,60.23,38.7,24.7,574.0,0.28,20,0.0,0.03,796.9,383429.02000000025,0.030000000000001137,0.0,0.0,1,0.03,0.0,0.28,0.2,0.256,3600,0.0,0.0,0,25,50400,60.23,8.333333333333649e-06,1.3888888888888945e-05,4336559.999999982,72275.99999999971,1204.5999999999951,0,0.0,0,0.0,1,1,0,0,8.333333333333334e-06,7227599.999999999,2007.6666666666665,0.0,0.0,0,LOW,LOW
VEH_007,68b89b2d4f65cd554d7512ab,2025-11-24 23:00:00,ON,5.07,13264.27,59.93,38.3,36.9,575.0,0.05,28,9.02,0.0,797.21,383429.02000000025,0.29999999999999716,5.06000000000131,16.866666666671193,0,0.0,9.02,0.05,0.28,0.119,3600,0.0,10.09338,0,25,54000,59.93,8.333333333333254e-05,2.46031746031745e-05,2435864.5161290425,40597.74193548404,676.6290322580674,0,0.2869220682882722,0,16.866666666671193,0,0,0,0,0.0025055555555555556,23918.847006651886,6.644124168514413,0.05928853754939121,0.10182370820668693,0,LOW,LOW
VEH_007,68b89b2d4f65cd554d7512ab,2025-11-25 00:00:00,ON,1.69,13265.96,59.83,38.8,35.1,576.0,0.35,20,8.01,0.0,797.31,383429.02000000025,0.10000000000000142,1.6899999999986903,16.89999999998666,0,0.0,8.01,0.35,0.2,0.30499999999999994,3600,0.0,10.45305,0,25,57600,59.83,2.7777777777778172e-05,2.7380952380952573e-05,2185095.6521738977,36418.26086956496,606.9710144927494,0,0.09582970264954124,0,16.89999999998666,0,0,0,0,0.002225,26889.887640449437,7.469413233458177,0.05917159763318279,0.09422492401215805,0,LOW,LOW
VEH_007,68b89b2d4f65cd554d7512ab,2025-11-25 01:00:00,ON,0.0,13265.96,59.8,39.0,24.6,577.0,-0.27,9,0.0,0.03,797.34,383429.02000000025,0.030000000000001137,0.0,0.0,1,0.03,0.0,0.27,0.09,0.216,3600,0.0,0.0,0,25,61200,59.8,8.333333333333649e-06,2.7380952380952576e-05,2183999.999999984,36399.99999999974,606.6666666666623,0,0.0,0,0.0,1,1,0,0,8.333333333333334e-06,7175999.999999999,1993.333333333333,0.0,0.0,0,LOW,LOW
VEH_007,68b89b2d4f65cd554d7512ab,2025-11-25 02:00:00,ON,0.03,13266.0,59.79,39.8,39.7,578.0,-0.3,42,7.51,0.0,797.34,383429.02000000025,0.00999999999999801,0.040000000000873115,4.000000000088107,0,0.0,7.51,0.3,0.42,0.33599999999999997,3600,0.0,10.033359999999998,0,25,64800,59.79,2.7777777777772252e-06,2.6587301587301656e-05,2248817.9104477554,37480.29850746259,624.6716417910432,0,0.002268158642643959,0,4.000000000088107,1,0,0,0,0.002086111111111111,28660.98535286285,7.96138482023968,0.2499999999944933,1.0,0,LOW,LOW
VEH_007,68b89b2d4f65cd554d7512ab,2025-11-25 03:00:00,ON,0.0,13266.0,59.76,40.3,25.2,579.0,-0.05,25,0.0,0.03,797.37,383429.02000000025,0.030000000000001137,0.0,0.0,1,0.03,0.0,0.05,0.25,0.10999999999999999,3600,0.0,0.0,0,25,68400,59.76,8.333333333333649e-06,2.1031746031746076e-05,2841418.867924522,47356.98113207537,789.2830188679228,0,0.0,0,0.0,1,1,0,0,8.333333333333334e-06,7171199.999999999,1991.9999999999998,0.0,0.0,0,LOW,LOW
VEH_007,68b89b2d4f65cd554d7512ab,2025-11-25 04:00:00,ON,0.0,13266.0,59.73,39.8,27.6,580.0,-0.19,1,0.0,0.03,797.4,383429.02000000025,0.030000000000001137,0.0,0.0,1,0.03,0.0,0.19,0.01,0.13599999999999998,3600,0.0,0.0,0,25,72000,59.73,8.333333333333649e-06,2.1031746031746076e-05,2839992.4528301824,47333.20754716971,788.8867924528284,0,0.0,0,0.0,1,1,0,0,8.333333333333334e-06,7167599.999999999,1990.9999999999998,0.0,0.0,0,LOW,LOW
VEH_007,68b89b2d4f65cd554d7512ab,2025-11-25 05:00:00,ON,0.0,13266.0,59.7,39.5,23.5,581.0,0.1,17,0.0,0.03,797.43,383429.02000000025,0.02999999999999403,0.0,0.0,1,0.03,0.0,0.1,0.17,0.121,3600,0.0,0.0,0,25,75600,59.7,8.333333333331675e-06,2.1031746031745795e-05,2838566.0377358813,47309.43396226469,788.4905660377448,0,0.0,0,0.0,1,1,0,0,8.333333333333334e-06,7164000.0,1990.0,0.0,0.0,0,LOW,LOW
VEH_007,68b89b2d4f65cd554d7512ab,2025-11-25 06:00:00,ON,0.0,13266.0,59.67,39.5,26.7,582.0,0.36,33,0.0,0.03,797.46,383429.02000000025,0.030000000000001137,0.0,0.0,1,0.03,0.0,0.36,0.33,0.351,3600,0.0,0.0,0,25,79200,59.67,8.333333333333649e-06,1.0317460317460237e-05,5783400.000000046,96390.00000000076,1606.5000000000127,0,0.0,0,0.0,1,1,0,0,8.333333333333334e-06,7160400.0,1989.0,0.0,0.0,0,LOW,LOW
VEH_007,68b89b2d4f65cd554d7512ab,2025-11-25 07:00:00,ON,0.0,13266.0,59.64,39.9,21.7,583.0,-0.23,6,0.0,0.03,797.49,383429.02000000025,0.030000000000001137,0.0,0.0,1,0.03,0.0,0.23,0.06,0.179,3600,0.0,0.0,0,25,82800,59.64,8.333333333333649e-06,7.53968253968245e-06,7910147.368421148,131835.78947368579,2197.263157894763,0,0.0,0,0.0,1,1,0,0,8.333333333333334e-06,7156800.0,1988.0,0.0,0.0,0,LOW,LOW
VEH_007,68b89b2d4f65cd554d7512ab,2025-11-25 08:00:00,ON,5.82,13271.81,59.29,40.5,35.9,584.0,-0.1,37,9.25,0.0,797.84,383429.02000000025,0.3500000000000014,5.809999999999491,16.599999999998477,0,0.0,9.25,0.1,0.37,0.181,3600,0.0,10.92425,0,25,86400,59.29,9.722222222222262e-05,2.0238095238095163e-05,2929623.5294117755,48827.058823529595,813.7843137254932,0,0.329450042836815,0,16.599999999998477,0,0,0,0,0.0025694444444444445,23075.027027027027,6.4097297297297295,0.06024096385542721,0.8343465045592705,0,LOW,LOW
VEH_007,68b89b2d4f65cd554d7512ab,2025-11-25 09:00:00,ON,13.54,13285.36,58.48,41.1,39.5,585.0,0.47,45,11.56,0.0,798.65,383429.02000000025,0.8100000000000023,13.550000000001091,16.728395061729696,0,0.0,11.56,0.47,0.45,0.46399999999999997,3600,0.0,16.923840000000002,0,25,90000,58.48,0.00022500000000000064,5.198412698412708e-05,1124958.778625952,18749.3129770992,312.48854961832,0,0.7683387401789318,0,16.728395061729696,0,0,0,0,0.003211111111111111,18211.764705882353,5.0588235294117645,0.05977859778597321,0.23252279635258358,0,LOW,LOW
VEH_007,68b89b2d4f65cd554d7512ab,2025-11-25 10:00:00,ON,15.0,13300.36,57.58,41.0,38.8,586.0,0.34,14,12.0,0.0,799.55,383429.02000000025,0.8999999999999986,15.0,16.666666666666693,0,0.0,12.0,0.34,0.14,0.27999999999999997,3600,0.0,15.36,0,25,93600,57.58,0.0002499999999999996,8.650793650793651e-05,665603.6697247706,11093.394495412844,184.88990825688072,0,0.8505594909729187,0,16.666666666666693,0,0,0,0,0.0033333333333333335,17274.0,4.798333333333333,0.05999999999999991,0.5015197568389058,0,LOW,LOW
VEH_007,68b89b2d4f65cd554d7512ab,2025-11-25 11:00:00,ON,17.23,13317.59,56.55,40.7,38.9,587.0,0.17,6,12.67,0.0,800.59,383429.02000000025,1.0300000000000011,17.229999999999563,16.728155339805383,0,0.0,12.67,0.17,0.06,0.13699999999999998,3600,0.0,14.40579,0,25,97200,56.55,0.00028611111111111144,0.0001261904761904762,448132.0754716981,7468.867924528301,124.48113207547169,0,0.9770093352975345,0,16.728155339805383,0,0,0,0,0.0035194444444444444,16067.876874506708,4.463299131807419,0.059779454439931934,0.23404255319148937,0,LOW,LOW
VEH_007,68b89b2d4f65cd554d7512ab,2025-11-25 12:00:00,ON,24.2,13341.79,55.1,41.1,43.4,588.0,0.08,11,14.76,0.0,802.04,383429.02000000025,1.4499999999999957,24.200000000000728,16.689655172414344,0,0.0,14.76,0.08,0.11,0.089,3600,0.0,16.07364,0,25,100800,55.1,0.0004027777777777766,0.0001825396825396826,301852.1739130434,5030.86956521739,83.8478260869565,0,1.3722359787696834,0,16.689655172414344,0,0,0,0,0.0041,13439.024390243902,3.733062330623306,0.05991735537189885,0.3768996960486322,0,LOW,LOW
VEH_007,68b89b2d4f65cd554d7512ab,2025-11-25 13:00:00,ON,23.33,13365.13,53.7,40.9,45.0,589.0,0.27,36,14.5,0.0,803.44,383429.02000000025,1.3999999999999986,23.339999999998327,16.67142857142739,0,0.0,14.5,0.27,0.36,0.297,3600,0.0,18.8065,0,25,104400,53.7,0.0003888888888888885,0.00023690476190476188,226673.36683417088,3777.8894472361812,62.964824120603026,0,1.3234705679537666,0,16.67142857142739,0,0,0,0,0.004027777777777778,13332.41379310345,3.703448275862069,0.05998286203942155,0.46504559270516715,0,LOW,LOW
VEH_007,68b89b2d4f65cd554d7512ab,2025-11-25 14:00:00,ON,25.79,13390.92,72.49,41.0,42.8,590.0,0.42,12,15.24,0.0,804.98,383429.02000000025,0.0,25.790000000000873,0.0,0,0.0,15.24,0.42,0.12,0.32999999999999996,3600,0.0,20.2692,1,26,0,72.49,0.0,0.00023571428571428563,307533.33333333343,5125.5555555555575,85.42592592592595,0,1.4623952848128212,0,0.0,0,0,0,0,0.004233333333333334,17123.62204724409,4.756561679790026,0.0,0.020516717325227963,0,LOW,LOW
VEH_007,68b89b2d4f65cd554d7512ab,2025-11-25 15:00:00,ON,18.63,13409.55,71.38,41.5,41.8,591.0,0.25,4,13.09,0.0,806.1,383429.02000000025,1.1099999999999994,18.6299999999992,16.783783783783072,0,0.0,13.09,0.25,0.04,0.187,3600,0.0,15.537830000000001,0,26,3600,71.38,0.0003083333333333332,0.0002658730158730157,268474.02985074645,4474.567164179108,74.57611940298513,0,1.0563948877883198,0,16.783783783783072,0,0,0,0,0.0036361111111111112,19630.863254392665,5.453017570664629,0.059581320450888195,0.1458966565349544,0,LOW,LOW
VEH_007,68b89b2d4f65cd554d7512ab,2025-11-25 16:00:00,ON,22.13,13431.68,70.05,41.8,46.9,592.0,-0.33,30,14.14,0.0,807.43,383429.02000000025,1.3299999999999983,22.13000000000102,16.63909774436169,0,0.0,14.14,0.33,0.3,0.32099999999999995,3600,0.0,18.67894,0,26,7200,70.05,0.00036944444444444394,0.0002865079365079362,244495.8448753465,4074.9307479224417,67.91551246537402,0,1.2548587690154371,0,16.63909774436169,0,0,0,0,0.003927777777777778,17834.51202263083,4.954031117397453,0.06009941256213001,0.7036474164133738,0,LOW,LOW
VEH_007,68b89b2d4f65cd554d7512ab,2025-11-25 17:00:00,ON,28.34,13460.02,68.35,41.5,42.7,593.0,-0.07,40,16.0,0.0,809.13,383429.02000000025,1.7000000000000028,28.340000000000146,16.670588235294176,0,0.0,16.0,0.07,0.4,0.16899999999999998,3600,0.0,18.704,0,26,10800,68.35,0.000472222222222223,0.00031825396825396806,214765.58603491285,3579.426433915214,59.657107231920236,0,1.6069903982781761,0,16.670588235294176,0,0,0,0,0.0044444444444444444,15378.749999999998,4.271875,0.059985885673958864,0.47188449848024316,0,LOW,LOW
VEH_007,68b89b2d4f65cd554d7512ab,2025-11-25 18:00:00,ON,23.12,13483.14,66.96,40.9,44.5,594.0,-0.29,21,14.44,0.0,810.52,383429.02000000025,1.3900000000000006,23.11999999999898,16.633093525179117,0,0.0,14.44,0.29,0.21,0.266,3600,0.0,18.28104,0,26,14400,66.96,0.00038611111111111127,0.0003325396825396824,201359.4272076373,3355.9904534606217,55.93317422434369,0,1.3109956954195343,0,16.633093525179117,0,0,0,0,0.004011111111111111,16693.628808864265,4.637119113573407,0.06012110726643866,0.7348024316109423,0,LOW,LOW
VEH_007,68b89b2d4f65cd554d7512ab,2025-11-25 19:00:00,ON,16.45,13499.59,65.97,40.6,40.0,595.0,0.28,20,12.44,0.0,811.51,383429.02000000025,0.9899999999999949,16.450000000000728,16.616161616162437,0,0.0,12.44,0.28,0.2,0.256,3600,0.0,15.62464,0,26,18000,65.97,0.00027499999999999855,0.00031428571428571405,209904.54545454562,3498.4090909090937,58.30681818181823,0,0.9327802417670088,0,16.616161616162437,0,0,0,0,0.0034555555555555555,19090.996784565916,5.303054662379421,0.06018237082066572,0.7917933130699089,0,LOW,LOW
VEH_007,68b89b2d4f65cd554d7512ab,2025-11-25 20:00:00,ON,20.97,13520.56,64.71,40.4,41.8,596.0,0.37,26,13.79,0.0,812.76,383429.02000000025,1.2600000000000051,20.969999999999345,16.642857142856556,0,0.0,13.79,0.37,0.26,0.337,3600,0.0,18.43723,0,26,21600,64.71,0.0003500000000000014,0.0003087301587301588,209600.5141388174,3493.3419023136235,58.22236503856039,0,1.1890821683801032,0,16.642857142856556,0,0,0,0,0.0038305555555555554,16893.110949963742,4.6925308194343724,0.06008583690987337,0.6816109422492401,0,LOW,LOW
VEH_007,68b89b2d4f65cd554d7512ab,2025-11-25 21:00:00,ON,18.94,13539.5,63.58,40.6,43.3,597.0,0.45,6,13.18,0.0,813.9,383429.02000000025,1.1299999999999955,18.94000000000051,16.761061946903173,0,0.0,13.18,0.45,0.06,0.333,3600,0.0,17.568939999999998,0,26,25200,63.58,0.00031388888888888764,0.0003535714285714284,179822.2222222223,2997.0370370370383,49.95061728395064,0,1.073973117268501,0,16.761061946903173,0,0,0,0,0.003661111111111111,17366.312594840667,4.8239757207890746,0.059662090813092136,0.1778115501519757,0,LOW,LOW
VEH_007,68b89b2d4f65cd554d7512ab,2025-11-25 22:00:00,ON,16.5,13556.0,62.59,40.8,40.1,598.0,0.09,9,12.45,0.0,814.89,383429.02000000025,0.9899999999999949,16.5,16.666666666666753,0,0.0,12.45,0.09,0.09,0.09,3600,0.0,13.570500000000001,0,26,28800,62.59,0.00027499999999999855,0.0003488095238095235,179438.90784982953,2990.6484641638253,49.84414106939709,0,0.9356154400702106,0,16.666666666666753,0,0,0,0,0.0034583333333333332,18098.31325301205,5.027309236947792,0.05999999999999969,0.49848024316109424,0,LOW,LOW
VEH_007,68b89b2d4f65cd554d7512ab,2025-11-25 23:00:00,ON,16.41,13572.41,61.6,40.2,40.1,599.0,-0.02,32,12.42,0.0,815.87,383429.02000000025,0.990000000000002,16.409999999999854,16.575757575757397,0,0.0,12.42,0.02,0.32,0.11,3600,0.0,13.786200000000001,0,26,32400,61.6,0.00027500000000000056,0.00033531746031746016,183706.50887573973,3061.7751479289955,51.02958579881659,0,0.9305120831243648,0,16.575757575757397,0,0,0,0,0.00345,17855.072463768116,4.959742351046699,0.060329067641682554,0.8708206686930091,0,LOW,LOW
VEH_007,68b89b2d4f65cd554d7512ab,2025-11-26 00:00:00,ON,11.5,13583.9,60.91,39.9,37.7,600.0,0.04,9,10.95,0.0,816.56,383429.02000000025,0.6900000000000048,11.489999999999782,16.652173913043047,0,0.0,10.95,0.04,0.09,0.05499999999999999,3600,0.0,11.552249999999999,0,26,36000,60.91,0.000191666666666668,0.0002952380952380951,206308.06451612912,3438.4677419354853,57.30779569892476,0,0.6515285700852433,0,16.652173913043047,0,0,0,0,0.0030416666666666665,20025.205479452055,5.562557077625571,0.06005221932115039,0.621580547112462,0,LOW,LOW
VEH_007,68b89b2d4f65cd554d7512ab,2025-11-26 01:00:00,ON,5.27,13589.18,60.6,40.0,33.1,601.0,0.07,10,9.08,0.0,816.88,383429.02000000025,0.30999999999999517,5.280000000000655,17.03225806451851,0,0.0,9.08,0.07,0.1,0.079,3600,0.0,9.79732,0,26,39600,60.6,8.611111111110976e-05,0.00025238095238095206,240113.2075471701,4001.8867924528354,66.69811320754725,0,0.2993969408225045,0,17.03225806451851,0,0,0,0,0.002522222222222222,24026.431718061674,6.674008810572687,0.058712121212113014,0.06990881458966565,0,LOW,LOW
VEH_007,68b89b2d4f65cd554d7512ab,2025-11-26 02:00:00,ON,0.0,13589.18,60.57,39.3,22.7,602.0,-0.44,34,0.0,0.03,816.91,383429.02000000025,0.030000000000001137,0.0,0.0,1,0.03,0.0,0.44,0.34,0.41000000000000003,3600,0.0,0.0,0,26,43200,60.57,8.333333333333649e-06,0.00021428571428571422,282660.0000000001,4711.000000000002,78.5166666666667,0,0.0,0,0.0,1,1,0,0,8.333333333333334e-06,7268400.0,2019.0,0.0,0.0,0,LOW,LOW
VEH_007,68b89b2d4f65cd554d7512ab,2025-11-26 03:00:00,ON,4.17,13593.35,60.32,39.0,32.8,603.0,-0.09,0,8.75,0.0,817.16,383429.02000000025,0.25,4.170000000000073,16.68000000000029,0,0.0,8.75,0.09,0.0,0.063,3600,0.0,9.30125,0,26,46800,60.32,6.944444444444444e-05,0.00017420634920634897,346256.0364464697,5770.933940774496,96.18223234624159,0,0.23645553849047554,0,16.68000000000029,0,0,0,0,0.0024305555555555556,24817.371428571427,6.893714285714285,0.05995203836930351,0.4247720364741641,0,LOW,LOW
VEH_007,68b89b2d4f65cd554d7512ab,2025-11-26 04:00:00,ON,9.99,13603.34,59.72,38.8,37.5,604.0,0.02,1,10.5,0.0,817.76,383429.02000000025,0.6000000000000014,9.989999999999782,16.649999999999597,0,0.0,10.5,0.02,0.01,0.016999999999999998,3600,0.0,10.6785,0,26,50400,59.72,0.00016666666666666707,0.00015317460317460315,389881.86528497416,6498.031088082903,108.30051813471505,0,0.5664726209879515,0,16.649999999999597,0,0,0,0,0.002916666666666667,20475.42857142857,5.687619047619047,0.06006006006006152,0.6352583586626139,0,LOW,LOW
VEH_007,68b89b2d4f65cd554d7512ab,2025-11-26 05:00:00,ON,10.17,13613.5,59.11,39.4,38.2,605.0,-0.27,45,10.55,0.0,818.37,383429.02000000025,0.6099999999999994,10.159999999999854,16.65573770491781,0,0.0,10.55,0.27,0.45,0.324,3600,0.0,13.968200000000001,0,26,54000,59.11,0.0001694444444444443,0.00013809523809523824,428037.9310344823,7133.965517241372,118.8994252873562,0,0.576112295218982,0,16.65573770491781,0,0,0,0,0.0029305555555555556,20170.236966824643,5.602843601895734,0.06003937007874096,0.5934650455927052,0,LOW,LOW
VEH_007,68b89b2d4f65cd554d7512ab,2025-11-26 06:00:00,ON,14.76,13628.26,58.22,39.4,41.4,606.0,-0.2,19,11.93,0.0,819.26,383429.02000000025,0.8900000000000006,14.760000000000218,16.58426966292158,0,0.0,11.93,0.2,0.19,0.19699999999999998,3600,0.0,14.28021,0,26,57600,58.22,0.0002472222222222224,0.00013412698412698423,434066.27218934876,7234.437869822479,120.57396449704132,0,0.8369505391173644,0,16.58426966292158,0,0,0,0,0.003313888888888889,17568.482816429172,4.88013411567477,0.06029810298102896,0.8647416413373861,0,LOW,LOW
VEH_007,68b89b2d4f65cd554d7512ab,2025-11-26 07:00:00,ON,10.16,13638.42,57.61,39.3,38.2,607.0,-0.08,25,10.55,0.0,819.87,383429.02000000025,0.6099999999999994,10.159999999999854,16.65573770491781,0,0.0,10.55,0.08,0.25,0.131,3600,0.0,11.93205,0,26,61200,57.61,0.0001694444444444443,0.00013095238095238085,439930.9090909094,7332.1818181818235,122.20303030303039,0,0.576112295218982,0,16.65573770491781,0,0,0,0,0.0029305555555555556,19658.388625592415,5.460663507109004,0.06003937007874096,0.5934650455927052,0,LOW,LOW
VEH_007,68b89b2d4f65cd554d7512ab,2025-11-26 08:00:00,ON,11.97,13650.39,56.89,39.1,39.7,608.0,0.18,26,11.09,0.0,820.58,383429.02000000025,0.7199999999999989,11.969999999999345,16.624999999999115,0,0.0,11.09,0.18,0.26,0.20400000000000001,3600,0.0,13.35236,0,26,64800,56.89,0.00019999999999999968,0.00014722222222222225,386422.64150943386,6440.377358490564,107.33962264150941,0,0.678746473796352,0,16.624999999999115,0,0,0,0,0.0030805555555555556,18467.448151487828,5.129846708746619,0.06015037593985282,0.7644376899696048,0,LOW,LOW
VEH_007,68b89b2d4f65cd554d7512ab,2025-11-26 09:00:00,ON,9.6,13659.99,56.32,39.6,39.5,609.0,0.44,47,10.38,0.0,821.16,383429.02000000025,0.5700000000000003,9.600000000000364,16.842105263158526,0,0.0,10.38,0.44,0.47,0.44899999999999995,3600,0.0,15.040619999999999,0,26,68400,56.32,0.0001583333333333334,0.00016865079365079366,333944.47058823524,5565.741176470588,92.76235294117646,0,0.5443580742226887,0,16.842105263158526,0,0,0,0,0.0028833333333333337,19532.94797687861,5.425818882466281,0.05937499999999778,0.11702127659574468,0,LOW,LOW
VEH_007,68b89b2d4f65cd554d7512ab,2025-11-26 10:00:00,ON,9.08,13669.07,55.77,39.7,36.3,610.0,-0.3,2,10.22,0.0,821.7,383429.02000000025,0.5499999999999972,9.079999999999927,16.50909090909086,0,0.0,10.22,0.3,0.02,0.216,3600,0.0,12.427520000000001,0,26,72000,55.77,0.000152777777777777,0.0001805555555555554,308880.0000000003,5148.000000000005,85.80000000000008,0,0.514872011868936,0,16.50909090909086,0,0,0,0,0.002838888888888889,19645.009784735812,5.456947162426615,0.060572687224669776,0.9209726443768997,0,LOW,LOW
VEH_007,68b89b2d4f65cd554d7512ab,2025-11-26 11:00:00,ON,5.05,13674.12,55.47,40.0,34.5,611.0,0.4,11,9.02,0.0,822.01,383429.02000000025,0.30000000000000426,5.050000000001091,16.833333333336732,0,0.0,9.02,0.4,0.11,0.31299999999999994,3600,0.0,11.843259999999999,0,26,75600,55.47,8.333333333333452e-05,0.00016865079365079366,328904.47058823524,5481.741176470588,91.36235294117645,0,0.2863550286276112,0,16.833333333336732,0,0,0,0,0.0025055555555555556,22138.80266075388,6.149667405764967,0.05940594059404741,0.12006079027355623,0,LOW,LOW
VEH_007,68b89b2d4f65cd554d7512ab,2025-11-26 12:00:00,ON,3.74,13677.86,55.25,39.7,33.6,612.0,0.12,21,8.62,0.0,822.23,383429.02000000025,0.21999999999999886,3.7399999999997817,16.999999999999094,0,0.0,8.62,0.12,0.21,0.147,3600,0.0,9.887139999999999,0,26,79200,55.25,6.11111111111108e-05,0.00015317460317460315,360699.481865285,6011.658031088084,100.19430051813472,0,0.2120728330825687,0,16.999999999999094,0,0,0,0,0.0023944444444444443,23074.245939675176,6.409512761020882,0.058823529411767835,0.07598784194528875,0,LOW,LOW
VEH_007,68b89b2d4f65cd554d7512ab,2025-11-26 13:00:00,ON,5.42,13683.28,54.92,39.8,40.0,613.0,-0.08,32,9.13,0.0,822.56,383429.02000000025,0.3299999999999983,5.420000000000073,16.42424242424273,0,0.0,9.13,0.08,0.32,0.152,3600,0.0,10.51776,0,26,82800,54.92,9.16666666666662e-05,0.00013095238095238082,419389.09090909135,6989.818181818189,116.49696969696981,0,0.3073354960715521,0,16.42424242424273,0,0,0,0,0.0025361111111111114,21655.202628696603,6.015334063526834,0.06088560885608743,0.9468085106382979,0,LOW,LOW
VEH_007,68b89b2d4f65cd554d7512ab,2025-11-26 14:00:00,ON,3.28,13686.56,54.72,40.3,34.7,614.0,0.1,8,8.48,0.0,822.75,383429.02000000025,0.20000000000000284,3.279999999998836,16.399999999993945,0,0.0,8.48,0.1,0.08,0.094,3600,0.0,9.277120000000002,0,26,86400,54.72,5.5555555555556344e-05,0.00011468253968253972,477143.25259515556,7952.387543252593,132.5397923875432,0,0.1859890086926789,0,16.399999999993945,0,0,0,0,0.0023555555555555556,23230.188679245282,6.452830188679245,0.06097560975612007,0.9536474164133738,0,LOW,LOW
VEH_007,68b89b2d4f65cd554d7512ab,2025-11-26 15:00:00,ON,0.0,13686.56,54.69,41.1,24.2,615.0,-0.5,39,0.0,0.03,822.78,383429.02000000025,0.030000000000001137,0.0,0.0,1,0.03,0.0,0.5,0.39,0.46699999999999997,3600,0.0,0.0,0,26,90000,54.69,8.333333333333649e-06,8.73015873015874e-05,626449.0909090901,10440.81818181817,174.01363636363615,0,0.0,0,0.0,1,1,0,0,8.333333333333334e-06,6562799.999999999,1822.9999999999998,0.0,0.0,0,LOW,LOW
VEH_007,68b89b2d4f65cd554d7512ab,2025-11-26 16:00:00,ON,2.08,13688.64,54.57,40.7,35.0,616.0,-0.47,42,8.12,0.0,822.91,383429.02000000025,0.11999999999999744,2.0799999999999272,17.333333333333098,0,0.0,8.12,0.47,0.42,0.45499999999999996,3600,0.0,11.814599999999999,0,26,93600,54.57,3.3333333333332623e-05,6.944444444444444e-05,785808.0,13096.8,218.28,0,0.11794424941490728,0,17.333333333333098,0,0,0,0,0.0022555555555555554,24193.596059113304,6.720443349753696,0.05769230769230848,0.05319148936170213,0,LOW,LOW
VEH_007,68b89b2d4f65cd554d7512ab,2025-11-26 17:00:00,ON,1.2,13689.83,54.5,40.5,39.2,617.0,0.06,34,7.86,0.0,822.98,383429.02000000025,0.07000000000000028,1.1900000000005093,17.00000000000721,0,0.0,7.86,0.06,0.34,0.14400000000000002,3600,0.0,8.991840000000002,0,26,97200,54.5,1.9444444444444523e-05,5.0396825396825524e-05,1081417.3228346428,18023.622047244047,300.3937007874008,0,0.06747771961721377,0,17.00000000000721,0,0,0,0,0.0021833333333333336,24961.8320610687,6.933842239185751,0.05882352941173977,0.07142857142857142,0,LOW,LOW
VEH_007,68b89b2d4f65cd554d7512ab,2025-11-26 18:00:00,ON,0.0,13689.83,54.47,41.0,26.6,618.0,-0.28,15,0.0,0.03,823.01,383429.02000000025,0.030000000000001137,0.0,0.0,1,0.03,0.0,0.28,0.15,0.241,3600,0.0,0.0,0,26,100800,54.47,8.333333333333649e-06,3.968253968253968e-05,1372644.0,22877.4,381.29,0,0.0,0,0.0,1,1,0,0,8.333333333333334e-06,6536400.0,1815.6666666666667,0.0,0.0,0,LOW,LOW
VEH_007,68b89b2d4f65cd554d7512ab,2025-11-26 19:00:00,ON,1.76,13691.59,54.36,41.3,32.8,619.0,-0.27,29,8.03,0.0,823.12,383429.02000000025,0.10999999999999943,1.7600000000002183,16.000000000002068,0,0.0,8.03,0.27,0.29,0.276,3600,0.0,10.246279999999999,0,26,104400,54.36,3.05555555555554e-05,3.5317460317460345e-05,1539182.022471909,25653.03370786515,427.5505617977525,0,0.09979898027416818,0,16.000000000002068,0,0,0,0,0.0022305555555555555,24370.610211706102,6.769613947696139,0.06249999999999192,0.9832826747720365,0,LOW,LOW
VEH_007,68b89b2d4f65cd554d7512ab,2025-11-26 20:00:00,ON,6.18,13697.77,53.99,41.8,38.0,620.0,-0.14,13,9.35,0.0,823.49,383429.02000000025,0.36999999999999744,6.180000000000291,16.702702702703604,0,0.0,9.35,0.14,0.13,0.137,3600,0.0,10.63095,0,26,108000,53.99,0.00010277777777777706,3.690476190476189e-05,1462954.838709678,24382.5806451613,406.3763440860217,0,0.35043051028085903,0,16.702702702703604,0,0,0,0,0.002597222222222222,20787.5935828877,5.774331550802139,0.05987055016180907,0.3130699088145897,0,LOW,LOW
VEH_007,68b89b2d4f65cd554d7512ab,2025-11-26 21:00:00,ON,14.07,13711.84,53.15,41.8,38.7,621.0,-0.21,35,11.72,0.0,824.33,383429.02000000025,0.8400000000000034,14.069999999999709,16.749999999999584,0,0.0,11.72,0.21,0.35,0.252,3600,0.0,14.673440000000001,0,26,111600,53.15,0.00023333333333333428,6.230158730158731e-05,853108.2802547769,14218.471337579616,236.97452229299358,0,0.7978248025325813,0,16.749999999999584,0,0,0,0,0.003255555555555556,16325.938566552899,4.534982935153583,0.05970149253731491,0.19300911854103345,0,LOW,LOW
VEH_007,68b89b2d4f65cd554d7512ab,2025-11-26 22:00:00,ON,7.8,13719.64,52.68,41.9,42.3,622.0,0.34,26,9.84,0.0,824.8,383429.02000000025,0.46999999999999886,7.799999999999272,16.595744680849556,0,0.0,9.84,0.34,0.26,0.316,3600,0.0,12.949440000000001,0,26,115200,52.68,0.00013055555555555523,7.976190476190468e-05,660465.6716417917,11007.761194029861,183.46268656716435,0,0.4422909353058765,0,16.595744680849556,0,0,0,0,0.0027333333333333333,19273.170731707316,5.353658536585366,0.06025641025641573,0.8358662613981763,0,LOW,LOW
VEH_007,68b89b2d4f65cd554d7512ab,2025-11-26 23:00:00,ON,3.83,13723.47,52.45,41.9,37.5,623.0,0.39,44,8.65,0.0,825.03,383429.02000000025,0.22999999999999687,3.8299999999999272,16.652173913043388,0,0.0,8.65,0.39,0.44,0.40499999999999997,3600,0.0,12.15325,0,26,118800,52.45,6.388888888888801e-05,8.412698412698402e-05,623462.2641509442,10391.03773584907,173.18396226415118,0,0.21717619002841446,0,16.652173913043388,0,0,0,0,0.002402777777777778,21828.901734104045,6.063583815028902,0.06005221932114915,0.6170212765957447,0,LOW,LOW
VEH_007,68b89b2d4f65cd554d7512ab,2025-11-27 00:00:00,ON,0.0,13723.47,52.42,41.7,24.1,624.0,0.24,42,0.0,0.03,825.06,383429.02000000025,0.030000000000001137,0.0,0.0,1,0.03,0.0,0.24,0.42,0.294,3600,0.0,0.0,0,26,122400,52.42,8.333333333333649e-06,8.253968253968248e-05,635088.4615384621,10584.8076923077,176.4134615384617,0,0.0,0,0.0,1,1,0,0,8.333333333333334e-06,6290400.0,1747.3333333333333,0.0,0.0,0,LOW,LOW
VEH_007,68b89b2d4f65cd554d7512ab,2025-11-27 01:00:00,ON,0.0,13723.47,52.39,41.6,29.2,625.0,-0.17,38,0.0,0.03,825.09,383429.02000000025,0.030000000000001137,0.0,0.0,1,0.03,0.0,0.17,0.38,0.23299999999999998,3600,0.0,0.0,0,26,126000,52.39,8.333333333333649e-06,8.253968253968248e-05,634725.0000000005,10578.750000000007,176.31250000000014,0,0.0,0,0.0,1,1,0,0,8.333333333333334e-06,6286800.0,1746.3333333333333,0.0,0.0,0,LOW,LOW
VEH_007,68b89b2d4f65cd554d7512ab,2025-11-27 02:00:00,ON,0.0,13723.47,52.36,41.3,23.4,626.0,0.43,43,0.0,0.03,825.12,383429.02000000025,0.030000000000001137,0.0,0.0,1,0.03,0.0,0.43,0.43,0.43,3600,0.0,0.0,0,26,129600,52.36,8.333333333333649e-06,7.936507936507935e-05,659736.0000000001,10995.600000000002,183.26000000000002,0,0.0,0,0.0,1,1,0,0,8.333333333333334e-06,6283200.0,1745.3333333333333,0.0,0.0,0,LOW,LOW
VEH_007,68b89b2d4f65cd554d7512ab,2025-11-27 03:00:00,ON,2.59,13726.07,52.2,40.8,35.9,627.0,0.01,3,8.28,0.0,825.27,383429.02000000025,0.1599999999999966,2.600000000000364,16.250000000002622,0,0.0,8.28,0.01,0.03,0.016,3600,0.0,8.412479999999999,0,26,133200,52.2,4.44444444444435e-05,7.103174603174599e-05,734882.6815642463,12248.044692737438,204.13407821229063,0,0.14743031176865987,0,16.250000000002622,0,0,0,0,0.0023,22695.652173913044,6.304347826086957,0.06153846153845162,0.9741641337386018,0,LOW,LOW
VEH_007,68b89b2d4f65cd554d7512ab,2025-11-27 04:00:00,ON,6.66,13732.72,51.8,40.3,36.6,628.0,-0.48,28,9.5,0.0,825.67,383429.02000000025,0.4000000000000057,6.649999999999636,16.624999999998856,0,0.0,9.5,0.48,0.28,0.42,3600,0.0,13.489999999999998,0,26,136800,51.8,0.00011111111111111269,5.357142857142863e-05,966933.3333333322,16115.555555555537,268.59259259259227,0,0.3770813743313067,0,16.624999999998856,0,0,0,0,0.002638888888888889,19629.473684210523,5.452631578947368,0.06015037593985377,0.7659574468085106,0,LOW,LOW
VEH_007,68b89b2d4f65cd554d7512ab,2025-11-27 05:00:00,ON,14.24,13746.97,50.95,40.5,39.4,629.0,-0.43,25,11.77,0.0,826.53,383429.02000000025,0.8499999999999943,14.25,16.764705882353052,0,0.0,11.77,0.43,0.25,0.376,3600,0.0,16.19552,0,26,140400,50.95,0.00023611111111110952,6.865079365079352e-05,742161.849710984,12369.364161849733,206.15606936416222,0,0.8080315164242728,0,16.764705882353052,0,0,0,0,0.003269444444444444,15583.687340696688,4.328802039082413,0.059649122807017146,0.17325227963525835,0,LOW,LOW
VEH_007,68b89b2d4f65cd554d7512ab,2025-11-27 06:00:00,ON,10.13,13757.1,50.34,40.4,41.2,630.0,-0.11,11,10.54,0.0,827.14,383429.02000000025,0.6099999999999994,10.130000000001019,16.606557377050866,0,0.0,10.54,0.11,0.11,0.11,3600,0.0,11.6994,0,26,144000,50.34,0.0001694444444444443,8.373015873015871e-05,601217.0616113746,10020.284360189577,167.00473933649295,0,0.5744111762371023,0,16.606557377050866,0,0,0,0,0.0029277777777777774,17193.927893738142,4.776091081593928,0.06021717670285667,0.8161094224924013,0,LOW,LOW
VEH_007,68b89b2d4f65cd554d7512ab,2025-11-27 07:00:00,ON,15.14,13772.24,49.43,40.2,37.2,631.0,0.19,49,12.04,0.0,828.04,383429.02000000025,0.9100000000000037,15.139999999999418,16.63736263736193,0,0.0,12.04,0.19,0.49,0.27999999999999997,3600,0.0,15.4112,0,26,147600,49.43,0.0002527777777777788,0.00011865079365079374,416600.66889632074,6943.344481605346,115.72240802675576,0,0.8584980462219663,0,16.63736263736193,0,0,0,0,0.003344444444444444,14779.734219269105,4.105481727574752,0.060105680317043504,0.71580547112462,0,LOW,LOW
VEH_007,68b89b2d4f65cd554d7512ab,2025-11-27 08:00:00,ON,9.46,13781.69,48.87,40.3,38.4,632.0,-0.1,19,10.34,0.0,828.61,383429.02000000025,0.5600000000000023,9.450000000000728,16.87500000000123,0,0.0,10.34,0.1,0.19,0.127,3600,0.0,11.653179999999999,0,26,151200,48.87,0.00015555555555555619,0.0001396825396825398,349864.7727272724,5831.0795454545405,97.18465909090901,0,0.5358524793129801,0,16.87500000000123,0,0,0,0,0.002872222222222222,17014.700193423596,4.726305609284332,0.05925925925925494,0.10030395136778116,0,LOW,LOW
VEH_007,68b89b2d4f65cd554d7512ab,2025-11-27 09:00:00,ON,7.24,13788.93,48.43,40.4,37.4,633.0,-0.19,37,9.67,0.0,829.05,383429.02000000025,0.4399999999999977,7.239999999999782,16.454545454545045,0,0.0,9.67,0.19,0.37,0.244,3600,0.0,12.02948,0,26,154800,48.43,0.0001222222222222216,0.00015595238095238094,310543.5114503817,5175.725190839696,86.26208651399492,0,0.41053671430958305,0,16.454545454545045,0,0,0,0,0.002686111111111111,18029.782833505687,5.0082730093071355,0.06077348066298494,0.9452887537993921,0,LOW,LOW
VEH_007,68b89b2d4f65cd554d7512ab,2025-11-27 10:00:00,ON,12.5,13801.44,47.68,40.7,37.9,634.0,0.08,41,11.25,0.0,829.8,383429.02000000025,0.75,12.510000000000218,16.68000000000029,0,0.0,11.25,0.08,0.41,0.179,3600,0.0,13.26375,0,26,158400,47.68,0.00020833333333333335,0.0001793650793650795,265826.5486725662,4430.442477876103,73.84070796460172,0,0.7093666154714267,0,16.68000000000029,0,0,0,0,0.003125,15257.599999999999,4.2382222222222214,0.05995203836930351,0.4247720364741641,0,LOW,LOW
VEH_007,68b89b2d4f65cd554d7512ab,2025-11-27 11:00:00,ON,18.63,13820.07,46.56,40.8,39.9,635.0,0.29,45,13.09,0.0,830.91,383429.02000000025,1.1199999999999974,18.6299999999992,16.633928571427894,0,0.0,13.09,0.29,0.45,0.33799999999999997,3600,0.0,17.51442,0,26,162000,46.56,0.0003111111111111104,0.00020793650793650772,223914.50381679414,3731.908396946569,62.19847328244282,0,1.0563948877883198,0,16.633928571427894,0,0,0,0,0.0036361111111111112,12804.88922841864,3.5569136745607333,0.060118089103598796,0.7310030395136778,0,LOW,LOW
VEH_007,68b89b2d4f65cd554d7512ab,2025-11-27 12:00:00,ON,22.94,13843.01,45.19,40.7,45.9,636.0,0.34,41,14.38,0.0,832.29,383429.02000000025,1.3700000000000045,22.94000000000051,16.744525547445573,0,0.0,14.38,0.34,0.41,0.361,3600,0.0,19.571180000000002,0,26,165600,45.19,0.00038055555555555683,0.00022857142857142876,197706.24999999983,3295.104166666664,54.91840277777773,0,1.3007889815279459,0,16.744525547445573,0,0,0,0,0.0039944444444444446,11313.212795549372,3.1425591098748256,0.05972101133391343,0.2066869300911854,0,LOW,LOW
VEH_007,68b89b2d4f65cd554d7512ab,2025-11-27 13:00:00,ON,30.07,13873.08,43.38,40.8,43.6,637.0,0.39,0,16.52,0.0,834.1,383429.02000000025,1.8099999999999952,30.06999999999971,16.61325966850817,0,0.0,16.52,0.39,0.0,0.27299999999999996,3600,1.0,21.02996,0,26,169200,43.38,0.0005027777777777765,0.00027619047619047626,157065.51724137928,2617.7586206896544,43.62931034482757,0,1.7050882595703614,0,16.61325966850817,0,0,0,0,0.004588888888888889,9453.268765133173,2.62590799031477,0.060192883272364904,0.7978723404255319,0,MEDIUM,LOW
VEH_007,68b89b2d4f65cd554d7512ab,2025-11-27 14:00:00,ON,37.38,13910.46,41.14,41.1,47.8,638.0,-0.08,45,18.71,0.0,836.34,383429.02000000025,2.240000000000002,37.3799999999992,16.687499999999627,0,0.0,18.71,0.08,0.45,0.191,3600,1.0,22.283610000000003,0,26,172800,41.14,0.0006222222222222228,0.00032896825396825394,125057.65983112184,2084.2943305186973,34.73823884197829,0,2.119594251504468,0,16.687499999999627,0,0,0,0,0.005197222222222223,7915.766969535007,2.1988241582041685,0.059925093632960134,0.3890577507598784,0,MEDIUM,LOW
VEH_007,68b89b2d4f65cd554d7512ab,2025-11-27 15:00:00,ON,42.74,13953.21,38.58,40.7,49.4,639.0,-0.15,39,20.32,0.0,838.9,383429.02000000025,2.5600000000000023,42.75,16.699218749999986,0,0.0,20.32,0.15,0.39,0.22199999999999998,3600,1.0,24.83104,0,26,176400,38.58,0.0007111111111111118,0.00040833333333333336,94481.63265306121,1574.6938775510203,26.24489795918367,0,2.4240945492728185,0,16.699218749999986,0,0,0,0,0.005644444444444444,6835.03937007874,1.8986220472440944,0.059883040935672566,0.331306990881459,0,MEDIUM,LOW
VEH_007,68b89b2d4f65cd554d7512ab,2025-11-27 16:00:00,ON,42.07,13995.28,36.05,40.8,45.7,640.0,-0.06,20,20.12,0.0,841.43,383429.02000000025,2.530000000000001,42.07000000000153,16.62845849802431,0,0.0,20.12,0.06,0.2,0.102,3600,1.0,22.172240000000002,0,26,180000,36.05,0.0007027777777777781,0.0004912698412698413,73381.26009693052,1223.0210016155086,20.383683360258477,0,2.3855358523487995,0,16.62845849802431,0,0,0,0,0.005588888888888889,6450.298210735586,1.7917495029821071,0.06013786546232254,0.7477203647416414,0,MEDIUM,LOW
VEH_007,68b89b2d4f65cd554d7512ab,2025-11-27 17:00:00,ON,43.32,14038.6,33.45,40.9,49.2,641.0,-0.19,42,20.5,0.0,844.03,383429.02000000025,2.5999999999999943,43.31999999999971,16.661538461538385,0,0.0,20.5,0.19,0.42,0.259,3600,1.0,25.809499999999996,0,26,183600,33.45,0.0007222222222222207,0.0005646825396825396,59236.82361208715,987.2803935347858,16.454673225579764,0,2.456415809929773,0,16.661538461538385,0,0,0,0,0.005694444444444445,5874.1463414634145,1.6317073170731706,0.06001846722068356,0.547112462006079,0,MEDIUM,LOW
VEH_007,68b89b2d4f65cd554d7512ab,2025-11-27 18:00:00,ON,39.22,14077.82,31.1,40.8,44.1,642.0,-0.42,31,19.27,0.0,846.38,383429.02000000025,2.3500000000000014,39.219999999999345,16.68936170212737,0,0.0,19.27,0.42,0.31,0.387,3600,1.0,26.72749,0,26,187200,31.1,0.0006527777777777782,0.0006134920634920635,50693.40232858991,844.8900388098318,14.08150064683053,0,2.223929549063821,0,16.68936170212737,0,0,0,0,0.0053527777777777775,5810.067462376752,1.6139076284379865,0.059918408975013784,0.3799392097264438,0,MEDIUM,LOW
VEH_007,68b89b2d4f65cd554d7512ab,2025-11-27 19:00:00,ON,33.51,14111.33,29.09,40.9,46.7,643.0,-0.05,43,17.55,0.0,848.39,383429.02000000025,2.0100000000000016,33.51000000000022,16.671641791044873,0,0.0,17.55,0.05,0.43,0.164,3600,1.0,20.4282,0,26,190800,29.09,0.0005583333333333337,0.0006388888888888888,45532.17391304348,758.8695652173914,12.647826086956522,0,1.900149902833513,0,16.671641791044873,0,0,0,0,0.004875,5967.179487179487,1.6575498575498575,0.05998209489704531,0.4635258358662614,0,MEDIUM,LOW
VEH_007,68b89b2d4f65cd554d7512ab,2025-11-27 20:00:00,ON,27.74,14139.07,27.42,41.1,43.8,644.0,0.34,20,15.82,0.0,850.05,383429.02000000025,1.6699999999999982,27.73999999999978,16.61077844311366,0,0.0,15.82,0.34,0.2,0.298,3600,0.0,20.53436,0,26,194400,27.42,0.00046388888888888836,0.0006333333333333333,43294.73684210527,721.5789473684212,12.026315789473685,0,1.5729680186392387,0,16.61077844311366,0,0,0,0,0.004394444444444445,6239.6965865992415,1.7332490518331227,0.06020187454938757,0.8039513677811551,0,MEDIUM,LOW
VEH_007,68b89b2d4f65cd554d7512ab,2025-11-27 21:00:00,ON,27.79,14166.86,25.76,41.0,44.4,645.0,-0.03,3,15.84,0.0,851.72,383429.02000000025,1.6600000000000001,27.790000000000873,16.740963855422212,0,0.0,15.84,0.03,0.03,0.03,3600,0.0,16.3152,0,26,198000,25.76,0.00046111111111111114,0.0006103174603174603,42207.542262678806,703.4590377113134,11.724317295188557,0,1.5758032169425435,0,16.740963855422212,0,0,0,0,0.0044,5854.545454545455,1.6262626262626263,0.05973371716444577,0.21124620060790272,0,MEDIUM,LOW
VEH_007,68b89b2d4f65cd554d7512ab,2025-11-27 22:00:00,ON,21.33,14188.19,24.48,41.1,39.6,646.0,0.12,41,13.9,0.0,853.0,383429.02000000025,1.2800000000000011,21.329999999999927,16.66406249999993,0,0.0,13.9,0.12,0.41,0.20699999999999996,3600,0.0,16.777299999999997,0,26,201600,24.48,0.0003555555555555559,0.0005595238095238093,43751.489361702144,729.1914893617025,12.153191489361706,0,1.2094955961634863,0,16.66406249999993,0,0,0,0,0.003861111111111111,6340.143884892086,1.7611510791366907,0.06000937646507293,0.5288753799392097,0,HIGH,LOW
VEH_007,68b89b2d4f65cd554d7512ab,2025-11-27 23:00:00,ON,26.43,14214.62,22.89,41.6,46.1,647.0,0.15,42,15.43,0.0,854.59,383429.02000000025,1.5899999999999999,26.43000000000029,16.622641509434146,0,0.0,15.43,0.15,0.42,0.23099999999999998,3600,0.0,18.994329999999998,0,26,205200,22.89,0.00044166666666666665,0.0005222222222222221,43831.91489361703,730.5319148936172,12.17553191489362,0,1.4986858230942994,0,16.622641509434146,0,0,0,0,0.004286111111111111,5340.50550874919,1.4834737524303305,0.06015891032917073,0.7750759878419453,0,HIGH,MEDIUM
VEH_007,68b89b2d4f65cd554d7512ab,2025-11-28 00:00:00,ON,26.63,14241.25,21.29,40.9,44.5,648.0,0.12,40,15.49,0.0,856.18,383429.02000000025,1.6000000000000014,26.6299999999992,16.643749999999486,0,0.0,15.49,0.12,0.4,0.204,3600,0.0,18.64996,0,26,208800,21.29,0.00044444444444444485,0.00048253968253968263,44120.72368421052,735.345394736842,12.255756578947366,0,1.5100266163072098,0,16.643749999999486,0,0,0,0,0.004302777777777778,4947.966429954809,1.3744351194318916,0.060082613593693185,0.6702127659574468,0,HIGH,MEDIUM
VEH_007,68b89b2d4f65cd554d7512ab,2025-11-28 01:00:00,ON,23.36,14264.61,19.89,40.9,41.0,649.0,0.36,23,14.51,0.0,857.59,383429.02000000025,1.3999999999999986,23.360000000000582,16.685714285714717,0,0.0,14.51,0.36,0.23,0.321,3600,0.0,19.16771,0,26,212400,19.89,0.0003888888888888885,0.0004448412698412699,44712.57805530776,745.2096342551292,12.42016057091882,0,1.3246046472751918,0,16.685714285714717,0,0,0,0,0.0040305555555555555,4934.8035837353555,1.370778773259821,0.05993150684931351,0.39361702127659576,0,HIGH,MEDIUM
VEH_007,68b89b2d4f65cd554d7512ab,2025-11-28 02:00:00,ON,15.48,14280.09,18.96,40.6,38.4,650.0,0.17,18,12.14,0.0,858.52,383429.02000000025,0.9299999999999997,15.479999999999563,16.645161290322115,0,0.0,12.14,0.17,0.18,0.173,3600,0.0,14.24022,0,26,216000,18.96,0.00025833333333333323,0.00040198412698412697,47166.04146100691,786.1006910167819,13.101678183613032,0,0.8777773946840274,0,16.645161290322115,0,0,0,0,0.003372222222222222,5622.405271828666,1.5617792421746293,0.060077519379846636,0.6671732522796353,0,HIGH,LOW
VEH_007,68b89b2d4f65cd554d7512ab,2025-11-28 03:00:00,ON,12.88,14292.97,18.19,41.1,38.8,651.0,-0.03,16,11.36,0.0,859.29,383429.02000000025,0.7699999999999996,12.8799999999992,16.727272727271696,0,0.0,11.36,0.03,0.16,0.069,3600,0.0,12.143839999999999,0,26,219600,18.19,0.00021388888888888876,0.00036626984126984135,49662.83856988082,827.7139761646803,13.795232936078005,0,0.7303470829153675,0,16.727272727271696,0,0,0,0,0.0031555555555555555,5764.43661971831,1.6012323943661972,0.05978260869565585,0.23708206686930092,0,HIGH,LOW
VEH_007,68b89b2d4f65cd554d7512ab,2025-11-28 04:00:00,ON,6.62,14299.59,17.79,41.9,41.1,652.0,-0.29,35,9.49,0.0,859.69,383429.02000000025,0.40000000000000213,6.6200000000008,16.550000000001912,0,0.0,9.49,0.29,0.35,0.308,3600,0.0,12.412920000000002,0,26,223200,17.79,0.0001111111111111117,0.0003162698412698413,56249.43538268506,937.4905897114176,15.62484316185696,0,0.3753802553494269,0,16.550000000001912,0,0,0,0,0.002636111111111111,6748.577449947313,1.874604847207587,0.060422960725068545,0.8996960486322189,0,HIGH,LOW
VEH_007,68b89b2d4f65cd554d7512ab,2025-11-28 05:00:00,ON,8.43,14308.02,35.58,41.7,42.6,653.0,0.09,36,10.03,0.0,860.19,383429.02000000025,0.0,8.430000000000291,0.0,0,0.0,10.03,0.09,0.36,0.17099999999999999,3600,0.0,11.74513,1,27,0,35.58,0.0,0.0002654761904761905,134023.3183856502,2233.72197309417,37.2286995515695,0,0.4780144339267968,0,0.0,0,0,0,0,0.0027861111111111107,12770.48853439681,3.5473579262213364,0.0,0.020516717325227963,0,MEDIUM,LOW
VEH_007,68b89b2d4f65cd554d7512ab,2025-11-28 06:00:00,ON,5.16,14313.17,35.27,41.3,36.0,654.0,0.14,46,9.05,0.0,860.5,383429.02000000025,0.30999999999999517,5.149999999999636,16.612903225805535,0,0.0,9.05,0.14,0.46,0.23600000000000002,3600,0.0,11.1858,0,27,3600,35.27,8.611111111110976e-05,0.00021468253968253952,164289.09426987075,2738.1515711645125,45.63585951940854,0,0.2920254252340148,0,16.612903225805535,0,0,0,0,0.0025138888888888893,14030.055248618784,3.8972375690607732,0.06019417475728487,0.7993920972644377,0,MEDIUM,LOW
VEH_007,68b89b2d4f65cd554d7512ab,2025-11-28 07:00:00,ON,0.0,14313.17,35.24,40.9,27.3,655.0,-0.42,25,0.0,0.03,860.53,383429.02000000025,0.030000000000001137,0.0,0.0,1,0.03,0.0,0.42,0.25,0.369,3600,0.0,0.0,0,27,7200,35.24,8.333333333333649e-06,0.00015238095238095223,231262.50000000023,3854.375000000004,64.2395833333334,0,0.0,0,0.0,1,1,0,0,8.333333333333334e-06,4228800.0,1174.6666666666667,0.0,0.0,0,MEDIUM,LOW
VEH_007,68b89b2d4f65cd554d7512ab,2025-11-28 08:00:00,ON,5.47,14318.64,34.91,41.6,34.5,656.0,-0.16,38,9.14,0.0,860.86,383429.02000000025,0.3300000000000054,5.469999999999345,16.57575757575532,0,0.0,9.14,0.16,0.38,0.22599999999999998,3600,0.0,11.20564,0,27,10800,34.91,9.166666666666817e-05,0.00010992063492063505,317592.7797833931,5293.212996389885,88.22021660649808,0,0.3101706943747539,0,16.57575757575532,0,0,0,0,0.002538888888888889,13750.109409190369,3.8194748358862136,0.06032906764169011,0.8723404255319149,0,MEDIUM,LOW
VEH_007,68b89b2d4f65cd554d7512ab,2025-11-28 09:00:00,ON,6.2,14324.84,34.54,42.2,40.6,657.0,-0.05,31,9.36,0.0,861.23,383429.02000000025,0.36999999999999744,6.200000000000728,16.75675675675884,0,0.0,9.36,0.05,0.31,0.128,3600,0.0,10.55808,0,27,14400,34.54,0.00010277777777777706,8.769841269841274e-05,393849.7737556559,6564.162895927599,109.40271493212664,0,0.351564589602181,0,16.75675675675884,0,0,0,0,0.0026,13284.615384615385,3.6901709401709404,0.05967741935483129,0.1838905775075988,0,MEDIUM,LOW
VEH_007,68b89b2d4f65cd554d7512ab,2025-11-28 10:00:00,ON,5.18,14330.01,34.23,41.7,40.2,658.0,0.15,11,9.05,0.0,861.54,383429.02000000025,0.3100000000000023,5.170000000000073,16.677419354838822,0,0.0,9.05,0.15,0.11,0.138,3600,0.0,10.2989,0,27,18000,34.23,8.611111111111174e-05,6.94444444444446e-05,492911.9999999989,8215.19999999998,136.9199999999997,0,0.2931595045553368,0,16.677419354838822,0,0,0,0,0.0025138888888888893,13616.353591160218,3.7823204419889493,0.05996131528046381,0.4376899696048632,0,MEDIUM,LOW
VEH_007,68b89b2d4f65cd554d7512ab,2025-11-28 11:00:00,ON,6.15,14336.17,33.86,42.0,31.2,659.0,0.48,27,9.35,0.0,861.91,383429.02000000025,0.36999999999999744,6.1599999999998545,16.648648648648372,0,0.0,9.35,0.48,0.27,0.417,3600,0.0,13.24895,0,27,21600,33.86,0.00010277777777777706,6.82539682539682e-05,496088.3720930237,8268.139534883729,137.80232558139548,0,0.34929643095953705,0,16.648648648648372,0,0,0,0,0.002597222222222222,13037.005347593584,3.621390374331551,0.06006493506493607,0.6382978723404256,0,MEDIUM,LOW
VEH_007,68b89b2d4f65cd554d7512ab,2025-11-28 12:00:00,ON,3.31,14339.47,33.66,41.8,34.8,660.0,-0.2,8,8.49,0.0,862.11,383429.02000000025,0.20000000000000284,3.2999999999992724,16.499999999996128,0,0.0,8.49,0.2,0.08,0.16399999999999998,3600,0.0,9.88236,0,27,25200,33.66,5.5555555555556344e-05,7.619047619047625e-05,441787.4999999996,7363.124999999994,122.71874999999989,0,0.18712308801400088,0,16.499999999996128,0,0,0,0,0.0023583333333333334,14272.791519434628,3.9646643109540634,0.06060606060607483,0.9270516717325228,0,MEDIUM,LOW
VEH_007,68b89b2d4f65cd554d7512ab,2025-11-28 13:00:00,ON,1.68,14341.15,33.56,41.7,34.8,661.0,0.11,41,8.0,0.0,862.21,383429.02000000025,0.09999999999999432,1.680000000000291,16.800000000003866,0,0.0,8.0,0.11,0.41,0.19999999999999998,3600,0.0,9.6,0,27,28800,33.56,2.77777777777762e-05,6.78571428571429e-05,494568.4210526313,8242.807017543855,137.38011695906425,0,0.09526266298898341,0,16.800000000003866,0,0,0,0,0.0022222222222222222,15102.000000000002,4.195,0.05952380952379583,0.1337386018237082,0,MEDIUM,LOW
VEH_007,68b89b2d4f65cd554d7512ab,2025-11-28 14:00:00,ON,5.99,14347.14,33.2,41.4,41.1,662.0,-0.49,0,9.3,0.0,862.57,383429.02000000025,0.35999999999999943,5.989999999999782,16.63888888888831,0,0.0,9.3,0.49,0.0,0.34299999999999997,3600,0.0,12.4899,0,27,32400,33.2,9.999999999999984e-05,8.095238095238092e-05,410117.6470588237,6835.294117647062,113.92156862745104,0,0.3396567567285065,0,16.63888888888831,0,0,0,0,0.0025833333333333333,12851.612903225807,3.5698924731182795,0.06010016694491028,0.7066869300911854,0,MEDIUM,LOW
VEH_007,68b89b2d4f65cd554d7512ab,2025-11-28 15:00:00,ON,0.12,14347.27,33.19,41.3,34.6,663.0,0.25,40,7.54,0.0,862.58,383429.02000000025,0.010000000000005116,0.13000000000101863,13.000000000095213,0,0.0,7.54,0.25,0.4,0.295,3600,0.0,9.764299999999999,0,27,36000,33.19,2.777777777779199e-06,6.825396825396821e-05,486272.09302325605,8104.534883720934,135.0755813953489,0,0.0073715155884897235,0,13.000000000095213,0,0,0,0,0.0020944444444444443,15846.684350132626,4.401856763925729,0.07692307692251353,0.9969604863221885,0,MEDIUM,LOW
VEH_007,68b89b2d4f65cd554d7512ab,2025-11-28 16:00:00,ON,7.58,14354.85,32.74,40.8,41.2,664.0,0.28,49,9.78,0.0,863.03,383429.02000000025,0.44999999999999574,7.579999999999927,16.84444444444444,0,0.0,9.78,0.28,0.49,0.34299999999999997,3600,0.0,13.13454,0,27,39600,32.74,0.0001249999999999988,7.142857142857133e-05,458360.0000000007,7639.333333333345,127.32222222222242,0,0.42981606277164414,0,16.84444444444444,0,0,0,0,0.0027166666666666663,12051.53374233129,3.3476482617586916,0.05936675461741425,0.11398176291793313,0,MEDIUM,LOW
VEH_007,68b89b2d4f65cd554d7512ab,2025-11-28 17:00:00,ON,2.51,14357.36,64.78,40.8,38.0,665.0,0.41,14,8.25,0.0,863.18,383429.02000000025,0.0,2.5100000000002183,0.0,0,0.0,8.25,0.41,0.14,0.32899999999999996,3600,0.0,10.96425,1,28,0,64.78,0.0,5.912698412698392e-05,1095608.053691279,18260.13422818798,304.3355704697997,0,0.14232695482281413,0,0.0,0,0,0,0,0.0022916666666666667,28267.636363636364,7.8521212121212125,0.0,0.020516717325227963,0,LOW,LOW
VEH_007,68b89b2d4f65cd554d7512ab,2025-11-28 18:00:00,ON,5.42,14362.78,64.46,40.6,39.2,666.0,-0.47,23,9.12,0.0,863.51,383429.02000000025,0.3200000000000074,5.420000000000073,16.937499999999837,0,0.0,9.12,0.47,0.23,0.39799999999999996,3600,0.0,12.749759999999998,0,28,3600,64.46,8.888888888889094e-05,5.714285714285733e-05,1128049.9999999963,18800.83333333327,313.3472222222212,0,0.3073354960715521,0,16.937499999999837,0,0,0,0,0.002533333333333333,25444.736842105263,7.067982456140351,0.05904059040590463,0.08662613981762918,0,LOW,LOW
VEH_007,68b89b2d4f65cd554d7512ab,2025-11-28 19:00:00,ON,12.75,14375.52,63.69,40.4,41.8,667.0,0.39,23,11.32,0.0,864.27,383429.02000000025,0.769999999999996,12.739999999999782,16.545454545454348,0,0.0,11.32,0.39,0.23,0.34199999999999997,3600,0.0,15.191440000000002,0,28,7200,63.69,0.00021388888888888778,7.976190476190468e-05,798501.4925373143,13308.358208955238,221.80597014925397,0,0.7224085276663199,0,16.545454545454348,0,0,0,0,0.0031444444444444445,20254.7703180212,5.626325088339223,0.06043956043956116,0.9012158054711246,0,LOW,LOW
VEH_007,68b89b2d4f65cd554d7512ab,2025-11-28 20:00:00,ON,18.6,14394.13,62.58,41.1,38.9,668.0,-0.18,31,13.08,0.0,865.39,383429.02000000025,1.1099999999999994,18.609999999998763,16.76576576576466,0,0.0,13.08,0.18,0.31,0.219,3600,0.0,15.94452,0,28,10800,62.58,0.0003083333333333332,0.00011984126984126997,522190.72847682063,8703.17880794701,145.0529801324502,0,1.0552608084669977,0,16.76576576576466,0,0,0,0,0.0036333333333333335,17223.853211009173,4.78440366972477,0.059645351961315055,0.1702127659574468,0,LOW,LOW
VEH_007,68b89b2d4f65cd554d7512ab,2025-11-28 21:00:00,ON,12.8,14406.92,61.81,41.4,39.8,669.0,-0.06,40,11.34,0.0,866.16,383429.02000000025,0.769999999999996,12.790000000000873,16.61038961039083,0,0.0,11.34,0.06,0.4,0.16199999999999998,3600,0.0,13.177079999999998,0,28,14400,61.81,0.00021388888888888778,0.0001361111111111111,454114.28571428574,7568.571428571429,126.14285714285715,0,0.7252437259696249,0,16.61038961039083,0,0,0,0,0.00315,19622.222222222223,5.450617283950617,0.060203283815476426,0.8054711246200608,0,LOW,LOW
VEH_007,68b89b2d4f65cd554d7512ab,2025-11-28 22:00:00,ON,5.0,14411.92,61.51,40.6,33.4,670.0,0.04,36,9.0,0.0,866.46,383429.02000000025,0.30000000000000426,5.0,16.66666666666643,0,0.0,9.0,0.04,0.36,0.136,3600,0.0,10.224,0,28,18000,61.51,8.333333333333452e-05,0.0001476190476190476,416680.64516129036,6944.677419354839,115.74462365591398,0,0.2835198303243063,0,16.66666666666643,0,0,0,0,0.0025,24604.0,6.834444444444444,0.06000000000000085,0.5121580547112462,0,LOW,LOW
VEH_007,68b89b2d4f65cd554d7512ab,2025-11-28 23:00:00,ON,1.29,14413.21,61.43,40.8,35.1,671.0,0.04,20,7.89,0.0,866.53,383429.02000000025,0.0799999999999983,1.2899999999990541,16.12499999998852,0,0.0,7.89,0.04,0.2,0.088,3600,0.0,8.58432,0,28,21600,61.43,2.222222222222175e-05,0.000132936507936508,462100.2985074625,7701.671641791041,128.36119402985068,0,0.07314811622361737,0,16.12499999998852,0,0,0,0,0.0021916666666666664,28028.897338403043,7.7858048162230675,0.062015503876013144,0.9817629179331308,0,LOW,LOW
VEH_007,68b89b2d4f65cd554d7512ab,2025-11-29 00:00:00,ON,0.0,14413.21,61.4,41.2,28.3,672.0,-0.31,11,0.0,0.03,866.56,383429.02000000025,0.030000000000001137,0.0,0.0,1,0.03,0.0,0.31,0.11,0.25,3600,0.0,0.0,0,28,25200,61.4,8.333333333333649e-06,0.00013412698412698423,457775.1479289937,7629.585798816562,127.15976331360936,0,0.0,0,0.0,1,1,0,0,8.333333333333334e-06,7367999.999999999,2046.6666666666665,0.0,0.0,0,LOW,LOW
VEH_007,68b89b2d4f65cd554d7512ab,2025-11-29 01:00:00,ON,4.08,14417.28,61.16,41.1,36.2,673.0,-0.15,10,8.72,0.0,866.81,383429.02000000025,0.240000000000002,4.070000000001528,16.95833333333956,0,0.0,8.72,0.15,0.1,0.135,3600,0.0,9.897200000000002,0,28,28800,61.16,6.666666666666723e-05,0.00013095238095238085,467040.00000000035,7784.0000000000055,129.73333333333343,0,0.23078514188407193,0,16.95833333333956,0,0,0,0,0.0024222222222222223,25249.54128440367,7.013761467889908,0.05896805896803732,0.08206686930091185,0,LOW,LOW
VEH_007,68b89b2d4f65cd554d7512ab,2025-11-29 02:00:00,ON,7.09,14424.37,60.73,41.2,36.5,674.0,-0.22,33,9.63,0.0,867.23,383429.02000000025,0.4299999999999997,7.0900000000001455,16.488372093023607,0,0.0,9.63,0.22,0.33,0.253,3600,0.0,12.066390000000002,0,28,32400,60.73,0.00011944444444444437,0.00011746031746031749,517025.6756756755,8617.094594594591,143.6182432432432,0,0.4020311193998745,0,16.488372093023607,0,0,0,0,0.0026750000000000003,22702.803738317754,6.306334371754931,0.0606488011283485,0.9300911854103343,0,LOW,LOW
VEH_007,68b89b2d4f65cd554d7512ab,2025-11-29 03:00:00,ON,0.0,14424.37,60.7,40.9,22.2,675.0,0.01,20,0.0,0.03,867.26,383429.02000000025,0.02999999999999403,0.0,0.0,1,0.03,0.0,0.01,0.2,0.067,3600,0.0,0.0,0,28,36000,60.7,8.333333333331675e-06,7.460317460317442e-05,813638.2978723424,13560.638297872374,226.0106382978729,0,0.0,0,0.0,1,1,0,0,8.333333333333334e-06,7284000.0,2023.3333333333333,0.0,0.0,0,LOW,LOW
VEH_007,68b89b2d4f65cd554d7512ab,2025-11-29 04:00:00,ON,3.29,14427.65,60.5,41.1,38.4,676.0,-0.21,25,8.49,0.0,867.46,383429.02000000025,0.20000000000000284,3.279999999998836,16.399999999993945,0,0.0,8.49,0.21,0.25,0.22199999999999998,3600,0.0,10.37478,0,28,39600,60.5,5.5555555555556344e-05,5.198412698412707e-05,1163816.7938931277,19396.94656488546,323.282442748091,0,0.1859890086926789,0,16.399999999993945,0,0,0,0,0.0023583333333333334,25653.710247349823,7.12603062426384,0.06097560975612007,0.9536474164133738,0,LOW,LOW
VEH_007,68b89b2d4f65cd554d7512ab,2025-11-29 05:00:00,ON,7.25,14434.9,60.07,41.1,37.5,677.0,-0.37,36,9.68,0.0,867.89,383429.02000000025,0.4299999999999997,7.25,16.86046511627908,0,0.0,9.68,0.37,0.36,0.367,3600,0.0,13.23256,0,28,43200,60.07,0.00011944444444444437,5.7142857142857054e-05,1051225.0000000016,17520.416666666693,292.0069444444449,0,0.41110375397024407,0,16.86046511627908,0,0,0,0,0.0026888888888888887,22340.082644628103,6.205578512396695,0.05931034482758617,0.10790273556231003,0,LOW,LOW
VEH_007,68b89b2d4f65cd554d7512ab,2025-11-29 06:00:00,ON,5.64,14440.54,59.73,40.8,35.4,678.0,-0.06,16,9.19,0.0,868.23,383429.02000000025,0.3400000000000034,5.640000000001237,16.58823529412112,0,0.0,9.19,0.06,0.16,0.09,3600,0.0,10.017100000000001,0,28,46800,59.73,9.444444444444539e-05,6.746031746031758e-05,885409.4117647043,14756.823529411738,245.94705882352898,0,0.3198103686058876,0,16.58823529412112,0,0,0,0,0.0025527777777777775,23398.04134929271,6.499455930359086,0.06028368794324979,0.8525835866261399,0,LOW,LOW
VEH_007,68b89b2d4f65cd554d7512ab,2025-11-29 07:00:00,ON,3.01,14443.56,59.55,40.8,34.6,679.0,0.08,6,8.4,0.0,868.41,383429.02000000025,0.17999999999999972,3.0199999999986176,16.777777777770122,0,0.0,8.4,0.08,0.06,0.074,3600,0.0,9.021600000000001,0,28,50400,59.55,4.999999999999992e-05,7.341269841269848e-05,811167.5675675668,13519.459459459445,225.3243243243241,0,0.1712459775158026,0,16.777777777770122,0,0,0,0,0.0023333333333333335,25521.42857142857,7.0892857142857135,0.05960264900664971,0.1534954407294833,0,LOW,LOW
VEH_007,68b89b2d4f65cd554d7512ab,2025-11-29 08:00:00,ON,6.07,14449.63,59.19,40.6,39.3,680.0,-0.19,10,9.32,0.0,868.78,383429.02000000025,0.35999999999999943,6.069999999999709,16.86111111111033,0,0.0,9.32,0.19,0.1,0.16299999999999998,3600,0.0,10.839160000000001,0,28,54000,59.19,9.999999999999984e-05,7.817460317460313e-05,757151.2690355334,12619.18781725889,210.31979695431482,0,0.34419307401369126,0,16.86111111111033,0,0,0,0,0.002588888888888889,22863.090128755364,6.350858369098712,0.0593080724876469,0.10562310030395136,0,LOW,LOW
VEH_007,68b89b2d4f65cd554d7512ab,2025-11-29 09:00:00,ON,13.5,14463.13,58.38,40.2,38.2,681.0,0.2,9,11.55,0.0,869.59,383429.02000000025,0.8099999999999952,13.5,16.666666666666767,0,0.0,11.55,0.2,0.09,0.16699999999999998,3600,0.0,13.478850000000001,0,28,57600,58.38,0.00022499999999999867,9.325396825396803e-05,626032.3404255334,10433.872340425556,173.89787234042592,0,0.7655035418756269,0,16.666666666666767,0,0,0,0,0.0032083333333333334,18196.363636363636,5.054545454545455,0.059999999999999644,0.4969604863221885,0,LOW,LOW
VEH_007,68b89b2d4f65cd554d7512ab,2025-11-29 10:00:00,ON,17.45,14480.58,57.33,39.8,41.5,682.0,0.18,49,12.74,0.0,870.64,383429.02000000025,1.0500000000000043,17.450000000000728,16.619047619048246,0,0.0,12.74,0.18,0.49,0.273,3600,0.0,16.218020000000003,0,28,61200,57.33,0.00029166666666666783,0.0001337301587301589,428699.10979228426,7144.985163204738,119.08308605341229,0,0.9894842078318701,0,16.619047619048246,0,0,0,0,0.003538888888888889,16199.999999999998,4.499999999999999,0.060171919770771375,0.78419452887538,0,LOW,LOW
VEH_007,68b89b2d4f65cd554d7512ab,2025-11-29 11:00:00,ON,20.72,14501.31,56.08,39.9,45.0,683.0,0.28,13,13.72,0.0,871.88,383429.02000000025,1.25,20.729999999999563,16.58399999999965,0,0.0,13.72,0.28,0.13,0.23500000000000001,3600,0.0,16.944200000000002,0,28,64800,56.08,0.00034722222222222224,0.00017539682539682546,319732.1266968325,5328.868778280541,88.81447963800902,0,1.175473216524549,0,16.58399999999965,0,0,0,0,0.0038111111111111115,14714.86880466472,4.087463556851311,0.06029908345393277,0.8662613981762918,0,LOW,LOW
VEH_007,68b89b2d4f65cd554d7512ab,2025-11-29 12:00:00,ON,16.14,14517.45,55.12,40.1,40.9,684.0,0.1,8,12.34,0.0,872.85,383429.02000000025,0.9600000000000009,16.140000000001237,16.812500000001272,0,0.0,12.34,0.1,0.08,0.094,3600,0.0,13.499960000000002,0,28,68400,55.12,0.0002666666666666669,0.00019642857142857154,280610.9090909089,4676.848484848481,77.94747474747469,0,0.9152020122869307,0,16.812500000001272,0,0,0,0,0.003427777777777778,16080.388978930307,4.46677471636953,0.05947955390334122,0.13069908814589665,0,LOW,LOW
VEH_007,68b89b2d4f65cd554d7512ab,2025-11-29 13:00:00,ON,13.71,14531.16,54.29,40.1,38.9,685.0,0.27,45,11.61,0.0,873.67,383429.02000000025,0.8299999999999983,13.709999999999127,16.518072289155608,0,0.0,11.61,0.27,0.45,0.324,3600,0.0,15.37164,0,28,72000,54.29,0.00023055555555555508,0.00021587301587301576,251490.44117647072,4191.507352941178,69.85845588235297,0,0.7774113747491982,0,16.518072289155608,0,0,0,0,0.003225,16834.108527131782,4.676141257536607,0.06053975200583889,0.9164133738601824,0,LOW,LOW
VEH_007,68b89b2d4f65cd554d7512ab,2025-11-29 14:00:00,ON,13.43,14544.58,53.49,39.8,42.3,686.0,0.05,37,11.53,0.0,874.47,383429.02000000025,0.7999999999999972,13.420000000000073,16.77500000000015,0,0.0,11.53,0.05,0.37,0.146,3600,0.0,13.213379999999999,0,28,75600,53.49,0.00022222222222222142,0.00024047619047619026,222433.66336633684,3707.2277227722807,61.78712871287134,0,0.7609672245904421,0,16.77500000000015,0,0,0,0,0.0032027777777777775,16701.12749349523,4.639202081526453,0.05961251862891154,0.15653495440729484,0,LOW,LOW
VEH_007,68b89b2d4f65cd554d7512ab,2025-11-29 15:00:00,ON,13.61,14558.2,52.67,39.7,37.6,687.0,-0.32,17,11.58,0.0,875.29,383429.02000000025,0.8200000000000003,13.6200000000008,16.609756097561945,0,0.0,11.58,0.32,0.17,0.27499999999999997,3600,0.0,14.764499999999998,0,28,79200,52.67,0.00022777777777777786,0.00025873015873015856,203571.1656441719,3392.8527607361984,56.547546012269976,0,0.7723080178034556,0,16.609756097561945,0,0,0,0,0.0032166666666666667,16374.093264248704,4.548359240069084,0.06020558002936506,0.8069908814589666,0,LOW,LOW
VEH_007,68b89b2d4f65cd554d7512ab,2025-11-29 16:00:00,ON,9.81,14568.01,52.08,39.5,38.8,688.0,-0.2,48,10.44,0.0,875.88,383429.02000000025,0.5900000000000034,9.80999999999949,16.627118644066837,0,0.0,10.44,0.2,0.48,0.284,3600,0.0,13.404959999999999,0,28,82800,52.08,0.00016388888888888985,0.00025000000000000017,208319.99999999985,3471.9999999999977,57.866666666666625,0,0.55626590709626,0,16.627118644066837,0,0,0,0,0.0029,17958.620689655174,4.988505747126437,0.06014271151886178,0.7537993920972644,0,LOW,LOW
VEH_007,68b89b2d4f65cd554d7512ab,2025-11-29 17:00:00,ON,11.09,14579.09,51.42,39.5,39.3,689.0,-0.08,5,10.83,0.0,876.55,383429.02000000025,0.6599999999999966,11.079999999999927,16.787878787878764,0,0.0,10.83,0.08,0.05,0.071,3600,0.0,11.59893,0,28,86400,51.42,0.0001833333333333324,0.0002345238095238094,219252.79187817272,3654.2131979695455,60.90355329949242,0,0.6282799439986585,0,16.787878787878764,0,0,0,0,0.0030083333333333333,17092.52077562327,4.747922437673131,0.05956678700361019,0.14437689969604864,0,LOW,LOW
VEH_007,68b89b2d4f65cd554d7512ab,2025-11-29 18:00:00,ON,12.98,14592.07,50.64,38.8,41.3,690.0,-0.38,8,11.39,0.0,877.32,383429.02000000025,0.7800000000000011,12.979999999999563,16.641025641025056,0,0.0,11.39,0.38,0.08,0.29,3600,0.0,14.693100000000001,0,28,90000,50.64,0.00021666666666666698,0.00021587301587301582,234582.35294117653,3909.7058823529424,65.16176470588238,0,0.7360174795218742,0,16.641025641025056,0,0,0,0,0.0031638888888888893,16005.61896400351,4.4460052677787525,0.060092449922960506,0.6914893617021277,0,LOW,LOW
VEH_007,68b89b2d4f65cd554d7512ab,2025-11-29 19:00:00,ON,13.2,14605.27,49.85,38.5,35.6,691.0,-0.31,45,11.46,0.0,878.12,383429.02000000025,0.7899999999999991,13.200000000000728,16.70886075949461,0,0.0,11.46,0.31,0.45,0.352,3600,0.0,15.49392,0,28,93600,49.85,0.0002194444444444442,0.00020912698412698397,238371.91650853909,3972.8652751423183,66.21442125237196,0,0.7484923520562098,0,16.70886075949461,0,0,0,0,0.0031833333333333336,15659.685863874345,4.349912739965096,0.05984848484848149,0.29027355623100304,0,LOW,LOW
VEH_007,68b89b2d4f65cd554d7512ab,2025-11-29 20:00:00,ON,9.64,14614.91,49.27,38.1,36.0,692.0,-0.24,47,10.39,0.0,878.69,383429.02000000025,0.5799999999999983,9.639999999999418,16.62068965517146,0,0.0,10.39,0.24,0.47,0.30899999999999994,3600,0.0,13.60051,0,28,97200,49.27,0.00016111111111111062,0.00019920634920634906,247331.47410358585,4122.191235059764,68.70318725099607,0,0.5466262328652295,0,16.62068965517146,0,0,0,0,0.0028861111111111114,17071.414821944178,4.742059672762272,0.0601659751037379,0.7781155015197568,0,LOW,LOW
VEH_007,68b89b2d4f65cd554d7512ab,2025-11-29 21:00:00,ON,16.82,14631.73,48.26,38.3,40.1,693.0,0.18,0,12.55,0.0,879.7,383429.02000000025,1.0100000000000051,16.81999999999971,16.65346534653428,0,0.0,12.55,0.18,0.0,0.126,3600,0.0,14.1313,0,28,100800,48.26,0.000280555555555557,0.0002075396825396827,232533.8432122369,3875.564053537282,64.59273422562137,0,0.9537607092109497,0,16.65346534653428,0,0,0,0,0.0034861111111111113,13843.505976095616,3.8454183266932267,0.060047562425685055,0.60790273556231,0,LOW,LOW
VEH_007,68b89b2d4f65cd554d7512ab,2025-11-29 22:00:00,ON,21.36,14653.1,46.98,39.0,44.7,694.0,0.38,38,13.91,0.0,880.99,383429.02000000025,1.2800000000000011,21.3700000000008,16.69531250000061,0,0.0,13.91,0.38,0.38,0.37999999999999995,3600,0.0,19.1958,0,28,104400,46.98,0.0003555555555555559,0.000225793650793651,208066.08084358505,3467.768014059751,57.796133567662515,0,1.2117637548061302,0,16.69531250000061,0,0,0,0,0.003863888888888889,12158.734723220703,3.377426312005751,0.05989705194197254,0.3525835866261398,0,LOW,LOW
VEH_007,68b89b2d4f65cd554d7512ab,2025-11-29 23:00:00,ON,21.35,14674.45,45.7,39.8,42.7,695.0,-0.33,4,13.91,0.0,882.27,383429.02000000025,1.279999999999994,21.350000000000364,16.679687500000362,0,0.0,13.91,0.33,0.04,0.243,3600,0.0,17.290129999999998,0,28,108000,45.7,0.0003555555555555539,0.000253174603174603,180507.83699059577,3008.463949843263,50.14106583072105,0,1.2106296754848083,0,16.679687500000362,0,0,0,0,0.003863888888888889,11827.4622573688,3.2854061826024443,0.05995316159250455,0.42857142857142855,0,LOW,LOW
VEH_007,68b89b2d4f65cd554d7512ab,2025-11-30 00:00:00,ON,24.04,14698.5,44.25,40.4,46.7,696.0,0.3,1,14.71,0.0,883.71,383429.02000000025,1.4500000000000028,24.049999999999272,16.58620689655119,0,0.0,14.71,0.3,0.01,0.213,3600,0.0,17.843230000000002,0,28,111600,44.25,0.0004027777777777786,0.0002845238095238096,155523.01255230122,2592.0502092050206,43.20083682008367,0,1.3637303838598718,0,16.58620689655119,0,0,0,0,0.0040861111111111115,10829.367777022433,3.0081577158395647,0.06029106029106223,0.8601823708206687,0,MEDIUM,LOW
VEH_007,68b89b2d4f65cd554d7512ab,2025-11-30 01:00:00,ON,28.99,14727.49,42.51,41.2,45.8,697.0,-0.22,41,16.2,0.0,885.45,383429.02000000025,1.740000000000002,28.98999999999978,16.66091954022974,0,0.0,16.2,0.22,0.41,0.27699999999999997,3600,0.0,20.687399999999997,0,28,115200,42.51,0.0004833333333333339,0.0003226190476190477,131765.3136531365,2196.0885608856083,36.60147601476014,0,1.6438479762203153,0,16.66091954022974,0,0,0,0,0.0045,9446.666666666666,2.624074074074074,0.060020696791997764,0.5501519756838906,0,MEDIUM,LOW
VEH_007,68b89b2d4f65cd554d7512ab,2025-11-30 02:00:00,ON,31.47,14758.96,40.63,40.8,39.5,698.0,-0.38,43,16.94,0.0,887.34,383429.02000000025,1.8799999999999955,31.469999999999345,16.73936170212735,0,0.0,16.94,0.38,0.43,0.39499999999999996,3600,1.0,23.631300000000003,0,28,118800,40.63,0.0005222222222222209,0.0003658730158730158,111049.45770065079,1850.8242950108465,30.847071583514108,0,1.7844738120611463,0,16.73936170212735,0,0,0,0,0.004705555555555556,8634.474616292799,2.398465171192444,0.059739434381952165,0.21428571428571427,0,MEDIUM,LOW
VEH_007,68b89b2d4f65cd554d7512ab,2025-11-30 03:00:00,ON,34.81,14793.77,38.54,40.6,47.7,699.0,0.03,14,17.94,0.0,889.43,383429.02000000025,2.0900000000000034,34.81000000000131,16.655502392345095,0,0.0,17.94,0.03,0.14,0.063,3600,1.0,19.07022,0,28,122400,38.54,0.0005805555555555565,0.00042579365079365095,90513.32712022364,1508.5554520037272,25.14259086672879,0,1.9738650587178943,0,16.655502392345095,0,0,0,0,0.0049833333333333335,7733.779264214047,2.148272017837235,0.060040218328064485,0.5972644376899696,0,MEDIUM,LOW
VEH_007,68b89b2d4f65cd554d7512ab,2025-11-30 04:00:00,ON,27.73,14821.5,36.87,41.1,47.8,700.0,-0.01,20,15.82,0.0,891.09,383429.02000000025,1.6700000000000017,27.729999999999563,16.604790419161397,0,0.0,15.82,0.01,0.2,0.067,3600,0.0,16.879939999999998,0,28,126000,36.87,0.0004638888888888894,0.000451984126984127,81573.66110623353,1359.5610184372256,22.65935030728709,0,1.5724009789785778,0,16.604790419161397,0,0,0,0,0.004394444444444445,8390.139064475346,2.3305941845764853,0.06022358456545359,0.8221884498480243,0,MEDIUM,LOW
VEH_007,68b89b2d4f65cd554d7512ab,2025-11-30 05:00:00,ON,34.62,14856.12,34.8,41.3,45.3,701.0,-0.38,38,17.89,0.0,893.17,383429.02000000025,2.0700000000000003,34.6200000000008,16.724637681159805,0,0.0,17.89,0.38,0.38,0.37999999999999995,3600,1.0,24.6882,0,28,129600,34.8,0.0005750000000000001,0.0004833333333333334,71999.99999999999,1199.9999999999998,19.999999999999996,0,1.9630913051655419,0,16.724637681159805,0,0,0,0,0.004969444444444445,7002.794857462269,1.9452207937395192,0.05979202772963468,0.24620060790273557,0,MEDIUM,LOW
VEH_007,68b89b2d4f65cd554d7512ab,2025-11-30 06:00:00,ON,39.39,14895.51,32.43,40.8,52.1,702.0,-0.26,30,19.32,0.0,895.53,383429.02000000025,2.3699999999999974,39.38999999999942,16.620253164556733,0,0.0,19.32,0.26,0.3,0.272,3600,1.0,24.57504,0,28,133200,32.43,0.0006583333333333326,0.0005265873015873017,61585.22984174829,1026.4204973624715,17.107008289374523,0,2.2335692232948516,0,16.620253164556733,0,0,0,0,0.005366666666666667,6042.857142857142,1.6785714285714284,0.06016755521706099,0.7796352583586627,0,MEDIUM,LOW
VEH_007,68b89b2d4f65cd554d7512ab,2025-11-30 07:00:00,ON,31.74,14927.25,30.53,40.7,42.3,703.0,0.18,10,17.02,0.0,897.44,383429.02000000025,1.8999999999999986,31.73999999999978,16.705263157894635,0,0.0,17.02,0.18,0.1,0.156,3600,1.0,19.67512,0,28,136800,30.53,0.0005277777777777774,0.0005444444444444444,56075.51020408164,934.5918367346941,15.5765306122449,0,1.7997838828986836,0,16.705263157894635,0,0,0,0,0.004727777777777778,6457.579318448884,1.7937720329024678,0.059861373660995955,0.303951367781155,0,MEDIUM,LOW
VEH_007,68b89b2d4f65cd554d7512ab,2025-11-30 08:00:00,ON,34.9,14962.15,28.43,40.2,45.2,704.0,-0.05,5,17.97,0.0,899.53,383429.02000000025,2.1000000000000014,34.899999999999636,16.619047619047436,0,0.0,17.97,0.05,0.05,0.049999999999999996,3600,1.0,18.8685,0,28,140400,28.43,0.0005833333333333337,0.0005587301587301587,50883.23863636364,848.0539772727274,14.134232954545455,0,1.978968415663637,0,16.619047619047436,0,0,0,0,0.004991666666666666,5695.492487479132,1.5820812465219811,0.06017191977077431,0.7864741641337386,0,MEDIUM,LOW
VEH_007,68b89b2d4f65cd554d7512ab,2025-11-30 09:00:00,ON,41.28,15003.43,25.96,40.0,47.4,705.0,-0.35,31,19.88,0.0,902.01,383429.02000000025,2.469999999999999,41.280000000000655,16.71255060728772,0,0.0,19.88,0.35,0.31,0.33799999999999997,3600,1.0,26.59944,0,28,144000,25.96,0.0006861111111111108,0.0005821428571428572,44593.86503067484,743.2310838445807,12.38718473074301,0,2.3407397191575097,0,16.71255060728772,0,0,0,0,0.005522222222222222,4701.006036217304,1.3058350100603624,0.05983527131782848,0.27811550151975684,0,MEDIUM,MEDIUM
VEH_007,68b89b2d4f65cd554d7512ab,2025-11-30 10:00:00,ON,35.2,15038.63,62.14,40.1,49.8,706.0,-0.32,7,18.06,0.0,904.12,383429.02000000025,0.0,35.19999999999891,0.0,0,0.0,18.06,0.32,0.07,0.24499999999999997,3600,1.0,22.484699999999997,1,29,0,62.14,0.0,0.0004992063492063491,124477.58346581878,2074.6263910969797,34.577106518282996,0,1.995979605483054,0,0.0,0,0,0,0,0.005016666666666667,12386.710963455149,3.440753045404208,0.0,0.020516717325227963,0,LOW,LOW
VEH_007,68b89b2d4f65cd554d7512ab,2025-11-30 11:00:00,ON,30.3,15068.93,60.32,39.5,42.8,707.0,0.49,21,16.59,0.0,905.94,383429.02000000025,1.8200000000000003,30.30000000000109,16.648351648352246,0,0.0,16.59,0.49,0.21,0.40599999999999997,3600,1.0,23.32554,0,29,3600,60.32,0.0005055555555555556,0.00050515873015873,119408.0125687353,1990.133542812255,33.16889238020425,0,1.7181301717653576,0,16.648351648352246,0,0,0,0,0.004608333333333333,13089.330922242316,3.635925256178421,0.06006600660065791,0.6443768996960486,0,LOW,LOW
VEH_007,68b89b2d4f65cd554d7512ab,2025-11-30 12:00:00,ON,32.85,15101.78,58.35,39.5,45.9,708.0,0.44,27,17.36,0.0,907.91,383429.02000000025,1.9699999999999989,32.850000000000364,16.675126903553494,0,0.0,17.36,0.44,0.27,0.389,3600,1.0,24.113039999999998,0,29,7200,58.35,0.000547222222222222,0.000501190476190476,116422.80285035633,1940.3800475059388,32.33966745843231,0,1.8627252852307128,0,16.675126903553494,0,0,0,0,0.004822222222222222,12100.230414746546,3.3611751152073737,0.05996955859969489,0.44680851063829785,0,LOW,LOW
VEH_007,68b89b2d4f65cd554d7512ab,2025-11-30 13:00:00,ON,32.39,15134.17,56.41,39.1,45.7,709.0,-0.44,42,17.22,0.0,909.85,383429.02000000025,1.9400000000000048,32.38999999999942,16.695876288659452,0,0.0,17.22,0.44,0.42,0.434,3600,1.0,24.693479999999997,0,29,10800,56.41,0.0005388888888888902,0.00048412698412698426,116519.01639344258,1941.9836065573763,32.366393442622936,0,1.8366414608408228,0,16.695876288659452,0,0,0,0,0.004783333333333333,11793.031358885017,3.275842044134727,0.059895029330041365,0.35106382978723405,0,LOW,LOW
VEH_007,68b89b2d4f65cd554d7512ab,2025-11-30 14:00:00,ON,27.17,15161.33,54.78,38.5,39.5,710.0,0.2,20,15.65,0.0,911.48,383429.02000000025,1.6299999999999955,27.159999999999854,16.662576687116523,0,0.0,15.65,0.2,0.2,0.19999999999999998,3600,0.0,18.78,0,29,14400,54.78,0.0004527777777777765,0.0004734126984126983,115712.99245599331,1928.5498742665552,32.142497904442585,0,1.5400797183216233,0,16.662576687116523,0,0,0,0,0.004347222222222222,12601.15015974441,3.5003194888178917,0.06001472754050089,0.5349544072948328,0,LOW,LOW
VEH_007,68b89b2d4f65cd554d7512ab,2025-11-30 15:00:00,ON,26.47,15187.8,53.19,38.7,42.9,711.0,-0.37,12,15.44,0.0,913.07,383429.02000000025,1.5900000000000034,26.469999999999345,16.64779874213792,0,0.0,15.44,0.37,0.12,0.295,3600,0.0,19.994799999999998,0,29,18000,53.19,0.0004416666666666676,0.00045317460317460324,117371.97898423816,1956.1996497373027,32.60332749562171,0,1.5009539817368402,0,16.64779874213792,0,0,0,0,0.004288888888888889,12401.81347150259,3.444948186528497,0.06006800151114631,0.6474164133738601,0,LOW,LOW
VEH_007,68b89b2d4f65cd554d7512ab,2025-11-30 16:00:00,ON,21.07,15208.87,51.93,38.4,39.6,712.0,-0.39,4,13.82,0.0,914.33,383429.02000000025,1.259999999999998,21.070000000001528,16.72222222222346,0,0.0,13.82,0.39,0.04,0.285,3600,0.0,17.758699999999997,0,29,21600,51.93,0.00034999999999999945,0.00040515873015873016,128171.98824681685,2136.1998041136144,35.60333006856024,0,1.1947525649867132,0,16.72222222222346,0,0,0,0,0.003838888888888889,13527.351664254702,3.757597684515195,0.05980066445182281,0.2553191489361702,0,LOW,LOW
VEH_007,68b89b2d4f65cd554d7512ab,2025-11-30 17:00:00,ON,25.32,15234.19,50.41,38.8,43.8,713.0,-0.19,47,15.1,0.0,915.85,383429.02000000025,1.5200000000000031,25.31999999999971,16.65789473684188,0,0.0,15.1,0.19,0.47,0.27399999999999997,3600,0.0,19.2374,0,29,25200,50.41,0.0004222222222222231,0.00046547619047619063,108297.69820971863,1804.9616368286438,30.08269394714406,0,1.4357444207622703,0,16.65789473684188,0,0,0,0,0.004194444444444444,12018.278145695363,3.33841059602649,0.060031595576620085,0.5759878419452887,0,LOW,LOW
VEH_007,68b89b2d4f65cd554d7512ab,2025-11-30 18:00:00,ON,27.84,15262.03,48.74,38.8,42.8,714.0,-0.28,23,15.85,0.0,917.52,383429.02000000025,1.6699999999999946,27.840000000000146,16.670658682634873,0,0.0,15.85,0.28,0.23,0.265,3600,0.0,20.050250000000002,0,29,28800,48.74,0.0004638888888888874,0.0004595238095238094,106066.32124352334,1767.772020725389,29.462867012089816,0,1.5786384152457456,0,16.670658682634873,0,0,0,0,0.004402777777777778,11070.283911671924,3.0750788643533125,0.05998563218390754,0.4696048632218845,0,LOW,LOW
VEH_007,68b89b2d4f65cd554d7512ab,2025-11-30 19:00:00,ON,20.47,15282.5,47.51,39.4,41.7,715.0,0.37,28,13.64,0.0,918.75,383429.02000000025,1.230000000000004,20.469999999999345,16.64227642276364,0,0.0,13.64,0.37,0.28,0.343,3600,0.0,18.31852,0,29,32400,47.51,0.0003416666666666678,0.0004301587301587303,110447.60147601472,1840.7933579335788,30.679889298892977,0,1.1607301853476726,0,16.64227642276364,0,0,0,0,0.003788888888888889,12539.296187683283,3.4831378299120233,0.06008793356131135,0.6854103343465046,0,LOW,LOW
VEH_007,68b89b2d4f65cd554d7512ab,2025-11-30 20:00:00,ON,19.8,15302.3,46.32,39.2,45.0,716.0,0.21,12,13.44,0.0,919.94,383429.02000000025,1.1899999999999977,19.799999999999272,16.638655462184293,0,0.0,13.44,0.21,0.12,0.183,3600,0.0,15.89952,0,29,36000,46.32,0.0003305555555555549,0.0004003968253968253,115685.23290386524,1928.0872150644207,32.13478691774034,0,1.1227385280842115,0,16.638655462184293,0,0,0,0,0.0037333333333333333,12407.142857142857,3.446428571428571,0.060101010101012195,0.7082066869300911,0,LOW,LOW
VEH_007,68b89b2d4f65cd554d7512ab,2025-11-30 21:00:00,ON,19.0,15321.3,45.18,39.3,41.3,717.0,0.35,29,13.2,0.0,921.08,383429.02000000025,1.1400000000000006,19.0,16.666666666666657,0,0.0,13.2,0.35,0.29,0.33199999999999996,3600,0.0,17.582399999999996,0,29,39600,45.18,0.0003166666666666668,0.000380952380952381,118597.49999999999,1976.6249999999998,32.943749999999994,0,1.0773753552323637,0,16.666666666666657,0,0,0,0,0.0036666666666666666,12321.818181818182,3.422727272727273,0.06000000000000003,0.506838905775076,0,LOW,LOW
VEH_007,68b89b2d4f65cd554d7512ab,2025-11-30 22:00:00,ON,14.31,15335.61,44.32,39.4,41.1,718.0,0.32,48,11.79,0.0,921.94,383429.02000000025,0.8599999999999994,14.31000000000131,16.639534883722465,0,0.0,11.79,0.32,0.48,0.368,3600,0.0,16.128719999999998,0,29,43200,44.32,0.00023888888888888874,0.00035198412698412684,125914.76888387829,2098.5794813979714,34.97632468996619,0,0.8114337543882387,0,16.639534883722465,0,0,0,0,0.0032749999999999997,13532.824427480917,3.759117896522477,0.0600978336827338,0.6990881458966566,0,MEDIUM,LOW
VEH_007,68b89b2d4f65cd554d7512ab,2025-11-30 23:00:00,ON,20.59,15356.2,43.09,39.4,43.6,719.0,-0.11,13,13.68,0.0,923.17,383429.02000000025,1.2299999999999969,20.590000000000146,16.739837398374146,0,0.0,13.68,0.11,0.13,0.11599999999999999,3600,0.0,15.26688,0,29,46800,43.09,0.0003416666666666658,0.00035079365079365065,122835.7466063349,2047.262443438915,34.12104072398191,0,1.1675346612755013,0,16.739837398374146,0,0,0,0,0.0038,11339.473684210527,3.149853801169591,0.05973773676541953,0.2127659574468085,0,MEDIUM,LOW
