vehicleId,driverId,timestamp,engineState,speed_mph,odometer_miles,fuelLevel_pct,fuelTemperature_C,engineOilPressure_psi,engineHours_hr,longitudinalAcceleration_ms2,brakePosition_pct,fuelRate_L_per_hr,idleFuelConsumed_L,fuelIntegrated_L,totalFuelConsumedLiters,fuel_drop_pct,distance_miles,miles_per_fuel_pct,is_idle,fuel_consumed_idle_L,fuel_consumed_moving_L,acceleration_abs,brake_intensity,driver_aggressiveness,engine_on_duration_sec,speed_bucket,fuel_rate_eff,refill_event,fuel_cycle,time_since_refill_sec,fuel_pct_remaining,fuel_burn_pct_per_sec,fuel_burn_pct_per_sec_smooth,fuel_time_to_empty_sec,fuel_time_to_empty_min,fuel_time_to_empty_hr,fuel_theft_flag,expected_fuel_drop,sudden_drop_trip_flag,fuel_efficiency_miles_per_pct,low_efficiency_flag,idle_fuel_flag,fuel_sensor_tamper_flag,fuel_leak_flag,consumption_rate_L_per_sec,fuel_time_to_empty_sec_v2,fuel_time_to_empty_hr_v2,fuel_per_mile,driver_fuel_efficiency_score,fuel_overheat_flag,fuel_level_alert,fuel_time_to_empty_alert
VEH_008,68b89b2d4f65cd554d7512ab,01/11/2025 0:00,ON,46.82,46.82,82.19,40.1,49.4,1,0.39,5,21.54,0,2.81,345452.27,0,0,0,0,0,21.54,0.39,0.05,0.288,3600,1,27.74352,0,0,0,82.19,0,0,0,0,0,0,0,0,0,0,0,0,0,0.005983333,13736.49025,3.815691736,0,0,0,LOW,LOW
VEH_008,68b89b2d4f65cd554d7512ab,01/11/2025 1:00,ON,43.92,90.74,79.56,40.2,47.8,2,0.42,33,20.68,0,5.44,345452.27,2.63,43.92,16.69961977,0,0,20.68,0.42,0.33,0.393,3600,1,28.80724,0,0,3600,79.56,0.000730556,0.000365278,217806.8441,3630.114068,60.50190114,0,2.470306687,0,16.69961977,0,0,0,0,0.005744444,13849.90329,3.847195358,0.059881603,0.24,0,LOW,LOW
VEH_008,68b89b2d4f65cd554d7512ab,01/11/2025 2:00,ON,41.29,132.03,77.08,39.7,46.9,3,-0.14,4,19.89,0,7.92,345452.27,2.48,41.29,16.64919355,0,0,19.89,0.14,0.04,0.11,3600,1,22.0779,0,0,7200,77.08,0.000688889,0.000473148,162908.8063,2715.146771,45.25244618,0,2.322380762,0,16.64919355,0,0,0,0,0.005525,13951.13122,3.875314228,0.060062969,0.701538462,0,LOW,LOW
VEH_008,68b89b2d4f65cd554d7512ab,01/11/2025 3:00,ON,37.93,169.96,74.8,40.2,44.2,4,0.21,13,18.88,0,10.2,345452.27,2.28,37.93,16.63596491,0,0,18.88,0.21,0.13,0.186,3600,1,22.39168,0,0,10800,74.8,0.000633333,0.000513194,145753.7212,2429.228687,40.48714479,0,2.133395551,0,16.63596491,0,0,0,0,0.005244444,14262.71186,3.961864407,0.06011073,0.809230769,0,LOW,LOW
VEH_008,68b89b2d4f65cd554d7512ab,01/11/2025 4:00,ON,37.83,207.79,72.53,39.9,45.8,5,-0.17,34,18.85,0,12.47,345452.27,2.27,37.83,16.66519824,0,0,18.85,0.17,0.34,0.221,3600,1,23.01585,0,0,14400,72.53,0.000630556,0.000536667,135149.0683,2252.484472,37.54140787,0,2.127770992,0,16.66519824,0,0,0,0,0.005236111,13851.88329,3.847745358,0.060005287,0.535384615,0,LOW,LOW
VEH_008,68b89b2d4f65cd554d7512ab,01/11/2025 5:00,ON,31.05,238.83,70.67,40.1,44.2,6,0.34,27,16.81,0,14.33,345452.27,1.86,31.04,16.68817204,0,0,16.81,0.34,0.27,0.319,3600,1,22.17239,0,0,18000,70.67,0.000516667,0.000533333,132506.25,2208.4375,36.80729167,0,1.745863378,0,16.68817204,0,0,0,0,0.004669444,15134.56276,4.204045211,0.05992268,0.32,0,LOW,LOW
VEH_008,68b89b2d4f65cd554d7512ab,01/11/2025 6:00,ON,38.89,277.72,68.34,40.2,48.6,7,-0.11,39,19.17,0,16.66,345452.27,2.33,38.89,16.69098712,0,0,19.17,0.11,0.39,0.194,3600,1,22.88898,0,0,21600,68.34,0.000647222,0.000549603,124344.2599,2072.404332,34.5400722,0,2.187391326,0,16.69098712,0,0,0,0,0.005325,12833.80282,3.564945227,0.059912574,0.292307692,0,LOW,LOW
VEH_008,68b89b2d4f65cd554d7512ab,01/11/2025 7:00,ON,45.69,323.41,65.6,40.3,50.1,8,-0.37,10,21.21,0,19.4,345452.27,2.74,45.69,16.67518248,0,0,21.21,0.37,0.1,0.289,3600,1,27.33969,0,0,25200,65.6,0.000761111,0.000658333,99645.56962,1660.759494,27.67932489,0,2.569861396,0,16.67518248,0,0,0,0,0.005891667,11134.37058,3.092880717,0.059969359,0.446153846,0,LOW,LOW
VEH_008,68b89b2d4f65cd554d7512ab,01/11/2025 8:00,ON,37.77,361.18,63.33,40,47.6,9,0.05,13,18.83,0,21.67,345452.27,2.27,37.77,16.63876652,0,0,18.83,0.05,0.13,0.074,3600,1,20.22342,0,0,28800,63.33,0.000630556,0.000644048,98331.23845,1638.853974,27.3142329,0,2.124396256,0,16.63876652,0,0,0,0,0.005230556,12107.70048,3.363250133,0.060100609,0.787692308,0,LOW,LOW
VEH_008,68b89b2d4f65cd554d7512ab,01/11/2025 9:00,ON,34.89,396.07,61.24,40.2,42.4,10,0.33,41,17.97,0,23.76,345452.27,2.09,34.89,16.6937799,0,0,17.97,0.33,0.41,0.354,3600,1,24.33138,0,0,32400,61.24,0.000580556,0.000628571,97427.27273,1623.787879,27.06313131,0,1.962408932,0,16.6937799,0,0,0,0,0.004991667,12268.44741,3.407902059,0.059902551,0.270769231,0,LOW,LOW
VEH_008,68b89b2d4f65cd554d7512ab,01/11/2025 10:00,ON,37.85,433.91,58.97,40.3,48.5,11,0.49,28,18.85,0,26.03,345452.27,2.27,37.84,16.66960352,0,0,18.85,0.49,0.28,0.427,3600,1,26.89895,0,0,36000,58.97,0.000630556,0.000628175,93875.17372,1564.586229,26.07643714,0,2.128333448,0,16.66960352,0,0,0,0,0.005236111,11262.17507,3.128381963,0.059989429,0.486153846,0,LOW,LOW
VEH_008,68b89b2d4f65cd554d7512ab,01/11/2025 11:00,ON,42.03,475.94,56.44,40.5,46.6,12,-0.31,31,20.11,0,28.56,345452.27,2.53,42.03,16.61264822,0,0,20.11,0.31,0.31,0.31,3600,1,26.3441,0,0,39600,56.44,0.000702778,0.000638492,88395.77377,1473.262896,24.5543816,0,2.364002505,0,16.61264822,0,0,0,0,0.005586111,10103.63003,2.806563899,0.060195099,0.867692308,0,LOW,LOW
VEH_008,68b89b2d4f65cd554d7512ab,01/11/2025 12:00,ON,49.55,525.49,53.47,41,52.3,13,-0.43,10,22.36,0,31.53,345452.27,2.97,49.55,16.68350168,0,0,22.36,0.43,0.1,0.331,3600,1,29.76116,0,0,43200,53.47,0.000825,0.00068254,78339.76744,1305.662791,21.76104651,0,2.786969406,0,16.68350168,0,0,0,0,0.006211111,8608.765653,2.391323792,0.059939455,0.353846154,0,LOW,LOW
VEH_008,68b89b2d4f65cd554d7512ab,01/11/2025 13:00,ON,42.59,568.09,50.91,41,47.5,14,-0.44,37,20.28,0,34.09,345452.27,2.56,42.6,16.640625,0,0,20.28,0.44,0.37,0.419,3600,1,28.77732,0,0,46800,50.91,0.000711111,0.000691667,73604.81928,1226.746988,20.44578313,0,2.396062496,0,16.640625,0,0,0,0,0.005633333,9037.278107,2.51035503,0.060093897,0.775384615,0,LOW,LOW
VEH_008,68b89b2d4f65cd554d7512ab,01/11/2025 14:00,ON,43.66,611.74,48.3,40.8,47.2,15,0.24,9,20.6,0,36.7,345452.27,2.61,43.65,16.72413793,0,0,20.6,0.24,0.09,0.195,3600,1,24.617,0,0,50400,48.3,0.000725,0.000686508,70356.06936,1172.601156,19.5433526,0,2.455120375,0,16.72413793,0,0,0,0,0.005722222,8440.776699,2.344660194,0.059793814,0.178461538,0,LOW,LOW
VEH_008,68b89b2d4f65cd554d7512ab,01/11/2025 15:00,ON,49.02,660.76,45.35,40.1,52.8,16,0.3,17,22.21,0,39.65,345452.27,2.95,49.02,16.61694915,0,0,22.21,0.3,0.17,0.261,3600,1,28.00681,0,0,54000,45.35,0.000819444,0.000713492,63560.62291,1059.343715,17.65572859,0,2.757159239,0,16.61694915,0,0,0,0,0.006169444,7350.742909,2.04187303,0.060179519,0.861538462,0,LOW,LOW
VEH_008,68b89b2d4f65cd554d7512ab,01/11/2025 16:00,ON,49.9,710.66,42.36,40.1,55.9,17,0.11,44,22.47,0,42.64,345452.27,2.99,49.9,16.68896321,0,0,22.47,0.11,0.44,0.209,3600,1,27.16623,0,0,57600,42.36,0.000830556,0.000749206,56539.83051,942.3305085,15.70550847,0,2.806655366,0,16.68896321,0,0,0,0,0.006241667,6786.648865,1.88518024,0.05991984,0.313846154,0,MEDIUM,LOW
VEH_008,68b89b2d4f65cd554d7512ab,01/11/2025 17:00,ON,42.96,753.62,39.78,40.7,50.3,18,-0.37,8,20.39,0,45.22,345452.27,2.58,42.96,16.65116279,0,0,20.39,0.37,0.08,0.283,3600,1,26.16037,0,0,61200,39.78,0.000716667,0.000761508,52238.45753,870.6409588,14.51068265,0,2.416310912,0,16.65116279,0,0,0,0,0.005663889,7023.442864,1.950956351,0.060055866,0.683076923,0,MEDIUM,LOW
VEH_008,68b89b2d4f65cd554d7512ab,01/11/2025 18:00,ON,48.9,802.52,36.85,41,49.3,19,0.06,36,22.17,0,48.15,345452.27,2.93,48.9,16.6894198,0,0,22.17,0.06,0.36,0.15,3600,1,25.4955,0,0,64800,36.85,0.000813889,0.000777381,47402.75651,790.0459418,13.16743236,0,2.750409767,0,16.6894198,0,0,0,0,0.006158333,5983.76184,1.662156067,0.0599182,0.304615385,0,MEDIUM,LOW
VEH_008,68b89b2d4f65cd554d7512ab,01/11/2025 19:00,ON,53.6,856.12,33.63,41.3,52.4,20,0.15,26,23.58,0,51.37,345452.27,3.22,53.6,16.64596273,0,0,23.58,0.15,0.26,0.183,3600,1,27.89514,0,0,68400,33.63,0.000894444,0.000787302,42715.52419,711.9254032,11.86542339,0,3.01476408,0,16.64596273,0,0,0,0,0.00655,5134.351145,1.426208651,0.060074627,0.726153846,0,MEDIUM,MEDIUM
VEH_008,68b89b2d4f65cd554d7512ab,01/11/2025 20:00,ON,51.07,907.19,30.57,40.8,50.1,21,-0.31,28,22.82,0,54.43,345452.27,3.06,51.07,16.68954248,0,0,22.82,0.31,0.28,0.301,3600,1,29.68882,0,0,72000,30.57,0.00085,0.000807143,37874.33628,631.2389381,10.52064897,0,2.872462716,0,16.68954248,0,0,0,0,0.006338889,4822.611744,1.339614373,0.05991776,0.301538462,0,MEDIUM,MEDIUM
VEH_008,68b89b2d4f65cd554d7512ab,01/11/2025 21:00,ON,55.39,962.57,27.25,40.5,52.1,22,0.37,2,24.12,0,57.75,345452.27,3.32,55.38,16.68072289,0,0,24.12,0.37,0.02,0.265,3600,1,30.5118,0,0,75600,27.25,0.000922222,0.000835317,32622.32779,543.7054632,9.06175772,0,3.114881245,0,16.68072289,0,0,0,0,0.0067,4067.164179,1.129767828,0.05994944,0.387692308,0,MEDIUM,MEDIUM
VEH_008,68b89b2d4f65cd554d7512ab,01/11/2025 22:00,ON,48.41,1010.98,24.34,40.5,49.9,23,-0.05,1,22.02,0,60.66,345452.27,2.91,48.41,16.63573883,0,0,22.02,0.05,0.01,0.038,3600,1,22.85676,0,0,79200,24.34,0.000808333,0.00083373,29194.09805,486.5683008,8.10947168,0,2.722849424,0,16.63573883,0,0,0,0,0.006116667,3979.291553,1.105358765,0.060111547,0.812307692,0,HIGH,MEDIUM
VEH_008,68b89b2d4f65cd554d7512ab,01/11/2025 23:00,ON,55.93,1066.91,20.99,40.6,52.2,24,-0.02,38,24.28,0,64.01,345452.27,3.35,55.93,16.69552239,0,0,24.28,0.02,0.38,0.128,3600,1,27.38784,0,0,82800,20.99,0.000930556,0.000848016,24751.89518,412.5315863,6.875526439,0,3.145816325,0,16.69552239,0,0,0,0,0.006744444,3112.191104,0.864497529,0.059896299,0.261538462,0,HIGH,MEDIUM
VEH_008,68b89b2d4f65cd554d7512ab,02/11/2025 0:00,ON,57.59,1124.5,17.53,39.8,51.1,25,-0.25,13,24.78,0,67.47,345452.27,3.46,57.59,16.64450867,0,0,24.78,0.25,0.13,0.214,3600,1,30.08292,0,0,86400,17.53,0.000961111,0.000882937,19854.20225,330.9033708,5.51505618,0,3.239184018,0,16.64450867,0,0,0,0,0.006883333,2546.731235,0.707425343,0.060079875,0.741538462,0,HIGH,MEDIUM
VEH_008,68b89b2d4f65cd554d7512ab,02/11/2025 1:00,ON,61.55,1186.06,13.84,39.4,53.9,26,0.24,45,25.97,0,71.16,345452.27,3.69,61.56,16.68292683,0,0,25.97,0.24,0.45,0.303,3600,1,33.83891,0,0,90000,13.84,0.001025,0.000913095,15157.23598,252.6205997,4.210343329,0,3.462479044,0,16.68292683,0,0,0,0,0.007213889,1918.521371,0.532922603,0.05994152,0.36,0,HIGH,MEDIUM
VEH_008,68b89b2d4f65cd554d7512ab,02/11/2025 2:00,ON,68.18,1254.23,9.75,39.5,54.2,27,-0.37,28,27.95,0,75.25,345452.27,4.09,68.17,16.66748166,0,0,27.95,0.37,0.28,0.343,3600,1,37.53685,0,0,93600,9.75,0.001136111,0.000947619,10288.94472,171.4824121,2.858040201,0,3.83426245,0,16.66748166,0,0,0,0,0.007763889,1255.813953,0.348837209,0.059997066,0.498461538,0,HIGH,HIGH
VEH_008,68b89b2d4f65cd554d7512ab,02/11/2025 3:00,ON,60.88,1315.12,6.09,39.4,49.3,28,0.39,42,25.77,0,78.91,345452.27,3.66,60.89,16.63661202,0,0,25.77,0.39,0.42,0.399,3600,1,36.05223,0,0,97200,6.09,0.001016667,0.000971429,6269.117647,104.4852941,1.741421569,0,3.424794493,0,16.63661202,0,0,0,0,0.007158333,850.7566938,0.236321304,0.060108392,0.803076923,0,HIGH,HIGH
VEH_008,68b89b2d4f65cd554d7512ab,02/11/2025 4:00,ON,53.33,1368.45,2.89,39.9,50.9,29,0.39,4,23.5,0,82.11,345452.27,3.2,53.33,16.665625,0,0,23.5,0.39,0.04,0.285,3600,1,30.1975,0,0,100800,2.89,0.000888889,0.000966667,2989.655172,49.82758621,0.83045977,0,2.999577768,0,16.665625,0,0,0,0,0.006527778,442.7234043,0.122978723,0.06000375,0.532307692,0,HIGH,HIGH
VEH_008,68b89b2d4f65cd554d7512ab,02/11/2025 5:00,ON,60.42,1428.87,59.01,40.5,55.1,30,-0.08,2,25.62,0,85.73,345452.27,0,60.42,0,0,0,25.62,0.08,0.02,0.062,3600,1,27.20844,1,1,0,59.01,0,0.00085119,69326.43357,1155.440559,19.25734266,0,3.398359062,0,0,0,0,0,0,0.007116667,8291.803279,2.303278689,0,0.023076923,0,LOW,LOW
VEH_008,68b89b2d4f65cd554d7512ab,02/11/2025 6:00,ON,55.78,1484.65,55.66,40.7,56.5,31,0.27,5,24.23,0,89.08,345452.27,3.35,55.78,16.65074627,0,0,24.23,0.27,0.05,0.204,3600,1,29.17292,0,1,3600,55.66,0.000930556,0.00085119,65390.76923,1089.846154,18.16410256,0,3.137379485,0,16.65074627,0,0,0,0,0.006730556,8269.748246,2.297152291,0.060057368,0.686153846,0,LOW,LOW
VEH_008,68b89b2d4f65cd554d7512ab,02/11/2025 7:00,ON,50.3,1534.95,52.64,41,51.8,32,0,36,22.59,0,92.1,345452.27,3.02,50.3,16.65562914,0,0,22.59,0,0.36,0.108,3600,1,25.02972,0,1,7200,52.64,0.000838889,0.00083373,63137.93432,1052.298905,17.53831509,0,2.829153605,0,16.65562914,0,0,0,0,0.006275,8388.844622,2.330234617,0.060039761,0.643076923,0,LOW,LOW
VEH_008,68b89b2d4f65cd554d7512ab,02/11/2025 8:00,ON,48.35,1583.3,49.74,40.4,53.2,33,0.49,16,22.01,0,95,345452.27,2.9,48.35,16.67241379,0,0,22.01,0.49,0.16,0.391,3600,1,30.61591,0,1,10800,49.74,0.000805556,0.000802381,61990.50445,1033.175074,17.21958457,0,2.719474688,0,16.67241379,0,0,0,0,0.006113889,8135.574739,2.259881872,0.059979317,0.467692308,0,LOW,LOW
VEH_008,68b89b2d4f65cd554d7512ab,02/11/2025 9:00,ON,51.88,1635.18,46.63,41.1,53.6,34,0.08,45,23.06,0,98.11,345452.27,3.11,51.88,16.68167203,0,0,23.06,0.08,0.45,0.191,3600,1,27.46446,0,1,14400,46.63,0.000863889,0.000763492,61074.63617,1017.910603,16.96517672,0,2.918021651,0,16.68167203,0,0,0,0,0.006405556,7279.618387,2.022116219,0.059946029,0.381538462,0,LOW,LOW
VEH_008,68b89b2d4f65cd554d7512ab,02/11/2025 10:00,ON,59.23,1694.41,43.07,41.5,53.2,35,0.09,27,25.27,0,101.66,345452.27,3.56,59.23,16.63764045,0,0,25.27,0.09,0.27,0.144,3600,1,28.90888,0,1,18000,43.07,0.000988889,0.000759524,56706.58307,945.1097179,15.75182863,0,3.3314268,0,16.63764045,0,0,0,0,0.007019444,6135.813217,1.70439256,0.060104677,0.793846154,0,MEDIUM,LOW
VEH_008,68b89b2d4f65cd554d7512ab,02/11/2025 11:00,ON,52.54,1746.96,39.92,41.4,55.1,36,-0.45,2,23.26,0,104.82,345452.27,3.15,52.55,16.68253968,0,0,23.26,0.45,0.02,0.321,3600,1,30.72646,0,1,21600,39.92,0.000875,0.00075754,52696.90938,878.2818229,14.63803038,0,2.955706202,0,16.68253968,0,0,0,0,0.006461111,6178.503869,1.716251075,0.059942912,0.366153846,0,MEDIUM,LOW
VEH_008,68b89b2d4f65cd554d7512ab,02/11/2025 12:00,ON,51,1797.95,36.86,42.1,53,37,-0.36,41,22.8,0,107.88,345452.27,3.06,50.99,16.66339869,0,0,22.8,0.36,0.41,0.375,3600,1,31.35,0,1,25200,36.86,0.00085,0.000878968,41935.53047,698.9255079,11.64875847,0,2.867963068,0,16.66339869,0,0,0,0,0.006333333,5820,1.616666667,0.060011767,0.547692308,0,MEDIUM,LOW
VEH_008,68b89b2d4f65cd554d7512ab,02/11/2025 13:00,ON,58.74,1856.69,33.34,41.9,51.9,38,0.48,46,25.12,0,111.4,345452.27,3.52,58.74,16.6875,0,0,25.12,0.48,0.46,0.474,3600,1,37.02688,0,1,28800,33.34,0.000977778,0.000885714,37641.93548,627.3655914,10.45609319,0,3.303866456,0,16.6875,0,0,0,0,0.006977778,4778.025478,1.327229299,0.059925094,0.323076923,0,MEDIUM,MEDIUM
VEH_008,68b89b2d4f65cd554d7512ab,02/11/2025 14:00,ON,65.91,1922.6,29.38,41.6,55.8,39,-0.29,38,27.27,0,115.36,345452.27,3.96,65.91,16.64393939,0,0,27.27,0.29,0.38,0.317,3600,1,35.91459,0,1,32400,29.38,0.0011,0.000923016,31830.43852,530.5073087,8.841788478,0,3.707147398,0,16.64393939,0,0,0,0,0.007575,3878.547855,1.077374404,0.06008193,0.747692308,0,MEDIUM,MEDIUM
VEH_008,68b89b2d4f65cd554d7512ab,02/11/2025 15:00,ON,66.59,1989.19,25.39,41.1,57.2,40,0.32,12,27.48,0,119.35,345452.27,3.99,66.59,16.68922306,0,0,27.48,0.32,0.12,0.26,3600,1,34.6248,0,1,36000,25.39,0.001108333,0.00096627,26276.3039,437.9383984,7.298973306,0,3.745394405,0,16.68922306,0,0,0,0,0.007633333,3326.200873,0.923944687,0.059918907,0.310769231,0,MEDIUM,MEDIUM
VEH_008,68b89b2d4f65cd554d7512ab,02/11/2025 16:00,ON,65.27,2054.46,21.47,41.2,53.4,41,-0.14,36,27.08,0,123.27,345452.27,3.92,65.27,16.6505102,0,0,27.08,0.14,0.36,0.206,3600,1,32.65848,0,1,39600,21.47,0.001088889,0.000998413,21504.13355,358.4022258,5.973370429,0,3.671150215,0,16.6505102,0,0,0,0,0.007522222,2854.209749,0.792836041,0.06005822,0.689230769,0,HIGH,MEDIUM
VEH_008,68b89b2d4f65cd554d7512ab,02/11/2025 17:00,ON,64.91,2119.37,17.58,41.4,54.9,42,-0.05,29,26.97,0,127.16,345452.27,3.89,64.91,16.68637532,0,0,26.97,0.05,0.29,0.122,3600,1,30.26034,0,1,43200,17.58,0.001080556,0.001011508,17379.99215,289.6665359,4.827775598,0,3.650901799,0,16.68637532,0,0,0,0,0.007491667,2346.607341,0.651835373,0.059929133,0.338461538,0,HIGH,MEDIUM
VEH_008,68b89b2d4f65cd554d7512ab,02/11/2025 18:00,ON,67.86,2187.24,13.51,40.8,56.1,43,-0.01,42,27.86,0,131.23,345452.27,4.07,67.87,16.67567568,0,0,27.86,0.01,0.42,0.133,3600,1,31.56538,0,1,46800,13.51,0.001130556,0.001048016,12891.02613,214.8504354,3.580840591,0,3.817388771,0,16.67567568,0,0,0,0,0.007738889,1745.728643,0.484924623,0.059967585,0.44,0,HIGH,HIGH
VEH_008,68b89b2d4f65cd554d7512ab,02/11/2025 19:00,ON,73.89,2261.13,9.07,41.1,55.8,44,0.46,32,29.67,0,135.67,345452.27,4.44,73.89,16.64189189,0,0,29.67,0.46,0.32,0.418,3600,2,42.07206,0,1,50400,9.07,0.001233333,0.001102778,8224.685139,137.0780856,2.284634761,0,4.155987274,0,16.64189189,0,0,0,0,0.008241667,1100.505561,0.305695989,0.060089322,0.769230769,0,HIGH,HIGH
VEH_008,68b89b2d4f65cd554d7512ab,02/11/2025 20:00,ON,79.16,2340.29,48.48,41.5,54.9,45,0.23,17,31.25,0,140.42,345452.27,0,79.16,0,0,0,31.25,0.23,0.17,0.212,3600,2,37.875,1,2,0,48.48,0,0.000963095,50337.70087,838.9616811,13.98269468,0,4.452401578,0,0,0,0,0,0,0.008680556,5584.896,1.55136,0,0.023076923,0,LOW,LOW
VEH_008,68b89b2d4f65cd554d7512ab,02/11/2025 21:00,ON,77.05,2417.33,43.85,41.9,58.4,46,0.16,4,30.61,0,145.04,345452.27,4.63,77.04,16.63930886,0,0,30.61,0.16,0.04,0.124,3600,2,34.40564,0,2,3600,43.85,0.001286111,0.000989683,44307.13713,738.4522855,12.30753809,0,4.333160909,0,16.63930886,0,0,0,0,0.008502778,5157.13819,1.432538386,0.06009865,0.784615385,0,MEDIUM,MEDIUM
VEH_008,68b89b2d4f65cd554d7512ab,02/11/2025 22:00,ON,73.57,2490.9,39.44,40.9,57.9,47,-0.05,43,29.57,0,149.45,345452.27,4.41,73.57,16.68253968,0,0,29.57,0.05,0.43,0.164,3600,2,34.41948,0,2,7200,39.44,0.001225,0.001006349,39191.16719,653.1861199,10.88643533,0,4.137988682,0,16.68253968,0,0,0,0,0.008213889,4801.623267,1.333784241,0.059942912,0.363076923,0,MEDIUM,MEDIUM
VEH_008,68b89b2d4f65cd554d7512ab,02/11/2025 23:00,ON,81.32,2572.23,34.56,40.9,63,48,0.45,47,31.9,0,154.33,345452.27,4.88,81.33,16.66598361,0,0,31.9,0.45,0.47,0.456,3600,2,46.4464,0,2,10800,34.56,0.001355556,0.001044444,33089.3617,551.4893617,9.191489362,0,4.574454527,0,16.66598361,0,0,0,0,0.008861111,3900.188088,1.08338558,0.060002459,0.526153846,0,MEDIUM,MEDIUM
VEH_008,68b89b2d4f65cd554d7512ab,03/11/2025 0:00,ON,81.82,2654.04,29.65,41.3,57.5,49,0.18,24,32.05,0,159.24,345452.27,4.91,81.81,16.66191446,0,0,32.05,0.18,0.24,0.198,3600,2,38.3959,0,2,14400,29.65,0.001363889,0.001084921,27329.188,455.4864667,7.591441112,0,4.601452414,0,16.66191446,0,0,0,0,0.008902778,3330.421217,0.925117005,0.060017113,0.569230769,0,MEDIUM,MEDIUM
VEH_008,68b89b2d4f65cd554d7512ab,03/11/2025 1:00,ON,77.24,2731.28,25.02,41.3,58.3,50,-0.2,14,30.67,0,163.88,345452.27,4.63,77.24,16.6825054,0,0,30.67,0.2,0.14,0.182,3600,2,36.25194,0,2,18000,25.02,0.001286111,0.001107143,22598.70968,376.6451613,6.277419355,0,4.344410029,0,16.6825054,0,0,0,0,0.008519444,2936.811216,0.815780893,0.059943035,0.369230769,0,MEDIUM,MEDIUM
VEH_008,68b89b2d4f65cd554d7512ab,03/11/2025 2:00,ON,80.56,2811.84,20.18,41.2,56.6,51,0.17,47,31.67,0,168.71,345452.27,4.84,80.56,16.6446281,0,0,31.67,0.17,0.47,0.26,3600,2,39.9042,0,2,21600,20.18,0.001344444,0.001123016,17969.46996,299.4911661,4.991519435,0,4.531145416,0,16.6446281,0,0,0,0,0.008797222,2293.905905,0.637196085,0.060079444,0.738461538,0,HIGH,MEDIUM
VEH_008,68b89b2d4f65cd554d7512ab,03/11/2025 3:00,ON,86.69,2898.54,14.98,41.1,61.1,52,-0.05,36,33.51,0,173.91,345452.27,5.2,86.7,16.67307692,0,0,33.51,0.05,0.36,0.143,3600,2,38.30193,0,2,25200,14.98,0.001444444,0.001329365,11268.53731,187.8089552,3.130149254,0,4.876493391,0,16.67307692,0,0,0,1,0.009308333,1609.310654,0.447030737,0.059976932,0.461538462,0,HIGH,HIGH
VEH_008,68b89b2d4f65cd554d7512ab,03/11/2025 4:00,ON,84.56,2983.09,9.91,40.7,62.3,53,-0.17,42,32.87,0,178.99,345452.27,5.07,84.55,16.6765286,0,0,32.87,0.17,0.42,0.245,3600,2,40.92315,0,2,28800,9.91,0.001408333,0.001346825,7358.043606,122.6340601,2.043901002,0,4.755565354,0,16.6765286,0,0,0,1,0.009130556,1085.366596,0.301490721,0.059964518,0.430769231,0,HIGH,HIGH
VEH_008,68b89b2d4f65cd554d7512ab,03/11/2025 5:00,ON,87.69,3070.78,4.65,40.9,63.7,54,-0.32,24,33.81,0,184.25,345452.27,5.26,87.69,16.67110266,0,0,33.81,0.32,0.24,0.296,3600,2,43.81776,0,2,32400,4.65,0.001461111,0.001380556,3368.209256,56.13682093,0.935613682,0,4.932176533,0,16.67110266,0,0,0,1,0.009391667,495.119787,0.137533274,0.059984035,0.476923077,0,HIGH,HIGH
VEH_008,68b89b2d4f65cd554d7512ab,03/11/2025 6:00,ON,82.68,3153.46,0,40.3,57.7,55,-0.05,42,32.3,0,189.21,345452.27,4.65,82.68,17.78064516,0,0,32.3,0.05,0.42,0.161,3600,2,37.5003,0,2,36000,0,0.001291667,0.001371429,0,0,0,0,4.650386085,0,17.78064516,0,0,0,0,0.008972222,0,0,0.056240929,0.055384615,0,HIGH,HIGH
VEH_008,68b89b2d4f65cd554d7512ab,03/11/2025 7:00,OFF,0,3153.46,0,40.4,4,55,0.36,18,0,0,189.21,345452.27,0,0,0,0,0,0,0.36,0.18,0.306,0,0,0,0,2,39600,0,0,0.001176587,0,0,0,0,0,0,0,0,0,0,0,0,0,0,0,0,0,HIGH,
VEH_008,68b89b2d4f65cd554d7512ab,03/11/2025 8:00,OFF,0,3153.46,0,40.1,1.9,55,0.32,10,0,0,189.21,345452.27,0,0,0,0,0,0,0.32,0.1,0.254,0,0,0,0,2,43200,0,0,0.000992857,0,0,0,0,0,0,0,0,0,0,0,0,0,0,0,0,0,HIGH,
VEH_008,68b89b2d4f65cd554d7512ab,03/11/2025 9:00,ON,0,3153.46,53.33,39.8,20.4,55,0,10,0,0.03,189.21,345452.27,0,0,0,1,0.03,0,0,0.1,0.03,3600,0,0,1,3,0,53.33,0,0.000800794,66596.43211,1109.940535,18.49900892,0,0,0,0,0,0,0,0,8.33E-06,6399600,1777.666667,0,0,0,LOW,LOW
VEH_008,68b89b2d4f65cd554d7512ab,03/11/2025 10:00,ON,0,3153.46,53.3,40.1,20.8,56,-0.22,1,0,0.03,189.24,345452.27,0.03,0,0,1,0.03,0,0.22,0.01,0.157,3600,0,0,0,3,3600,53.3,8.33E-06,0.000595635,89484.34377,1491.40573,24.85676216,0,0,0,0,1,1,0,0,8.33E-06,6396000,1776.666667,0,0,0,LOW,LOW
VEH_008,68b89b2d4f65cd554d7512ab,03/11/2025 11:00,ON,0,3153.46,53.27,39.7,26.7,57,0.23,3,0,0.03,189.27,345452.27,0.03,0,0,1,0.03,0,0.23,0.03,0.17,3600,0,0,0,3,7200,53.27,8.33E-06,0.000395635,134644.333,2244.072217,37.40120361,0,0,0,0,1,1,0,0,8.33E-06,6392400,1775.666667,0,0,0,LOW,LOW
VEH_008,68b89b2d4f65cd554d7512ab,03/11/2025 12:00,ON,0,3153.46,53.24,39.7,28.6,58,0.49,17,0,0.03,189.3,345452.27,0.03,0,0,1,0.03,0,0.49,0.17,0.394,3600,0,0,0,3,10800,53.24,8.33E-06,0.000188095,283048.1013,4717.468354,78.62447257,0,0,0,0,1,1,0,0,8.33E-06,6388800,1774.666667,0,0,0,LOW,LOW
VEH_008,68b89b2d4f65cd554d7512ab,03/11/2025 13:00,ON,2.83,3156.29,53.07,40.3,36.5,59,0.47,18,8.35,0,189.47,345452.27,0.17,2.83,16.64705882,0,0,8.35,0.47,0.18,0.383,3600,0,11.54805,0,3,14400,53.07,4.72E-05,1.03E-05,5143707.692,85728.46154,1428.807692,0,0.159175044,0,16.64705882,0,0,0,0,0.002319444,22880.47904,6.355688623,0.060070671,0.72,0,LOW,LOW
VEH_008,68b89b2d4f65cd554d7512ab,03/11/2025 14:00,ON,0,3156.29,53.04,40.7,29.9,60,0.3,2,0,0.03,189.5,345452.27,0.03,0,0,1,0.03,0,0.3,0.02,0.216,3600,0,0,0,3,18000,53.04,8.33E-06,1.15E-05,4608993.103,76816.55172,1280.275862,0,0,0,0,1,1,0,0,8.33E-06,6364800,1768,0,0,0,LOW,LOW
VEH_008,68b89b2d4f65cd554d7512ab,03/11/2025 15:00,ON,0,3156.29,53.01,41,23.5,61,0.06,15,0,0.03,189.53,345452.27,0.03,0,0,1,0.03,0,0.06,0.15,0.087,3600,0,0,0,3,21600,53.01,8.33E-06,1.27E-05,4174537.5,69575.625,1159.59375,0,0,0,0,1,1,0,0,8.33E-06,6361200,1767,0,0,0,LOW,LOW
VEH_008,68b89b2d4f65cd554d7512ab,03/11/2025 16:00,ON,3.94,3160.23,52.77,40.9,34.5,62,-0.19,17,8.68,0,189.76,345452.27,0.24,3.94,16.41666667,0,0,8.68,0.19,0.17,0.184,3600,0,10.27712,0,3,25200,52.77,6.67E-05,2.22E-05,2374650,39577.5,659.625,0,0.221607658,0,16.41666667,0,0,0,0,0.002411111,21886.17512,6.079493088,0.060913706,0.978461538,0,LOW,LOW
VEH_008,68b89b2d4f65cd554d7512ab,03/11/2025 17:00,ON,0,3160.23,52.74,40.8,26.8,63,-0.12,42,0,0.03,189.79,345452.27,0.03,0,0,1,0.03,0,0.12,0.42,0.21,3600,0,0,0,3,28800,52.74,8.33E-06,2.22E-05,2373300,39555,659.25,0,0,0,0,1,1,0,0,8.33E-06,6328800,1758,0,0,0,LOW,LOW
VEH_008,68b89b2d4f65cd554d7512ab,03/11/2025 18:00,ON,0,3160.23,52.71,40.3,22.3,64,-0.03,35,0,0.03,189.82,345452.27,0.03,0,0,1,0.03,0,0.03,0.35,0.126,3600,0,0,0,3,32400,52.71,8.33E-06,2.22E-05,2371950,39532.5,658.875,0,0,0,0,1,1,0,0,8.33E-06,6325200,1757,0,0,0,LOW,LOW
VEH_008,68b89b2d4f65cd554d7512ab,03/11/2025 19:00,ON,7.55,3167.78,52.26,40.2,39,65,0.32,30,9.77,0,190.28,345452.27,0.45,7.55,16.77777778,0,0,9.77,0.32,0.3,0.314,3600,0,12.83778,0,3,36000,52.26,0.000125,3.89E-05,1343828.571,22397.14286,373.2857143,0,0.424654269,0,16.77777778,0,0,0,0,0.002713889,19256.49949,5.349027636,0.059602649,0.138461538,0,LOW,LOW
VEH_008,68b89b2d4f65cd554d7512ab,03/11/2025 20:00,ON,10.26,3178.04,51.65,39.8,39.7,66,0.02,5,10.58,0,190.89,345452.27,0.61,10.26,16.81967213,0,0,10.58,0.02,0.05,0.029,3600,0,10.88682,0,3,39600,51.65,0.000169444,5.63E-05,916605.6338,15276.76056,254.6126761,0,0.577079841,0,16.81967213,0,0,0,0,0.002938889,17574.66919,4.881852552,0.059454191,0.104615385,0,LOW,LOW
VEH_008,68b89b2d4f65cd554d7512ab,03/11/2025 21:00,ON,8.74,3186.78,51.12,40.4,37.9,67,0.23,0,10.12,0,191.42,345452.27,0.53,8.74,16.49056604,0,0,10.12,0.23,0,0.161,3600,0,11.74932,0,3,43200,51.12,0.000147222,7.62E-05,670950,11182.5,186.375,0,0.491586531,0,16.49056604,0,0,0,0,0.002811111,18184.98024,5.051383399,0.060640732,0.953846154,0,LOW,LOW
VEH_008,68b89b2d4f65cd554d7512ab,03/11/2025 22:00,ON,9.2,3195.98,50.57,40.5,40,68,-0.36,15,10.26,0,191.97,345452.27,0.55,9.2,16.72727273,0,0,10.26,0.36,0.15,0.297,3600,0,13.30722,0,3,46800,50.57,0.000152778,9.68E-05,522280.3279,8704.672131,145.0778689,0,0.517459506,0,16.72727273,0,0,0,0,0.00285,17743.85965,4.928849903,0.059782609,0.175384615,0,LOW,LOW
VEH_008,68b89b2d4f65cd554d7512ab,03/11/2025 23:00,ON,15.85,3211.83,49.62,40.5,38.9,69,-0.19,3,12.25,0,192.92,345452.27,0.95,15.85,16.68421053,0,0,12.25,0.19,0.03,0.142,3600,0,13.9895,0,3,50400,49.62,0.000263889,0.000125,396960,6616,110.2666667,0,0.891492736,0,16.68421053,0,0,0,0,0.003402778,14582.20408,4.050612245,0.059936909,0.347692308,0,LOW,LOW
VEH_008,68b89b2d4f65cd554d7512ab,04/11/2025 0:00,ON,16.67,3228.5,48.62,40.4,38.6,70,0.43,29,12.5,0,193.92,345452.27,1,16.67,16.67,0,0,12.5,0.43,0.29,0.388,3600,0,17.35,0,3,54000,48.62,0.000277778,0.000163492,297384.466,4956.407767,82.60679612,0,0.937614127,0,16.67,0,0,0,0,0.003472222,14002.56,3.8896,0.059988002,0.483076923,0,LOW,LOW
VEH_008,68b89b2d4f65cd554d7512ab,04/11/2025 1:00,ON,23.72,3252.22,47.2,40.4,43.1,71,0.2,10,14.62,0,195.34,345452.27,1.42,23.72,16.70422535,0,0,14.62,0.2,0.1,0.17,3600,0,17.1054,0,3,57600,47.2,0.000394444,0.000218651,215869.3285,3597.822142,59.96370236,0,1.334145597,0,16.70422535,0,0,0,0,0.004061111,11622.43502,3.228454172,0.059865093,0.218461538,0,LOW,LOW
VEH_008,68b89b2d4f65cd554d7512ab,04/11/2025 2:00,ON,29.66,3281.88,45.42,40.2,44.3,72,0.01,5,16.4,0,197.12,345452.27,1.78,29.66,16.66292135,0,0,16.4,0.01,0.05,0.022,3600,0,16.7608,0,3,61200,45.42,0.000494444,0.000271429,167336.8421,2788.947368,46.48245614,0,1.668244452,0,16.66292135,0,0,0,0,0.004555556,9970.243902,2.769512195,0.060013486,0.556923077,0,LOW,LOW
VEH_008,68b89b2d4f65cd554d7512ab,04/11/2025 3:00,ON,21.69,3303.57,44.11,40.1,46,73,0.25,5,14.01,0,198.42,345452.27,1.31,21.69,16.55725191,0,0,14.01,0.25,0.05,0.19,3600,0,16.6719,0,3,64800,44.11,0.000363889,0.000299206,147423.3422,2457.055703,40.95092838,0,1.219967032,0,16.55725191,0,0,0,0,0.003891667,11334.47537,3.148465382,0.060396496,0.92,0,MEDIUM,LOW
VEH_008,68b89b2d4f65cd554d7512ab,04/11/2025 4:00,ON,15.69,3319.26,43.17,39.9,38.2,74,-0.2,0,12.21,0,199.37,345452.27,0.94,15.69,16.69148936,0,0,12.21,0.2,0,0.14,3600,0,13.9194,0,3,68400,43.17,0.000261111,0.000315476,136840.7547,2280.679245,38.01132075,0,0.882493441,0,16.69148936,0,0,0,0,0.003391667,12728.25553,3.535626536,0.059910771,0.283076923,0,MEDIUM,LOW
VEH_008,68b89b2d4f65cd554d7512ab,04/11/2025 5:00,ON,14.53,3333.79,42.3,40,38.5,75,-0.22,45,11.86,0,200.24,345452.27,0.87,14.53,16.70114943,0,0,11.86,0.22,0.45,0.289,3600,0,15.28754,0,3,72000,42.3,0.000241667,0.000328175,128894.8005,2148.246675,35.80411125,0,0.817248546,0,16.70114943,0,0,0,0,0.003294444,12839.79764,3.566610455,0.059876118,0.224615385,0,MEDIUM,LOW
VEH_008,68b89b2d4f65cd554d7512ab,04/11/2025 6:00,ON,17.59,3351.38,41.25,39.1,40.5,76,0.02,49,12.78,0,201.29,345452.27,1.05,17.59,16.75238095,0,0,12.78,0.02,0.49,0.161,3600,0,14.83758,0,3,75600,41.25,0.000291667,0.000332143,124193.5484,2069.892473,34.49820789,0,0.989360078,0,16.75238095,0,0,0,0,0.00355,11619.71831,3.227699531,0.059693007,0.144615385,0,MEDIUM,LOW
VEH_008,68b89b2d4f65cd554d7512ab,04/11/2025 7:00,ON,14.14,3365.51,40.4,38.5,38.9,77,-0.04,11,11.74,0,202.14,345452.27,0.85,14.13,16.62352941,0,0,11.74,0.04,0.11,0.061,3600,0,12.45614,0,3,79200,40.4,0.000236111,0.00032619,123854.0146,2064.233577,34.40389294,0,0.794750307,0,16.62352941,0,0,0,0,0.003261111,12388.41567,3.441226576,0.060155697,0.846153846,0,MEDIUM,LOW
VEH_008,68b89b2d4f65cd554d7512ab,04/11/2025 8:00,ON,6.99,3372.5,39.98,38.4,36.8,78,0.17,35,9.6,0,202.56,345452.27,0.42,6.99,16.64285714,0,0,9.6,0.17,0.35,0.224,3600,0,11.7504,0,3,82800,39.98,0.000116667,0.000286508,139542.3823,2325.706371,38.76177285,0,0.393156734,0,16.64285714,0,0,0,0,0.002666667,14992.5,4.164583333,0.060085837,0.76,0,MEDIUM,LOW
VEH_008,68b89b2d4f65cd554d7512ab,04/11/2025 9:00,ON,0.44,3372.94,39.95,38.2,31.6,79,-0.06,49,7.63,0,202.59,345452.27,0.03,0.44,14.66666667,0,0,7.63,0.06,0.49,0.189,3600,0,9.07207,0,3,86400,39.95,8.33E-06,0.000217063,184047.532,3067.458867,51.12431444,0,0.024748063,0,14.66666667,0,0,0,0,0.002119444,18849.27916,5.235910878,0.068181818,1,0,MEDIUM,LOW
VEH_008,68b89b2d4f65cd554d7512ab,04/11/2025 10:00,ON,5.27,3378.22,67.09,38.4,39.5,80,-0.13,23,9.08,0,202.9,345452.27,0,5.28,0,0,0,9.08,0.13,0.23,0.16,3600,0,10.5328,1,4,0,67.09,0,0.000165079,406410.5769,6773.509615,112.8918269,0,0.29697676,0,0,0,0,0,0,0.002522222,26599.55947,7.38876652,0,0.023076923,0,LOW,LOW
VEH_008,68b89b2d4f65cd554d7512ab,04/11/2025 11:00,ON,1.08,3379.29,67.03,38.6,38.2,81,0.1,6,7.82,0,202.97,345452.27,0.06,1.07,17.83333333,0,0,7.82,0.1,0.06,0.088,3600,0,8.50816,0,4,3600,67.03,1.67E-05,0.000130159,514986.5854,8583.109756,143.0518293,0,0.06018279,0,17.83333333,0,0,0,0,0.002172222,30857.80051,8.571611253,0.056074766,0.052307692,0,LOW,LOW
VEH_008,68b89b2d4f65cd554d7512ab,04/11/2025 12:00,ON,3.14,3382.44,66.84,38.2,37.7,82,0.43,47,8.44,0,203.16,345452.27,0.19,3.15,16.57894737,0,0,8.44,0.43,0.47,0.442,3600,0,12.17048,0,4,7200,66.84,5.28E-05,0.000103175,647833.8462,10797.23077,179.9538462,0,0.177173635,0,16.57894737,0,0,0,0,0.002344444,28509.95261,7.91943128,0.06031746,0.904615385,0,LOW,LOW
VEH_008,68b89b2d4f65cd554d7512ab,04/11/2025 13:00,ON,0,3382.44,66.81,38.4,23.5,83,0.16,46,0,0.03,203.19,345452.27,0.03,0,0,1,0.03,0,0.16,0.46,0.25,3600,0,0,0,4,10800,66.81,8.33E-06,6.27E-05,1065577.215,17759.62025,295.9936709,0,0,0,0,1,1,0,0,8.33E-06,8017200,2227,0,0,0,LOW,LOW
VEH_008,68b89b2d4f65cd554d7512ab,04/11/2025 14:00,ON,0,3382.44,66.78,38.4,23.7,84,-0.47,45,0,0.03,203.22,345452.27,0.03,0,0,1,0.03,0,0.47,0.45,0.464,3600,0,0,0,4,14400,66.78,8.33E-06,3.02E-05,2214284.211,36904.73684,615.0789474,0,0,0,0,1,1,0,0,8.33E-06,8013600,2226,0,0,0,LOW,LOW
VEH_008,68b89b2d4f65cd554d7512ab,04/11/2025 15:00,ON,0,3382.44,66.75,38.5,29.4,85,0.26,35,0,0.03,203.25,345452.27,0.03,0,0,1,0.03,0,0.26,0.35,0.287,3600,0,0,0,4,18000,66.75,8.33E-06,1.47E-05,4546216.216,75770.27027,1262.837838,0,0,0,0,1,1,0,0,8.33E-06,8010000,2225,0,0,0,LOW,LOW
VEH_008,68b89b2d4f65cd554d7512ab,04/11/2025 16:00,ON,0,3382.44,66.72,38.4,24.4,86,0.11,0,0,0.03,203.28,345452.27,0.03,0,0,1,0.03,0,0.11,0,0.077,3600,0,0,0,4,21600,66.72,8.33E-06,1.47E-05,4544172.973,75736.21622,1262.27027,0,0,0,0,1,1,0,0,8.33E-06,8006400,2224,0,0,0,LOW,LOW
VEH_008,68b89b2d4f65cd554d7512ab,04/11/2025 17:00,ON,0,3382.44,66.69,38.3,20.5,87,-0.25,43,0,0.03,203.31,345452.27,0.03,0,0,1,0.03,0,0.25,0.43,0.304,3600,0,0,0,4,25200,66.69,8.33E-06,1.59E-05,4201470,70024.5,1167.075,0,0,0,0,1,1,0,0,8.33E-06,8002800,2223,0,0,0,LOW,LOW
VEH_008,68b89b2d4f65cd554d7512ab,04/11/2025 18:00,ON,0,3382.44,66.66,38.5,20.1,88,0.4,1,0,0.03,203.34,345452.27,0.03,0,0,1,0.03,0,0.4,0.01,0.283,3600,0,0,0,4,28800,66.66,8.33E-06,1.47E-05,4540086.486,75668.10811,1261.135135,0,0,0,0,1,1,0,0,8.33E-06,7999200,2222,0,0,0,LOW,LOW
VEH_008,68b89b2d4f65cd554d7512ab,04/11/2025 19:00,ON,0,3382.44,66.63,38.2,22.7,89,-0.27,23,0,0.03,203.37,345452.27,0.03,0,0,1,0.03,0,0.27,0.23,0.258,3600,0,0,0,4,32400,66.63,8.33E-06,8.33E-06,7995600,133260,2221,0,0,0,0,1,1,0,0,8.33E-06,7995600,2221,0,0,0,LOW,LOW
VEH_008,68b89b2d4f65cd554d7512ab,04/11/2025 20:00,ON,0,3382.44,66.6,38.1,20.4,90,0.29,4,0,0.03,203.4,345452.27,0.03,0,0,1,0.03,0,0.29,0.04,0.215,3600,0,0,0,4,36000,66.6,8.33E-06,8.33E-06,7992000,133200,2220,0,0,0,0,1,1,0,0,8.33E-06,7992000,2220,0,0,0,LOW,LOW
VEH_008,68b89b2d4f65cd554d7512ab,04/11/2025 21:00,ON,0,3382.44,66.57,38.3,26.4,91,-0.3,49,0,0.03,203.43,345452.27,0.03,0,0,1,0.03,0,0.3,0.49,0.357,3600,0,0,0,4,39600,66.57,8.33E-06,8.33E-06,7988400,133140,2219,0,0,0,0,1,1,0,0,8.33E-06,7988400,2219,0,0,0,LOW,LOW
VEH_008,68b89b2d4f65cd554d7512ab,04/11/2025 22:00,ON,0.6,3383.03,66.53,38.2,36.8,92,-0.21,46,7.68,0,203.46,345452.27,0.04,0.59,14.75,0,0,7.68,0.21,0.46,0.285,3600,0,9.8688,0,4,43200,66.53,1.11E-05,8.73E-06,7620709.091,127011.8182,2116.863636,0,0.033184903,0,14.75,0,0,0,0,0.002133333,31185.9375,8.662760417,0.06779661,0.996923077,0,LOW,LOW
VEH_008,68b89b2d4f65cd554d7512ab,04/11/2025 23:00,ON,0,3383.03,66.5,37.9,25.1,93,0.11,45,0,0.03,203.49,345452.27,0.03,0,0,1,0.03,0,0.11,0.45,0.212,3600,0,0,0,4,46800,66.5,8.33E-06,8.73E-06,7617272.727,126954.5455,2115.909091,0,0,0,0,1,1,0,0,8.33E-06,7980000,2216.666667,0,0,0,LOW,LOW
VEH_008,68b89b2d4f65cd554d7512ab,05/11/2025 0:00,ON,0.69,3383.72,66.46,37.7,37.2,94,-0.31,12,7.71,0,203.53,345452.27,0.04,0.69,17.25,0,0,7.71,0.31,0.12,0.253,3600,0,9.66063,0,4,50400,66.46,1.11E-05,9.13E-06,7281704.348,121361.7391,2022.695652,0,0.038809463,0,17.25,0,0,0,0,0.002141667,31031.90661,8.61997406,0.057971014,0.061538462,0,LOW,LOW
VEH_008,68b89b2d4f65cd554d7512ab,05/11/2025 1:00,ON,0,3383.72,66.43,37.9,29.4,95,0.31,9,0,0.03,203.56,345452.27,0.03,0,0,1,0.03,0,0.31,0.09,0.244,3600,0,0,0,4,54000,66.43,8.33E-06,9.13E-06,7278417.391,121306.9565,2021.782609,0,0,0,0,1,1,0,0,8.33E-06,7971600,2214.333333,0,0,0,LOW,LOW
VEH_008,68b89b2d4f65cd554d7512ab,05/11/2025 2:00,ON,2.45,3386.17,66.28,37.7,37.9,96,-0.23,20,8.23,0,203.71,345452.27,0.15,2.45,16.33333333,0,0,8.23,0.23,0.2,0.221,3600,0,10.04883,0,4,57600,66.28,4.17E-05,1.39E-05,4772160,79536,1325.6,0,0.137801716,0,16.33333333,0,0,0,0,0.002286111,28992.46659,8.05346294,0.06122449,0.990769231,0,LOW,LOW
VEH_008,68b89b2d4f65cd554d7512ab,05/11/2025 3:00,ON,7.64,3393.81,65.82,36.8,39.1,97,-0.46,16,9.79,0,204.17,345452.27,0.46,7.64,16.60869565,0,0,9.79,0.46,0.16,0.37,3600,0,13.4123,0,4,61200,65.82,0.000127778,3.10E-05,2126492.308,35441.53846,590.6923077,0,0.429716373,0,16.60869565,0,0,0,0,0.002719444,24203.47293,6.723186925,0.060209424,0.873846154,0,LOW,LOW
VEH_008,68b89b2d4f65cd554d7512ab,05/11/2025 4:00,ON,4.75,3398.56,65.54,37.6,41.4,98,0.06,15,8.93,0,204.45,345452.27,0.28,4.75,16.96428571,0,0,8.93,0.06,0.15,0.087,3600,0,9.70691,0,4,64800,65.54,7.78E-05,4.09E-05,1603502.913,26725.04854,445.4174757,0,0.267166593,0,16.96428571,0,0,0,0,0.002480556,26421.50056,7.339305711,0.058947368,0.083076923,0,LOW,LOW
VEH_008,68b89b2d4f65cd554d7512ab,05/11/2025 5:00,ON,5.96,3404.52,65.18,37.9,32.1,99,-0.16,36,9.29,0,204.81,345452.27,0.36,5.96,16.55555556,0,0,9.29,0.16,0.36,0.22,3600,0,11.3338,0,4,68400,65.18,1.00E-04,5.36E-05,1216693.333,20278.22222,337.9703704,0,0.335223767,0,16.55555556,0,0,0,0,0.002580556,25258.12702,7.016146394,0.060402685,0.926153846,0,LOW,LOW
VEH_008,68b89b2d4f65cd554d7512ab,05/11/2025 6:00,ON,9.74,3414.26,64.6,37.6,41.7,100,0.01,39,10.42,0,205.4,345452.27,0.58,9.74,16.79310345,0,0,10.42,0.01,0.39,0.124,3600,0,11.71208,0,4,72000,64.6,0.000161111,7.54E-05,856800,14280,238,0,0.547832129,0,16.79310345,0,0,0,0,0.002894444,22318.61804,6.199616123,0.059548255,0.126153846,0,LOW,LOW
VEH_008,68b89b2d4f65cd554d7512ab,05/11/2025 7:00,ON,8.36,3422.61,64.1,37.5,38.1,101,-0.25,27,10.01,0,205.9,345452.27,0.5,8.35,16.7,0,0,10.01,0.25,0.27,0.256,3600,0,12.57256,0,4,75600,64.1,0.000138889,9.37E-05,684457.6271,11407.62712,190.1271186,0,0.469650748,0,16.7,0,0,0,0,0.002780556,23052.94705,6.403596404,0.05988024,0.230769231,0,LOW,LOW
VEH_008,68b89b2d4f65cd554d7512ab,05/11/2025 8:00,ON,16.32,3438.93,63.12,37.2,37.2,102,0.14,45,12.39,0,206.88,345452.27,0.98,16.32,16.65306122,0,0,12.39,0.14,0.45,0.233,3600,0,15.27687,0,4,79200,63.12,0.000272222,0.000131349,480551.0574,8009.18429,133.4864048,0,0.917928168,0,16.65306122,0,0,0,0,0.003441667,18339.95157,5.094430993,0.06004902,0.664615385,0,LOW,LOW
VEH_008,68b89b2d4f65cd554d7512ab,05/11/2025 9:00,ON,22.5,3461.43,61.77,37.2,42.3,103,0.44,17,14.25,0,208.23,345452.27,1.35,22.5,16.66666667,0,0,14.25,0.44,0.17,0.359,3600,0,19.36575,0,4,82800,61.77,0.000375,0.000178968,345145.0111,5752.416851,95.87361419,0,1.265525966,0,16.66666667,0,0,0,0,0.003958333,15605.05263,4.334736842,0.06,0.501538462,0,LOW,LOW
VEH_008,68b89b2d4f65cd554d7512ab,05/11/2025 10:00,ON,20.18,3481.61,60.56,37,39.8,104,0.48,16,13.55,0,209.44,345452.27,1.21,20.18,16.67768595,0,0,13.55,0.48,0.16,0.384,3600,0,18.7532,0,4,86400,60.56,0.000336111,0.00020873,290135.3612,4835.589354,80.59315589,0,1.135036178,0,16.67768595,0,0,0,0,0.003763889,16089.7417,4.469372694,0.059960357,0.415384615,0,LOW,LOW
VEH_008,68b89b2d4f65cd554d7512ab,05/11/2025 11:00,ON,22.15,3503.76,59.23,36.2,43.7,105,-0.26,24,14.15,0,210.77,345452.27,1.33,22.15,16.65413534,0,0,14.15,0.26,0.24,0.254,3600,0,17.7441,0,4,90000,59.23,0.000369444,0.000250397,236544.5325,3942.408875,65.70681458,0,1.245840007,0,16.65413534,0,0,0,0,0.003930556,15069.11661,4.185865724,0.060045147,0.652307692,0,LOW,LOW
VEH_008,68b89b2d4f65cd554d7512ab,05/11/2025 12:00,ON,17.09,3520.85,76.82,36.6,42.1,106,-0.28,23,12.63,0,211.79,345452.27,0,17.09,0,0,0,12.63,0.28,0.23,0.265,3600,0,15.97695,1,5,0,76.82,0,0.000236111,325355.2941,5422.588235,90.37647059,0,0.961237279,0,0,0,0,0,0,0.003508333,21896.43705,6.082343626,0,0.023076923,0,LOW,LOW
VEH_008,68b89b2d4f65cd554d7512ab,05/11/2025 13:00,ON,15.29,3536.13,75.91,36.5,36.7,107,0.11,27,12.09,0,212.71,345452.27,0.91,15.28,16.79120879,0,0,12.09,0.11,0.27,0.158,3600,0,14.00022,0,5,3600,75.91,0.000252778,0.000249206,304607.0064,5076.783439,84.61305732,0,0.859432745,0,16.79120879,0,0,0,0,0.003358333,22603.47395,6.278742763,0.059554974,0.129230769,0,LOW,LOW
VEH_008,68b89b2d4f65cd554d7512ab,05/11/2025 14:00,ON,15.22,3551.35,74.99,36.8,37.6,108,0.09,30,12.07,0,213.62,345452.27,0.92,15.22,16.54347826,0,0,12.07,0.09,0.3,0.153,3600,0,13.91671,0,5,7200,74.99,0.000255556,0.000265873,282051.9403,4700.865672,78.34776119,0,0.856058009,0,16.54347826,0,0,0,0,0.003352778,22366.52858,6.212924606,0.060446781,0.935384615,0,LOW,LOW
VEH_008,68b89b2d4f65cd554d7512ab,05/11/2025 15:00,ON,17.81,3569.16,73.93,36.2,42.9,109,0.14,30,12.84,0,214.69,345452.27,1.06,17.81,16.80188679,0,0,12.84,0.14,0.3,0.188,3600,0,15.25392,0,5,10800,73.93,0.000294444,0.000269048,274784.0708,4579.734513,76.32890855,0,1.001734109,0,16.80188679,0,0,0,0,0.003566667,20728.03738,5.757788162,0.059517125,0.116923077,0,LOW,LOW
VEH_008,68b89b2d4f65cd554d7512ab,05/11/2025 16:00,ON,13.23,3582.39,73.13,36,39.5,110,0.45,11,11.47,0,215.48,345452.27,0.8,13.23,16.5375,0,0,11.47,0.45,0.11,0.348,3600,0,15.46156,0,5,14400,73.13,0.000222222,0.000247222,295806.7416,4930.11236,82.16853933,0,0.744129268,0,16.5375,0,0,0,0,0.003186111,22952.74629,6.37576286,0.060468632,0.944615385,0,LOW,LOW
VEH_008,68b89b2d4f65cd554d7512ab,05/11/2025 17:00,ON,14.2,3596.59,72.28,36.8,39.4,111,-0.35,2,11.76,0,216.34,345452.27,0.85,14.2,16.70588235,0,0,11.76,0.35,0.02,0.251,3600,0,14.71176,0,5,18000,72.28,0.000236111,0.000232937,310299.1482,5171.65247,86.19420784,0,0.798687499,0,16.70588235,0,0,0,0,0.003266667,22126.53061,6.146258503,0.059859155,0.212307692,0,LOW,LOW
VEH_008,68b89b2d4f65cd554d7512ab,05/11/2025 18:00,ON,16.48,3613.07,71.29,36.3,40,112,0.19,17,12.44,0,217.32,345452.27,0.99,16.48,16.64646465,0,0,12.44,0.19,0.17,0.184,3600,0,14.72896,0,5,21600,71.29,0.000275,0.000219444,324865.8228,5414.43038,90.24050633,0,0.926927463,0,16.64646465,0,0,0,0,0.003455556,20630.54662,5.730707395,0.060072816,0.723076923,0,LOW,LOW
VEH_008,68b89b2d4f65cd554d7512ab,05/11/2025 19:00,ON,19.59,3632.66,70.11,36.2,43.6,113,0.06,19,13.38,0,218.5,345452.27,1.18,19.59,16.60169492,0,0,13.38,0.06,0.19,0.099,3600,0,14.70462,0,5,25200,70.11,0.000327778,0.00026627,263304.3219,4388.405365,73.14008942,0,1.101851275,0,16.60169492,0,0,0,0,0.003716667,18863.67713,5.239910314,0.060234814,0.88,0,LOW,LOW
VEH_008,68b89b2d4f65cd554d7512ab,05/11/2025 20:00,ON,13.36,3646.02,69.31,36.8,38.6,114,-0.05,29,11.51,0,219.3,345452.27,0.8,13.36,16.7,0,0,11.51,0.05,0.29,0.122,3600,0,12.91422,0,5,28800,69.31,0.000222222,0.000261905,264638.1818,4410.636364,73.51060606,0,0.751441196,0,16.7,0,0,0,0,0.003197222,21678.19288,6.021720243,0.05988024,0.227692308,0,LOW,LOW
VEH_008,68b89b2d4f65cd554d7512ab,05/11/2025 21:00,ON,8.08,3654.1,68.83,37.4,36.8,115,0.22,43,9.92,0,219.79,345452.27,0.48,8.08,16.83333333,0,0,9.92,0.22,0.43,0.283,3600,0,12.72736,0,5,32400,68.83,0.000133333,0.000244444,281577.2727,4692.954545,78.21590909,0,0.454464436,0,16.83333333,0,0,0,0,0.002755556,24978.62903,6.938508065,0.059405941,0.101538462,0,LOW,LOW
VEH_008,68b89b2d4f65cd554d7512ab,05/11/2025 22:00,ON,13.6,3667.7,68.01,37.3,40.4,116,0.44,9,11.58,0,220.6,345452.27,0.82,13.6,16.58536585,0,0,11.58,0.44,0.09,0.335,3600,0,15.4593,0,5,36000,68.01,0.000227778,0.000234921,289502.027,4825.033784,80.41722973,0,0.76494014,0,16.58536585,0,0,0,0,0.003216667,21143.00518,5.873056995,0.060294118,0.895384615,0,LOW,LOW
VEH_008,68b89b2d4f65cd554d7512ab,05/11/2025 23:00,ON,13.16,3680.86,67.22,37.6,42.5,117,-0.22,14,11.45,0,221.39,345452.27,0.79,13.16,16.65822785,0,0,11.45,0.22,0.14,0.196,3600,0,13.6942,0,5,39600,67.22,0.000219444,0.000234524,286623.3503,4777.055838,79.61759729,0,0.740192076,0,16.65822785,0,0,0,0,0.003180556,21134.67249,5.870742358,0.060030395,0.609230769,0,LOW,LOW
VEH_008,68b89b2d4f65cd554d7512ab,06/11/2025 0:00,ON,5.45,3686.31,66.9,37.5,31.3,118,-0.3,9,9.13,0,221.72,345452.27,0.32,5.45,17.03125,0,0,9.13,0.3,0.09,0.237,3600,0,11.29381,0,5,43200,66.9,8.89E-05,0.000213492,313360.5948,5222.67658,87.04460967,0,0.306538512,0,17.03125,0,0,0,0,0.002536111,26378.97043,7.327491785,0.058715596,0.070769231,0,LOW,LOW
VEH_008,68b89b2d4f65cd554d7512ab,06/11/2025 1:00,ON,11.59,3697.89,66.2,36.8,38.6,119,-0.01,32,10.98,0,222.41,345452.27,0.7,11.58,16.54285714,0,0,10.98,0.01,0.32,0.103,3600,0,12.11094,0,5,46800,66.2,0.000194444,0.000201984,327748.5265,5462.475442,91.04125737,0,0.651324031,0,16.54285714,0,0,0,0,0.00305,21704.91803,6.029143898,0.06044905,0.938461538,0,LOW,LOW
VEH_008,68b89b2d4f65cd554d7512ab,06/11/2025 2:00,ON,9.24,3707.14,65.65,37.2,41.5,120,0.09,39,10.27,0,222.97,345452.27,0.55,9.25,16.81818182,0,0,10.27,0.09,0.39,0.18,3600,0,12.1186,0,5,50400,65.65,0.000152778,0.000176984,370937.2197,6182.286996,103.0381166,0,0.520271786,0,16.81818182,0,0,0,0,0.002852778,23012.65823,6.392405063,0.059459459,0.110769231,0,LOW,LOW
VEH_008,68b89b2d4f65cd554d7512ab,06/11/2025 3:00,ON,8.38,3715.52,65.14,37.6,36.4,121,-0.23,4,10.01,0,223.47,345452.27,0.51,8.38,16.43137255,0,0,10.01,0.23,0.04,0.173,3600,0,11.74173,0,5,54000,65.14,0.000141667,0.000165476,393651.7986,6560.863309,109.3477218,0,0.471338116,0,16.43137255,0,0,0,0,0.002780556,23426.97303,6.507492507,0.060859189,0.975384615,0,LOW,LOW
VEH_008,68b89b2d4f65cd554d7512ab,06/11/2025 4:00,ON,11.18,3726.7,64.47,37.2,40.2,122,-0.24,43,10.85,0,224.14,345452.27,0.67,11.18,16.68656716,0,0,10.85,0.24,0.43,0.297,3600,0,14.07245,0,5,57600,64.47,0.000186111,0.000173016,372624.7706,6210.412844,103.5068807,0,0.628825791,0,16.68656716,0,0,0,0,0.003013889,21390.96774,5.941935484,0.059928444,0.335384615,0,LOW,LOW
VEH_008,68b89b2d4f65cd554d7512ab,06/11/2025 5:00,ON,12.49,3739.18,63.72,36.7,41.4,123,-0.16,6,11.25,0,224.89,345452.27,0.75,12.48,16.64,0,0,11.25,0.16,0.06,0.13,3600,0,12.7125,0,5,61200,63.72,0.000208333,0.000170238,374299.3007,6238.321678,103.972028,0,0.701945069,0,16.64,0,0,0,0,0.003125,20390.4,5.664,0.060096154,0.778461538,0,LOW,LOW
VEH_008,68b89b2d4f65cd554d7512ab,06/11/2025 6:00,ON,15.51,3754.69,62.79,36.9,43.2,124,-0.37,36,12.15,0,225.82,345452.27,0.93,15.51,16.67741935,0,0,12.15,0.37,0.36,0.367,3600,0,16.60905,0,5,64800,62.79,0.000258333,0.000175794,357180.1354,5953.002257,99.21670429,0,0.872369233,0,16.67741935,0,0,0,0,0.003375,18604.44444,5.167901235,0.059961315,0.424615385,0,LOW,LOW
VEH_008,68b89b2d4f65cd554d7512ab,06/11/2025 7:00,ON,17.18,3771.87,61.76,36.5,45.3,125,-0.33,47,12.65,0,226.85,345452.27,1.03,17.18,16.67961165,0,0,12.65,0.33,0.47,0.372,3600,0,17.3558,0,5,68400,61.76,0.000286111,0.000203968,302792.2179,5046.536965,84.10894942,0,0.966299382,0,16.67961165,0,0,0,0,0.003513889,17575.96838,4.882213439,0.059953434,0.396923077,0,LOW,LOW
VEH_008,68b89b2d4f65cd554d7512ab,06/11/2025 8:00,ON,13.55,3785.42,60.95,36.5,40.2,126,0.36,29,11.57,0,227.67,345452.27,0.81,13.55,16.72839506,0,0,11.57,0.36,0.29,0.339,3600,0,15.49223,0,5,72000,60.95,0.000225,0.000208333,292560,4876,81.26666667,0,0.76212786,0,16.72839506,0,0,0,0,0.003213889,18964.56353,5.267934313,0.059778598,0.169230769,0,LOW,LOW
VEH_008,68b89b2d4f65cd554d7512ab,06/11/2025 9:00,ON,10.78,3796.2,60.3,36.5,36.8,127,0.2,45,10.73,0,228.31,345452.27,0.65,10.78,16.58461538,0,0,10.73,0.2,0.45,0.275,3600,0,13.68075,0,5,75600,60.3,0.000180556,0.000212302,284029.9065,4733.831776,78.89719626,0,0.606327552,0,16.58461538,0,0,0,0,0.002980556,20231.12768,5.619757689,0.060296846,0.898461538,0,LOW,LOW
VEH_008,68b89b2d4f65cd554d7512ab,06/11/2025 10:00,ON,13.37,3809.57,59.5,37.1,38.4,128,-0.4,34,11.51,0,229.11,345452.27,0.8,13.37,16.7125,0,0,11.51,0.4,0.34,0.382,3600,0,15.90682,0,5,79200,59.5,0.000222222,0.00022381,265851.0638,4430.851064,73.84751773,0,0.752003652,0,16.7125,0,0,0,0,0.003197222,18609.90443,5.169417897,0.059835453,0.190769231,0,LOW,LOW
VEH_008,68b89b2d4f65cd554d7512ab,06/11/2025 11:00,ON,10.03,3819.6,58.9,36.4,37.3,129,-0.29,3,10.51,0,229.72,345452.27,0.6,10.03,16.71666667,0,0,10.51,0.29,0.03,0.212,3600,0,12.73812,0,5,82800,58.9,0.000166667,0.000221032,266477.5583,4441.292639,74.02154399,0,0.564143353,0,16.71666667,0,0,0,0,0.002919444,20175.07136,5.604186489,0.059820538,0.187692308,0,LOW,LOW
VEH_008,68b89b2d4f65cd554d7512ab,06/11/2025 12:00,ON,16.52,3836.12,57.91,36.6,41.5,130,0,44,12.45,0,230.71,345452.27,0.99,16.52,16.68686869,0,0,12.45,0,0.44,0.132,3600,0,14.0934,0,5,86400,57.91,0.000275,0.000230556,251175.9036,4186.26506,69.77108434,0,0.929177287,0,16.68686869,0,0,0,0,0.003458333,16745.06024,4.651405622,0.059927361,0.332307692,0,LOW,LOW
VEH_008,68b89b2d4f65cd554d7512ab,06/11/2025 13:00,ON,16.47,3852.59,56.92,35.8,40.3,131,-0.05,7,12.44,0,231.7,345452.27,0.99,16.47,16.63636364,0,0,12.44,0.05,0.07,0.056,3600,0,13.13664,0,5,90000,56.92,0.000275,0.000232937,244358.4327,4072.640545,67.87734242,0,0.926365007,0,16.63636364,0,0,0,0,0.003455556,16472.02572,4.575562701,0.06010929,0.806153846,0,LOW,LOW
VEH_008,68b89b2d4f65cd554d7512ab,06/11/2025 14:00,ON,24.04,3876.63,55.48,36,46.7,132,-0.34,17,14.71,0,233.14,345452.27,1.44,24.04,16.69444444,0,0,14.71,0.34,0.17,0.289,3600,0,18.96119,0,5,93600,55.48,0.0004,0.000249206,222626.7516,3710.44586,61.84076433,0,1.352144188,0,16.69444444,0,0,0,0,0.004086111,13577.70224,3.771583956,0.059900166,0.264615385,0,LOW,LOW
VEH_008,68b89b2d4f65cd554d7512ab,06/11/2025 15:00,ON,17.05,3893.68,54.45,36.2,38.5,133,0.12,12,12.61,0,234.16,345452.27,1.03,17.05,16.55339806,0,0,12.61,0.12,0.12,0.12,3600,0,14.1232,0,5,97200,54.45,0.000286111,0.000257937,211098.4615,3518.307692,58.63846154,0,0.958987455,0,16.55339806,0,0,0,0,0.003502778,15544.80571,4.318001586,0.060410557,0.929230769,0,LOW,LOW
VEH_008,68b89b2d4f65cd554d7512ab,06/11/2025 16:00,ON,21.4,3915.07,53.17,36.6,42.7,134,-0.03,18,13.92,0,235.44,345452.27,1.28,21.39,16.7109375,0,0,13.92,0.03,0.18,0.075,3600,0,14.964,0,5,100800,53.17,0.000355556,0.000282937,187922.0196,3132.033661,52.20056101,0,1.203093352,0,16.7109375,0,0,0,0,0.003866667,13750.86207,3.819683908,0.059841047,0.2,0,LOW,LOW
VEH_008,68b89b2d4f65cd554d7512ab,06/11/2025 17:00,ON,19.04,3934.11,52.03,36.5,41,135,0.2,1,13.21,0,236.59,345452.27,1.14,19.04,16.70175439,0,0,13.21,0.2,0.01,0.143,3600,0,15.09903,0,5,104400,52.03,0.000316667,0.000296429,175522.8916,2925.381526,48.75635877,0,1.070916196,0,16.70175439,0,0,0,0,0.003669444,14179.25814,3.938682816,0.05987395,0.221538462,0,LOW,LOW
VEH_008,68b89b2d4f65cd554d7512ab,06/11/2025 18:00,ON,16.4,3950.52,51.04,36.7,42.6,136,-0.44,18,12.42,0,237.57,345452.27,0.99,16.41,16.57575758,0,0,12.42,0.44,0.18,0.362,3600,0,16.91604,0,5,108000,51.04,0.000275,0.000311905,163639.6947,2727.328244,45.45547074,0,0.922990272,0,16.57575758,0,0,0,0,0.00345,14794.2029,4.109500805,0.060329068,0.910769231,0,LOW,LOW
VEH_008,68b89b2d4f65cd554d7512ab,06/11/2025 19:00,ON,15.98,3966.5,50.08,37.2,43.5,137,0.13,43,12.29,0,238.53,345452.27,0.96,15.98,16.64583333,0,0,12.29,0.13,0.43,0.22,3600,0,14.9938,0,5,111600,50.08,0.000266667,0.000310714,161177.0115,2686.283525,44.77139208,0,0.898804664,0,16.64583333,0,0,0,0,0.003413889,14669.48739,4.074857608,0.060075094,0.729230769,0,LOW,LOW
VEH_008,68b89b2d4f65cd554d7512ab,06/11/2025 20:00,ON,22.46,3988.95,48.74,37.3,40.4,138,0.15,32,14.24,0,239.88,345452.27,1.34,22.45,16.75373134,0,0,14.24,0.15,0.32,0.201,3600,0,17.10224,0,5,115200,48.74,0.000372222,0.000324603,150152.5672,2502.542787,41.70904645,0,1.262713687,0,16.75373134,0,0,0,0,0.003955556,12321.91011,3.422752809,0.059688196,0.141538462,0,LOW,LOW
VEH_008,68b89b2d4f65cd554d7512ab,06/11/2025 21:00,ON,17.76,4006.72,47.67,37.5,40,139,0.13,43,12.83,0,240.94,345452.27,1.07,17.77,16.60747664,0,0,12.83,0.13,0.43,0.22,3600,0,15.6526,0,5,118800,47.67,0.000297222,0.000309921,153813.5723,2563.559539,42.72599232,0,0.999484286,0,16.60747664,0,0,0,0,0.003563889,13375.83788,3.715510522,0.060213844,0.876923077,0,LOW,LOW
VEH_008,68b89b2d4f65cd554d7512ab,06/11/2025 22:00,ON,14.52,4021.24,46.8,37.8,37.3,140,-0.25,2,11.86,0,241.81,345452.27,0.87,14.52,16.68965517,0,0,11.86,0.25,0.02,0.181,3600,0,14.00666,0,5,122400,46.8,0.000241667,0.000303571,154164.7059,2569.411765,42.82352941,0,0.81668609,0,16.68965517,0,0,0,0,0.003294444,14205.73356,3.946037099,0.059917355,0.298461538,0,LOW,LOW
VEH_008,68b89b2d4f65cd554d7512ab,06/11/2025 23:00,ON,7.41,4028.64,46.36,38.7,37,141,-0.3,16,9.72,0,242.26,345452.27,0.44,7.4,16.81818182,0,0,9.72,0.3,0.16,0.258,3600,0,12.22776,0,5,126000,46.36,0.000122222,0.000270238,171552.4229,2859.207048,47.65345081,0,0.416217429,0,16.81818182,0,0,0,0,0.0027,17170.37037,4.769547325,0.059459459,0.107692308,0,LOW,LOW
VEH_008,68b89b2d4f65cd554d7512ab,07/11/2025 0:00,ON,1.49,4030.13,46.27,38.6,38.3,142,-0.12,25,7.95,0,242.35,345452.27,0.09,1.49,16.55555556,0,0,7.95,0.12,0.25,0.159,3600,0,9.21405,0,5,129600,46.27,2.50E-05,0.000228571,202431.25,3373.854167,56.23090278,0,0.083805942,0,16.55555556,0,0,0,0,0.002208333,20952.45283,5.820125786,0.060402685,0.923076923,0,LOW,LOW
VEH_008,68b89b2d4f65cd554d7512ab,07/11/2025 1:00,ON,0,4030.13,46.24,38.8,29.8,143,-0.33,43,0,0.03,242.38,345452.27,0.03,0,0,1,0.03,0,0.33,0.43,0.36,3600,0,0,0,5,133200,46.24,8.33E-06,0.000190476,242760,4046,67.43333333,0,0,0,0,1,1,0,0,8.33E-06,5548800,1541.333333,0,0,0,LOW,LOW
VEH_008,68b89b2d4f65cd554d7512ab,07/11/2025 2:00,ON,0,4030.13,46.21,39.1,27.5,144,-0.32,48,0,0.03,242.41,345452.27,0.03,0,0,1,0.03,0,0.32,0.48,0.368,3600,0,0,0,5,136800,46.21,8.33E-06,0.000153571,300902.3256,5015.03876,83.58397933,0,0,0,0,1,1,0,0,8.33E-06,5545200,1540.333333,0,0,0,LOW,LOW
VEH_008,68b89b2d4f65cd554d7512ab,07/11/2025 3:00,ON,5.68,4035.81,45.87,39.4,36,145,0.07,39,9.2,0,242.75,345452.27,0.34,5.68,16.70588235,0,0,9.2,0.07,0.39,0.166,3600,0,10.7272,0,5,140400,45.87,9.44E-05,0.000113889,402760.9756,6712.682927,111.8780488,0,0.319475,0,16.70588235,0,0,0,0,0.002555556,17949.13043,4.985869565,0.059859155,0.215384615,0,LOW,LOW
VEH_008,68b89b2d4f65cd554d7512ab,07/11/2025 4:00,ON,10.85,4046.66,45.22,39.5,36.9,146,0.48,17,10.75,0,243.4,345452.27,0.65,10.85,16.69230769,0,0,10.75,0.48,0.17,0.387,3600,0,14.91025,0,5,144000,45.22,0.000180556,9.72E-05,465120,7752,129.2,0,0.610264744,0,16.69230769,0,0,0,0,0.002986111,15143.44186,4.206511628,0.059907834,0.28,0,LOW,LOW
VEH_008,68b89b2d4f65cd554d7512ab,07/11/2025 5:00,ON,7.56,4054.22,44.76,39.6,35.9,147,0.15,34,9.77,0,243.85,345452.27,0.46,7.56,16.43478261,0,0,9.77,0.15,0.34,0.207,3600,0,11.79239,0,5,147600,44.76,0.000127778,8.10E-05,552917.6471,9215.294118,153.5882353,0,0.425216725,0,16.43478261,0,0,0,0,0.002713889,16492.93756,4.581371546,0.060846561,0.972307692,0,MEDIUM,LOW
VEH_008,68b89b2d4f65cd554d7512ab,07/11/2025 6:00,ON,3.86,4058.08,44.53,39.6,36,148,-0.49,25,8.66,0,244.08,345452.27,0.23,3.86,16.7826087,0,0,8.66,0.49,0.25,0.418,3600,0,12.27988,0,5,151200,44.53,6.39E-05,7.26E-05,613200,10220,170.3333333,0,0.21710801,0,16.7826087,0,0,0,0,0.002405556,18511.3164,5.142032333,0.059585492,0.135384615,0,MEDIUM,LOW
VEH_008,68b89b2d4f65cd554d7512ab,07/11/2025 7:00,ON,11.05,4069.12,43.87,39.7,39.9,149,-0.06,1,10.81,0,244.75,345452.27,0.66,11.04,16.72727273,0,0,10.81,0.06,0.01,0.045,3600,0,11.29645,0,5,154800,43.87,0.000183333,9.52E-05,460635,7677.25,127.9541667,0,0.620951408,0,16.72727273,0,0,0,0,0.003002778,14609.80574,4.058279371,0.059782609,0.172307692,0,MEDIUM,LOW
VEH_008,68b89b2d4f65cd554d7512ab,07/11/2025 8:00,ON,18.8,4087.92,42.74,40.2,42.8,150,-0.21,12,13.14,0,245.88,345452.27,1.13,18.8,16.63716814,0,0,13.14,0.21,0.12,0.183,3600,0,15.54462,0,5,158400,42.74,0.000313889,0.000138889,307728,5128.8,85.48,0,1.057417252,0,16.63716814,0,0,0,0,0.00365,11709.58904,3.252663623,0.060106383,0.796923077,0,MEDIUM,LOW
VEH_008,68b89b2d4f65cd554d7512ab,07/11/2025 9:00,ON,15.84,4103.75,41.79,40.4,39.4,151,0.4,17,12.25,0,246.83,345452.27,0.95,15.83,16.66315789,0,0,12.25,0.4,0.17,0.331,3600,0,16.30475,0,5,162000,41.79,0.000263889,0.000175397,238259.7285,3970.995475,66.18325792,0,0.890367824,0,16.66315789,0,0,0,0,0.003402778,12281.14286,3.411428571,0.060012634,0.553846154,0,MEDIUM,LOW
VEH_008,68b89b2d4f65cd554d7512ab,07/11/2025 10:00,ON,10.16,4113.91,41.18,40.5,39.3,152,0.32,15,10.55,0,247.43,345452.27,0.61,10.16,16.6557377,0,0,10.55,0.32,0.15,0.269,3600,0,13.38795,0,5,165600,41.18,0.000169444,0.000186111,221265.6716,3687.761194,61.46268657,0,0.571455281,0,16.6557377,0,0,0,0,0.002930556,14051.94313,3.903317536,0.06003937,0.64,0,MEDIUM,LOW
VEH_008,68b89b2d4f65cd554d7512ab,07/11/2025 11:00,ON,2.91,4116.82,41.01,39.8,31,153,-0.04,36,8.37,0,247.61,345452.27,0.17,2.91,17.11764706,0,0,8.37,0.04,0.36,0.136,3600,0,9.50832,0,5,169200,41.01,4.72E-05,0.000167063,245475.5344,4091.258907,68.18764846,0,0.163674692,0,17.11764706,0,0,0,0,0.002325,17638.70968,4.899641577,0.058419244,0.064615385,0,MEDIUM,LOW
VEH_008,68b89b2d4f65cd554d7512ab,07/11/2025 12:00,ON,1.8,4118.62,40.9,39.7,38.1,154,0.24,49,8.04,0,247.72,345452.27,0.11,1.8,16.36363636,0,0,8.04,0.24,0.49,0.315,3600,0,10.5726,0,5,172800,40.9,3.06E-05,0.000153175,267015.544,4450.259067,74.17098446,0,0.101242077,0,16.36363636,0,0,0,0,0.002233333,18313.43284,5.087064677,0.061111111,0.987692308,0,MEDIUM,LOW
VEH_008,68b89b2d4f65cd554d7512ab,07/11/2025 13:00,ON,0,4118.62,40.87,39.7,28.3,155,-0.01,49,0,0.03,247.75,345452.27,0.03,0,0,1,0.03,0,0.01,0.49,0.154,3600,0,0,0,5,176400,40.87,8.33E-06,0.000145238,281400,4690,78.16666667,0,0,0,0,1,1,0,0,8.33E-06,4904400,1362.333333,0,0,0,MEDIUM,LOW
VEH_008,68b89b2d4f65cd554d7512ab,07/11/2025 14:00,ON,0.35,4118.97,40.85,39.6,32.2,156,-0.17,49,7.6,0,247.77,345452.27,0.02,0.35,17.5,0,0,7.6,0.17,0.49,0.266,3600,0,9.6216,0,5,180000,40.85,5.56E-06,0.000119841,340867.5497,5681.125828,94.68543046,0,0.019685959,0,17.5,0,0,0,0,0.002111111,19350,5.375,0.057142857,0.058461538,0,MEDIUM,LOW
VEH_008,68b89b2d4f65cd554d7512ab,07/11/2025 15:00,ON,0,4118.97,40.82,39.6,24.6,157,-0.01,33,0,0.03,247.8,345452.27,0.03,0,0,1,0.03,0,0.01,0.33,0.106,3600,0,0,0,5,183600,40.82,8.33E-06,7.62E-05,535762.5,8929.375,148.8229167,0,0,0,0,1,1,0,0,8.33E-06,4898400,1360.666667,0,0,0,MEDIUM,LOW
VEH_008,68b89b2d4f65cd554d7512ab,07/11/2025 16:00,ON,0,4118.97,40.79,39.3,20.2,158,-0.29,11,0,0.03,247.83,345452.27,0.03,0,0,1,0.03,0,0.29,0.11,0.236,3600,0,0,0,5,187200,40.79,8.33E-06,3.97E-05,1027908,17131.8,285.53,0,0,0,0,1,1,0,0,8.33E-06,4894800,1359.666667,0,0,0,MEDIUM,LOW
VEH_008,68b89b2d4f65cd554d7512ab,07/11/2025 17:00,ON,0,4118.97,40.76,39.4,21.2,159,0.3,7,0,0.03,247.86,345452.27,0.03,0,0,1,0.03,0,0.3,0.07,0.231,3600,0,0,0,5,190800,40.76,8.33E-06,1.67E-05,2445600,40760,679.3333333,0,0,0,0,1,1,0,0,8.33E-06,4891200,1358.666667,0,0,0,MEDIUM,LOW
VEH_008,68b89b2d4f65cd554d7512ab,07/11/2025 18:00,ON,0,4118.97,40.73,39.2,28.8,160,0.29,41,0,0.03,247.89,345452.27,0.03,0,0,1,0.03,0,0.29,0.41,0.326,3600,0,0,0,5,194400,40.73,8.33E-06,1.11E-05,3665700,61095,1018.25,0,0,0,0,1,1,0,0,8.33E-06,4887600,1357.666667,0,0,0,MEDIUM,LOW
VEH_008,68b89b2d4f65cd554d7512ab,07/11/2025 19:00,ON,0,4118.97,40.7,39.2,26,161,-0.5,2,0,0.03,247.92,345452.27,0.03,0,0,1,0.03,0,0.5,0.02,0.356,3600,0,0,0,5,198000,40.7,8.33E-06,7.94E-06,5128200,85470,1424.5,0,0,0,0,1,1,0,0,8.33E-06,4884000,1356.666667,0,0,0,MEDIUM,LOW
VEH_008,68b89b2d4f65cd554d7512ab,07/11/2025 20:00,ON,0,4118.97,40.67,39.1,24.6,162,0.29,9,0,0.03,247.95,345452.27,0.03,0,0,1,0.03,0,0.29,0.09,0.23,3600,0,0,0,5,201600,40.67,8.33E-06,7.94E-06,5124420,85407,1423.45,0,0,0,0,1,1,0,0,8.33E-06,4880400,1355.666667,0,0,0,MEDIUM,LOW
VEH_008,68b89b2d4f65cd554d7512ab,07/11/2025 21:00,ON,6.85,4125.82,40.26,39,37.1,163,-0.09,25,9.56,0,248.36,345452.27,0.41,6.85,16.70731707,0,0,9.56,0.09,0.25,0.138,3600,0,10.87928,0,5,205200,40.26,0.000113889,2.34E-05,1719579.661,28659.66102,477.6610169,0,0.38528235,0,16.70731707,0,0,0,0,0.002655556,15160.66946,4.211297071,0.059854015,0.206153846,0,MEDIUM,LOW
VEH_008,68b89b2d4f65cd554d7512ab,07/11/2025 22:00,ON,3.27,4129.08,40.06,39.4,38,164,-0.05,6,8.48,0,248.56,345452.27,0.2,3.26,16.3,0,0,8.48,0.05,0.06,0.053,3600,0,8.92944,0,5,208800,40.06,5.56E-05,3.02E-05,1328305.263,22138.42105,368.9736842,0,0.183360651,0,16.3,0,0,0,0,0.002355556,17006.60377,4.724056604,0.061349693,0.993846154,0,MEDIUM,LOW
VEH_008,68b89b2d4f65cd554d7512ab,07/11/2025 23:00,ON,2.02,4131.1,39.94,39.1,34.2,165,-0.4,43,8.1,0,248.68,345452.27,0.12,2.02,16.83333333,0,0,8.1,0.4,0.43,0.409,3600,0,11.4129,0,5,212400,39.94,3.33E-05,3.37E-05,1184103.529,19735.05882,328.9176471,0,0.113616109,0,16.83333333,0,0,0,0,0.00225,17751.11111,4.930864198,0.059405941,0.098461538,0,MEDIUM,LOW
VEH_008,68b89b2d4f65cd554d7512ab,08/11/2025 0:00,ON,6.75,4137.85,39.53,38.8,35.7,166,-0.03,28,9.53,0,249.08,345452.27,0.41,6.75,16.46341463,0,0,9.53,0.03,0.28,0.105,3600,0,10.53065,0,5,216000,39.53,0.000113889,4.88E-05,809882.9268,13498.04878,224.9674797,0,0.37965779,0,16.46341463,0,0,0,0,0.002647222,14932.63379,4.14795383,0.060740741,0.956923077,0,MEDIUM,LOW
VEH_008,68b89b2d4f65cd554d7512ab,08/11/2025 1:00,ON,5.1,4142.95,39.23,38.3,33,167,-0.27,7,9.03,0,249.39,345452.27,0.3,5.1,17,0,0,9.03,0.27,0.07,0.21,3600,0,10.9263,0,5,219600,39.23,8.33E-05,5.95E-05,659064,10984.4,183.0733333,0,0.286852552,0,17,0,0,0,0,0.002508333,15639.86711,4.34440753,0.058823529,0.08,0,MEDIUM,LOW
VEH_008,68b89b2d4f65cd554d7512ab,08/11/2025 2:00,ON,0,4142.95,39.2,37.8,26.4,168,-0.45,42,0,0.03,249.42,345452.27,0.03,0,0,1,0.03,0,0.45,0.42,0.441,3600,0,0,0,5,223200,39.2,8.33E-06,5.95E-05,658560,10976,182.9333333,0,0,0,0,1,1,0,0,8.33E-06,4704000,1306.666667,0,0,0,MEDIUM,LOW
VEH_008,68b89b2d4f65cd554d7512ab,08/11/2025 3:00,ON,3.96,4146.91,38.96,37.6,33.1,169,-0.24,40,8.69,0,249.65,345452.27,0.24,3.96,16.5,0,0,8.69,0.24,0.4,0.288,3600,0,11.19272,0,5,226800,38.96,6.67E-05,6.79E-05,574147.3684,9569.122807,159.4853801,0,0.22273257,0,16.5,0,0,0,0,0.002413889,16139.93096,4.483314154,0.060606061,0.950769231,0,MEDIUM,LOW
VEH_008,68b89b2d4f65cd554d7512ab,08/11/2025 4:00,ON,9.34,4156.24,38.4,37.8,39.7,170,0.39,13,10.3,0,250.21,345452.27,0.56,9.33,16.66071429,0,0,10.3,0.39,0.13,0.312,3600,0,13.5136,0,5,230400,38.4,0.000155556,7.38E-05,520258.0645,8670.967742,144.516129,0,0.524771434,0,16.66071429,0,0,0,0,0.002861111,13421.35922,3.72815534,0.060021436,0.578461538,0,MEDIUM,LOW
VEH_008,68b89b2d4f65cd554d7512ab,08/11/2025 5:00,ON,6.77,4163.01,37.99,37.8,38.4,171,0.08,0,9.53,0,250.62,345452.27,0.41,6.77,16.51219512,0,0,9.53,0.08,0,0.056,3600,0,10.06368,0,5,234000,37.99,0.000113889,8.21E-05,462486.9565,7708.115942,128.468599,0,0.380782702,0,16.51219512,0,0,0,0,0.002647222,14350.89192,3.986358867,0.0605613,0.947692308,0,MEDIUM,LOW
VEH_008,68b89b2d4f65cd554d7512ab,08/11/2025 6:00,ON,0,4163.01,37.96,38.4,29.7,172,-0.37,6,0,0.03,250.65,345452.27,0.03,0,0,1,0.03,0,0.37,0.06,0.277,3600,0,0,0,5,237600,37.96,8.33E-06,7.86E-05,483127.2727,8052.121212,134.2020202,0,0,0,0,1,1,0,0,8.33E-06,4555200,1265.333333,0,0,0,MEDIUM,LOW
VEH_008,68b89b2d4f65cd554d7512ab,08/11/2025 7:00,ON,7.32,4170.33,37.53,38.3,42.2,173,-0.3,42,9.7,0,251.09,345452.27,0.43,7.32,17.02325581,0,0,9.7,0.3,0.42,0.336,3600,0,12.9592,0,5,241200,37.53,0.000119444,7.94E-05,472878,7881.3,131.355,0,0.411717781,0,17.02325581,0,0,0,0,0.002694444,13928.65979,3.869072165,0.058743169,0.073846154,0,MEDIUM,LOW
VEH_008,68b89b2d4f65cd554d7512ab,08/11/2025 8:00,ON,0,4170.33,37.5,38,20.2,174,0.47,22,0,0.03,251.12,345452.27,0.03,0,0,1,0.03,0,0.47,0.22,0.395,3600,0,0,0,5,244800,37.5,8.33E-06,6.87E-05,546242.7746,9104.046243,151.734104,0,0,0,0,1,1,0,0,8.33E-06,4500000,1250,0,0,0,MEDIUM,LOW
VEH_008,68b89b2d4f65cd554d7512ab,08/11/2025 9:00,ON,0,4170.33,37.47,38.1,23.3,175,-0.47,30,0,0.03,251.15,345452.27,0.03,0,0,1,0.03,0,0.47,0.3,0.419,3600,0,0,0,5,248400,37.47,8.33E-06,6.87E-05,545805.7803,9096.763006,151.6127168,0,0,0,0,1,1,0,0,8.33E-06,4496400,1249,0,0,0,MEDIUM,LOW
VEH_008,68b89b2d4f65cd554d7512ab,08/11/2025 10:00,ON,7.73,4178.06,37,38.2,36.8,176,-0.29,2,9.82,0,251.61,345452.27,0.47,7.73,16.44680851,0,0,9.82,0.29,0.02,0.209,3600,0,11.87238,0,5,252000,37,0.000130556,7.78E-05,475714.2857,7928.571429,132.1428571,0,0.434778476,0,16.44680851,0,0,0,0,0.002727778,13564.15479,3.767820774,0.06080207,0.963076923,0,MEDIUM,LOW
VEH_008,68b89b2d4f65cd554d7512ab,08/11/2025 11:00,ON,2.04,4180.1,36.88,37.9,32.5,177,0.16,32,8.11,0,251.74,345452.27,0.12,2.04,17,0,0,8.11,0.16,0.32,0.208,3600,0,9.79688,0,5,255600,36.88,3.33E-05,6.03E-05,611431.5789,10190.52632,169.8421053,0,0.114741021,0,17,0,0,0,0,0.002252778,16370.90012,4.547472256,0.058823529,0.076923077,0,MEDIUM,LOW
VEH_008,68b89b2d4f65cd554d7512ab,08/11/2025 12:00,ON,0,4180.1,36.85,37.6,24.7,178,-0.45,10,0,0.03,251.77,345452.27,0.03,0,0,1,0.03,0,0.45,0.1,0.345,3600,0,0,0,5,259200,36.85,8.33E-06,4.52E-05,814578.9474,13576.31579,226.2719298,0,0,0,0,1,1,0,0,8.33E-06,4422000,1228.333333,0,0,0,MEDIUM,LOW
VEH_008,68b89b2d4f65cd554d7512ab,08/11/2025 13:00,ON,0,4180.1,36.82,37.5,20.1,179,-0.09,48,0,0.03,251.8,345452.27,0.03,0,0,1,0.03,0,0.09,0.48,0.207,3600,0,0,0,5,262800,36.82,8.33E-06,4.52E-05,813915.7895,13565.26316,226.0877193,0,0,0,0,1,1,0,0,8.33E-06,4418400,1227.333333,0,0,0,MEDIUM,LOW
VEH_008,68b89b2d4f65cd554d7512ab,08/11/2025 14:00,ON,4.44,4184.54,36.55,37.6,35.4,180,-0.46,26,8.83,0,252.06,345452.27,0.27,4.44,16.44444444,0,0,8.83,0.46,0.26,0.4,3600,0,12.362,0,5,266400,36.55,7.50E-05,3.89E-05,939857.1429,15664.28571,261.0714286,0,0.249730457,0,16.44444444,0,0,0,0,0.002452778,14901.47225,4.139297848,0.060810811,0.969230769,0,MEDIUM,LOW
VEH_008,68b89b2d4f65cd554d7512ab,08/11/2025 15:00,ON,5.23,4189.77,36.24,38.2,39,181,0.11,7,9.07,0,252.38,345452.27,0.31,5.23,16.87096774,0,0,9.07,0.11,0.07,0.098,3600,0,9.95886,0,5,270000,36.24,8.61E-05,5.00E-05,724800,12080,201.3333333,0,0.29416448,0,16.87096774,0,0,0,0,0.002519444,14384.12348,3.995589857,0.059273423,0.089230769,0,MEDIUM,LOW
VEH_008,68b89b2d4f65cd554d7512ab,08/11/2025 16:00,ON,10.01,4199.77,35.64,38.2,38.7,182,0.03,2,10.5,0,252.98,345452.27,0.6,10,16.66666667,0,0,10.5,0.03,0.02,0.027,3600,0,10.7835,0,5,273600,35.64,0.000166667,7.26E-05,490780.3279,8179.672131,136.3278689,0,0.562455985,0,16.66666667,0,0,0,0,0.002916667,12219.42857,3.394285714,0.06,0.523076923,0,MEDIUM,LOW
VEH_008,68b89b2d4f65cd554d7512ab,08/11/2025 17:00,ON,17.43,4217.2,34.59,37.7,41.4,183,0.3,20,12.73,0,254.02,345452.27,1.05,17.43,16.6,0,0,12.73,0.3,0.2,0.27,3600,0,16.1671,0,5,277200,34.59,0.000291667,9.56E-05,361687.9668,6028.13278,100.4688797,0,0.980360782,0,16.6,0,0,0,0,0.003536111,9781.932443,2.717203456,0.060240964,0.883076923,0,MEDIUM,LOW
VEH_008,68b89b2d4f65cd554d7512ab,08/11/2025 18:00,ON,9.88,4227.08,34,37.8,42.6,184,0.09,13,10.46,0,254.61,345452.27,0.59,9.88,16.74576271,0,0,10.46,0.09,0.13,0.102,3600,0,11.52692,0,5,280800,34,0.000163889,0.000114286,297500,4958.333333,82.63888889,0,0.555706513,0,16.74576271,0,0,0,0,0.002905556,11701.72084,3.250478011,0.059716599,0.156923077,0,MEDIUM,LOW
VEH_008,68b89b2d4f65cd554d7512ab,08/11/2025 19:00,ON,1.88,4228.96,33.89,37.5,37.5,185,-0.18,45,8.06,0,254.73,345452.27,0.11,1.88,17.09090909,0,0,8.06,0.18,0.45,0.261,3600,0,10.16366,0,5,284400,33.89,3.06E-05,0.00011746,288522.973,4808.716216,80.14527027,0,0.105741725,0,17.09090909,0,0,0,0,0.002238889,15136.9727,4.20471464,0.058510638,0.067692308,0,MEDIUM,LOW
VEH_008,68b89b2d4f65cd554d7512ab,08/11/2025 20:00,ON,1.81,4230.77,33.78,37,34.7,186,0.03,29,8.04,0,254.84,345452.27,0.11,1.81,16.45454545,0,0,8.04,0.03,0.29,0.108,3600,0,8.90832,0,5,288000,33.78,3.06E-05,0.000120635,280018.4211,4666.973684,77.78289474,0,0.101804533,0,16.45454545,0,0,0,0,0.002233333,15125.37313,4.201492537,0.060773481,0.96,0,MEDIUM,LOW
VEH_008,68b89b2d4f65cd554d7512ab,08/11/2025 21:00,ON,4.74,4235.52,33.49,36.2,40.8,187,-0.49,17,8.92,0,255.12,345452.27,0.29,4.75,16.37931034,0,0,8.92,0.49,0.17,0.394,3600,0,12.43448,0,5,291600,33.49,8.06E-05,0.000121429,275800,4596.666667,76.61111111,0,0.267166593,0,16.37931034,0,0,0,0,0.002477778,13516.1435,3.754484305,0.061052632,0.984615385,0,MEDIUM,LOW
VEH_008,68b89b2d4f65cd554d7512ab,08/11/2025 22:00,ON,8.24,4243.75,33,37,34.8,188,-0.16,26,9.97,0,255.62,345452.27,0.49,8.23,16.79591837,0,0,9.97,0.16,0.26,0.19,3600,0,11.8643,0,5,295200,33,0.000136111,0.000128571,256666.6667,4277.777778,71.2962963,0,0.462901276,0,16.79591837,0,0,0,0,0.002769444,11915.74724,3.309929789,0.059538275,0.123076923,0,MEDIUM,LOW
VEH_008,68b89b2d4f65cd554d7512ab,08/11/2025 23:00,ON,11.5,4255.25,32.31,36.7,37,189,-0.28,22,10.95,0,256.31,345452.27,0.69,11.5,16.66666667,0,0,10.95,0.28,0.22,0.262,3600,0,13.8189,0,5,298800,32.31,0.000191667,0.000132143,244508.1081,4075.135135,67.91891892,0,0.646824383,0,16.66666667,0,0,0,0,0.003041667,10622.46575,2.950684932,0.06,0.507692308,0,MEDIUM,LOW
VEH_008,68b89b2d4f65cd554d7512ab,09/11/2025 0:00,ON,16.52,4271.77,31.32,36,41.6,190,0.44,9,12.46,0,257.3,345452.27,0.99,16.52,16.68686869,0,0,12.46,0.44,0.09,0.335,3600,0,16.6341,0,5,302400,31.32,0.000275,0.000129762,241365.1376,4022.752294,67.04587156,0,0.929177287,0,16.68686869,0,0,0,0,0.003461111,9049.117175,2.51364366,0.059927361,0.329230769,0,MEDIUM,LOW
VEH_008,68b89b2d4f65cd554d7512ab,09/11/2025 1:00,ON,19.19,4290.95,30.17,36.2,39.3,191,-0.29,15,13.26,0,258.45,345452.27,1.15,19.18,16.67826087,0,0,13.26,0.29,0.15,0.248,3600,0,16.54848,0,5,306000,30.17,0.000319444,0.000151984,198507.5718,3308.45953,55.14099217,0,1.078790579,0,16.67826087,0,0,0,0,0.003683333,8190.950226,2.275263952,0.05995829,0.409230769,0,MEDIUM,LOW
VEH_008,68b89b2d4f65cd554d7512ab,09/11/2025 2:00,ON,12.92,4303.88,29.39,35.9,38.5,192,0.4,35,11.38,0,259.22,345452.27,0.78,12.93,16.57692308,0,0,11.38,0.4,0.35,0.385,3600,0,15.7613,0,5,309600,29.39,0.000216667,0.000178571,164584,2743.066667,45.71777778,0,0.727255589,0,16.57692308,0,0,0,0,0.003161111,9297.363796,2.582601054,0.060324826,0.907692308,0,MEDIUM,LOW
VEH_008,68b89b2d4f65cd554d7512ab,09/11/2025 3:00,ON,14.94,4318.82,28.5,36.3,38.9,193,0.24,8,11.98,0,260.12,345452.27,0.89,14.94,16.78651685,0,0,11.98,0.24,0.08,0.192,3600,0,14.28016,0,5,313200,28.5,0.000247222,0.000209524,136022.7273,2267.045455,37.78409091,0,0.840309242,0,16.78651685,0,0,0,0,0.003327778,8564.27379,2.378964942,0.05957162,0.132307692,0,MEDIUM,LOW
VEH_008,68b89b2d4f65cd554d7512ab,09/11/2025 4:00,ON,21.97,4340.79,27.18,36.4,41.7,194,-0.37,13,14.09,0,261.44,345452.27,1.32,21.97,16.64393939,0,0,14.09,0.37,0.13,0.298,3600,0,18.28882,0,5,316800,27.18,0.000366667,0.000250397,108547.7021,1809.128368,30.15213946,0,1.235715799,0,16.64393939,0,0,0,0,0.003913889,6944.499645,1.929027679,0.06008193,0.744615385,0,MEDIUM,LOW
VEH_008,68b89b2d4f65cd554d7512ab,09/11/2025 5:00,ON,14.48,4355.28,26.31,36.3,35.7,195,-0.03,32,11.84,0,262.31,345452.27,0.87,14.49,16.65517241,0,0,11.84,0.03,0.32,0.117,3600,0,13.22528,0,5,320400,26.31,0.000241667,0.000265476,99104.93274,1651.748879,27.52914798,0,0.814998722,0,16.65517241,0,0,0,0,0.003288889,7999.662162,2.222128378,0.060041408,0.646153846,0,MEDIUM,LOW
VEH_008,68b89b2d4f65cd554d7512ab,09/11/2025 6:00,ON,20.49,4375.76,25.08,35.8,42.1,196,-0.36,20,13.65,0,263.54,345452.27,1.23,20.48,16.6504065,0,0,13.65,0.36,0.2,0.312,3600,0,17.9088,0,5,324000,25.08,0.000341667,0.000286905,87415.76763,1456.929461,24.28215768,0,1.151909857,0,16.6504065,0,0,0,0,0.003791667,6614.505495,1.837362637,0.060058594,0.692307692,0,MEDIUM,LOW
VEH_008,68b89b2d4f65cd554d7512ab,09/11/2025 7:00,ON,22.57,4398.33,23.72,35.7,43.4,197,-0.48,12,14.27,0,264.89,345452.27,1.36,22.57,16.59558824,0,0,14.27,0.48,0.12,0.372,3600,0,19.57844,0,5,327600,23.72,0.000377778,0.000301587,78650.52632,1310.842105,21.84736842,0,1.269463158,0,16.59558824,0,0,0,0,0.003963889,5984.022425,1.662228451,0.060256978,0.889230769,0,HIGH,LOW
VEH_008,68b89b2d4f65cd554d7512ab,09/11/2025 8:00,ON,28.68,4427.01,62.69,34.9,42.2,198,-0.48,45,16.1,0,266.61,345452.27,0,28.68,0,0,0,16.1,0.48,0.45,0.471,3600,0,23.6831,1,6,0,62.69,0,0.000255952,244928.3721,4082.139535,68.03565891,0,1.613123765,0,0,0,0,0,0,0.004472222,14017.63975,3.89378882,0,0.023076923,0,LOW,LOW
VEH_008,68b89b2d4f65cd554d7512ab,09/11/2025 9:00,ON,23.93,4450.94,61.25,34.3,45.3,199,0.15,2,14.68,0,268.05,345452.27,1.44,23.93,16.61805556,0,0,14.68,0.15,0.02,0.111,3600,0,16.30948,0,6,3600,61.25,0.0004,0.000282143,217088.6076,3618.14346,60.302391,0,1.345957172,0,16.61805556,0,0,0,0,0.004077778,15020.43597,4.172343324,0.060175512,0.855384615,0,LOW,LOW
VEH_008,68b89b2d4f65cd554d7512ab,09/11/2025 10:00,ON,19.44,4470.39,60.08,34.5,40.7,200,0.03,4,13.33,0,269.21,345452.27,1.17,19.45,16.62393162,0,0,13.33,0.03,0.04,0.033,3600,0,13.76989,0,6,7200,60.08,0.000325,0.000293254,204873.613,3414.560217,56.90933694,0,1.093976891,0,16.62393162,0,0,0,0,0.003702778,16225.65641,4.507126782,0.060154242,0.843076923,0,LOW,LOW
VEH_008,68b89b2d4f65cd554d7512ab,09/11/2025 11:00,ON,19.72,4490.11,58.9,34.9,41.4,201,0.28,36,13.42,0,270.4,345452.27,1.18,19.72,16.71186441,0,0,13.42,0.28,0.36,0.304,3600,0,17.49968,0,6,10800,58.9,0.000327778,0.000287698,204728.2759,3412.137931,56.86896552,0,1.109163203,0,16.71186441,0,0,0,0,0.003727778,15800.29806,4.388971684,0.059837728,0.193846154,0,LOW,LOW
VEH_008,68b89b2d4f65cd554d7512ab,09/11/2025 12:00,ON,26.21,4516.32,57.33,35.1,43.5,202,0.19,2,15.36,0,271.97,345452.27,1.57,26.21,16.69426752,0,0,15.36,0.19,0.02,0.139,3600,0,17.49504,0,6,14400,57.33,0.000436111,0.000315476,181725.283,3028.754717,50.47924528,0,1.474197137,0,16.69426752,0,0,0,0,0.004266667,13436.71875,3.732421875,0.059900801,0.267692308,0,LOW,LOW
VEH_008,68b89b2d4f65cd554d7512ab,09/11/2025 13:00,ON,25.49,4541.81,55.8,35.6,41.3,203,-0.13,32,15.15,0,273.5,345452.27,1.53,25.49,16.66013072,0,0,15.15,0.13,0.32,0.187,3600,0,17.98305,0,6,18000,55.8,0.000425,0.000327381,170443.6364,2840.727273,47.34545455,0,1.433700306,0,16.66013072,0,0,0,0,0.004208333,13259.40594,3.683168317,0.060023539,0.587692308,0,LOW,LOW
VEH_008,68b89b2d4f65cd554d7512ab,09/11/2025 14:00,ON,19.99,4561.81,54.6,35.9,37.2,204,-0.26,8,13.5,0,274.7,345452.27,1.2,20,16.66666667,0,0,13.5,0.26,0.08,0.206,3600,0,16.281,0,6,21600,54.6,0.000333333,0.000321032,170076.6378,2834.61063,47.24351051,0,1.12491197,0,16.66666667,0,0,0,0,0.00375,14560,4.044444444,0.06,0.504615385,0,LOW,LOW
VEH_008,68b89b2d4f65cd554d7512ab,09/11/2025 15:00,ON,12.01,4573.82,53.88,36.1,38.9,205,0.32,46,11.1,0,275.42,345452.27,0.72,12.01,16.68055556,0,0,11.1,0.32,0.46,0.362,3600,0,15.1182,0,6,25200,53.88,0.0002,0.000349603,154117.5936,2568.626561,42.81044268,0,0.675509638,0,16.68055556,0,0,0,0,0.003083333,17474.59459,4.854054054,0.059950042,0.393846154,0,LOW,LOW
VEH_008,68b89b2d4f65cd554d7512ab,09/11/2025 16:00,ON,18.06,4591.88,52.79,35.9,42.7,206,-0.34,35,12.92,0,276.5,345452.27,1.09,18.06,16.56880734,0,0,12.92,0.34,0.35,0.343,3600,0,17.35156,0,6,28800,52.79,0.000302778,0.000335714,157246.8085,2620.780142,43.67966903,0,1.015795509,0,16.56880734,0,0,0,0,0.003588889,14709.28793,4.085913313,0.060354374,0.916923077,0,LOW,LOW
VEH_008,68b89b2d4f65cd554d7512ab,09/11/2025 17:00,ON,10.42,4602.3,52.17,35.8,38.9,207,-0.42,46,10.63,0,277.13,345452.27,0.62,10.42,16.80645161,0,0,10.63,0.42,0.46,0.432,3600,0,15.22216,0,6,32400,52.17,0.000172222,0.000313889,166205.3097,2770.088496,46.16814159,0,0.586079136,0,16.80645161,0,0,0,0,0.002952778,17668.10913,4.90780809,0.05950096,0.113846154,0,LOW,LOW
VEH_008,68b89b2d4f65cd554d7512ab,09/11/2025 18:00,ON,14.21,4616.51,51.32,35.4,45.2,208,0.48,12,11.76,0,277.98,345452.27,0.85,14.21,16.71764706,0,0,11.76,0.48,0.12,0.372,3600,0,16.13472,0,6,36000,51.32,0.000236111,0.000300794,170615.3034,2843.588391,47.39313984,0,0.799249955,0,16.71764706,0,0,0,0,0.003266667,15710.20408,4.363945578,0.05981703,0.184615385,0,LOW,LOW
VEH_008,68b89b2d4f65cd554d7512ab,09/11/2025 19:00,ON,21.63,4638.14,50.02,35.3,42.6,209,-0.27,21,13.99,0,279.28,345452.27,1.3,21.63,16.63846154,0,0,13.99,0.27,0.21,0.252,3600,0,17.51548,0,6,39600,50.02,0.000361111,0.000290079,172435.5677,2873.926129,47.89876881,0,1.216592296,0,16.63846154,0,0,0,0,0.003886111,12871.47963,3.575411008,0.060101711,0.790769231,0,LOW,LOW
VEH_008,68b89b2d4f65cd554d7512ab,09/11/2025 20:00,ON,17.81,4655.95,48.95,35.2,44.8,210,-0.01,0,12.84,0,280.35,345452.27,1.07,17.81,16.64485981,0,0,12.84,0.01,0,0.007,3600,0,12.92988,0,6,43200,48.95,0.000297222,0.000271825,180078.8321,3001.313869,50.02189781,0,1.001734109,0,16.64485981,0,0,0,0,0.003566667,13724.29907,3.812305296,0.060078608,0.735384615,0,LOW,LOW
VEH_008,68b89b2d4f65cd554d7512ab,09/11/2025 21:00,ON,18.28,4674.23,47.85,35.1,34.2,211,-0.12,18,12.99,0,281.44,345452.27,1.1,18.28,16.61818182,0,0,12.99,0.12,0.18,0.138,3600,0,14.78262,0,6,46800,47.85,0.000305556,0.000267857,178640,2977.333333,49.62222222,0,1.028169541,0,16.61818182,0,0,0,0,0.003608333,13260.96998,3.683602771,0.060175055,0.852307692,0,LOW,LOW
VEH_008,68b89b2d4f65cd554d7512ab,09/11/2025 22:00,ON,22.6,4696.84,46.5,35.2,37.8,212,-0.29,49,14.28,0,282.8,345452.27,1.35,22.61,16.74814815,0,0,14.28,0.29,0.49,0.35,3600,0,19.278,0,6,50400,46.5,0.000375,0.000292857,158780.4878,2646.341463,44.10569106,0,1.271712982,0,16.74814815,0,0,0,0,0.003966667,11722.68908,3.256302521,0.059708094,0.150769231,0,LOW,LOW
VEH_008,68b89b2d4f65cd554d7512ab,09/11/2025 23:00,ON,17.75,4714.58,45.43,34.9,39.4,213,-0.32,48,12.82,0,283.87,345452.27,1.07,17.74,16.57943925,0,0,12.82,0.32,0.48,0.368,3600,0,17.53776,0,6,54000,45.43,0.000297222,0.000292063,155548.3696,2592.472826,43.20788043,0,0.997796918,0,16.57943925,0,0,0,0,0.003561111,12757.25429,3.543681747,0.060315671,0.901538462,0,LOW,LOW
VEH_008,68b89b2d4f65cd554d7512ab,10/11/2025 0:00,ON,19,4733.59,44.29,34.7,41.7,214,0.02,29,13.2,0,285.01,345452.27,1.14,19.01,16.6754386,0,0,13.2,0.02,0.29,0.101,3600,0,14.5332,0,6,57600,44.29,0.000316667,0.000312698,141638.0711,2360.634518,39.34390863,0,1.069228828,0,16.6754386,0,0,0,0,0.003666667,12079.09091,3.35530303,0.059968438,0.443076923,0,MEDIUM,LOW
VEH_008,68b89b2d4f65cd554d7512ab,10/11/2025 1:00,ON,26.84,4760.43,42.68,35.4,44.1,215,-0.38,19,15.55,0,286.62,345452.27,1.61,26.84,16.67080745,0,0,15.55,0.38,0.19,0.323,3600,0,20.57265,0,6,61200,42.68,0.000447222,0.000342857,124483.3333,2074.722222,34.5787037,0,1.509631864,0,16.67080745,0,0,0,0,0.004319444,9880.900322,2.744694534,0.059985097,0.48,0,MEDIUM,LOW
VEH_008,68b89b2d4f65cd554d7512ab,10/11/2025 2:00,ON,19.78,4780.21,41.49,34.7,46.6,216,0.42,40,13.43,0,287.8,345452.27,1.19,19.78,16.62184874,0,0,13.43,0.42,0.4,0.414,3600,0,18.99002,0,6,64800,41.49,0.000330556,0.000338492,122573.0363,2042.883939,34.04806565,0,1.112537939,0,16.62184874,0,0,0,0,0.003730556,11121.66791,3.089352197,0.06016178,0.849230769,0,MEDIUM,LOW
VEH_008,68b89b2d4f65cd554d7512ab,10/11/2025 3:00,ON,15.69,4795.9,40.55,35.1,41,217,-0.04,2,12.21,0,288.74,345452.27,0.94,15.69,16.69148936,0,0,12.21,0.04,0.02,0.034,3600,0,12.62514,0,6,68400,40.55,0.000261111,0.000333333,121650,2027.5,33.79166667,0,0.882493441,0,16.69148936,0,0,0,0,0.003391667,11955.77396,3.321048321,0.059910771,0.286153846,0,MEDIUM,LOW
VEH_008,68b89b2d4f65cd554d7512ab,10/11/2025 4:00,ON,9.49,4805.4,39.98,35.3,38.7,218,0.36,40,10.35,0,289.31,345452.27,0.57,9.5,16.66666667,0,0,10.35,0.36,0.4,0.372,3600,0,14.2002,0,6,72000,39.98,0.000158333,0.000312302,128017.2808,2133.621347,35.56035578,0,0.534333186,0,16.66666667,0,0,0,0,0.002875,13906.08696,3.862801932,0.06,0.52,0,MEDIUM,LOW
VEH_008,68b89b2d4f65cd554d7512ab,10/11/2025 5:00,ON,14.51,4819.91,39.11,35.2,35.3,219,0.01,30,11.85,0,290.18,345452.27,0.87,14.51,16.67816092,0,0,11.85,0.01,0.3,0.097,3600,0,12.99945,0,6,75600,39.11,0.000241667,0.000293254,133365.6292,2222.760487,37.04600812,0,0.816123634,0,16.67816092,0,0,0,0,0.003291667,11881.51899,3.300421941,0.059958649,0.412307692,0,MEDIUM,LOW
VEH_008,68b89b2d4f65cd554d7512ab,10/11/2025 6:00,ON,18.6,4838.5,38,35.2,38.6,220,0.05,44,13.08,0,291.3,345452.27,1.11,18.59,16.74774775,0,0,13.08,0.05,0.44,0.167,3600,0,15.26436,0,6,79200,38,0.000308333,0.000294841,128882.9071,2148.048452,35.80080754,0,1.045605676,0,16.74774775,0,0,0,0,0.003633333,10458.7156,2.905198777,0.059709521,0.153846154,0,MEDIUM,LOW
VEH_008,68b89b2d4f65cd554d7512ab,10/11/2025 7:00,ON,16.04,4854.55,37.03,34.9,37.7,221,0.4,1,12.31,0,292.26,345452.27,0.97,16.05,16.54639175,0,0,12.31,0.4,0.01,0.283,3600,0,15.79373,0,6,82800,37.03,0.000269444,0.000288095,128533.8843,2142.231405,35.70385675,0,0.902741856,0,16.54639175,0,0,0,0,0.003419444,10829.24452,3.008123477,0.060436137,0.932307692,0,MEDIUM,LOW
VEH_008,68b89b2d4f65cd554d7512ab,10/11/2025 8:00,ON,21.44,4875.99,35.75,35.4,40.4,222,-0.12,1,13.93,0,293.55,345452.27,1.28,21.44,16.75,0,0,13.93,0.12,0.01,0.087,3600,0,15.14191,0,6,86400,35.75,0.000355556,0.000275,130000,2166.666667,36.11111111,0,1.205905632,0,16.75,0,0,0,0,0.003869444,9239.052405,2.566403446,0.059701493,0.147692308,0,MEDIUM,LOW
VEH_008,68b89b2d4f65cd554d7512ab,10/11/2025 9:00,ON,28.8,4904.79,34.02,35.4,44.7,223,0.25,18,16.14,0,295.28,345452.27,1.73,28.8,16.64739884,0,0,16.14,0.25,0.18,0.229,3600,0,19.83606,0,6,90000,34.02,0.000480556,0.000296429,114766.2651,1912.771084,31.87951807,0,1.619873237,0,16.64739884,0,0,0,0,0.004483333,7588.104089,2.107806691,0.060069444,0.713846154,0,MEDIUM,LOW
VEH_008,68b89b2d4f65cd554d7512ab,10/11/2025 10:00,ON,36.59,4941.38,31.82,35.1,46.7,224,0.2,17,18.48,0,297.47,345452.27,2.2,36.59,16.63181818,0,0,18.48,0.2,0.17,0.191,3600,1,22.00968,0,6,93600,31.82,0.000611111,0.000346429,91851.54639,1530.859107,25.51431844,0,2.058026449,0,16.63181818,0,0,0,0,0.005133333,6198.701299,1.721861472,0.060125717,0.827692308,0,MEDIUM,LOW
VEH_008,68b89b2d4f65cd554d7512ab,10/11/2025 11:00,ON,36.33,4977.71,29.64,35.8,46.8,225,-0.34,30,18.4,0,299.65,345452.27,2.18,36.33,16.66513761,0,0,18.4,0.34,0.3,0.328,3600,1,24.4352,0,6,97200,29.64,0.000605556,0.000410317,72236.75048,1203.945841,20.06576402,0,2.043402594,0,16.66513761,0,0,0,0,0.005111111,5799.130435,1.610869565,0.060005505,0.538461538,0,MEDIUM,LOW
VEH_008,68b89b2d4f65cd554d7512ab,10/11/2025 12:00,ON,38.4,5016.11,27.34,35.6,49.2,226,-0.05,23,19.02,0,301.96,345452.27,2.3,38.4,16.69565217,0,0,19.02,0.05,0.23,0.104,3600,1,20.99808,0,6,100800,27.34,0.000638889,0.000467063,58535.93883,975.5989805,16.25998301,0,2.159830983,0,16.69565217,0,0,0,0,0.005283333,5174.763407,1.43743428,0.059895833,0.258461538,0,MEDIUM,MEDIUM
VEH_008,68b89b2d4f65cd554d7512ab,10/11/2025 13:00,ON,31.29,5047.41,25.46,36.1,44.8,227,0.48,0,16.89,0,303.83,345452.27,1.88,31.3,16.64893617,0,0,16.89,0.48,0,0.336,3600,1,22.56504,0,6,104400,25.46,0.000522222,0.000497619,51163.63636,852.7272727,14.21212121,0,1.760487233,0,16.64893617,0,0,0,0,0.004691667,5426.642984,1.507400829,0.060063898,0.707692308,0,MEDIUM,LOW
VEH_008,68b89b2d4f65cd554d7512ab,10/11/2025 14:00,ON,38.07,5085.48,23.18,36.6,45.1,228,-0.28,49,18.92,0,306.12,345452.27,2.28,38.07,16.69736842,0,0,18.92,0.28,0.49,0.343,3600,1,25.40956,0,6,108000,23.18,0.000633333,0.000549603,42175.88448,702.9314079,11.71552347,0,2.141269935,0,16.69736842,0,0,0,0,0.005255556,4410.570825,1.225158562,0.059889677,0.246153846,0,HIGH,MEDIUM
VEH_008,68b89b2d4f65cd554d7512ab,10/11/2025 15:00,ON,40.53,5126,20.75,36.2,51.5,229,0.18,5,19.66,0,308.55,345452.27,2.43,40.52,16.67489712,0,0,19.66,0.18,0.05,0.141,3600,1,22.43206,0,6,111600,20.75,0.000675,0.000595238,34860,581,9.683333333,0,2.279071652,0,16.67489712,0,0,0,0,0.005461111,3799.593082,1.055442523,0.059970385,0.449230769,0,HIGH,MEDIUM
VEH_008,68b89b2d4f65cd554d7512ab,10/11/2025 16:00,ON,44.77,5170.77,18.06,35.7,48.4,230,-0.32,0,20.93,0,311.24,345452.27,2.69,44.77,16.64312268,0,0,20.93,0.32,0,0.224,3600,1,25.61832,0,6,115200,18.06,0.000747222,0.000633333,28515.78947,475.2631579,7.921052632,0,2.518115445,0,16.64312268,0,0,0,0,0.005813889,3106.354515,0.862876254,0.060084878,0.756923077,0,HIGH,MEDIUM
VEH_008,68b89b2d4f65cd554d7512ab,10/11/2025 17:00,ON,50.26,5221.03,15.04,35.7,57.3,231,-0.13,1,22.58,0,314.25,345452.27,3.02,50.26,16.64238411,0,0,22.58,0.13,0.01,0.094,3600,1,24.70252,0,6,118800,15.04,0.000838889,0.000665873,22586.88915,376.4481526,6.274135876,0,2.826903781,0,16.64238411,0,0,0,0,0.006272222,2397.874225,0.666076174,0.060087545,0.763076923,0,HIGH,MEDIUM
VEH_008,68b89b2d4f65cd554d7512ab,10/11/2025 18:00,ON,49.35,5270.38,12.08,34.9,49.4,232,-0.25,12,22.31,0,317.21,345452.27,2.96,49.35,16.6722973,0,0,22.31,0.25,0.12,0.211,3600,1,27.01741,0,6,122400,12.08,0.000822222,0.000696825,17335.7631,288.929385,4.815489749,0,2.775720286,0,16.6722973,0,0,0,0,0.006197222,1949.260421,0.541461228,0.059979737,0.470769231,0,HIGH,MEDIUM
VEH_008,68b89b2d4f65cd554d7512ab,10/11/2025 19:00,ON,49.41,5319.8,9.12,35.3,50.2,233,-0.24,12,22.32,0,320.18,345452.27,2.96,49.42,16.69594595,0,0,22.32,0.24,0.12,0.204,3600,1,26.87328,0,6,126000,9.12,0.000822222,0.000723016,12613.83095,210.2305159,3.503841932,0,2.779657478,0,16.69594595,0,0,0,0,0.0062,1470.967742,0.408602151,0.059894779,0.252307692,0,HIGH,HIGH
VEH_008,68b89b2d4f65cd554d7512ab,10/11/2025 20:00,ON,42.13,5361.93,6.59,34.9,48.7,234,-0.27,47,20.14,0,322.71,345452.27,2.53,42.13,16.65217391,0,0,20.14,0.27,0.47,0.33,3600,1,26.7862,0,6,129600,6.59,0.000702778,0.00074881,8800.63593,146.6772655,2.444621092,0,2.369627065,0,16.65217391,0,0,0,0,0.005594444,1177.95432,0.327209533,0.060052219,0.675384615,0,HIGH,HIGH
VEH_008,68b89b2d4f65cd554d7512ab,10/11/2025 21:00,ON,34.99,5396.92,4.49,35.7,45.3,235,-0.14,46,18,0,324.8,345452.27,2.1,34.99,16.66190476,0,0,18,0.14,0.46,0.236,3600,1,22.248,0,6,133200,4.49,0.000583333,0.000741667,6053.932584,100.8988764,1.68164794,0,1.968033492,0,16.66190476,0,0,0,0,0.005,898,0.249444444,0.060017148,0.572307692,0,HIGH,HIGH
VEH_008,68b89b2d4f65cd554d7512ab,10/11/2025 22:00,ON,39.54,5436.45,2.12,35.1,44.6,236,0.02,24,19.36,0,327.18,345452.27,2.37,39.53,16.67932489,0,0,19.36,0.02,0.24,0.086,3600,1,21.02496,0,6,136800,2.12,0.000658333,0.000739286,2867.63285,47.79388084,0.796564681,0,2.223388509,0,16.67932489,0,0,0,0,0.005377778,394.214876,0.109504132,0.059954465,0.4,0,HIGH,HIGH
VEH_008,68b89b2d4f65cd554d7512ab,10/11/2025 23:00,ON,42.72,5479.18,0,34.7,56.3,237,-0.31,33,20.32,0,329.74,345452.27,2.12,42.73,20.15566038,0,0,20.32,0.31,0.33,0.316,3600,1,26.74112,0,6,140400,0,0.000588889,0.000716667,0,0,0,0,2.403374424,0,20.15566038,0,0,0,0,0.005644444,0,0,0.049613854,0.049230769,0,HIGH,HIGH
VEH_008,68b89b2d4f65cd554d7512ab,11/11/2025 0:00,OFF,0,5479.18,0,34.8,4,237,0.3,42,0,0,329.74,345452.27,0,0,0,0,0,0,0.3,0.42,0.336,0,0,0,0,6,144000,0,0,0.000596825,0,0,0,0,0,0,0,0,0,0,0,0,0,0,0,0,0,HIGH,
VEH_008,68b89b2d4f65cd554d7512ab,11/11/2025 1:00,OFF,0,5479.18,0,34.6,4,237,-0.18,28,0,0,329.74,345452.27,0,0,0,0,0,0,0.18,0.28,0.21,0,0,0,0,6,147600,0,0,0.000479365,0,0,0,0,0,0,0,0,0,0,0,0,0,0,0,0,0,HIGH,
VEH_008,68b89b2d4f65cd554d7512ab,11/11/2025 2:00,OFF,0,5479.18,0,34.6,1,237,-0.23,12,0,0,329.74,345452.27,0,0,0,0,0,0,0.23,0.12,0.197,0,0,0,0,6,151200,0,0,0.000361905,0,0,0,0,0,0,0,0,0,0,0,0,0,0,0,0,0,HIGH,
VEH_008,68b89b2d4f65cd554d7512ab,11/11/2025 3:00,OFF,0,5479.18,0,34.6,2,237,-0.28,44,0,0,329.74,345452.27,0,0,0,0,0,0,0.28,0.44,0.328,0,0,0,0,6,154800,0,0,0.000261508,0,0,0,0,0,0,0,0,0,0,0,0,0,0,0,0,0,HIGH,
VEH_008,68b89b2d4f65cd554d7512ab,11/11/2025 4:00,ON,0,5479.18,53.62,34.8,29.4,237,0.12,25,0,0.03,329.74,345452.27,0,0,0,1,0.03,0,0.12,0.25,0.159,3600,0,0,1,7,0,53.62,0,0.000178175,300940.7572,5015.679287,83.59465479,0,0,0,0,0,0,0,0,8.33E-06,6434400,1787.333333,0,0,0,LOW,LOW
VEH_008,68b89b2d4f65cd554d7512ab,11/11/2025 5:00,ON,4.92,5484.1,53.32,35.1,36.7,238,-0.06,18,8.98,0,330.04,345452.27,0.3,4.92,16.4,0,0,8.98,0.06,0.18,0.096,3600,0,9.84208,0,7,3600,53.32,8.33E-05,9.60E-05,555233.0579,9253.884298,154.231405,0,0.276728345,0,16.4,0,0,0,0,0.002494444,21375.50111,5.937639198,0.06097561,0.981538462,0,LOW,LOW
VEH_008,68b89b2d4f65cd554d7512ab,11/11/2025 6:00,ON,4.57,5488.66,53.05,35.1,36.6,239,0.03,5,8.87,0,330.31,345452.27,0.27,4.56,16.88888889,0,0,8.87,0.03,0.05,0.036,3600,0,9.18932,0,7,7200,53.05,7.50E-05,2.26E-05,2345368.421,39089.47368,651.4912281,0,0.256479929,0,16.88888889,0,0,0,0,0.002463889,21531.00338,5.980834273,0.059210526,0.086153846,0,LOW,LOW
VEH_008,68b89b2d4f65cd554d7512ab,11/11/2025 7:00,ON,9.21,5497.87,52.49,34.2,36.7,240,-0.11,24,10.26,0,330.86,345452.27,0.56,9.21,16.44642857,0,0,10.26,0.11,0.24,0.149,3600,0,11.78874,0,7,10800,52.49,0.000155556,4.48E-05,1170573.451,19509.55752,325.159292,0,0.518021962,0,16.44642857,0,0,0,0,0.00285,18417.54386,5.115984405,0.060803474,0.966153846,0,LOW,LOW
VEH_008,68b89b2d4f65cd554d7512ab,11/11/2025 8:00,ON,8.59,5506.46,51.98,34.4,40.7,241,0.03,15,10.08,0,331.38,345452.27,0.51,8.59,16.84313725,0,0,10.08,0.03,0.15,0.066,3600,0,10.74528,0,7,14400,51.98,0.000141667,6.51E-05,798717.0732,13311.95122,221.8658537,0,0.483149691,0,16.84313725,0,0,0,0,0.0028,18564.28571,5.156746032,0.059371362,0.095384615,0,LOW,LOW
VEH_008,68b89b2d4f65cd554d7512ab,11/11/2025 9:00,ON,13.25,5519.72,51.18,34.1,36.4,242,0.38,13,11.48,0,332.17,345452.27,0.8,13.26,16.575,0,0,11.48,0.38,0.13,0.305,3600,0,14.9814,0,7,18000,51.18,0.000222222,9.68E-05,528580.3279,8809.672131,146.8278689,0,0.745816636,0,16.575,0,0,0,0,0.003188889,16049.47735,4.458188153,0.060331825,0.913846154,0,LOW,LOW
VEH_008,68b89b2d4f65cd554d7512ab,11/11/2025 10:00,ON,11.76,5531.48,50.48,34.1,36.8,243,-0.4,47,11.03,0,332.88,345452.27,0.7,11.76,16.8,0,0,11.03,0.4,0.47,0.421,3600,0,15.67363,0,7,21600,50.48,0.000194444,0.000124603,405126.1146,6752.101911,112.5350318,0,0.661448238,0,16.8,0,0,0,0,0.003063889,16475.79329,4.576609248,0.05952381,0.12,0,LOW,LOW
VEH_008,68b89b2d4f65cd554d7512ab,11/11/2025 11:00,ON,11.33,5542.81,49.8,34.2,38,244,0.35,8,10.9,0,333.56,345452.27,0.68,11.33,16.66176471,0,0,10.9,0.35,0.08,0.269,3600,0,13.8321,0,7,25200,49.8,0.000188889,0.000151587,328523.5602,5475.39267,91.2565445,0,0.637262631,0,16.66176471,0,0,0,0,0.003027778,16447.70642,4.568807339,0.060017652,0.575384615,0,LOW,LOW
VEH_008,68b89b2d4f65cd554d7512ab,11/11/2025 12:00,ON,9.17,5551.98,49.25,34.3,38.6,245,-0.12,36,10.25,0,334.11,345452.27,0.55,9.17,16.67272727,0,0,10.25,0.12,0.36,0.192,3600,0,12.218,0,7,28800,49.25,0.000152778,0.000161508,304938.5749,5082.309582,84.70515971,0,0.515772138,0,16.67272727,0,0,0,0,0.002847222,17297.56098,4.804878049,0.05997819,0.464615385,0,LOW,LOW
VEH_008,68b89b2d4f65cd554d7512ab,11/11/2025 13:00,ON,5.65,5557.63,48.91,34.3,36.2,246,-0.33,19,9.19,0,334.45,345452.27,0.34,5.65,16.61764706,0,0,9.19,0.33,0.19,0.288,3600,0,11.83672,0,7,32400,48.91,9.44E-05,0.000164286,297713.0435,4961.884058,82.69806763,0,0.317787632,0,16.61764706,0,0,0,0,0.002552778,19159.52122,5.322089227,0.060176991,0.858461538,0,LOW,LOW
VEH_008,68b89b2d4f65cd554d7512ab,11/11/2025 14:00,ON,13.36,5570.99,48.11,34.5,38.8,247,-0.12,7,11.51,0,335.25,345452.27,0.8,13.36,16.7,0,0,11.51,0.12,0.07,0.105,3600,0,12.71855,0,7,36000,48.11,0.000222222,0.00017381,276797.2603,4613.287671,76.88812785,0,0.751441196,0,16.7,0,0,0,0,0.003197222,15047.43701,4.179843614,0.05988024,0.233846154,0,LOW,LOW
VEH_008,68b89b2d4f65cd554d7512ab,11/11/2025 15:00,ON,17.59,5588.58,47.05,34.6,37,248,0.48,49,12.78,0,336.3,345452.27,1.06,17.59,16.59433962,0,0,12.78,0.48,0.49,0.483,3600,0,18.95274,0,7,39600,47.05,0.000294444,0.000195635,240498.9858,4008.31643,66.80527383,0,0.989360078,0,16.59433962,0,0,0,0,0.00355,13253.52113,3.681533646,0.060261512,0.892307692,0,LOW,LOW
VEH_008,68b89b2d4f65cd554d7512ab,11/11/2025 16:00,ON,24.96,5613.53,45.55,34.8,42,249,0.48,24,14.99,0,337.8,345452.27,1.5,24.95,16.63333333,0,0,14.99,0.48,0.24,0.408,3600,0,21.10592,0,7,43200,45.55,0.000416667,0.000223413,203882.7709,3398.046181,56.63410302,0,1.403327683,0,16.63333333,0,0,0,0,0.004163889,10939.29286,3.038692462,0.06012024,0.821538462,0,LOW,LOW
VEH_008,68b89b2d4f65cd554d7512ab,11/11/2025 17:00,ON,28.09,5641.62,43.87,34.5,40.5,250,0.39,7,15.93,0,339.49,345452.27,1.68,28.09,16.7202381,0,0,15.93,0.39,0.07,0.294,3600,0,20.61342,0,7,46800,43.87,0.000466667,0.000262302,167250.2269,2787.503782,46.45839637,0,1.579938862,0,16.7202381,0,0,0,0,0.004425,9914.124294,2.753923415,0.059807761,0.181538462,0,MEDIUM,LOW
VEH_008,68b89b2d4f65cd554d7512ab,11/11/2025 18:00,ON,34.91,5676.54,41.77,34.9,45.2,251,-0.24,26,17.97,0,341.58,345452.27,2.1,34.92,16.62857143,0,0,17.97,0.24,0.26,0.246,3600,1,22.39062,0,7,50400,41.77,0.000583333,0.000318651,131083.9352,2184.732254,36.41220423,0,1.9640963,0,16.62857143,0,0,0,0,0.004991667,8367.946578,2.324429605,0.060137457,0.836923077,0,MEDIUM,LOW
VEH_008,68b89b2d4f65cd554d7512ab,11/11/2025 19:00,ON,29.64,5706.17,40,34.8,44.4,252,0.37,22,16.39,0,343.36,345452.27,1.77,29.63,16.74011299,0,0,16.39,0.37,0.22,0.325,3600,0,21.71675,0,7,54000,40,0.000491667,0.000367063,108972.973,1816.216216,30.27027027,0,1.666557084,0,16.74011299,0,0,0,0,0.004552778,8785.845027,2.440512508,0.059736753,0.16,0,MEDIUM,LOW
VEH_008,68b89b2d4f65cd554d7512ab,11/11/2025 20:00,ON,25.81,5731.98,38.45,34.6,44.1,253,0.19,29,15.24,0,344.91,345452.27,1.55,25.81,16.6516129,0,0,15.24,0.19,0.29,0.22,3600,0,18.5928,0,7,57600,38.45,0.000430556,0.000415079,92632.88719,1543.881453,25.73135755,0,1.451698898,0,16.6516129,0,0,0,0,0.004233333,9082.677165,2.522965879,0.060054243,0.68,0,MEDIUM,LOW
VEH_008,68b89b2d4f65cd554d7512ab,11/11/2025 21:00,ON,25.98,5757.96,36.89,35,38.4,254,-0.34,45,15.29,0,346.47,345452.27,1.56,25.98,16.65384615,0,0,15.29,0.34,0.45,0.373,3600,0,20.99317,0,7,61200,36.89,0.000433333,0.000445238,82854.54545,1380.909091,23.01515152,0,1.461260649,0,16.65384615,0,0,0,0,0.004247222,8685.676913,2.412688031,0.060046189,0.655384615,0,MEDIUM,LOW
VEH_008,68b89b2d4f65cd554d7512ab,11/11/2025 22:00,ON,29.4,5787.36,35.12,35.7,44.5,255,-0.44,42,16.32,0,348.23,345452.27,1.77,29.4,16.61016949,0,0,16.32,0.44,0.42,0.434,3600,0,23.40288,0,7,64800,35.12,0.000491667,0.000473413,74184.74434,1236.412406,20.60687343,0,1.653620596,0,16.61016949,0,0,0,0,0.004533333,7747.058824,2.151960784,0.060204082,0.870769231,0,MEDIUM,LOW
VEH_008,68b89b2d4f65cd554d7512ab,11/11/2025 23:00,ON,25.85,5813.21,33.57,35.3,41.5,256,0.34,37,15.26,0,349.78,345452.27,1.55,25.85,16.67741935,0,0,15.26,0.34,0.37,0.349,3600,0,20.58574,0,7,68400,33.57,0.000430556,0.000475397,70614.69115,1176.911519,19.61519199,0,1.453948721,0,16.67741935,0,0,0,0,0.004238889,7919.528178,2.199868938,0.059961315,0.421538462,0,MEDIUM,LOW
VEH_008,68b89b2d4f65cd554d7512ab,12/11/2025 0:00,ON,27.9,5841.11,31.9,34.8,45.5,257,-0.21,12,15.87,0,351.46,345452.27,1.67,27.9,16.70658683,0,0,15.87,0.21,0.12,0.183,3600,0,18.77421,0,7,72000,31.9,0.000463889,0.000475,67157.89474,1119.298246,18.65497076,0,1.569252198,0,16.70658683,0,0,0,0,0.004408333,7236.294896,2.010081916,0.059856631,0.209230769,0,MEDIUM,LOW
VEH_008,68b89b2d4f65cd554d7512ab,12/11/2025 1:00,ON,27.28,5868.39,30.26,34.5,41.3,258,0.39,1,15.68,0,353.09,345452.27,1.64,27.28,16.63414634,0,0,15.68,0.39,0.01,0.276,3600,0,20.00768,0,7,75600,30.26,0.000455556,0.000456746,66251.25977,1104.187663,18.40312772,0,1.534379927,0,16.63414634,0,0,0,0,0.004355556,6947.44898,1.929846939,0.060117302,0.818461538,0,MEDIUM,LOW
VEH_008,68b89b2d4f65cd554d7512ab,12/11/2025 2:00,ON,20.22,5888.61,29.05,34.3,39.2,259,0.43,25,13.56,0,354.31,345452.27,1.21,20.22,16.7107438,0,0,13.56,0.43,0.25,0.376,3600,0,18.65856,0,7,79200,29.05,0.000336111,0.000434524,66854.79452,1114.246575,18.57077626,0,1.137286002,0,16.7107438,0,0,0,0,0.003766667,7712.389381,2.142330383,0.059841741,0.203076923,0,MEDIUM,LOW
VEH_008,68b89b2d4f65cd554d7512ab,12/11/2025 3:00,ON,15.83,5904.44,28.1,33.5,42.5,260,0.4,15,12.25,0,355.26,345452.27,0.95,15.83,16.66315789,0,0,12.25,0.4,0.15,0.325,3600,0,16.23125,0,7,82800,28.1,0.000263889,0.000410714,68417.3913,1140.289855,19.00483092,0,0.890367824,0,16.66315789,0,0,0,0,0.003402778,8257.959184,2.293877551,0.060012634,0.550769231,0,MEDIUM,LOW
VEH_008,68b89b2d4f65cd554d7512ab,12/11/2025 4:00,ON,16.06,5920.5,27.14,33.5,38.8,261,-0.49,47,12.32,0,356.22,345452.27,0.96,16.06,16.72916667,0,0,12.32,0.49,0.47,0.484,3600,0,18.28288,0,7,86400,27.14,0.000266667,0.000386905,70146.46154,1169.107692,19.48512821,0,0.903304312,0,16.72916667,0,0,0,0,0.003422222,7930.519481,2.202922078,0.059775841,0.166153846,0,MEDIUM,LOW
VEH_008,68b89b2d4f65cd554d7512ab,12/11/2025 5:00,ON,17.53,5938.03,26.08,33.9,44.1,262,0.27,30,12.76,0,357.27,345452.27,1.06,17.53,16.53773585,0,0,12.76,0.27,0.3,0.279,3600,0,16.32004,0,7,90000,26.08,0.000294444,0.00035873,72700.88496,1211.681416,20.19469027,0,0.985985342,0,16.53773585,0,0,0,0,0.003544444,7357.99373,2.043887147,0.06046777,0.941538462,0,MEDIUM,LOW
VEH_008,68b89b2d4f65cd554d7512ab,12/11/2025 6:00,ON,19.84,5957.87,43.4,33.6,43.4,263,0.21,43,13.45,0,358.46,345452.27,0,19.84,0,0,0,13.45,0.21,0.43,0.276,3600,0,17.1622,1,8,0,43.4,0,0.000297222,146018.6916,2433.64486,40.56074766,0,1.115912674,0,0,0,0,0,0,0.003736111,11616.35688,3.226765799,0,0.023076923,0,MEDIUM,LOW
VEH_008,68b89b2d4f65cd554d7512ab,12/11/2025 7:00,ON,20.25,5978.12,42.18,33.7,41,264,-0.11,3,13.57,0,359.68,345452.27,1.22,20.25,16.59836066,0,0,13.57,0.11,0.03,0.086,3600,0,14.73702,0,8,3600,42.18,0.000338889,0.000279365,150985.2273,2516.420455,41.94034091,0,1.13897337,0,16.59836066,0,0,0,0,0.003769444,11189.97789,3.108327192,0.060246914,0.886153846,0,MEDIUM,LOW
VEH_008,68b89b2d4f65cd554d7512ab,12/11/2025 8:00,ON,14.8,5992.92,41.29,34.3,39.1,265,-0.44,13,11.94,0,360.57,345452.27,0.89,14.8,16.62921348,0,0,11.94,0.44,0.13,0.347,3600,0,16.08318,0,8,7200,41.29,0.000247222,0.000249603,165422.5755,2757.042925,45.95071542,0,0.832434858,0,16.62921348,0,0,0,0,0.003316667,12449.24623,3.458123953,0.060135135,0.833846154,0,MEDIUM,LOW
VEH_008,68b89b2d4f65cd554d7512ab,12/11/2025 9:00,ON,7.67,6000.6,40.83,34.1,35.3,266,0.24,12,9.8,0,361.03,345452.27,0.46,7.68,16.69565217,0,0,9.8,0.24,0.12,0.204,3600,0,11.7992,0,8,10800,40.83,0.000127778,0.000219841,185724.9097,3095.415162,51.59025271,0,0.431966197,0,16.69565217,0,0,0,0,0.002722222,14998.77551,4.166326531,0.059895833,0.255384615,0,MEDIUM,LOW
VEH_008,68b89b2d4f65cd554d7512ab,12/11/2025 10:00,ON,7.42,6008.02,40.39,34,37.2,267,0.49,22,9.73,0,361.47,345452.27,0.44,7.42,16.86363636,0,0,9.73,0.49,0.22,0.409,3600,0,13.70957,0,8,14400,40.39,0.000122222,0.000199603,202351.4911,3372.524851,56.20874751,0,0.417342341,0,16.86363636,0,0,0,0,0.002702778,14943.88489,4.151079137,0.059299191,0.092307692,0,MEDIUM,LOW
VEH_008,68b89b2d4f65cd554d7512ab,12/11/2025 11:00,ON,13.84,6021.85,39.56,34,40.4,268,-0.33,15,11.65,0,362.3,345452.27,0.83,13.83,16.6626506,0,0,11.65,0.33,0.15,0.276,3600,0,14.8654,0,8,18000,39.56,0.000230556,0.000194444,203451.4286,3390.857143,56.51428571,0,0.777876627,0,16.6626506,0,0,0,0,0.003236111,12224.54936,3.395708155,0.060014461,0.56,0,MEDIUM,LOW
VEH_008,68b89b2d4f65cd554d7512ab,12/11/2025 12:00,ON,12.3,6034.16,38.82,34,43.3,269,-0.24,47,11.19,0,363.04,345452.27,0.74,12.31,16.63513514,0,0,11.19,0.24,0.47,0.309,3600,0,14.64771,0,8,21600,38.82,0.000205556,0.000181746,213594.7598,3559.912664,59.33187773,0,0.692383318,0,16.63513514,0,0,0,0,0.003108333,12489.00804,3.469168901,0.060113729,0.815384615,0,MEDIUM,LOW
VEH_008,68b89b2d4f65cd554d7512ab,12/11/2025 13:00,ON,20,6054.15,37.62,33.8,43.6,270,-0.34,44,13.5,0,364.24,345452.27,1.2,19.99,16.65833333,0,0,13.5,0.34,0.44,0.37,3600,0,18.495,0,8,25200,37.62,0.000333333,0.000229365,164017.9931,2733.633218,45.56055363,0,1.124349514,0,16.65833333,0,0,0,0,0.00375,10032,2.786666667,0.060030015,0.606153846,0,MEDIUM,LOW
VEH_008,68b89b2d4f65cd554d7512ab,12/11/2025 14:00,ON,23.19,6077.34,36.23,33.6,42.5,271,-0.49,18,14.46,0,365.63,345452.27,1.39,23.19,16.68345324,0,0,14.46,0.49,0.18,0.397,3600,0,20.20062,0,8,28800,36.23,0.000386111,0.000236111,153444.7059,2557.411765,42.62352941,0,1.304335429,0,16.68345324,0,0,0,0,0.004016667,9019.917012,2.505532503,0.059939629,0.356923077,0,MEDIUM,LOW
VEH_008,68b89b2d4f65cd554d7512ab,12/11/2025 15:00,ON,24.29,6101.63,34.77,34.9,44.9,272,0.3,5,14.79,0,367.09,345452.27,1.46,24.29,16.6369863,0,0,14.79,0.3,0.05,0.225,3600,0,18.11775,0,8,32400,34.77,0.000405556,0.00025873,134387.1166,2239.785276,37.3297546,0,1.366205588,0,16.6369863,0,0,0,0,0.004108333,8463.286004,2.350912779,0.06010704,0.8,0,MEDIUM,LOW
VEH_008,68b89b2d4f65cd554d7512ab,12/11/2025 16:00,ON,27.69,6129.32,33.11,34.8,43.8,273,-0.12,33,15.81,0,368.75,345452.27,1.66,27.69,16.68072289,0,0,15.81,0.12,0.33,0.183,3600,0,18.70323,0,8,36000,33.11,0.000461111,0.000306349,108079.2746,1801.321244,30.02202073,0,1.557440623,0,16.68072289,0,0,0,0,0.004391667,7539.278937,2.094244149,0.05994944,0.390769231,0,MEDIUM,LOW
VEH_008,68b89b2d4f65cd554d7512ab,12/11/2025 17:00,ON,29.97,6159.29,68.31,34.5,46.6,274,-0.15,13,16.49,0,370.55,345452.27,0,29.97,0,0,0,16.49,0.15,0.13,0.144,3600,0,18.86456,1,9,0,68.31,0,0.000288889,236457.6923,3940.961538,65.68269231,0,1.685680587,0,0,0,0,0,0,0.004580556,14913.0382,4.142510612,0,0.023076923,0,LOW,LOW
VEH_008,68b89b2d4f65cd554d7512ab,12/11/2025 18:00,ON,29.5,6188.79,66.54,34.4,45.3,275,0.1,32,16.35,0,372.32,345452.27,1.77,29.5,16.66666667,0,0,16.35,0.1,0.32,0.166,3600,0,19.0641,0,9,3600,66.54,0.000491667,0.00032619,203991.2409,3399.854015,56.66423358,0,1.659245156,0,16.66666667,0,0,0,0,0.004541667,14651.00917,4.069724771,0.06,0.510769231,0,LOW,LOW
VEH_008,68b89b2d4f65cd554d7512ab,12/11/2025 19:00,ON,25.67,6214.46,65,34,43.2,276,0.21,18,15.2,0,373.86,345452.27,1.54,25.67,16.66883117,0,0,15.2,0.21,0.18,0.201,3600,0,18.2552,0,9,7200,65,0.000427778,0.000357937,181596.4523,3026.607539,50.44345898,0,1.443824514,0,16.66883117,0,0,0,0,0.004222222,15394.73684,4.276315789,0.059992209,0.492307692,0,LOW,LOW
VEH_008,68b89b2d4f65cd554d7512ab,12/11/2025 20:00,ON,29.21,6243.67,63.25,33.5,46.1,277,0.46,12,16.26,0,375.61,345452.27,1.75,29.21,16.69142857,0,0,16.26,0.46,0.12,0.358,3600,0,22.08108,0,9,10800,63.25,0.000486111,0.000379762,166551.7241,2775.862069,46.26436782,0,1.642933932,0,16.69142857,0,0,0,0,0.004516667,14003.69004,3.889913899,0.059910989,0.289230769,0,LOW,LOW
VEH_008,68b89b2d4f65cd554d7512ab,12/11/2025 21:00,ON,35.95,6279.62,61.09,33.7,49.2,278,0.48,4,18.29,0,377.77,345452.27,2.16,35.95,16.64351852,0,0,18.29,0.48,0.04,0.348,3600,1,24.65492,0,9,14400,61.09,0.0006,0.000410317,148884.7195,2481.411992,41.35686654,0,2.022029266,0,16.64351852,0,0,0,0,0.005080556,12024.27556,3.340076545,0.060083449,0.750769231,0,LOW,LOW
VEH_008,68b89b2d4f65cd554d7512ab,12/11/2025 22:00,ON,38.3,6317.92,58.79,33.9,48.1,279,0.36,31,18.99,0,380.07,345452.27,2.3,38.3,16.65217391,0,0,18.99,0.36,0.31,0.345,3600,1,25.54155,0,9,18000,58.79,0.000638889,0.000443651,132514.1324,2208.568873,36.80948122,0,2.154206423,0,16.65217391,0,0,0,0,0.005275,11145.0237,3.095839916,0.060052219,0.675384615,0,LOW,LOW
VEH_008,68b89b2d4f65cd554d7512ab,12/11/2025 23:00,ON,38.15,6356.07,56.51,34.4,42.7,280,0.37,46,18.94,0,382.35,345452.27,2.28,38.15,16.73245614,0,0,18.94,0.37,0.46,0.397,3600,1,26.45918,0,9,21600,56.51,0.000633333,0.000468254,120682.3729,2011.372881,33.52288136,0,2.145769583,0,16.73245614,0,0,0,0,0.005261111,10741.07709,2.983632524,0.059764089,0.163076923,0,LOW,LOW
VEH_008,68b89b2d4f65cd554d7512ab,13/11/2025 0:00,ON,39.63,6395.69,54.13,34.2,44.3,281,0.3,38,19.39,0,384.73,345452.27,2.38,39.62,16.64705882,0,0,19.39,0.3,0.38,0.324,3600,1,25.67236,0,9,25200,54.13,0.000661111,0.000562698,96197.17913,1603.286319,26.72143865,0,2.228450613,0,16.64705882,0,0,0,0,0.005386111,10049.92264,2.791645178,0.060070671,0.716923077,0,LOW,LOW
VEH_008,68b89b2d4f65cd554d7512ab,13/11/2025 1:00,ON,43.34,6439.03,51.53,34.1,46.8,282,0.43,21,20.5,0,387.33,345452.27,2.6,43.34,16.66923077,0,0,20.5,0.43,0.21,0.364,3600,1,27.962,0,9,28800,51.53,0.000722222,0.000595635,86512.72485,1441.878748,24.03131246,0,2.437684239,0,16.66923077,0,0,0,0,0.005694444,9049.170732,2.513658537,0.059990771,0.489230769,0,LOW,LOW
VEH_008,68b89b2d4f65cd554d7512ab,13/11/2025 2:00,ON,41.12,6480.15,49.06,35,47.3,283,-0.11,39,19.84,0,389.8,345452.27,2.47,41.12,16.64777328,0,0,19.84,0.11,0.39,0.194,3600,1,23.68896,0,9,32400,49.06,0.000686111,0.00063254,77560.35132,1292.672522,21.54454203,0,2.312819011,0,16.64777328,0,0,0,0,0.005511111,8902.016129,2.472782258,0.060068093,0.710769231,0,LOW,LOW
VEH_008,68b89b2d4f65cd554d7512ab,13/11/2025 3:00,ON,41.98,6522.13,46.54,35.3,50.7,284,0.48,26,20.09,0,392.32,345452.27,2.52,41.98,16.65873016,0,0,20.09,0.48,0.26,0.414,3600,1,28.40726,0,9,36000,46.54,0.0007,0.000663095,70185.99641,1169.766607,19.49611011,0,2.361190225,0,16.65873016,0,0,0,0,0.005580556,8339.671478,2.316575411,0.060028585,0.596923077,0,LOW,LOW
VEH_008,68b89b2d4f65cd554d7512ab,13/11/2025 4:00,ON,41.8,6563.93,44.03,35.2,49,285,-0.45,4,20.04,0,394.83,345452.27,2.51,41.8,16.65338645,0,0,20.04,0.45,0.04,0.327,3600,1,26.59308,0,9,39600,44.03,0.000697222,0.000676984,65038.45252,1083.974209,18.06623681,0,2.351066018,0,16.65338645,0,0,0,0,0.005566667,7909.580838,2.197105788,0.060047847,0.66,0,MEDIUM,LOW
VEH_008,68b89b2d4f65cd554d7512ab,13/11/2025 5:00,ON,48.05,6611.98,41.15,35.3,47.7,286,0.29,16,21.92,0,397.71,345452.27,2.88,48.05,16.68402778,0,0,21.92,0.29,0.16,0.251,3600,1,27.42192,0,9,43200,41.15,0.0008,0.0007,58785.71429,979.7619048,16.32936508,0,2.702601008,0,16.68402778,0,0,0,0,0.006088889,6758.211679,1.877281022,0.059937565,0.350769231,0,MEDIUM,LOW
VEH_008,68b89b2d4f65cd554d7512ab,13/11/2025 6:00,ON,55.8,6667.78,37.8,34.4,51.6,287,-0.1,0,24.24,0,401.06,345452.27,3.35,55.8,16.65671642,0,0,24.24,0.1,0,0.07,3600,1,25.9368,0,9,46800,37.8,0.000930556,0.00074246,50911.81187,848.5301978,14.14216996,0,3.138504397,0,16.65671642,0,0,0,0,0.006733333,5613.861386,1.559405941,0.060035842,0.618461538,0,MEDIUM,LOW
VEH_008,68b89b2d4f65cd554d7512ab,13/11/2025 7:00,ON,58.66,6726.43,34.28,34.8,57.3,288,-0.27,30,25.1,0,404.58,345452.27,3.52,58.65,16.66193182,0,0,25.1,0.27,0.3,0.279,3600,1,32.1029,0,9,50400,34.28,0.000977778,0.000787698,43519.19395,725.3198992,12.08866499,0,3.298804353,0,16.66193182,0,0,0,0,0.006972222,4916.653386,1.365737052,0.06001705,0.566153846,0,MEDIUM,MEDIUM
VEH_008,68b89b2d4f65cd554d7512ab,13/11/2025 8:00,ON,64.56,6790.99,30.41,34.4,56.6,289,-0.11,20,26.87,0,408.45,345452.27,3.87,64.56,16.68217054,0,0,26.87,0.11,0.2,0.137,3600,1,30.55119,0,9,54000,30.41,0.001075,0.000838095,36284.65909,604.7443182,10.07907197,0,3.63121584,0,16.68217054,0,0,0,0,0.007463889,4074.283588,1.131745441,0.059944238,0.375384615,0,MEDIUM,MEDIUM
VEH_008,68b89b2d4f65cd554d7512ab,13/11/2025 9:00,ON,62.53,6853.52,26.66,34.6,55,290,-0.4,21,26.26,0,412.2,345452.27,3.75,62.53,16.67466667,0,0,26.26,0.4,0.21,0.343,3600,1,35.26718,0,9,57600,26.66,0.001041667,0.000888889,29992.5,499.875,8.33125,0,3.517037275,0,16.67466667,0,0,0,0,0.007294444,3654.836253,1.015232292,0.059971214,0.452307692,0,MEDIUM,MEDIUM
VEH_008,68b89b2d4f65cd554d7512ab,13/11/2025 10:00,ON,57.91,6911.43,23.18,34.3,55.6,291,0.39,40,24.87,0,415.68,345452.27,3.48,57.91,16.6408046,0,0,24.87,0.39,0.4,0.393,3600,1,34.64391,0,9,61200,23.18,0.000966667,0.000926984,25005.82192,416.7636986,6.946061644,0,3.25718261,0,16.6408046,0,0,0,0,0.006908333,3355.367913,0.932046643,0.060093248,0.772307692,0,HIGH,MEDIUM
VEH_008,68b89b2d4f65cd554d7512ab,13/11/2025 11:00,ON,54.4,6965.83,19.92,35.2,52.2,292,-0.39,44,23.82,0,418.94,345452.27,3.26,54.4,16.68711656,0,0,23.82,0.39,0.44,0.405,3600,1,33.4671,0,9,64800,19.92,0.000905556,0.000956746,20820.57238,347.0095396,5.783492327,0,3.059760559,0,16.68711656,0,0,0,0,0.006616667,3010.579345,0.83627204,0.059926471,0.326153846,0,HIGH,MEDIUM
VEH_008,68b89b2d4f65cd554d7512ab,13/11/2025 12:00,ON,49.38,7015.21,16.96,34.9,52.5,293,-0.4,9,22.31,0,421.9,345452.27,2.96,49.38,16.68243243,0,0,22.31,0.4,0.09,0.307,3600,1,29.15917,0,9,68400,16.96,0.000822222,0.000959921,17668.12733,294.4687888,4.907813146,0,2.777407654,0,16.68243243,0,0,0,0,0.006197222,2736.709996,0.760197221,0.059943297,0.372307692,0,HIGH,MEDIUM
VEH_008,68b89b2d4f65cd554d7512ab,13/11/2025 13:00,ON,52.05,7067.26,13.83,34.3,50.7,294,-0.06,2,23.11,0,425.03,345452.27,3.13,52.05,16.62939297,0,0,23.11,0.06,0.02,0.048,3600,1,24.21928,0,9,72000,13.83,0.000869444,0.00095119,14539.67459,242.3279099,4.038798498,0,2.927583402,0,16.62939297,0,0,0,0,0.006419444,2154.392038,0.598442233,0.060134486,0.830769231,0,HIGH,MEDIUM
VEH_008,68b89b2d4f65cd554d7512ab,13/11/2025 14:00,ON,54.99,7122.25,35.09,34.5,56.3,295,0.42,40,24,0,428.33,345452.27,0,54.99,0,0,0,24,0.42,0.4,0.414,3600,1,33.936,1,10,0,35.09,0,0.000811508,43240.489,720.6748166,12.01124694,0,3.092945462,0,0,0,0,0,0,0.006666667,5263.5,1.462083333,0,0.023076923,0,MEDIUM,MEDIUM
VEH_008,68b89b2d4f65cd554d7512ab,13/11/2025 15:00,ON,55.73,7177.98,31.75,34,53.3,296,0.41,30,24.22,0,431.67,345452.27,3.34,55.73,16.68562874,0,0,24.22,0.41,0.3,0.377,3600,1,33.35094,0,10,3600,31.75,0.000927778,0.000790476,40165.66265,669.4277108,11.15712851,0,3.134567205,0,16.68562874,0,0,0,0,0.006727778,4719.240297,1.310900083,0.059931814,0.344615385,0,MEDIUM,MEDIUM
VEH_008,68b89b2d4f65cd554d7512ab,13/11/2025 16:00,ON,52.78,7230.76,28.58,33.6,51.5,297,0.11,47,23.33,0,434.84,345452.27,3.17,52.78,16.64984227,0,0,23.33,0.11,0.47,0.218,3600,1,28.41594,0,10,7200,28.58,0.000880556,0.00076746,37239.71044,620.6618407,10.34436401,0,2.968642689,0,16.64984227,0,0,0,0,0.006480556,4410.115731,1.225032147,0.060060629,0.698461538,0,MEDIUM,MEDIUM
VEH_008,68b89b2d4f65cd554d7512ab,13/11/2025 17:00,ON,46.59,7277.35,25.79,34,49.5,298,0.36,16,21.48,0,437.63,345452.27,2.79,46.59,16.69892473,0,0,21.48,0.36,0.16,0.3,3600,1,27.924,0,10,10800,25.79,0.000775,0.000740079,34847.61394,580.7935657,9.679892761,0,2.620482435,0,16.69892473,0,0,0,0,0.005966667,4322.346369,1.200651769,0.059884095,0.243076923,0,MEDIUM,MEDIUM
VEH_008,68b89b2d4f65cd554d7512ab,13/11/2025 18:00,ON,50.78,7328.13,22.74,34.8,48.8,299,0.47,16,22.73,0,440.68,345452.27,3.05,50.78,16.64918033,0,0,22.73,0.47,0.16,0.377,3600,1,31.29921,0,10,14400,22.74,0.000847222,0.000731746,31076.35575,517.9392625,8.632321041,0,2.856151492,0,16.64918033,0,0,0,0,0.006313889,3601.58381,1.000439947,0.060063017,0.704615385,0,HIGH,MEDIUM
VEH_008,68b89b2d4f65cd554d7512ab,13/11/2025 19:00,ON,47.17,7375.3,49.31,34,52.1,300,0.43,12,21.65,0,443.51,345452.27,0,47.17,0,0,0,21.65,0.43,0.12,0.337,3600,1,28.94605,1,11,0,49.31,0,0.000614286,80272.09302,1337.868217,22.29780362,0,2.653104882,0,0,0,0,0,0,0.006013889,8199.353349,2.277598152,0,0.023076923,0,LOW,LOW
VEH_008,68b89b2d4f65cd554d7512ab,13/11/2025 20:00,ON,47.97,7423.27,46.43,34.3,48.7,301,-0.4,45,21.89,0,446.39,345452.27,2.88,47.97,16.65625,0,0,21.89,0.4,0.45,0.415,3600,1,30.97435,0,11,3600,46.43,0.0008,0.000604365,76824.42548,1280.407091,21.34011819,0,2.69810136,0,16.65625,0,0,0,0,0.006080556,7635.815441,2.121059845,0.060037523,0.633846154,0,LOW,LOW
VEH_008,68b89b2d4f65cd554d7512ab,13/11/2025 21:00,ON,43.55,7466.82,43.82,34.1,46.9,302,-0.23,10,20.56,0,449,345452.27,2.61,43.55,16.68582375,0,0,20.56,0.23,0.1,0.191,3600,1,24.48696,0,11,7200,43.82,0.000725,0.000707937,61898.20628,1031.636771,17.19394619,0,2.449495815,0,16.68582375,0,0,0,0,0.005711111,7672.762646,2.131322957,0.059931114,0.341538462,0,MEDIUM,LOW
VEH_008,68b89b2d4f65cd554d7512ab,13/11/2025 22:00,ON,41.8,7508.62,41.31,35,51,303,0.44,9,20.04,0,451.51,345452.27,2.51,41.8,16.65338645,0,0,20.04,0.44,0.09,0.335,3600,1,26.7534,0,11,10800,41.31,0.000697222,0.000675,61200,1020,17,0,2.351066018,0,16.65338645,0,0,0,0,0.005566667,7420.958084,2.061377246,0.060047847,0.66,0,MEDIUM,LOW
VEH_008,68b89b2d4f65cd554d7512ab,13/11/2025 23:00,ON,45.94,7554.56,38.55,34.8,48.5,304,-0.01,48,21.28,0,454.26,345452.27,2.76,45.94,16.64492754,0,0,21.28,0.01,0.48,0.151,3600,1,24.49328,0,11,14400,38.55,0.000766667,0.00065873,58521.68675,975.3614458,16.2560241,0,2.583922796,0,16.64492754,0,0,0,0,0.005911111,6521.616541,1.81156015,0.060078363,0.732307692,0,MEDIUM,LOW
VEH_008,68b89b2d4f65cd554d7512ab,14/11/2025 0:00,ON,48.47,7603.03,35.64,35,48.4,305,-0.07,49,22.04,0,457.17,345452.27,2.91,48.47,16.65635739,0,0,22.04,0.07,0.49,0.196,3600,1,26.35984,0,11,18000,35.64,0.000808333,0.000663492,53715.78947,895.2631579,14.92105263,0,2.72622416,0,16.65635739,0,0,0,0,0.006122222,5821.415608,1.617059891,0.060037136,0.630769231,0,MEDIUM,LOW
VEH_008,68b89b2d4f65cd554d7512ab,14/11/2025 1:00,ON,49.65,7652.69,32.66,35.3,52,306,0.32,27,22.4,0,460.15,345452.27,2.98,49.66,16.66442953,0,0,22.4,0.32,0.27,0.305,3600,1,29.232,0,11,21600,32.66,0.000827778,0.000660714,49431.35135,823.8558559,13.73093093,0,2.793156422,0,16.66442953,0,0,0,0,0.006222222,5248.928571,1.458035714,0.060008055,0.541538462,0,MEDIUM,MEDIUM
VEH_008,68b89b2d4f65cd554d7512ab,14/11/2025 2:00,ON,45.13,7697.81,29.96,36.1,44.1,307,0.24,44,21.04,0,462.86,345452.27,2.7,45.12,16.71111111,0,0,21.04,0.24,0.44,0.3,3600,1,27.352,0,11,25200,29.96,0.00075,0.000767857,39017.67442,650.2945736,10.83824289,0,2.537801405,0,16.71111111,0,0,0,0,0.005844444,5126.235741,1.423954373,0.059840426,0.196923077,0,MEDIUM,MEDIUM
VEH_008,68b89b2d4f65cd554d7512ab,14/11/2025 3:00,ON,49.92,7747.74,26.96,35.8,52.4,308,0.22,22,22.48,0,465.85,345452.27,3,49.93,16.64333333,0,0,22.48,0.22,0.22,0.22,3600,1,27.4256,0,11,28800,26.96,0.000833333,0.000772619,34894.29892,581.5716487,9.692860812,0,2.808342734,0,16.64333333,0,0,0,0,0.006244444,4317.437722,1.199288256,0.060084118,0.753846154,0,MEDIUM,MEDIUM
VEH_008,68b89b2d4f65cd554d7512ab,14/11/2025 4:00,ON,47.26,7795,24.13,35.5,47.8,309,-0.11,10,21.68,0,468.69,345452.27,2.83,47.26,16.69964664,0,0,21.68,0.11,0.1,0.107,3600,1,23.99976,0,11,32400,24.13,0.000786111,0.000781349,30882.47842,514.7079736,8.578466227,0,2.658166986,0,16.69964664,0,0,0,0,0.006022222,4006.826568,1.11300738,0.059881507,0.236923077,0,HIGH,MEDIUM
VEH_008,68b89b2d4f65cd554d7512ab,14/11/2025 5:00,ON,50.47,7845.47,21.1,36,52.4,310,0.25,25,22.64,0,471.72,345452.27,3.03,50.47,16.65676568,0,0,22.64,0.25,0.25,0.25,3600,1,28.3,0,11,36000,21.1,0.000841667,0.000801984,26309.74765,438.4957942,7.308263236,0,2.838715357,0,16.65676568,0,0,0,0,0.006288889,3355.123675,0.931978799,0.060035665,0.615384615,0,HIGH,MEDIUM
VEH_008,68b89b2d4f65cd554d7512ab,14/11/2025 6:00,ON,48.36,7893.84,18.2,36.2,52.1,311,-0.01,31,22.01,0,474.62,345452.27,2.9,48.37,16.67931034,0,0,22.01,0.01,0.31,0.1,3600,1,24.211,0,11,39600,18.2,0.000805556,0.00080754,22537.59214,375.6265356,6.26044226,0,2.7205996,0,16.67931034,0,0,0,0,0.006113889,2976.828714,0.826896865,0.059954517,0.403076923,0,HIGH,MEDIUM
VEH_008,68b89b2d4f65cd554d7512ab,14/11/2025 7:00,ON,44.15,7937.98,15.55,35.8,45.9,312,-0.1,28,20.74,0,477.27,345452.27,2.65,44.14,16.65660377,0,0,20.74,0.1,0.28,0.154,3600,1,23.93396,0,11,43200,15.55,0.000736111,0.000797222,19505.22648,325.087108,5.418118467,0,2.482680718,0,16.65660377,0,0,0,0,0.005761111,2699.132112,0.74975892,0.060036248,0.621538462,0,HIGH,MEDIUM
VEH_008,68b89b2d4f65cd554d7512ab,14/11/2025 8:00,ON,49.73,7987.71,12.56,36.2,50.9,313,0.26,43,22.42,0,480.25,345452.27,2.99,49.73,16.63210702,0,0,22.42,0.26,0.43,0.311,3600,1,29.39262,0,11,46800,12.56,0.000830556,0.000797619,15746.86567,262.4477612,4.374129353,0,2.797093614,0,16.63210702,0,0,0,0,0.006227778,2016.77074,0.560214095,0.060124673,0.824615385,0,HIGH,MEDIUM
VEH_008,68b89b2d4f65cd554d7512ab,14/11/2025 9:00,ON,49.98,8037.69,9.56,36.5,50.9,314,-0.01,14,22.49,0,483.25,345452.27,3,49.98,16.66,0,0,22.49,0.01,0.14,0.049,3600,1,23.59201,0,11,50400,9.56,0.000833333,0.000809524,11809.41176,196.8235294,3.280392157,0,2.811155013,0,16.66,0,0,0,0,0.006247222,1530.280124,0.425077812,0.06002401,0.590769231,0,HIGH,HIGH
VEH_008,68b89b2d4f65cd554d7512ab,14/11/2025 10:00,ON,45.75,8083.43,6.82,36,53.7,315,0.31,34,21.22,0,486,345452.27,2.74,45.74,16.69343066,0,0,21.22,0.31,0.34,0.319,3600,1,27.98918,0,11,54000,6.82,0.000761111,0.000799206,8533.46574,142.224429,2.37040715,0,2.572673676,0,16.69343066,0,0,0,0,0.005894444,1157.021678,0.32139491,0.059903804,0.273846154,0,HIGH,HIGH
VEH_008,68b89b2d4f65cd554d7512ab,14/11/2025 11:00,ON,46.02,8129.46,4.06,35.6,49.1,316,0.08,11,21.31,0,488.76,345452.27,2.76,46.03,16.67753623,0,0,21.31,0.08,0.11,0.089,3600,1,23.20659,0,11,57600,4.06,0.000766667,0.000796429,5097.757848,84.96263079,1.416043847,0,2.588984899,0,16.67753623,0,0,0,0,0.005919444,685.875176,0.190520882,0.059960895,0.418461538,0,HIGH,HIGH
VEH_008,68b89b2d4f65cd554d7512ab,14/11/2025 12:00,ON,40.94,8170.4,1.6,35.6,49.1,317,0.5,15,19.78,0,491.21,345452.27,2.46,40.94,16.64227642,0,0,19.78,0.5,0.15,0.395,3600,1,27.5931,0,11,61200,1.6,0.000683333,0.00077381,2067.692308,34.46153846,0.574358974,0,2.302694803,0,16.64227642,0,0,0,0,0.005494444,291.2032356,0.080889788,0.060087934,0.766153846,0,HIGH,HIGH
VEH_008,68b89b2d4f65cd554d7512ab,14/11/2025 13:00,ON,40.92,8211.31,27.97,35.6,48.1,318,-0.08,26,19.78,0,493.67,345452.27,0,40.91,0,0,0,19.78,0.08,0.26,0.134,3600,1,22.43052,1,12,0,27.97,0,0.00065873,42460.48193,707.6746988,11.79457831,0,2.301007435,0,0,0,0,0,0,0.005494444,5090.596562,1.414054601,0,0.023076923,0,MEDIUM,MEDIUM
VEH_008,68b89b2d4f65cd554d7512ab,14/11/2025 14:00,ON,45.19,8256.5,25.25,35.9,49.5,319,-0.34,31,21.06,0,496.38,345452.27,2.72,45.19,16.61397059,0,0,21.06,0.34,0.31,0.331,3600,1,28.03086,0,12,3600,25.25,0.000755556,0.000661508,38170.36593,636.1727654,10.60287942,0,2.541738597,0,16.61397059,0,0,0,0,0.00585,4316.239316,1.198955366,0.060190308,0.864615385,0,MEDIUM,MEDIUM
VEH_008,68b89b2d4f65cd554d7512ab,14/11/2025 15:00,ON,48.7,8305.21,22.33,35.9,51.2,320,0.36,27,22.11,0,499.3,345452.27,2.92,48.71,16.68150685,0,0,22.11,0.36,0.27,0.333,3600,1,29.47263,0,12,7200,22.33,0.000811111,0.00065873,33898.55422,564.9759036,9.41626506,0,2.739723103,0,16.68150685,0,0,0,0,0.006141667,3635.820896,1.009950249,0.059946623,0.384615385,0,HIGH,MEDIUM
VEH_008,68b89b2d4f65cd554d7512ab,14/11/2025 16:00,ON,53.71,8358.91,19.11,35.3,50.2,321,0.14,41,23.61,0,502.52,345452.27,3.22,53.7,16.67701863,0,0,23.61,0.14,0.41,0.221,3600,1,28.82781,0,12,10800,19.11,0.000894444,0.00066746,28630.91558,477.1819263,7.953032105,0,3.02038864,0,16.67701863,0,0,0,0,0.006558333,2913.850064,0.809402795,0.059962756,0.427692308,0,HIGH,MEDIUM
VEH_008,68b89b2d4f65cd554d7512ab,14/11/2025 17:00,ON,60.43,8419.35,58.3,35.4,58.6,322,0,4,25.63,0,506.15,345452.27,0,60.44,0,0,0,25.63,0,0.04,0.012,3600,1,25.93756,1,13,0,58.3,0,0.00055873,104343.75,1739.0625,28.984375,0,3.399483974,0,0,0,0,0,0,0.007119444,8188.841202,2.274678112,0,0.023076923,0,LOW,LOW
VEH_008,68b89b2d4f65cd554d7512ab,14/11/2025 18:00,ON,63.75,8483.1,54.48,35.5,58.3,323,0.28,45,26.63,0,509.98,345452.27,3.82,63.75,16.68848168,0,0,26.63,0.28,0.45,0.331,3600,1,35.44453,0,13,3600,54.48,0.001061111,0.000600794,90680.05284,1511.334214,25.18890357,0,3.585656905,0,16.68848168,0,0,0,0,0.007397222,7364.926774,2.045812993,0.059921569,0.316923077,0,LOW,LOW
VEH_008,68b89b2d4f65cd554d7512ab,14/11/2025 19:00,ON,62.87,8545.97,50.71,35.7,57.7,324,-0.35,42,26.36,0,513.75,345452.27,3.77,62.87,16.67639257,0,0,26.36,0.35,0.42,0.371,3600,1,36.13956,0,13,7200,50.71,0.001047222,0.000652778,77683.40426,1294.723404,21.5787234,0,3.536160778,0,16.67639257,0,0,0,0,0.007322222,6925.493171,1.923748103,0.059965007,0.436923077,0,LOW,LOW
VEH_008,68b89b2d4f65cd554d7512ab,14/11/2025 20:00,ON,69.64,8615.61,46.53,36,57.4,325,-0.11,24,28.39,0,517.93,345452.27,4.18,69.64,16.66028708,0,0,28.39,0.11,0.24,0.149,3600,1,32.62011,0,13,10800,46.53,0.001161111,0.000818651,56837.42123,947.2903539,15.78817256,0,3.91694348,0,16.66028708,0,0,0,0,0.007886111,5900.246566,1.638957379,0.060022975,0.584615385,0,LOW,LOW
VEH_008,68b89b2d4f65cd554d7512ab,14/11/2025 21:00,ON,69.05,8684.66,42.39,36.8,57,326,-0.49,19,28.21,0,522.07,345452.27,4.14,69.05,16.67874396,0,0,28.21,0.49,0.19,0.4,3600,1,39.494,0,13,14400,42.39,0.00115,0.000875,48445.71429,807.4285714,13.45714286,0,3.883758577,0,16.67874396,0,0,0,0,0.007836111,5409.571074,1.502658632,0.059956553,0.406153846,0,MEDIUM,LOW
VEH_008,68b89b2d4f65cd554d7512ab,14/11/2025 22:00,ON,68.39,8753.05,38.28,36.8,56.7,327,-0.18,48,28.02,0,526.17,345452.27,4.11,68.39,16.63990268,0,0,28.02,0.18,0.48,0.27,3600,1,35.5854,0,13,18000,38.28,0.001141667,0.000922222,41508.43373,691.8072289,11.53012048,0,3.846636482,0,16.63990268,0,0,0,0,0.007783333,4918.201285,1.366167024,0.060096505,0.781538462,0,MEDIUM,MEDIUM
VEH_008,68b89b2d4f65cd554d7512ab,14/11/2025 23:00,ON,62.8,8815.85,34.51,36.5,53.1,328,0.15,8,26.34,0,529.94,345452.27,3.77,62.8,16.65782493,0,0,26.34,0.15,0.08,0.129,3600,1,29.73786,0,13,21600,34.51,0.001047222,0.000944048,36555.35939,609.2559899,10.1542665,0,3.532223586,0,16.65782493,0,0,0,0,0.007316667,4716.628702,1.310174639,0.060031847,0.612307692,0,MEDIUM,MEDIUM
VEH_008,68b89b2d4f65cd554d7512ab,15/11/2025 0:00,ON,55.42,8871.27,31.19,36.7,51.3,329,0.03,47,24.13,0,533.27,345452.27,3.32,55.42,16.69277108,0,0,24.13,0.03,0.47,0.162,3600,1,28.03906,0,13,25200,31.19,0.000922222,0.001075794,28992.54887,483.2091479,8.053485799,0,3.117131069,0,16.69277108,0,0,0,0,0.006702778,4653.294654,1.292581848,0.059906171,0.276923077,0,MEDIUM,MEDIUM
VEH_008,68b89b2d4f65cd554d7512ab,15/11/2025 1:00,ON,53.28,8924.55,27.99,36.5,54.6,330,0.19,20,23.48,0,536.46,345452.27,3.2,53.28,16.65,0,0,23.48,0.19,0.2,0.193,3600,1,28.01164,0,13,28800,27.99,0.000888889,0.00105119,26626.95357,443.7825595,7.396375991,0,2.996765489,0,16.65,0,0,0,0,0.006522222,4291.482112,1.192078365,0.06006006,0.695384615,0,MEDIUM,MEDIUM
VEH_008,68b89b2d4f65cd554d7512ab,15/11/2025 2:00,ON,57.58,8982.13,24.54,36.9,50.1,331,-0.36,16,24.77,0,539.92,345452.27,3.45,57.58,16.68985507,0,0,24.77,0.36,0.16,0.3,3600,1,32.201,0,13,32400,24.54,0.000958333,0.001038492,23630.41651,393.8402751,6.564004585,0,3.238621562,0,16.68985507,0,0,0,0,0.006880556,3566.572467,0.990714574,0.059916638,0.295384615,0,HIGH,MEDIUM
VEH_008,68b89b2d4f65cd554d7512ab,15/11/2025 3:00,ON,52.05,9034.17,21.41,36.8,51.5,332,0.25,2,23.11,0,543.04,345452.27,3.13,52.04,16.62619808,0,0,23.11,0.25,0.02,0.181,3600,1,27.29291,0,13,36000,21.41,0.000869444,0.000996825,21478.18471,357.9697452,5.96616242,0,2.927020946,0,16.62619808,0,0,0,0,0.006419444,3335.179576,0.926438771,0.060146042,0.84,0,HIGH,MEDIUM
VEH_008,68b89b2d4f65cd554d7512ab,15/11/2025 4:00,ON,54.42,9088.6,18.15,37,56.6,333,0.17,33,23.83,0,546.31,345452.27,3.26,54.43,16.69631902,0,0,23.83,0.17,0.33,0.218,3600,1,29.02494,0,13,39600,18.15,0.000905556,0.000961905,18868.81188,314.480198,5.241336634,0,3.061447927,0,16.69631902,0,0,0,0,0.006619444,2741.921947,0.761644985,0.059893441,0.249230769,0,HIGH,MEDIUM
VEH_008,68b89b2d4f65cd554d7512ab,15/11/2025 5:00,ON,61.23,9149.83,76.75,36.6,52.4,334,-0.46,47,25.87,0,549.98,345452.27,0,61.23,0,0,0,25.87,0.46,0.47,0.463,3600,1,37.84781,1,14,0,76.75,0,0.00079881,96080.4769,1601.341282,26.68902136,0,3.443917997,0,0,0,0,0,0,0.007186111,10680.3247,2.966756861,0,0.023076923,0,LOW,LOW
VEH_008,68b89b2d4f65cd554d7512ab,15/11/2025 6:00,ON,57.14,9206.97,73.32,36.4,51.4,335,0.35,44,24.64,0,553.41,345452.27,3.43,57.14,16.65889213,0,0,24.64,0.35,0.44,0.377,3600,1,33.92928,0,14,3600,73.32,0.000952778,0.000785317,93363.51693,1556.058615,25.93431026,0,3.213873499,0,16.65889213,0,0,0,0,0.006844444,10712.33766,2.975649351,0.060028001,0.593846154,0,LOW,LOW
VEH_008,68b89b2d4f65cd554d7512ab,15/11/2025 7:00,ON,62.46,9269.43,69.57,35.8,51.7,336,-0.23,43,26.24,0,557.16,345452.27,3.75,62.46,16.656,0,0,26.24,0.23,0.43,0.29,3600,1,33.8496,0,14,7200,69.57,0.001041667,0.000802381,86704.45104,1445.074184,24.08456973,0,3.513100083,0,16.656,0,0,0,0,0.007288889,9544.664634,2.651295732,0.060038425,0.636923077,0,LOW,LOW
VEH_008,68b89b2d4f65cd554d7512ab,15/11/2025 8:00,ON,63.33,9332.76,65.77,35.7,53.8,337,0.33,5,26.5,0,560.96,345452.27,3.8,63.33,16.66578947,0,0,26.5,0.33,0.05,0.246,3600,1,33.019,0,14,10800,65.77,0.001055556,0.00082619,79606.34006,1326.772334,22.11287224,0,3.562033754,0,16.66578947,0,0,0,0,0.007361111,8934.792453,2.481886792,0.060003158,0.529230769,0,LOW,LOW
VEH_008,68b89b2d4f65cd554d7512ab,15/11/2025 9:00,ON,67.5,9400.26,61.72,35.9,58.1,338,0.12,43,27.75,0,565.01,345452.27,4.05,67.5,16.66666667,0,0,27.75,0.12,0.43,0.213,3600,1,33.66075,0,14,14400,61.72,0.001125,0.00085,72611.76471,1210.196078,20.16993464,0,3.796577899,0,16.66666667,0,0,0,0,0.007708333,8006.918919,2.224144144,0.06,0.513846154,0,LOW,LOW
VEH_008,68b89b2d4f65cd554d7512ab,15/11/2025 10:00,ON,71.56,9471.82,78.52,35.7,54.2,339,-0.25,17,28.97,0,569.3,345452.27,0,71.56,0,0,0,28.97,0.25,0.17,0.226,3600,2,35.51722,1,15,0,78.52,0,0.000725794,108185.0191,1803.083652,30.0513942,0,4.024935029,0,0,0,0,0,0,0.008047222,9757.404211,2.710390059,0,0.023076923,0,LOW,LOW
VEH_008,68b89b2d4f65cd554d7512ab,15/11/2025 11:00,ON,68.12,9539.93,74.43,35.5,63.1,340,0.48,10,27.94,0,573.39,345452.27,4.09,68.11,16.65281174,0,0,27.94,0.48,0.1,0.366,3600,1,38.16604,0,15,3600,74.43,0.001136111,0.00075873,98098.11715,1634.968619,27.24947699,0,3.830887714,0,16.65281174,0,0,0,0,0.007761111,9590.121689,2.663922691,0.060049919,0.670769231,0,LOW,LOW
VEH_008,68b89b2d4f65cd554d7512ab,15/11/2025 12:00,ON,72.18,9612.12,70.1,35.3,55,341,-0.49,37,29.15,0,577.72,345452.27,4.33,72.19,16.67205543,0,0,29.15,0.49,0.37,0.454,3600,2,42.3841,0,15,7200,70.1,0.001202778,0.000930556,75331.34328,1255.522388,20.92537313,0,4.060369756,0,16.67205543,0,0,0,0,0.008097222,8657.28988,2.404802744,0.059980607,0.473846154,0,LOW,LOW
VEH_008,68b89b2d4f65cd554d7512ab,15/11/2025 13:00,ON,73.63,9685.75,65.68,35.3,59.9,342,0.37,34,29.59,0,582.13,345452.27,4.42,73.63,16.65837104,0,0,29.59,0.37,0.34,0.361,3600,2,40.27199,0,15,10800,65.68,0.001227778,0.000969841,67722.42226,1128.707038,18.81178396,0,4.141363418,0,16.65837104,0,0,0,0,0.008219444,7990.807705,2.219668807,0.060029879,0.603076923,0,LOW,LOW
VEH_008,68b89b2d4f65cd554d7512ab,15/11/2025 14:00,ON,77.2,9762.95,61.05,34.7,59.5,343,0.04,47,30.66,0,586.77,345452.27,4.63,77.2,16.67386609,0,0,30.66,0.04,0.47,0.169,3600,2,35.84154,0,15,14400,61.05,0.001286111,0.001004762,60760.66351,1012.677725,16.87796209,0,4.342160205,0,16.67386609,0,0,0,0,0.008516667,7168.297456,1.991193738,0.059974093,0.455384615,0,LOW,LOW
VEH_008,68b89b2d4f65cd554d7512ab,15/11/2025 15:00,ON,83.78,9846.73,56.03,34.8,60.2,344,-0.13,0,32.64,0,591.79,345452.27,5.02,83.78,16.68924303,0,0,32.64,0.13,0,0.091,3600,2,35.61024,0,15,18000,56.03,0.001394444,0.001053175,53201.05501,886.6842502,14.77807084,0,4.712256243,0,16.68924303,0,0,0,1,0.009066667,6179.779412,1.716605392,0.059918835,0.307692308,0,LOW,LOW
VEH_008,68b89b2d4f65cd554d7512ab,15/11/2025 16:00,ON,91.5,9938.24,50.54,34.8,61,345,-0.21,29,34.95,0,597.28,345452.27,5.49,91.51,16.66848816,0,0,34.95,0.21,0.29,0.234,3600,2,43.1283,0,15,21600,50.54,0.001525,0.001110317,45518.51322,758.6418871,12.64403145,0,5.14703472,0,16.66848816,0,0,0,1,0.009708333,5205.83691,1.446065808,0.059993443,0.495384615,0,LOW,MEDIUM
VEH_008,68b89b2d4f65cd554d7512ab,15/11/2025 17:00,ON,98.64,10036.88,44.62,35.2,63.1,346,-0.22,49,37.09,0,603.2,345452.27,5.92,98.64,16.66216216,0,0,37.09,0.22,0.49,0.301,3600,2,48.25409,0,15,25200,44.62,0.001644444,0.001345238,33168.84956,552.8141593,9.213569322,0,5.548065837,0,16.66216216,0,0,0,1,0.010302778,4330.870855,1.203019682,0.060016221,0.563076923,0,MEDIUM,MEDIUM
VEH_008,68b89b2d4f65cd554d7512ab,15/11/2025 18:00,ON,101.45,10138.33,38.53,35.7,70.2,347,-0.43,10,37.94,0,609.29,345452.27,6.09,101.45,16.65845649,0,0,37.94,0.43,0.1,0.331,3600,0,50.49814,0,15,28800,38.53,0.001691667,0.001424603,27046.12813,450.7688022,7.51281337,0,5.706115969,0,16.65845649,0,0,0,1,0.010538889,3655.983131,1.01555087,0.060029571,0.6,0,MEDIUM,MEDIUM
VEH_008,68b89b2d4f65cd554d7512ab,15/11/2025 19:00,ON,93.61,10231.94,32.91,35.7,62.4,348,-0.32,41,35.58,0,614.91,345452.27,5.62,93.61,16.65658363,0,0,35.58,0.32,0.41,0.347,3600,2,47.92626,0,15,32400,32.91,0.001561111,0.001475794,22299.86556,371.6644259,6.194407099,0,5.265150476,0,16.65658363,0,0,0,1,0.009883333,3329.848229,0.924957841,0.060036321,0.624615385,0,MEDIUM,MEDIUM
VEH_008,68b89b2d4f65cd554d7512ab,15/11/2025 20:00,ON,95.88,10327.83,27.16,36.7,60.4,349,0.4,42,36.26,0,620.66,345452.27,5.75,95.89,16.67652174,0,0,36.26,0.4,0.42,0.406,3600,2,50.98156,0,15,36000,27.16,0.001597222,0.001528571,17768.2243,296.1370717,4.935617861,0,5.393390441,0,16.67652174,0,0,0,1,0.010072222,2696.525097,0.749034749,0.059964543,0.433846154,0,MEDIUM,MEDIUM
VEH_008,68b89b2d4f65cd554d7512ab,15/11/2025 21:00,ON,93.12,10420.94,21.57,36.4,63.2,350,0.33,26,35.43,0,626.25,345452.27,5.59,93.11,16.65652952,0,0,35.43,0.33,0.26,0.309,3600,2,46.37787,0,15,39600,21.57,0.001552778,0.001566667,13768.08511,229.4680851,3.824468085,0,5.237027677,0,16.65652952,0,0,0,1,0.009841667,2191.701948,0.608806097,0.060036516,0.627692308,0,HIGH,MEDIUM
VEH_008,68b89b2d4f65cd554d7512ab,15/11/2025 22:00,ON,97.73,10518.67,43.64,36.4,64.2,351,-0.11,26,36.82,0,632.11,345452.27,0,97.73,0,0,0,36.82,0.11,0.26,0.155,3600,2,42.5271,1,16,0,43.64,0,0.00136746,31913.1747,531.8862449,8.864770749,0,5.496882342,0,0,0,0,0,0,0.010227778,4266.811515,1.185225421,0,0.023076923,0,MEDIUM,MEDIUM
VEH_008,68b89b2d4f65cd554d7512ab,15/11/2025 23:00,ON,98.27,10616.93,37.74,36.1,63.4,352,0.36,2,36.98,0,638.01,345452.27,5.9,98.26,16.65423729,0,0,36.98,0.36,0.02,0.258,3600,2,46.52084,0,16,3600,37.74,0.001638889,0.00138373,27274.10381,454.5683969,7.576139948,0,5.52669251,0,16.65423729,0,0,0,1,0.010272222,3673.985938,1.02055165,0.060044779,0.649230769,0,MEDIUM,MEDIUM
VEH_008,68b89b2d4f65cd554d7512ab,16/11/2025 0:00,ON,97.09,10714.02,31.92,35.6,67.3,353,-0.31,36,36.63,0,643.83,345452.27,5.82,97.09,16.68213058,0,0,36.63,0.31,0.36,0.325,3600,2,48.53475,0,16,7200,31.92,0.001616667,0.001379762,23134.42623,385.5737705,6.426229508,0,5.460885159,0,16.68213058,0,0,0,1,0.010175,3137.100737,0.871416871,0.059944382,0.378461538,0,MEDIUM,MEDIUM
VEH_008,68b89b2d4f65cd554d7512ab,16/11/2025 1:00,ON,97.62,10811.65,26.06,35.6,63.6,354,-0.35,31,36.79,0,649.69,345452.27,5.86,97.63,16.66040956,0,0,36.79,0.35,0.31,0.338,3600,2,49.22502,0,16,10800,26.06,0.001627778,0.001370635,19013.08628,316.8847713,5.281412855,0,5.491257782,0,16.66040956,0,0,0,1,0.010219444,2550.040772,0.708344659,0.060022534,0.581538462,0,MEDIUM,MEDIUM
VEH_008,68b89b2d4f65cd554d7512ab,16/11/2025 2:00,ON,95.5,10907.15,20.33,35.5,65.2,355,0.33,23,36.15,0,655.42,345452.27,5.73,95.5,16.66666667,0,0,36.15,0.33,0.23,0.3,3600,2,46.995,0,16,14400,20.33,0.001591667,0.001375,14785.45455,246.4242424,4.107070707,0,5.371454658,0,16.66666667,0,0,0,1,0.010041667,2024.564315,0.562378976,0.06,0.516923077,0,HIGH,MEDIUM
VEH_008,68b89b2d4f65cd554d7512ab,16/11/2025 3:00,ON,91.15,10998.3,14.86,35.2,62.5,356,-0.1,32,34.84,0,660.89,345452.27,5.47,91.15,16.66361974,0,0,34.84,0.1,0.32,0.166,3600,2,40.62344,0,16,18000,14.86,0.001519444,0.001363889,10895.31568,181.5885947,3.026476578,0,5.126786304,0,16.66361974,0,0,0,1,0.009677778,1535.476464,0.42652124,0.060010971,0.544615385,0,HIGH,HIGH
VEH_008,68b89b2d4f65cd554d7512ab,16/11/2025 4:00,ON,93.1,11091.39,9.27,35.9,63.5,357,0.17,28,35.43,0,666.47,345452.27,5.59,93.09,16.6529517,0,0,35.43,0.17,0.28,0.203,3600,2,42.62229,0,16,21600,9.27,0.001552778,0.001363889,6796.741344,113.2790224,1.887983707,0,5.235902765,0,16.6529517,0,0,0,1,0.009841667,941.9136325,0.261642676,0.060049415,0.667692308,0,HIGH,HIGH
VEH_008,68b89b2d4f65cd554d7512ab,16/11/2025 5:00,ON,94.53,11185.93,3.6,35.8,63.9,358,-0.34,16,35.86,0,672.15,345452.27,5.67,94.54,16.67372134,0,0,35.86,0.34,0.16,0.286,3600,2,46.11596,0,16,25200,3.6,0.001575,0.001588889,2265.734266,37.76223776,0.629370629,0,5.317458883,0,16.67372134,0,0,0,1,0.009961111,361.4054657,0.100390407,0.059974614,0.458461538,0,HIGH,HIGH
