vehicleId,driverId,timestamp,engineState,speed_mph,odometer_miles,fuelLevel_pct,fuelTemperature_C,engineOilPressure_psi,engineHours_hr,longitudinalAcceleration_ms2,brakePosition_pct,fuelRate_L_per_hr,idleFuelConsumed_L,fuelIntegrated_L,totalFuelConsumedLiters,fuel_drop_pct,distance_miles,miles_per_fuel_pct,is_idle,fuel_consumed_idle_L,fuel_consumed_moving_L,acceleration_abs,brake_intensity,driver_aggressiveness,engine_on_duration_sec,speed_bucket,fuel_rate_eff,refill_event,fuel_cycle,time_since_refill_sec,fuel_pct_remaining,fuel_burn_pct_per_sec,fuel_burn_pct_per_sec_smooth,fuel_time_to_empty_sec,fuel_time_to_empty_min,fuel_time_to_empty_hr,fuel_theft_flag,expected_fuel_drop,sudden_drop_trip_flag,fuel_efficiency_miles_per_pct,low_efficiency_flag,idle_fuel_flag,fuel_sensor_tamper_flag,fuel_leak_flag,consumption_rate_L_per_sec,fuel_time_to_empty_sec_v2,fuel_time_to_empty_hr_v2,fuel_per_mile,driver_fuel_efficiency_score,fuel_overheat_flag,fuel_level_alert,fuel_time_to_empty_alert
VEH_009,68b89b2d4f65cd554d7512ab,01/11/2025 0:00,ON,49.91,49.91,82.01,39.7,48.5,1,-0.1,37,22.47,0,2.99,424890.97,0,0,0,0,0,22.47,0.1,0.37,0.181,3600,1,26.53707,0,0,0,82.01,0,0,0,0,0,0,0,0,0,0,0,0,0,0.006241667,13139.11883,3.649755229,0,0,0,LOW,LOW
VEH_009,68b89b2d4f65cd554d7512ab,01/11/2025 1:00,ON,44.35,94.26,79.34,39.4,46,2,-0.06,28,20.8,0,5.66,424890.97,2.67,44.35,16.61048689,0,0,20.8,0.06,0.28,0.126,3600,1,23.4208,0,0,3600,79.34,0.000741667,0.000370833,213950.5618,3565.842697,59.43071161,0,2.534407781,0,16.61048689,0,0,0,0,0.005777778,13731.92308,3.814423077,0.060202931,0.820710974,0,LOW,LOW
VEH_009,68b89b2d4f65cd554d7512ab,01/11/2025 2:00,ON,41.98,136.24,76.83,39.4,50.3,3,-0.19,6,20.09,0,8.17,424890.97,2.51,41.98,16.7250996,0,0,20.09,0.19,0.06,0.151,3600,1,23.12359,0,0,7200,76.83,0.000697222,0.00047963,160186.1004,2669.76834,44.496139,0,2.398972686,0,16.7250996,0,0,0,0,0.005580556,13767.44649,3.824290692,0.059790376,0.221020093,0,LOW,LOW
VEH_009,68b89b2d4f65cd554d7512ab,01/11/2025 3:00,ON,38.21,174.45,74.53,39.9,48.5,4,-0.14,2,18.96,0,10.47,424890.97,2.3,38.21,16.61304348,0,0,18.96,0.14,0.02,0.104,3600,1,20.93184,0,0,10800,74.53,0.000638889,0.000519444,143480.2139,2391.336898,39.85561497,0,2.183533738,0,16.61304348,0,0,0,0,0.005266667,14151.26582,3.930907173,0.060193667,0.812982998,0,LOW,LOW
VEH_009,68b89b2d4f65cd554d7512ab,01/11/2025 4:00,ON,40.91,215.36,72.08,39.8,46.8,5,-0.44,0,19.77,0,12.92,424890.97,2.45,40.91,16.69795918,0,0,19.77,0.44,0,0.308,3600,1,25.85916,0,0,14400,72.08,0.000680556,0.000551667,130658.6103,2177.643505,36.29405841,0,2.337826884,0,16.69795918,0,0,0,0,0.005491667,13125.34143,3.645928174,0.059887558,0.310664606,0,LOW,LOW
VEH_009,68b89b2d4f65cd554d7512ab,01/11/2025 5:00,ON,41.36,256.72,69.6,39.7,48.2,6,0.27,28,19.91,0,15.4,424890.97,2.48,41.36,16.67741935,0,0,19.91,0.27,0.28,0.273,3600,1,25.34543,0,0,18000,69.6,0.000688889,0.000574537,121141.0153,2019.016922,33.65028203,0,2.363542408,0,16.67741935,0,0,0,0,0.005530556,12584.63084,3.495730789,0.059961315,0.426584235,0,LOW,LOW
VEH_009,68b89b2d4f65cd554d7512ab,01/11/2025 6:00,ON,33.64,290.37,67.58,40.2,42.5,7,-0.22,0,17.59,0,17.42,424890.97,2.02,33.65,16.65841584,0,0,17.59,0.22,0,0.154,3600,1,20.29886,0,0,21600,67.58,0.000561111,0.000572619,118019.1268,1966.985447,32.78309078,0,1.922949759,0,16.65841584,0,0,0,0,0.004886111,13831.04036,3.841955657,0.060029718,0.58423493,0,LOW,LOW
VEH_009,68b89b2d4f65cd554d7512ab,01/11/2025 7:00,ON,35.22,325.59,65.46,40.4,43.3,8,0.38,1,18.07,0,19.54,424890.97,2.12,35.22,16.61320755,0,0,18.07,0.38,0.01,0.269,3600,1,22.93083,0,0,25200,65.46,0.000588889,0.000656746,99673.23263,1661.220544,27.68700906,0,2.012668366,0,16.61320755,0,0,0,0,0.005019444,13041.2839,3.62257886,0.060193072,0.811437403,0,LOW,LOW
VEH_009,68b89b2d4f65cd554d7512ab,01/11/2025 8:00,ON,42.2,367.79,62.93,40.3,47.3,9,0.4,19,20.16,0,22.07,424890.97,2.53,42.2,16.6798419,0,0,20.16,0.4,0.19,0.337,3600,1,26.95392,0,0,28800,62.93,0.000702778,0.00065119,96638.39122,1610.639854,26.84399756,0,2.41154472,0,16.6798419,0,0,0,0,0.0056,11237.5,3.121527778,0.059952607,0.403400309,0,LOW,LOW
VEH_009,68b89b2d4f65cd554d7512ab,01/11/2025 9:00,ON,36.2,403.99,60.76,40.2,48.2,10,-0.21,36,18.36,0,24.24,424890.97,2.17,36.2,16.68202765,0,0,18.36,0.21,0.36,0.255,3600,1,23.0418,0,0,32400,60.76,0.000602778,0.000637698,95280.14935,1588.002489,26.46670815,0,2.068671063,0,16.68202765,0,0,0,0,0.0051,11913.72549,3.309368192,0.059944751,0.391035549,0,LOW,LOW
VEH_009,68b89b2d4f65cd554d7512ab,01/11/2025 10:00,ON,32.52,436.51,58.81,40.3,45.2,11,-0.15,35,17.26,0,26.19,424890.97,1.95,32.52,16.67692308,0,0,17.26,0.15,0.35,0.21,3600,1,20.8846,0,0,36000,58.81,0.000541667,0.00062381,94275.57252,1571.259542,26.18765903,0,1.85837522,0,16.67692308,0,0,0,0,0.004794444,12266.28042,3.407300116,0.0599631,0.438948995,0,LOW,LOW
VEH_009,68b89b2d4f65cd554d7512ab,01/11/2025 11:00,ON,25.7,462.21,57.27,40.3,40.5,12,0.04,47,15.21,0,27.73,424890.97,1.54,25.7,16.68831169,0,0,15.21,0.04,0.47,0.169,3600,0,17.78049,0,0,39600,57.27,0.000427778,0.000587698,97447.94058,1624.132343,27.06887238,0,1.468642164,0,16.68831169,0,0,0,0,0.004225,13555.02959,3.765285996,0.059922179,0.349304482,0,LOW,LOW
VEH_009,68b89b2d4f65cd554d7512ab,01/11/2025 12:00,ON,32.45,494.66,55.32,40.6,42.3,13,0.46,27,17.24,0,29.68,424890.97,1.95,32.45,16.64102564,0,0,17.24,0.46,0.27,0.403,3600,1,24.18772,0,0,43200,55.32,0.000541667,0.000566667,97623.52941,1627.058824,27.11764706,0,1.854375028,0,16.64102564,0,0,0,0,0.004788889,11551.74014,3.208816705,0.06009245,0.72179289,0,LOW,LOW
VEH_009,68b89b2d4f65cd554d7512ab,01/11/2025 13:00,ON,34.16,528.82,53.27,40.8,44.1,14,0.23,42,17.75,0,31.73,424890.97,2.05,34.16,16.66341463,0,0,17.75,0.23,0.42,0.287,3600,1,22.84425,0,0,46800,53.27,0.000569444,0.000567857,93808.80503,1563.480084,26.0580014,0,1.95209402,0,16.66341463,0,0,0,0,0.004930556,10804.05634,3.001126761,0.06001171,0.533230294,0,LOW,LOW
VEH_009,68b89b2d4f65cd554d7512ab,01/11/2025 14:00,ON,26.25,555.07,51.7,40.8,42.7,15,-0.12,11,15.37,0,33.3,424890.97,1.57,26.25,16.71974522,0,0,15.37,0.12,0.11,0.117,3600,0,17.16829,0,0,50400,51.7,0.000436111,0.000546032,94683.13953,1578.052326,26.30087209,0,1.500072249,0,16.71974522,0,0,0,0,0.004269444,12109.30384,3.363695511,0.059809524,0.238021638,0,LOW,LOW
VEH_009,68b89b2d4f65cd554d7512ab,01/11/2025 15:00,ON,27.14,582.21,50.07,40.7,44.9,16,-0.24,6,15.64,0,34.93,424890.97,1.63,27.14,16.65030675,0,0,15.64,0.24,0.06,0.186,3600,0,18.54904,0,0,54000,50.07,0.000452778,0.000510317,98115.39658,1635.25661,27.25427683,0,1.550931841,0,16.65030675,0,0,0,0,0.004344444,11525.06394,3.20140665,0.060058954,0.652241113,0,LOW,LOW
VEH_009,68b89b2d4f65cd554d7512ab,01/11/2025 16:00,ON,31.12,613.33,48.2,40.1,46.9,17,0.1,0,16.84,0,36.8,424890.97,1.87,31.12,16.64171123,0,0,16.84,0.1,0,0.07,3600,1,18.0188,0,0,57600,48.2,0.000519444,0.000498413,96707.00637,1611.783439,26.86305732,0,1.778371367,0,16.64171123,0,0,0,0,0.004677778,10304.038,2.862232779,0.060089974,0.717156105,0,LOW,LOW
VEH_009,68b89b2d4f65cd554d7512ab,01/11/2025 17:00,ON,27.51,640.84,46.55,40.4,44,18,-0.22,43,15.75,0,38.45,424890.97,1.65,27.51,16.67272727,0,0,15.75,0.22,0.43,0.283,3600,0,20.20725,0,0,61200,46.55,0.000458333,0.000486508,95681.89233,1594.698206,26.57830343,0,1.572075717,0,16.67272727,0,0,0,0,0.004375,10640,2.955555556,0.05997819,0.469860896,0,LOW,LOW
VEH_009,68b89b2d4f65cd554d7512ab,01/11/2025 18:00,ON,20.31,661.14,45.33,40.3,34.9,19,-0.43,38,13.59,0,39.67,424890.97,1.22,20.3,16.63934426,0,0,13.59,0.43,0.38,0.415,3600,0,19.22985,0,0,64800,45.33,0.000338889,0.00047381,95671.35678,1594.522613,26.57537688,0,1.160055873,0,16.63934426,0,0,0,0,0.003775,12007.94702,3.335540839,0.060098522,0.726429675,0,LOW,LOW
VEH_009,68b89b2d4f65cd554d7512ab,01/11/2025 19:00,ON,16.14,677.29,44.36,40,40.1,20,0.15,16,12.34,0,40.64,424890.97,0.97,16.15,16.64948454,0,0,12.34,0.15,0.16,0.153,3600,0,14.22802,0,0,68400,44.36,0.000269444,0.000434921,101995.6204,1699.927007,28.33211679,0,0.922901593,0,16.64948454,0,0,0,0,0.003427778,12941.32901,3.594813614,0.06006192,0.664605873,0,MEDIUM,LOW
VEH_009,68b89b2d4f65cd554d7512ab,01/11/2025 20:00,ON,17.63,694.92,43.3,40,46.2,21,-0.41,3,12.79,0,41.7,424890.97,1.06,17.63,16.63207547,0,0,12.79,0.41,0.03,0.296,3600,0,16.57584,0,0,72000,43.3,0.000294444,0.000395635,109444.333,1824.072217,30.40120361,0,1.007477095,0,16.63207547,0,0,0,0,0.003552778,12187.6466,3.385457389,0.060124787,0.761978362,0,MEDIUM,LOW
VEH_009,68b89b2d4f65cd554d7512ab,01/11/2025 21:00,ON,19.46,714.38,42.14,39.6,42.9,22,0.38,21,13.34,0,42.86,424890.97,1.16,19.46,16.77586207,0,0,13.34,0.38,0.21,0.329,3600,0,17.72886,0,0,75600,42.14,0.000322222,0.000379365,111080.3347,1851.338912,30.85564854,0,1.112053561,0,16.77586207,0,0,0,0,0.003705556,11372.11394,3.15892054,0.059609455,0.145285935,0,MEDIUM,LOW
VEH_009,68b89b2d4f65cd554d7512ab,01/11/2025 22:00,ON,13.5,727.88,41.33,39.6,40,23,-0.09,42,11.55,0,43.67,424890.97,0.81,13.5,16.66666667,0,0,11.55,0.09,0.42,0.189,3600,0,13.73295,0,0,79200,41.33,0.000225,0.000346825,119166.5904,1986.10984,33.10183066,0,0.771465728,0,16.66666667,0,0,0,0,0.003208333,12882.07792,3.578354978,0.06,0.511591963,0,MEDIUM,LOW
VEH_009,68b89b2d4f65cd554d7512ab,01/11/2025 23:00,ON,19.1,746.98,40.18,40.2,44.9,24,-0.38,42,13.23,0,44.82,424890.97,1.15,19.1,16.60869565,0,0,13.23,0.38,0.42,0.392,3600,0,18.41616,0,0,82800,40.18,0.000319444,0.000318254,126251.3716,2104.189526,35.06982544,0,1.091481141,0,16.60869565,0,0,0,0,0.003675,10933.33333,3.037037037,0.060209424,0.825347759,0,MEDIUM,LOW
VEH_009,68b89b2d4f65cd554d7512ab,02/11/2025 0:00,ON,20.61,767.59,38.94,39.8,38.5,25,-0.08,25,13.68,0,46.06,424890.97,1.24,20.61,16.62096774,0,0,13.68,0.08,0.25,0.131,3600,0,15.47208,0,0,86400,38.94,0.000344444,0.000301984,128947.1748,2149.11958,35.81865966,0,1.177771012,0,16.62096774,0,0,0,0,0.0038,10247.36842,2.846491228,0.060164968,0.789799073,0,MEDIUM,LOW
VEH_009,68b89b2d4f65cd554d7512ab,02/11/2025 1:00,ON,15.32,782.92,38.02,39.8,39.6,26,0.18,3,12.1,0,46.98,424890.97,0.92,15.33,16.66304348,0,0,12.1,0.18,0.03,0.135,3600,0,13.7335,0,0,90000,38.02,0.000255556,0.000290079,131067.5787,2184.459644,36.40766074,0,0.876042193,0,16.66304348,0,0,0,0,0.003361111,11311.73554,3.14214876,0.060013046,0.537867079,0,MEDIUM,LOW
VEH_009,68b89b2d4f65cd554d7512ab,02/11/2025 2:00,ON,20.96,803.87,36.77,39.7,38.1,27,-0.38,3,13.79,0,48.23,424890.97,1.25,20.95,16.76,0,0,13.79,0.38,0.03,0.275,3600,0,17.58225,0,0,93600,36.77,0.000347222,0.00030119,122082.2134,2034.703557,33.91172596,0,1.197200519,0,16.76,0,0,0,0,0.003830556,9599.129804,2.666424946,0.059665871,0.166924266,0,MEDIUM,LOW
VEH_009,68b89b2d4f65cd554d7512ab,02/11/2025 3:00,ON,27.57,831.44,35.11,39.4,42.3,28,-0.18,19,15.77,0,49.89,424890.97,1.66,27.57,16.60843373,0,0,15.77,0.18,0.19,0.183,3600,0,18.65591,0,0,97200,35.11,0.000461111,0.000325,108030.7692,1800.512821,30.00854701,0,1.575504454,0,16.60843373,0,0,0,0,0.004380556,8014.965124,2.226379201,0.060210374,0.833075734,0,MEDIUM,LOW
VEH_009,68b89b2d4f65cd554d7512ab,02/11/2025 4:00,ON,24.7,856.14,33.63,40.3,42.1,29,-0.21,15,14.91,0,51.37,424890.97,1.48,24.7,16.68918919,0,0,14.91,0.21,0.15,0.192,3600,0,17.77272,0,0,100800,33.63,0.000411111,0.000337698,99585.89894,1659.764982,27.66274971,0,1.411496554,0,16.68918919,0,0,0,0,0.004141667,8119.919517,2.255533199,0.059919028,0.344667697,0,MEDIUM,LOW
VEH_009,68b89b2d4f65cd554d7512ab,02/11/2025 5:00,ON,20.58,876.72,32.4,40.8,41.1,30,-0.17,8,13.67,0,52.6,424890.97,1.23,20.58,16.73170732,0,0,13.67,0.17,0.08,0.143,3600,0,15.62481,0,0,104400,32.4,0.000341667,0.000354365,91431.13102,1523.852184,25.39753639,0,1.176056643,0,16.73170732,0,0,0,0,0.003797222,8532.553036,2.370153621,0.059766764,0.210200927,0,MEDIUM,LOW
VEH_009,68b89b2d4f65cd554d7512ab,02/11/2025 6:00,ON,27.19,903.92,30.77,40.7,42.8,31,0.17,19,15.66,0,54.23,424890.97,1.63,27.2,16.68711656,0,0,15.66,0.17,0.19,0.176,3600,0,18.41616,0,0,108000,30.77,0.000452778,0.000373413,82402.1254,1373.368757,22.88947928,0,1.554360578,0,16.68711656,0,0,0,0,0.00435,7073.563218,1.964878672,0.059926471,0.355486862,0,MEDIUM,LOW
VEH_009,68b89b2d4f65cd554d7512ab,02/11/2025 7:00,ON,34.22,938.13,28.71,40.7,45.4,32,-0.29,10,17.77,0,56.29,424890.97,2.06,34.21,16.60679612,0,0,17.77,0.29,0.1,0.233,3600,1,21.91041,0,0,111600,28.71,0.000572222,0.000405952,70722.58065,1178.709677,19.64516129,0,1.954951301,0,16.60679612,0,0,0,0,0.004936111,5816.31964,1.615644344,0.060216311,0.834621329,0,MEDIUM,LOW
VEH_009,68b89b2d4f65cd554d7512ab,02/11/2025 8:00,ON,37.12,975.26,26.48,39.9,46.8,33,-0.23,10,18.64,0,58.52,424890.97,2.23,37.13,16.65022422,0,0,18.64,0.23,0.1,0.191,3600,1,22.20024,0,0,115200,26.48,0.000619444,0.000457937,57824.61005,963.7435009,16.06239168,0,2.12181648,0,16.65022422,0,0,0,0,0.005177778,5114.16309,1.420600858,0.060059251,0.653786708,0,MEDIUM,MEDIUM
VEH_009,68b89b2d4f65cd554d7512ab,02/11/2025 9:00,ON,40.33,1015.59,24.06,40.1,46.2,34,-0.06,14,19.6,0,60.94,424890.97,2.42,40.33,16.66528926,0,0,19.6,0.06,0.14,0.084,3600,1,21.2464,0,0,118800,24.06,0.000672222,0.000504365,47703.54052,795.0590087,13.25098348,0,2.304682431,0,16.66528926,0,0,0,0,0.005444444,4419.183673,1.22755102,0.060004959,0.517774343,0,HIGH,MEDIUM
VEH_009,68b89b2d4f65cd554d7512ab,02/11/2025 10:00,ON,35.09,1050.68,37.15,40.7,46.7,35,0.08,45,18.03,0,63.04,424890.97,0,35.09,0,0,0,18.03,0.08,0.45,0.191,3600,1,21.47373,1,1,0,37.15,0,0.000438492,84722.17195,1412.036199,23.53393665,0,2.005239437,0,0,0,0,0,0,0.005008333,7417.637271,2.060454798,0,0.020092736,0,MEDIUM,LOW
VEH_009,68b89b2d4f65cd554d7512ab,02/11/2025 11:00,ON,34.72,1085.4,35.07,40.7,44.1,36,-0.15,4,17.92,0,65.12,424890.97,2.08,34.72,16.69230769,0,0,17.92,0.15,0.04,0.117,3600,1,20.01664,0,1,3600,35.07,0.000577778,0.000462302,75859.57082,1264.32618,21.072103,0,1.984095561,0,16.69230769,0,0,0,0,0.004977778,7045.3125,1.95703125,0.059907834,0.330757342,0,MEDIUM,LOW
VEH_009,68b89b2d4f65cd554d7512ab,02/11/2025 12:00,ON,35.13,1120.53,32.96,40.7,52.5,37,-0.07,49,18.04,0,67.23,424890.97,2.11,35.13,16.6492891,0,0,18.04,0.07,0.49,0.196,3600,1,21.57584,0,1,7200,32.96,0.000586111,0.000497222,66288.26816,1104.804469,18.41340782,0,2.007525261,0,16.6492891,0,0,0,0,0.005011111,6577.383592,1.827050998,0.060062625,0.666151468,0,MEDIUM,LOW
VEH_009,68b89b2d4f65cd554d7512ab,02/11/2025 13:00,ON,42.94,1163.47,51.43,40.2,51.5,38,0.16,4,20.38,0,69.81,424890.97,0,42.94,0,0,0,20.38,0.16,0.04,0.124,3600,1,22.90712,1,2,0,51.43,0,0.00043254,118902.3853,1981.706422,33.02844037,0,2.453832471,0,0,0,0,0,0,0.005661111,9084.789009,2.523552502,0,0.020092736,0,LOW,LOW
VEH_009,68b89b2d4f65cd554d7512ab,02/11/2025 14:00,ON,35.77,1199.24,49.29,41.3,46,39,0.31,45,18.23,0,71.95,424890.97,2.14,35.77,16.71495327,0,0,18.23,0.31,0.45,0.352,3600,1,24.64696,0,2,3600,49.29,0.000594444,0.000435714,113124.5902,1885.409836,31.42349727,0,2.044098451,0,16.71495327,0,0,0,0,0.005063889,9733.625891,2.70378497,0.05982667,0.251931994,0,LOW,LOW
VEH_009,68b89b2d4f65cd554d7512ab,02/11/2025 15:00,ON,30.99,1230.23,47.43,41.6,45.7,40,0.19,32,16.8,0,73.81,424890.97,1.86,30.99,16.66129032,0,0,16.8,0.19,0.32,0.229,3600,1,20.6472,0,2,7200,47.43,0.000516667,0.000421032,112651.8379,1877.530631,31.29217719,0,1.770942438,0,16.66129032,0,0,0,0,0.004666667,10163.57143,2.823214286,0.060019361,0.551777434,0,LOW,LOW
VEH_009,68b89b2d4f65cd554d7512ab,02/11/2025 16:00,ON,28.7,1258.94,45.7,41.8,39,41,0.46,21,16.11,0,75.54,424890.97,1.73,28.71,16.59537572,0,0,16.11,0.46,0.21,0.385,3600,0,22.31235,0,2,10800,45.7,0.000480556,0.000393651,116092.7419,1934.879032,32.24798387,0,1.640650448,0,16.59537572,0,0,0,0,0.004475,10212.2905,2.836747362,0.06025775,0.86244204,0,LOW,LOW
VEH_009,68b89b2d4f65cd554d7512ab,02/11/2025 17:00,ON,23.54,1282.47,44.29,41.5,41.7,42,-0.01,32,14.56,0,76.95,424890.97,1.41,23.53,16.68794326,0,0,14.56,0.01,0.32,0.103,3600,0,16.05968,0,2,14400,44.29,0.000391667,0.000449603,98509.09091,1641.818182,27.36363636,0,1.344636191,0,16.68794326,0,0,0,0,0.004044444,10950.82418,3.041895604,0.059923502,0.350850077,0,MEDIUM,LOW
VEH_009,68b89b2d4f65cd554d7512ab,02/11/2025 18:00,ON,21.42,1303.89,43.01,41.7,42.1,43,-0.24,2,13.92,0,78.23,424890.97,1.28,21.42,16.734375,0,0,13.92,0.24,0.02,0.174,3600,0,16.34208,0,2,18000,43.01,0.000355556,0.000417857,102929.9145,1715.498575,28.59164292,0,1.224058955,0,16.734375,0,0,0,0,0.003866667,11123.27586,3.089798851,0.059757236,0.204018547,0,MEDIUM,LOW
VEH_009,68b89b2d4f65cd554d7512ab,02/11/2025 19:00,ON,25.84,1329.74,41.46,42.1,38.4,44,0.35,20,15.25,0,79.78,424890.97,1.55,25.85,16.67741935,0,0,15.25,0.35,0.2,0.305,3600,0,19.90125,0,2,21600,41.46,0.000430556,0.000395635,104793.5807,1746.559679,29.10932798,0,1.477214005,0,16.67741935,0,0,0,0,0.004236111,9787.278689,2.718688525,0.059961315,0.42812983,0,MEDIUM,LOW
VEH_009,68b89b2d4f65cd554d7512ab,02/11/2025 20:00,ON,19.58,1349.31,40.28,42.1,40.4,45,0.08,17,13.37,0,80.96,424890.97,1.18,19.57,16.58474576,0,0,13.37,0.08,0.17,0.107,3600,0,14.80059,0,2,25200,40.28,0.000327778,0.00044246,91036.41256,1517.273543,25.28789238,0,1.118339578,0,16.58474576,0,0,0,0,0.003713889,10845.77412,3.012715034,0.060296372,0.879443586,0,MEDIUM,LOW
VEH_009,68b89b2d4f65cd554d7512ab,02/11/2025 21:00,ON,24.59,1373.9,38.81,42.7,42,46,0.38,23,14.88,0,82.43,424890.97,1.47,24.59,16.72789116,0,0,14.88,0.38,0.23,0.335,3600,0,19.8648,0,2,28800,38.81,0.000408333,0.000415873,93321.75573,1555.362595,25.92270992,0,1.405210537,0,16.72789116,0,0,0,0,0.004133333,9389.516129,2.608198925,0.059780399,0.217928903,0,MEDIUM,LOW
VEH_009,68b89b2d4f65cd554d7512ab,02/11/2025 22:00,ON,29.06,1402.96,74.84,43,47.3,47,0.35,3,16.22,0,84.18,424890.97,0,29.06,0,0,0,16.22,0.35,0.03,0.254,3600,0,20.33988,1,3,0,74.84,0,0.000342063,218789.7912,3646.49652,60.774942,0,1.660651412,0,0,0,0,0,0,0.004505556,16610.60419,4.61405672,0,0.020092736,0,LOW,LOW
VEH_009,68b89b2d4f65cd554d7512ab,02/11/2025 23:00,ON,25.48,1428.44,73.31,43,43.4,48,-0.48,29,15.14,0,85.71,424890.97,1.53,25.48,16.65359477,0,0,15.14,0.48,0.29,0.423,3600,0,21.54422,0,3,3600,73.31,0.000425,0.000334127,219407.601,3656.793349,60.94655582,0,1.45607013,0,16.65359477,0,0,0,0,0.004205556,17431.7041,4.842140026,0.060047096,0.622874807,0,LOW,LOW
VEH_009,68b89b2d4f65cd554d7512ab,03/11/2025 0:00,ON,24.46,1452.9,71.85,43.5,37.7,49,0.28,35,14.84,0,87.17,424890.97,1.46,24.46,16.75342466,0,0,14.84,0.28,0.35,0.301,3600,0,19.30684,0,3,7200,71.85,0.000405556,0.000336111,213768.595,3562.809917,59.38016529,0,1.397781608,0,16.75342466,0,0,0,0,0.004122222,17429.91914,4.841644205,0.059689289,0.173106646,0,LOW,LOW
VEH_009,68b89b2d4f65cd554d7512ab,03/11/2025 1:00,ON,21.7,1474.6,70.54,43.8,39.3,50,0.35,31,14.01,0,88.48,424890.97,1.31,21.7,16.5648855,0,0,14.01,0.35,0.31,0.338,3600,0,18.74538,0,3,10800,70.54,0.000363889,0.000337302,209130.3529,3485.505882,58.09176471,0,1.240059726,0,16.5648855,0,0,0,0,0.003891667,18125.91006,5.034975018,0.060368664,0.897990726,0,LOW,LOW
VEH_009,68b89b2d4f65cd554d7512ab,03/11/2025 2:00,ON,24.5,1499.1,69.07,43.9,37.9,51,-0.37,43,14.85,0,89.95,424890.97,1.47,24.5,16.66666667,0,0,14.85,0.37,0.43,0.388,3600,0,20.6118,0,3,14400,69.07,0.000408333,0.000334127,206717.8147,3445.296912,57.4216152,0,1.400067432,0,16.66666667,0,0,0,0,0.004125,16744.24242,4.651178451,0.06,0.514683153,0,LOW,LOW
VEH_009,68b89b2d4f65cd554d7512ab,03/11/2025 3:00,ON,29.82,1528.91,67.28,43.5,44.9,52,-0.09,15,16.45,0,91.73,424890.97,1.79,29.81,16.65363128,0,0,16.45,0.09,0.15,0.108,3600,0,18.2266,0,3,18000,67.28,0.000497222,0.000358333,187758.1395,3129.302326,52.15503876,0,1.703510619,0,16.65363128,0,0,0,0,0.004569444,14723.89058,4.089969605,0.060046964,0.621329212,0,LOW,LOW
VEH_009,68b89b2d4f65cd554d7512ab,03/11/2025 4:00,ON,23.33,1552.24,65.88,43.7,45,53,-0.2,6,14.5,0,93.13,424890.97,1.4,23.33,16.66428571,0,0,14.5,0.2,0.06,0.158,3600,0,16.791,0,3,21600,65.88,0.000388889,0.000355556,185287.5,3088.125,51.46875,0,1.333207069,0,16.66428571,0,0,0,0,0.004027778,16356.41379,4.543448276,0.060008573,0.522411128,0,LOW,LOW
VEH_009,68b89b2d4f65cd554d7512ab,03/11/2025 5:00,ON,20.71,1572.95,64.64,43.5,39.4,54,0.07,33,13.71,0,94.38,424890.97,1.24,20.71,16.7016129,0,0,13.71,0.07,0.33,0.148,3600,0,15.73908,0,3,25200,64.64,0.000344444,0.000404762,159698.8235,2661.647059,44.36078431,0,1.183485572,0,16.7016129,0,0,0,0,0.003808333,16973.30416,4.71480671,0.059874457,0.29366306,0,LOW,LOW
VEH_009,68b89b2d4f65cd554d7512ab,03/11/2025 6:00,ON,23.6,1596.56,63.23,43.8,47.9,55,0.2,46,14.58,0,95.79,424890.97,1.41,23.61,16.74468085,0,0,14.58,0.2,0.46,0.278,3600,0,18.63324,0,3,28800,63.23,0.000391667,0.0004,158075,2634.583333,43.90972222,0,1.34920784,0,16.74468085,0,0,0,0,0.00405,15612.34568,4.336762689,0.059720457,0.185471406,0,LOW,LOW
VEH_009,68b89b2d4f65cd554d7512ab,03/11/2025 7:00,ON,29.45,1626.01,61.46,44.1,43.1,56,-0.23,48,16.34,0,97.56,424890.97,1.77,29.45,16.63841808,0,0,16.34,0.23,0.48,0.305,3600,0,21.3237,0,3,32400,61.46,0.000491667,0.000412302,149065.64,2484.427334,41.40712223,0,1.682938199,0,16.63841808,0,0,0,0,0.004538889,13540.75887,3.761321909,0.060101868,0.732612056,0,LOW,LOW
VEH_009,68b89b2d4f65cd554d7512ab,03/11/2025 8:00,ON,33.39,1659.41,59.46,44.3,41.5,57,-0.01,13,17.52,0,99.56,424890.97,2,33.4,16.7,0,0,17.52,0.01,0.13,0.046,3600,1,18.32592,0,3,36000,59.46,0.000555556,0.000439683,135233.935,2253.898917,37.56498195,0,1.908663357,0,16.7,0,0,0,0,0.004866667,12217.80822,3.393835616,0.05988024,0.302936631,0,LOW,LOW
VEH_009,68b89b2d4f65cd554d7512ab,03/11/2025 9:00,ON,41.11,1700.52,56.99,43.8,46.5,58,0.31,33,19.83,0,102.03,424890.97,2.47,41.11,16.6437247,0,0,19.83,0.31,0.33,0.316,3600,1,26.09628,0,3,39600,56.99,0.000686111,0.000479365,118886.4238,1981.440397,33.02400662,0,2.349256006,0,16.6437247,0,0,0,0,0.005508333,10346.14221,2.873928391,0.060082705,0.70324575,0,LOW,LOW
VEH_009,68b89b2d4f65cd554d7512ab,03/11/2025 10:00,ON,46.21,1746.73,54.22,43.5,55.3,59,-0.04,21,21.36,0,104.8,424890.97,2.77,46.21,16.68231047,0,0,21.36,0.04,0.21,0.091,3600,1,23.30376,0,3,43200,54.22,0.000769444,0.000518254,104620.5207,1743.675345,29.06125574,0,2.640698614,0,16.68231047,0,0,0,0,0.005933333,9138.202247,2.538389513,0.059943735,0.387944359,0,LOW,LOW
VEH_009,68b89b2d4f65cd554d7512ab,03/11/2025 11:00,ON,40.72,1787.44,51.77,43,45,60,0.37,2,19.72,0,107.25,424890.97,2.45,40.71,16.61632653,0,0,19.72,0.37,0.02,0.265,3600,1,24.9458,0,3,46800,51.77,0.000680556,0.000559921,92459.53225,1540.992204,25.6832034,0,2.326397762,0,16.61632653,0,0,0,0,0.005477778,9450.912779,2.62525355,0.060181774,0.802163833,0,LOW,LOW
VEH_009,68b89b2d4f65cd554d7512ab,03/11/2025 12:00,ON,34.52,1821.96,49.7,43.4,44.9,61,-0.12,25,17.85,0,109.32,424890.97,2.07,34.52,16.6763285,0,0,17.85,0.12,0.25,0.159,3600,1,20.68815,0,3,50400,49.7,0.000575,0.000592857,83831.3253,1397.188755,23.28647925,0,1.972666439,0,16.6763285,0,0,0,0,0.004958333,10023.52941,2.784313725,0.059965238,0.445131376,0,LOW,LOW
VEH_009,68b89b2d4f65cd554d7512ab,03/11/2025 13:00,ON,31.82,1853.78,47.79,43.5,44.6,62,0.34,22,17.05,0,111.23,424890.97,1.91,31.82,16.65968586,0,0,17.05,0.34,0.22,0.304,3600,1,22.2332,0,3,54000,47.79,0.000530556,0.000612698,77999.2228,1299.987047,21.66645078,0,1.818373294,0,16.65968586,0,0,0,0,0.004736111,10090.55718,2.802932551,0.060025141,0.570324575,0,LOW,LOW
VEH_009,68b89b2d4f65cd554d7512ab,03/11/2025 14:00,ON,33.24,1887.02,45.8,43.9,45.5,63,0.22,5,17.47,0,113.22,424890.97,1.99,33.24,16.70351759,0,0,17.47,0.22,0.05,0.169,3600,1,20.42243,0,3,57600,45.8,0.000552778,0.000621429,73701.14943,1228.35249,20.47254151,0,1.899520059,0,16.70351759,0,0,0,0,0.004852778,9437.893532,2.621637092,0.059867629,0.28748068,0,LOW,LOW
VEH_009,68b89b2d4f65cd554d7512ab,03/11/2025 15:00,ON,29.35,1916.38,44.04,43.9,43.2,64,-0.29,39,16.31,0,114.98,424890.97,1.76,29.36,16.68181818,0,0,16.31,0.29,0.39,0.32,3600,0,21.5292,0,3,61200,44.04,0.000488889,0.000611905,71971.98444,1199.533074,19.9922179,0,1.677795095,0,16.68181818,0,0,0,0,0.004530556,9720.66217,2.700183936,0.059945504,0.392581144,0,MEDIUM,LOW
VEH_009,68b89b2d4f65cd554d7512ab,03/11/2025 16:00,ON,25.4,1941.78,42.51,44.5,40.9,65,0.02,6,15.12,0,116.51,424890.97,1.53,25.4,16.60130719,0,0,15.12,0.02,0.06,0.032,3600,0,15.60384,0,3,64800,42.51,0.000425,0.000574603,73981.49171,1233.024862,20.55041436,0,1.451498481,0,16.60130719,0,0,0,0,0.0042,10121.42857,2.811507937,0.06023622,0.851622875,0,MEDIUM,LOW
VEH_009,68b89b2d4f65cd554d7512ab,03/11/2025 17:00,ON,30.39,1972.18,40.69,44.3,50,66,-0.43,9,16.62,0,118.33,424890.97,1.82,30.4,16.7032967,0,0,16.62,0.43,0.09,0.328,3600,1,22.07136,0,3,68400,40.69,0.000505556,0.000536905,75786.25277,1263.104213,21.05173688,0,1.737226528,0,16.7032967,0,0,0,0,0.004616667,8813.718412,2.448255114,0.059868421,0.289026275,0,MEDIUM,LOW
VEH_009,68b89b2d4f65cd554d7512ab,03/11/2025 18:00,ON,35.45,2007.62,38.56,44.7,48.7,67,-0.31,38,18.13,0,120.46,424890.97,2.13,35.44,16.63849765,0,0,18.13,0.31,0.38,0.331,3600,1,24.13103,0,3,72000,38.56,0.000591667,0.000524206,73558.81908,1225.980318,20.4330053,0,2.0252404,0,16.63849765,0,0,0,0,0.005036111,7656.7016,2.126861555,0.06010158,0.731066461,0,MEDIUM,LOW
VEH_009,68b89b2d4f65cd554d7512ab,03/11/2025 19:00,ON,41.94,2049.56,36.05,44.7,51.9,68,0.47,15,20.08,0,122.97,424890.97,2.51,41.94,16.70916335,0,0,20.08,0.47,0.15,0.374,3600,1,27.58992,0,3,75600,36.05,0.000697222,0.000541667,66553.84615,1109.230769,18.48717949,0,2.396686862,0,16.70916335,0,0,0,0,0.005577778,6463.14741,1.795318725,0.059847401,0.267387944,0,MEDIUM,LOW
VEH_009,68b89b2d4f65cd554d7512ab,03/11/2025 20:00,ON,43.29,2092.85,33.45,44.7,46.7,69,-0.19,40,20.49,0,125.57,424890.97,2.6,43.29,16.65,0,0,20.49,0.19,0.4,0.253,3600,1,25.67397,0,3,79200,33.45,0.000722222,0.000569048,58782.42678,979.707113,16.32845188,0,2.473833435,0,16.65,0,0,0,0,0.005691667,5877.013177,1.63250366,0.06006006,0.655332303,0,MEDIUM,LOW
VEH_009,68b89b2d4f65cd554d7512ab,03/11/2025 21:00,ON,36.15,2129,31.28,45.3,47.2,70,0.44,3,18.34,0,127.74,424890.97,2.17,36.15,16.65898618,0,0,18.34,0.44,0.03,0.317,3600,1,24.15378,0,3,82800,31.28,0.000602778,0.00057619,54287.60331,904.7933884,15.07988981,0,2.065813783,0,16.65898618,0,0,0,0,0.005094444,6140.02181,1.705561614,0.060027663,0.57805255,0,MEDIUM,LOW
VEH_009,68b89b2d4f65cd554d7512ab,03/11/2025 22:00,ON,43.41,2172.41,28.68,44.9,48,71,0.1,36,20.52,0,130.34,424890.97,2.6,43.41,16.69615385,0,0,20.52,0.1,0.36,0.178,3600,1,24.17256,0,3,86400,28.68,0.000722222,0.000609524,47053.125,784.21875,13.0703125,0,2.480690908,0,16.69615385,0,0,0,0,0.0057,5031.578947,1.397660819,0.059894034,0.315301391,0,MEDIUM,MEDIUM
VEH_009,68b89b2d4f65cd554d7512ab,03/11/2025 23:00,ON,41.19,2213.59,26.2,44.6,47.4,72,-0.07,23,19.86,0,132.82,424890.97,2.48,41.18,16.60483871,0,0,19.86,0.07,0.23,0.118,3600,1,22.20348,0,3,90000,26.2,0.000688889,0.000647222,40480.6867,674.6781116,11.24463519,0,2.353256199,0,16.60483871,0,0,0,0,0.005516667,4749.244713,1.319234642,0.060223409,0.842349304,0,MEDIUM,MEDIUM
VEH_009,68b89b2d4f65cd554d7512ab,04/11/2025 0:00,ON,45.73,2259.32,23.46,44.3,49.7,73,-0.06,3,21.22,0,135.56,424890.97,2.74,45.73,16.68978102,0,0,21.22,0.06,0.03,0.051,3600,1,22.30222,0,3,93600,23.46,0.000761111,0.00068373,34311.78178,571.8630296,9.531050493,0,2.613268722,0,16.68978102,0,0,0,0,0.005894444,3980.01885,1.105560792,0.059916904,0.341576507,0,HIGH,MEDIUM
VEH_009,68b89b2d4f65cd554d7512ab,04/11/2025 1:00,ON,38.05,2297.38,21.18,44.1,51.8,74,-0.18,29,18.92,0,137.84,424890.97,2.28,38.06,16.69298246,0,0,18.92,0.18,0.29,0.213,3600,1,22.94996,0,3,97200,21.18,0.000633333,0.000689683,30709.78136,511.8296893,8.530494822,0,2.174961897,0,16.69298246,0,0,0,0,0.005255556,4030.021142,1.119450317,0.059905413,0.329211747,0,HIGH,MEDIUM
VEH_009,68b89b2d4f65cd554d7512ab,04/11/2025 2:00,ON,36.17,2333.55,19.01,44.1,44.6,75,0.39,44,18.35,0,140.01,424890.97,2.17,36.17,16.66820276,0,0,18.35,0.39,0.44,0.405,3600,1,25.78175,0,3,100800,19.01,0.000602778,0.00067619,28113.38028,468.556338,7.8092723,0,2.066956695,0,16.66820276,0,0,0,0,0.005097222,3729.482289,1.035967302,0.059994471,0.491499227,0,HIGH,MEDIUM
VEH_009,68b89b2d4f65cd554d7512ab,04/11/2025 3:00,ON,30.23,2363.77,17.19,43.8,42.2,76,0.34,24,16.57,0,141.83,424890.97,1.82,30.22,16.6043956,0,0,16.57,0.34,0.24,0.31,3600,1,21.7067,0,3,104400,17.19,0.000505556,0.000645238,26641.32841,444.0221402,7.400369004,0,1.726940319,0,16.6043956,0,0,0,0,0.004602778,3734.701267,1.037417019,0.060225017,0.8438949,0,HIGH,MEDIUM
VEH_009,68b89b2d4f65cd554d7512ab,04/11/2025 4:00,ON,31.36,2395.13,15.31,44.1,43.9,77,0.26,37,16.91,0,143.71,424890.97,1.88,31.36,16.68085106,0,0,16.91,0.26,0.37,0.293,3600,1,21.86463,0,3,108000,15.31,0.000522222,0.00063373,24158.54728,402.6424546,6.710707577,0,1.792086313,0,16.68085106,0,0,0,0,0.004697222,3259.373152,0.905381431,0.05994898,0.398763524,0,HIGH,MEDIUM
VEH_009,68b89b2d4f65cd554d7512ab,04/11/2025 5:00,ON,34.51,2429.64,13.24,43.7,43.5,78,0.36,37,17.85,0,145.78,424890.97,2.07,34.51,16.67149758,0,0,17.85,0.36,0.37,0.363,3600,1,24.32955,0,3,111600,13.24,0.000575,0.000612698,21609.32642,360.1554404,6.002590674,0,1.972094983,0,16.67149758,0,0,0,0,0.004958333,2670.252101,0.741736695,0.059982614,0.482225657,0,HIGH,MEDIUM
VEH_009,68b89b2d4f65cd554d7512ab,04/11/2025 6:00,ON,41.16,2470.8,10.77,43.1,51.8,79,0.11,35,19.85,0,148.25,424890.97,2.47,41.16,16.66396761,0,0,19.85,0.11,0.35,0.182,3600,1,23.4627,0,3,115200,10.77,0.000686111,0.000612302,17589.37135,293.1561892,4.885936487,0,2.352113286,0,16.66396761,0,0,0,0,0.005513889,1953.24937,0.54256927,0.060009718,0.528593509,0,HIGH,MEDIUM
VEH_009,68b89b2d4f65cd554d7512ab,04/11/2025 7:00,ON,42.03,2512.83,8.25,44,45.3,80,-0.47,5,20.11,0,150.77,424890.97,2.52,42.03,16.67857143,0,0,20.11,0.47,0.05,0.344,3600,1,27.02784,0,3,118800,8.25,0.0007,0.000603571,13668.63905,227.8106509,3.796844181,0,2.401829967,0,16.67857143,0,0,0,0,0.005586111,1476.877176,0.41024366,0.059957173,0.41885626,0,HIGH,HIGH
VEH_009,68b89b2d4f65cd554d7512ab,04/11/2025 8:00,ON,38.35,2551.18,67.01,43.2,44.3,81,-0.02,27,19.01,0,153.07,424890.97,0,38.35,0,0,0,19.01,0.02,0.27,0.095,3600,1,20.81595,1,4,0,67.01,0,0.000513095,130599.536,2176.658933,36.27764888,0,2.191534124,0,0,0,0,0,0,0.005280556,12689.95266,3.524986849,0,0.020092736,0,LOW,LOW
VEH_009,68b89b2d4f65cd554d7512ab,04/11/2025 9:00,ON,36.82,2588,64.8,43.3,47.5,82,-0.44,17,18.55,0,155.28,424890.97,2.21,36.82,16.66063348,0,0,18.55,0.44,0.17,0.359,3600,1,25.20945,0,4,3600,64.8,0.000613889,0.000514683,125902.8527,2098.380879,34.97301465,0,2.104101341,0,16.66063348,0,0,0,0,0.005152778,12575.74124,3.493261456,0.060021727,0.556414219,0,LOW,LOW
VEH_009,68b89b2d4f65cd554d7512ab,04/11/2025 10:00,ON,44.54,2632.54,62.13,43.5,45.7,83,-0.18,38,20.86,0,157.95,424890.97,2.67,44.54,16.68164794,0,0,20.86,0.18,0.38,0.24,3600,1,25.8664,0,4,7200,62.13,0.000741667,0.000548413,113290.5933,1888.176556,31.46960926,0,2.545265447,0,16.68164794,0,0,0,0,0.005794444,10722.33941,2.978427613,0.059946116,0.394126739,0,LOW,LOW
VEH_009,68b89b2d4f65cd554d7512ab,04/11/2025 11:00,ON,44.36,2676.9,59.47,43.5,47.7,84,-0.31,39,20.81,0,160.61,424890.97,2.66,44.36,16.67669173,0,0,20.81,0.31,0.39,0.334,3600,1,27.76054,0,4,10800,59.47,0.000738889,0.000579365,102646.8493,1710.780822,28.5130137,0,2.534979237,0,16.67669173,0,0,0,0,0.005780556,10287.93849,2.857760692,0.059963931,0.442040185,0,LOW,LOW
VEH_009,68b89b2d4f65cd554d7512ab,04/11/2025 12:00,ON,45.68,2722.58,56.72,44,48.6,85,0.49,18,21.2,0,163.35,424890.97,2.75,45.68,16.61090909,0,0,21.2,0.49,0.18,0.397,3600,1,29.6164,0,4,14400,56.72,0.000763889,0.000606349,93543.4555,1559.057592,25.98429319,0,2.610411441,0,16.61090909,0,0,0,0,0.005888889,9631.698113,2.675471698,0.060201401,0.819165379,0,LOW,LOW
VEH_009,68b89b2d4f65cd554d7512ab,04/11/2025 13:00,ON,40.61,2763.18,54.29,43.4,51.2,86,-0.48,28,19.68,0,165.79,424890.97,2.43,40.6,16.70781893,0,0,19.68,0.48,0.28,0.42,3600,1,27.9456,0,4,18000,54.29,0.000675,0.000604762,89770.86614,1496.181102,24.93635171,0,2.320111745,0,16.70781893,0,0,0,0,0.005466667,9931.097561,2.758638211,0.059852217,0.273570325,0,LOW,LOW
VEH_009,68b89b2d4f65cd554d7512ab,04/11/2025 14:00,ON,44.13,2807.32,51.64,43.7,50.5,87,-0.38,26,20.74,0,168.44,424890.97,2.65,44.14,16.65660377,0,0,20.74,0.38,0.26,0.344,3600,1,27.87456,0,4,21600,51.64,0.000736111,0.000609921,84666.75342,1411.112557,23.51854262,0,2.522407203,0,16.65660377,0,0,0,0,0.005761111,8963.548698,2.489874638,0.060036248,0.595054096,0,LOW,LOW
VEH_009,68b89b2d4f65cd554d7512ab,04/11/2025 15:00,ON,45.92,2853.23,48.88,43.8,46.3,88,0.17,5,21.27,0,171.19,424890.97,2.76,45.91,16.63405797,0,0,21.27,0.17,0.05,0.134,3600,1,24.12018,0,4,25200,48.88,0.000766667,0.000719444,67941.31274,1132.355212,18.87258687,0,2.623554931,0,16.63405797,0,0,0,0,0.005908333,8273.060649,2.298072402,0.060117621,0.752704791,0,LOW,LOW
VEH_009,68b89b2d4f65cd554d7512ab,04/11/2025 16:00,ON,53.16,2906.39,45.7,43.7,50.4,89,-0.41,43,23.45,0,174.38,424890.97,3.18,53.16,16.71698113,0,0,23.45,0.41,0.43,0.416,3600,1,33.2052,0,4,28800,45.7,0.000883333,0.000757937,60295.28796,1004.921466,16.7486911,0,3.0378606,0,16.71698113,0,0,0,0,0.006513889,7015.778252,1.948827292,0.059819413,0.248840804,0,LOW,LOW
VEH_009,68b89b2d4f65cd554d7512ab,04/11/2025 17:00,ON,48.12,2954.51,42.81,44.8,45.4,90,-0.3,7,21.94,0,177.27,424890.97,2.89,48.12,16.65051903,0,0,21.94,0.3,0.07,0.231,3600,1,27.00814,0,4,32400,42.81,0.000802778,0.000766667,55839.13043,930.6521739,15.51086957,0,2.749846728,0,16.65051903,0,0,0,0,0.006094444,7024.430264,1.951230629,0.060058188,0.649149923,0,MEDIUM,LOW
VEH_009,68b89b2d4f65cd554d7512ab,04/11/2025 18:00,ON,45.52,3000.04,40.08,44.5,45.9,91,-0.4,30,21.16,0,180,424890.97,2.73,45.53,16.67765568,0,0,21.16,0.4,0.3,0.37,3600,1,28.9892,0,4,36000,40.08,0.000758333,0.000769444,52089.53069,868.1588448,14.46931408,0,2.6018396,0,16.67765568,0,0,0,0,0.005877778,6818.903592,1.894139887,0.059960466,0.42503864,0,MEDIUM,LOW
VEH_009,68b89b2d4f65cd554d7512ab,04/11/2025 19:00,ON,40.04,3040.07,37.67,45.1,45.5,92,0.37,24,19.51,0,182.4,424890.97,2.41,40.03,16.60995851,0,0,19.51,0.37,0.24,0.331,3600,1,25.96781,0,4,39600,37.67,0.000669444,0.000755952,49831.1811,830.519685,13.84199475,0,2.287538748,0,16.60995851,0,0,0,0,0.005419444,6950.896976,1.930804716,0.060204846,0.822256569,0,MEDIUM,LOW
VEH_009,68b89b2d4f65cd554d7512ab,04/11/2025 20:00,ON,39.8,3079.87,35.29,44.8,46.5,93,-0.21,49,19.44,0,184.79,424890.97,2.38,39.8,16.72268908,0,0,19.44,0.21,0.49,0.294,3600,1,25.15536,0,4,43200,35.29,0.000661111,0.000753968,46805.68421,780.0947368,13.00157895,0,2.274395258,0,16.72268908,0,0,0,0,0.0054,6535.185185,1.815329218,0.059798995,0.225656878,0,MEDIUM,LOW
VEH_009,68b89b2d4f65cd554d7512ab,04/11/2025 21:00,ON,46.15,3126.02,32.52,45,49.8,94,0.42,19,21.34,0,187.56,424890.97,2.77,46.15,16.66064982,0,0,21.34,0.42,0.19,0.351,3600,1,28.83034,0,4,46800,32.52,0.000769444,0.00075873,42861.08787,714.3514644,11.90585774,0,2.637269878,0,16.66064982,0,0,0,0,0.005927778,5486.035614,1.523898782,0.060021668,0.554868624,0,MEDIUM,LOW
VEH_009,68b89b2d4f65cd554d7512ab,04/11/2025 22:00,ON,41.38,3167.4,30.04,45.2,45.7,95,0.21,7,19.91,0,190.04,424890.97,2.48,41.38,16.68548387,0,0,19.91,0.21,0.07,0.168,3600,1,23.25488,0,4,50400,30.04,0.000688889,0.000747619,40180.89172,669.6815287,11.16135881,0,2.364685321,0,16.68548387,0,0,0,0,0.005530556,5431.642391,1.508789553,0.059932334,0.366306028,0,MEDIUM,LOW
VEH_009,68b89b2d4f65cd554d7512ab,04/11/2025 23:00,ON,45.98,3213.37,27.28,45.1,50.2,96,-0.37,16,21.29,0,192.8,424890.97,2.76,45.97,16.6557971,0,0,21.29,0.37,0.16,0.307,3600,1,27.82603,0,4,54000,27.28,0.000766667,0.000730952,37321.17264,622.019544,10.3669924,0,2.626983668,0,16.6557971,0,0,0,0,0.005913889,4612.869892,1.281352748,0.060039156,0.599690881,0,MEDIUM,MEDIUM
VEH_009,68b89b2d4f65cd554d7512ab,05/11/2025 0:00,ON,43.96,3257.33,58.76,45.6,48,97,-0.22,2,20.69,0,195.44,424890.97,0,43.96,0,0,0,20.69,0.22,0.02,0.16,3600,1,24.0004,1,5,0,58.76,0,0.00061627,95347.84288,1589.130715,26.48551191,0,2.512120993,0,0,0,0,0,0,0.005747222,10224.0696,2.840019333,0,0.020092736,0,LOW,LOW
VEH_009,68b89b2d4f65cd554d7512ab,05/11/2025 1:00,ON,39.28,3296.61,56.4,45.6,48.2,98,0.44,43,19.28,0,197.8,424890.97,2.36,39.28,16.6440678,0,0,19.28,0.44,0.43,0.437,3600,1,27.70536,0,5,3600,56.4,0.000655556,0.000601587,93751.97889,1562.532982,26.04221636,0,2.244679541,0,16.6440678,0,0,0,0,0.005355556,10531.12033,2.925311203,0.060081466,0.70015456,0,LOW,LOW
VEH_009,68b89b2d4f65cd554d7512ab,05/11/2025 2:00,ON,31.36,3327.97,54.52,45.8,42.2,99,0.28,10,16.91,0,199.68,424890.97,1.88,31.36,16.68085106,0,0,16.91,0.28,0.1,0.226,3600,1,20.73166,0,5,7200,54.52,0.000522222,0.000580556,93910.04785,1565.167464,26.0861244,0,1.792086313,0,16.68085106,0,0,0,0,0.004697222,11606.85985,3.224127735,0.05994898,0.400309119,0,LOW,LOW
VEH_009,68b89b2d4f65cd554d7512ab,05/11/2025 3:00,ON,37.21,3365.18,52.29,45.5,50.5,100,0.46,28,18.66,0,201.91,424890.97,2.23,37.21,16.68609865,0,0,18.66,0.46,0.28,0.406,3600,1,26.23596,0,5,10800,52.29,0.000619444,0.000574603,91001.9337,1516.698895,25.27831492,0,2.126388129,0,16.68609865,0,0,0,0,0.005183333,10088.10289,2.802250804,0.059930126,0.363214838,0,LOW,LOW
VEH_009,68b89b2d4f65cd554d7512ab,05/11/2025 4:00,ON,33.29,3398.47,50.29,45.8,48.2,101,-0.5,2,17.49,0,203.91,424890.97,2,33.29,16.645,0,0,17.49,0.5,0.02,0.356,3600,1,23.71644,0,5,14400,50.29,0.000555556,0.000544048,92436.76149,1540.612691,25.67687819,0,1.90237734,0,16.645,0,0,0,0,0.004858333,10351.28645,2.875357347,0.060078102,0.692426584,0,LOW,LOW
VEH_009,68b89b2d4f65cd554d7512ab,05/11/2025 5:00,ON,38.74,3437.21,47.96,46.3,44.5,102,0.18,43,19.12,0,206.23,424890.97,2.33,38.74,16.62660944,0,0,19.12,0.18,0.43,0.255,3600,1,23.9956,0,5,18000,47.96,0.000647222,0.000538095,89129.20354,1485.486726,24.75811209,0,2.213820911,0,16.62660944,0,0,0,0,0.005311111,9030.125523,2.508368201,0.060144553,0.783616692,0,LOW,LOW
VEH_009,68b89b2d4f65cd554d7512ab,05/11/2025 6:00,ON,44.12,3481.33,45.32,46.4,48.9,103,0.02,21,20.74,0,208.88,424890.97,2.64,44.12,16.71212121,0,0,20.74,0.02,0.21,0.077,3600,1,22.33698,0,5,21600,45.32,0.000733333,0.000533333,84975,1416.25,23.60416667,0,2.521264291,0,16.71212121,0,0,0,0,0.005761111,7866.538091,2.18514947,0.059836809,0.258114374,0,LOW,LOW
VEH_009,68b89b2d4f65cd554d7512ab,05/11/2025 7:00,ON,36.43,3517.77,43.13,47.6,43.5,104,0.48,0,18.43,0,211.07,424890.97,2.19,36.44,16.63926941,0,0,18.43,0.48,0,0.336,3600,1,24.62248,0,5,25200,43.13,0.000608333,0.000620238,69537.8119,1158.963532,19.31605886,0,2.08238601,0,16.63926941,0,0,0,0,0.005119444,8424.742268,2.340206186,0.060098793,0.72797527,0,MEDIUM,LOW
VEH_009,68b89b2d4f65cd554d7512ab,05/11/2025 8:00,ON,32.56,3550.33,41.18,47,45.3,105,-0.24,20,17.27,0,213.02,424890.97,1.95,32.56,16.6974359,0,0,17.27,0.24,0.2,0.228,3600,1,21.20756,0,5,28800,41.18,0.000541667,0.000603968,68182.39159,1136.373193,18.93955322,0,1.860661045,0,16.6974359,0,0,0,0,0.004797222,8584.134337,2.38448176,0.059889435,0.313755796,0,MEDIUM,LOW
VEH_009,68b89b2d4f65cd554d7512ab,05/11/2025 9:00,ON,29.43,3579.76,39.41,47.1,46.8,106,0.37,40,16.33,0,214.79,424890.97,1.77,29.43,16.62711864,0,0,16.33,0.37,0.4,0.379,3600,0,22.51907,0,5,32400,39.41,0.000491667,0.000599603,65726.80344,1095.446724,18.2574454,0,1.681795287,0,16.62711864,0,0,0,0,0.004536111,8688.058788,2.413349663,0.060142712,0.778979907,0,MEDIUM,LOW
VEH_009,68b89b2d4f65cd554d7512ab,05/11/2025 10:00,ON,21.95,3601.7,38.09,47.6,40.7,107,-0.45,46,14.08,0,216.1,424890.97,1.32,21.94,16.62121212,0,0,14.08,0.45,0.46,0.453,3600,0,20.45824,0,5,36000,38.09,0.000366667,0.000563492,67596.33803,1126.605634,18.77676056,0,1.253774672,0,16.62121212,0,0,0,0,0.003911111,9738.920455,2.705255682,0.060164084,0.788253478,0,MEDIUM,LOW
VEH_009,68b89b2d4f65cd554d7512ab,05/11/2025 11:00,ON,29.43,3631.13,36.33,47.5,37.8,108,0.4,43,16.33,0,217.87,424890.97,1.76,29.43,16.72159091,0,0,16.33,0.4,0.43,0.409,3600,0,23.00897,0,5,39600,36.33,0.000488889,0.000553968,65581.37536,1093.022923,18.21704871,0,1.681795287,0,16.72159091,0,0,0,0,0.004536111,8009.063074,2.224739743,0.059802922,0.230293663,0,MEDIUM,LOW
VEH_009,68b89b2d4f65cd554d7512ab,05/11/2025 12:00,ON,23.45,3654.58,34.92,47.8,40.7,109,0.43,1,14.54,0,219.27,424890.97,1.41,23.45,16.63120567,0,0,14.54,0.43,0.01,0.304,3600,0,18.96016,0,5,43200,34.92,0.000391667,0.00051746,67483.43558,1124.723926,18.74539877,0,1.340064542,0,16.63120567,0,0,0,0,0.004038889,8645.942228,2.401650619,0.060127932,0.765069552,0,MEDIUM,LOW
VEH_009,68b89b2d4f65cd554d7512ab,05/11/2025 13:00,ON,29.52,3684.1,33.15,48.5,45.5,110,0.16,46,16.36,0,221.05,424890.97,1.77,29.52,16.6779661,0,0,16.36,0.16,0.46,0.25,3600,0,20.45,0,5,46800,33.15,0.000491667,0.000482937,68642.56368,1144.042728,19.0673788,0,1.686938392,0,16.6779661,0,0,0,0,0.004544444,7294.621027,2.026283619,0.05995935,0.42194745,0,MEDIUM,LOW
VEH_009,68b89b2d4f65cd554d7512ab,05/11/2025 14:00,ON,33.81,3717.92,31.12,48.2,40.8,111,-0.02,5,17.64,0,223.08,424890.97,2.03,33.82,16.66009852,0,0,17.64,0.02,0.05,0.029,3600,1,18.15156,0,5,50400,31.12,0.000563889,0.000476587,65297.58535,1088.293089,18.13821815,0,1.932664513,0,16.66009852,0,0,0,0,0.0049,6351.020408,1.764172336,0.060023655,0.5625966,0,MEDIUM,LOW
VEH_009,68b89b2d4f65cd554d7512ab,05/11/2025 15:00,ON,26.01,3743.93,29.56,48.5,39.3,112,-0.17,18,15.3,0,224.64,424890.97,1.56,26.01,16.67307692,0,0,15.3,0.17,0.18,0.173,3600,0,17.9469,0,5,54000,29.56,0.000433333,0.000461111,64106.0241,1068.433735,17.80722892,0,1.486357303,0,16.67307692,0,0,0,0,0.00425,6955.294118,1.932026144,0.059976932,0.466769706,0,MEDIUM,LOW
VEH_009,68b89b2d4f65cd554d7512ab,05/11/2025 16:00,ON,33.77,3777.7,27.53,48.2,43.8,113,0.09,45,17.63,0,226.66,424890.97,2.03,33.77,16.63546798,0,0,17.63,0.09,0.45,0.198,3600,1,21.12074,0,5,57600,27.53,0.000563889,0.000471429,58396.9697,973.2828283,16.22138047,0,1.929807232,0,16.63546798,0,0,0,0,0.004897222,5621.554169,1.561542825,0.060112526,0.744976816,0,MEDIUM,LOW
VEH_009,68b89b2d4f65cd554d7512ab,05/11/2025 17:00,ON,41.18,3818.88,25.06,48.2,49.5,114,-0.26,43,19.85,0,229.13,424890.97,2.47,41.18,16.67206478,0,0,19.85,0.26,0.43,0.311,3600,1,26.02335,0,5,61200,25.06,0.000686111,0.000517063,48466.00153,807.7666922,13.4627782,0,2.353256199,0,16.67206478,0,0,0,0,0.005513889,4544.88665,1.262468514,0.059980573,0.476043277,0,MEDIUM,MEDIUM
VEH_009,68b89b2d4f65cd554d7512ab,05/11/2025 18:00,ON,41.37,3860.24,22.58,48.2,48.8,115,0.44,17,19.91,0,231.61,424890.97,2.48,41.36,16.67741935,0,0,19.91,0.44,0.17,0.359,3600,1,27.05769,0,5,64800,22.58,0.000688889,0.000545635,41382.98182,689.7163636,11.49527273,0,2.363542408,0,16.67741935,0,0,0,0,0.005530556,4082.772476,1.134103466,0.059961315,0.429675425,0,HIGH,MEDIUM
VEH_009,68b89b2d4f65cd554d7512ab,05/11/2025 19:00,ON,46.31,3906.55,52.92,48,50.4,116,-0.08,12,21.39,0,234.39,424890.97,0,46.31,0,0,0,21.39,0.08,0.12,0.092,3600,1,23.35788,1,6,0,52.92,0,0.000489683,108070.0162,1801.166937,30.01944895,0,2.646413175,0,0,0,0,0,0,0.005941667,8906.591865,2.474053296,0,0.020092736,0,LOW,LOW
VEH_009,68b89b2d4f65cd554d7512ab,05/11/2025 20:00,ON,41.85,3948.4,50.41,48.1,45.6,117,0.08,16,20.06,0,236.9,424890.97,2.51,41.85,16.67330677,0,0,20.06,0.08,0.16,0.104,3600,1,22.14624,0,6,3600,50.41,0.000697222,0.000519048,97120.18349,1618.669725,26.97782875,0,2.391543757,0,16.67330677,0,0,0,0,0.005572222,9046.66002,2.512961117,0.059976105,0.465224111,0,LOW,LOW
VEH_009,68b89b2d4f65cd554d7512ab,05/11/2025 21:00,ON,39.56,3987.96,48.03,48.2,42.5,118,-0.23,49,19.37,0,239.28,424890.97,2.38,39.56,16.62184874,0,0,19.37,0.23,0.49,0.308,3600,1,25.33596,0,6,7200,48.03,0.000661111,0.000532937,90123.30603,1502.055101,25.03425168,0,2.260680311,0,16.62184874,0,0,0,0,0.005380556,8926.587506,2.479607641,0.06016178,0.786707883,0,LOW,LOW
VEH_009,68b89b2d4f65cd554d7512ab,05/11/2025 22:00,ON,43.23,4031.18,45.44,48.6,47.6,119,0.27,37,20.47,0,241.87,424890.97,2.59,43.22,16.68725869,0,0,20.47,0.27,0.37,0.3,3600,1,26.611,0,6,10800,45.44,0.000719444,0.00057381,79190.04149,1319.834025,21.99723375,0,2.469833242,0,16.68725869,0,0,0,0,0.005686111,7991.402052,2.219833903,0.05992596,0.352395672,0,LOW,LOW
VEH_009,68b89b2d4f65cd554d7512ab,05/11/2025 23:00,ON,45.21,4076.4,42.73,48.5,53.4,120,-0.17,36,21.06,0,244.58,424890.97,2.71,45.22,16.68634686,0,0,21.06,0.17,0.36,0.227,3600,1,25.84062,0,6,14400,42.73,0.000752778,0.000600794,71122.58917,1185.376486,19.75627477,0,2.584124461,0,16.68634686,0,0,0,0,0.00585,7304.273504,2.028964862,0.059929235,0.358578053,0,MEDIUM,LOW
VEH_009,68b89b2d4f65cd554d7512ab,06/11/2025 0:00,ON,45.77,4122.16,39.98,48.3,50.8,121,-0.17,9,21.23,0,247.33,424890.97,2.75,45.76,16.64,0,0,21.23,0.17,0.09,0.146,3600,1,24.32958,0,6,18000,39.98,0.000763889,0.000611905,65336.96498,1088.949416,18.14915694,0,2.61498309,0,16.64,0,0,0,0,0.005897222,6779.463024,1.883184173,0.060096154,0.72488408,0,MEDIUM,LOW
VEH_009,68b89b2d4f65cd554d7512ab,06/11/2025 1:00,ON,44.17,4166.34,37.33,48.6,45.6,122,0.05,7,20.75,0,249.98,424890.97,2.65,44.18,16.67169811,0,0,20.75,0.05,0.07,0.056,3600,1,21.912,0,6,21600,37.33,0.000736111,0.000618651,60340.98781,1005.68313,16.7613855,0,2.524693027,0,16.67169811,0,0,0,0,0.005763889,6476.53012,1.799036145,0.059981892,0.480680062,0,MEDIUM,LOW
VEH_009,68b89b2d4f65cd554d7512ab,06/11/2025 2:00,ON,49.96,4216.29,34.33,48.4,49.3,123,0.42,38,22.49,0,252.98,424890.97,3,49.95,16.65,0,0,22.49,0.42,0.38,0.408,3600,1,31.66592,0,6,25200,34.33,0.000833333,0.000737698,46536.6326,775.6105433,12.92684239,0,2.854423194,0,16.65,0,0,0,0,0.006247222,5495.24233,1.526456203,0.06006006,0.656877898,0,MEDIUM,LOW
VEH_009,68b89b2d4f65cd554d7512ab,06/11/2025 3:00,ON,55.3,4271.59,31.01,48.8,53,124,0.43,41,24.09,0,256.3,424890.97,3.32,55.3,16.65662651,0,0,24.09,0.43,0.41,0.424,3600,1,34.30416,0,6,28800,31.01,0.000922222,0.000769841,40281.03093,671.3505155,11.18917526,0,3.160152205,0,16.65662651,0,0,0,0,0.006691667,4634.122042,1.287256123,0.060036166,0.593508501,0,MEDIUM,MEDIUM
VEH_009,68b89b2d4f65cd554d7512ab,06/11/2025 4:00,ON,62.49,4334.08,27.27,48.7,54.5,125,-0.26,34,26.25,0,260.04,424890.97,3.74,62.49,16.70855615,0,0,26.25,0.26,0.34,0.284,3600,1,33.705,0,6,32400,27.27,0.001038889,0.00082381,33102.31214,551.7052023,9.195086705,0,3.571029137,0,16.70855615,0,0,0,0,0.007291667,3739.885714,1.038857143,0.059849576,0.268933539,0,MEDIUM,MEDIUM
VEH_009,68b89b2d4f65cd554d7512ab,06/11/2025 5:00,ON,58.08,4392.16,23.78,48.9,49,126,0.19,29,24.92,0,263.53,424890.97,3.49,58.08,16.64183381,0,0,24.92,0.19,0.29,0.22,3600,1,30.4024,0,6,36000,23.78,0.000969444,0.000859524,27666.48199,461.1080332,7.685133887,0,3.319016999,0,16.64183381,0,0,0,0,0.006922222,3435.313002,0.954253612,0.060089532,0.71561051,0,HIGH,MEDIUM
VEH_009,68b89b2d4f65cd554d7512ab,06/11/2025 6:00,ON,65.31,4457.46,19.86,49.2,52.4,127,0.38,0,27.09,0,267.45,424890.97,3.92,65.3,16.65816327,0,0,27.09,0.38,0,0.266,3600,1,34.29594,0,6,39600,19.86,0.001088889,0.00090754,21883.34062,364.7223437,6.078705728,0,3.731608299,0,16.65816327,0,0,0,0,0.007525,2639.202658,0.733111849,0.060030628,0.587326121,0,HIGH,MEDIUM
VEH_009,68b89b2d4f65cd554d7512ab,06/11/2025 7:00,ON,66.86,4524.33,15.85,48.9,54.6,128,0.4,47,27.56,0,271.46,424890.97,4.01,66.87,16.67581047,0,0,27.56,0.4,0.47,0.421,3600,1,39.16276,0,6,43200,15.85,0.001113889,0.00095754,16552.83879,275.8806465,4.598010775,0,3.821326906,0,16.67581047,0,0,0,0,0.007655556,2070.391872,0.575108853,0.0599671,0.446676971,0,HIGH,MEDIUM
VEH_009,68b89b2d4f65cd554d7512ab,06/11/2025 8:00,ON,70.96,4595.29,39.51,49.4,56.6,129,-0.25,22,28.79,0,275.72,424890.97,0,70.96,0,0,0,28.79,0.25,0.22,0.241,3600,2,35.72839,1,7,0,39.51,0,0.000852381,46352.51397,772.5418994,12.87569832,0,4.055052449,0,0,0,0,0,0,0.007997222,4940.465439,1.372351511,0,0.020092736,0,MEDIUM,MEDIUM
VEH_009,68b89b2d4f65cd554d7512ab,06/11/2025 9:00,ON,67.08,4662.37,35.48,49.3,56.5,130,0.05,12,27.62,0,279.74,424890.97,4.03,67.08,16.64516129,0,0,27.62,0.05,0.12,0.071,3600,1,29.58102,0,7,3600,35.48,0.001119444,0.000893254,39719.94669,661.9991115,11.03331853,0,3.833327484,0,16.64516129,0,0,0,0,0.007672222,4624.475018,1.284576394,0.060077519,0.690880989,0,MEDIUM,MEDIUM
VEH_009,68b89b2d4f65cd554d7512ab,06/11/2025 10:00,ON,63.77,4726.14,31.66,49.4,56.5,131,0.01,1,26.63,0,283.57,424890.97,3.82,63.77,16.69371728,0,0,26.63,0.01,0.01,0.01,3600,1,26.8963,0,7,7200,31.66,0.001061111,0.000913095,34673.27249,577.8878748,9.631464581,0,3.644175517,0,16.69371728,0,0,0,0,0.007397222,4279.984979,1.188884716,0.059902776,0.326120556,0,MEDIUM,MEDIUM
VEH_009,68b89b2d4f65cd554d7512ab,06/11/2025 11:00,ON,71.02,4797.16,27.39,49.5,54.6,132,-0.46,0,28.81,0,287.83,424890.97,4.27,71.02,16.6323185,0,0,28.81,0.46,0,0.322,3600,2,38.08682,0,7,10800,27.39,0.001186111,0.000934127,29321.49533,488.6915888,8.144859813,0,4.058481186,0,16.6323185,0,0,0,0,0.008002778,3422.561611,0.950711558,0.060123909,0.760432767,0,MEDIUM,MEDIUM
VEH_009,68b89b2d4f65cd554d7512ab,06/11/2025 12:00,ON,75.31,4872.47,22.88,49.2,59.1,133,0.18,20,30.09,0,292.35,424890.97,4.51,75.31,16.69844789,0,0,30.09,0.18,0.2,0.186,3600,2,35.68674,0,7,14400,22.88,0.001252778,0.000974603,23476.2215,391.2703583,6.521172638,0,4.30363585,0,16.69844789,0,0,0,0,0.008358333,2737.387836,0.76038551,0.059885805,0.309119011,0,HIGH,MEDIUM
VEH_009,68b89b2d4f65cd554d7512ab,06/11/2025 13:00,ON,70.51,4942.97,18.65,49.3,57.4,134,-0.39,6,28.65,0,296.58,424890.97,4.23,70.5,16.66666667,0,0,28.65,0.39,0.06,0.291,3600,2,36.98715,0,7,18000,18.65,0.001175,0.000986905,18897.46683,314.9577805,5.249296341,0,4.028765469,0,16.66666667,0,0,0,0,0.007958333,2343.455497,0.65095986,0.06,0.503863988,0,HIGH,MEDIUM
VEH_009,68b89b2d4f65cd554d7512ab,06/11/2025 14:00,ON,75.26,5018.23,14.13,49.1,62.1,135,0.14,35,30.08,0,301.09,424890.97,4.52,75.26,16.65044248,0,0,30.08,0.14,0.35,0.203,3600,2,36.18624,0,7,21600,14.13,0.001255556,0.001007143,14029.78723,233.8297872,3.897163121,0,4.30077857,0,16.65044248,0,0,0,0,0.008355556,1691.090426,0.46974734,0.060058464,0.650695518,0,HIGH,HIGH
VEH_009,68b89b2d4f65cd554d7512ab,06/11/2025 15:00,ON,73.71,5091.94,72.83,48.8,57.1,136,0.13,12,29.61,0,305.52,424890.97,0,73.71,0,0,0,29.61,0.13,0.12,0.127,3600,2,33.37047,1,8,0,72.83,0,0.001007143,72313.47518,1205.224586,20.08707644,0,4.212202875,0,0,0,0,0,0,0.008225,8854.711246,2.459642013,0,0.020092736,0,LOW,LOW
VEH_009,68b89b2d4f65cd554d7512ab,06/11/2025 16:00,ON,81.21,5173.15,67.95,49.7,59.9,137,-0.28,24,31.86,0,310.39,424890.97,4.88,81.21,16.64139344,0,0,31.86,0.28,0.24,0.268,3600,2,40.39848,0,8,3600,67.95,0.001355556,0.001040873,65281.73847,1088.028974,18.13381624,0,4.640794946,0,16.64139344,0,0,0,0,0.00885,7677.966102,2.132768362,0.060091122,0.7187017,0,LOW,LOW
VEH_009,68b89b2d4f65cd554d7512ab,06/11/2025 17:00,ON,81.62,5254.77,63.06,49.6,60.4,138,0.44,44,31.99,0,315.29,424890.97,4.89,81.62,16.69120654,0,0,31.99,0.44,0.44,0.44,3600,2,46.0656,0,8,7200,63.06,0.001358333,0.001083333,58209.23077,970.1538462,16.16923077,0,4.664224646,0,16.69120654,0,0,0,0,0.008886111,7096.467646,1.971241013,0.059911786,0.336939722,0,LOW,LOW
VEH_009,68b89b2d4f65cd554d7512ab,06/11/2025 18:00,ON,85.64,5340.41,57.92,49.6,67.8,139,-0.36,29,33.19,0,320.42,424890.97,5.14,85.64,16.6614786,0,0,33.19,0.36,0.29,0.339,3600,2,44.44141,0,8,10800,57.92,0.001427778,0.001117857,51813.41853,863.5569755,14.39261626,0,4.893949996,0,16.6614786,0,0,0,1,0.009219444,6282.374209,1.745103947,0.060018683,0.547140649,0,LOW,LOW
VEH_009,68b89b2d4f65cd554d7512ab,06/11/2025 19:00,ON,78.55,5418.96,53.2,49.4,58.1,140,0.1,48,31.07,0,325.14,424890.97,4.72,78.55,16.64194915,0,0,31.07,0.1,0.48,0.214,3600,2,37.71898,0,8,14400,53.2,0.001311111,0.00112619,47238.90063,787.3150106,13.12191684,0,4.488787625,0,16.64194915,0,0,0,0,0.008630556,6164.145478,1.712262633,0.060089115,0.71251932,0,LOW,LOW
VEH_009,68b89b2d4f65cd554d7512ab,06/11/2025 20:00,ON,86.31,5505.27,48.03,49.3,67.2,141,0.03,19,33.39,0,330.32,424890.97,5.17,86.31,16.69439072,0,0,33.39,0.03,0.19,0.078,3600,2,35.99442,0,8,18000,48.03,0.001436111,0.001163492,41280.90041,688.0150068,11.46691678,0,4.932237555,0,16.69439072,0,0,0,1,0.009275,5178.436658,1.438454627,0.059900359,0.321483771,0,LOW,MEDIUM
VEH_009,68b89b2d4f65cd554d7512ab,06/11/2025 21:00,ON,82.89,5588.16,63.32,48.8,58.9,142,0.32,44,32.37,0,335.29,424890.97,0,82.89,0,0,0,32.37,0.32,0.44,0.356,3600,2,43.89372,1,9,0,63.32,0,0.000984127,64341.29032,1072.354839,17.87258065,0,4.73679957,0,0,0,0,0,0,0.008991667,7042.075996,1.956132221,0,0.020092736,0,LOW,LOW
VEH_009,68b89b2d4f65cd554d7512ab,06/11/2025 22:00,ON,86.86,5675.02,58.11,48.5,63.1,143,0.47,20,33.56,0,340.5,424890.97,5.21,86.86,16.67178503,0,0,33.56,0.47,0.2,0.389,3600,2,46.61484,0,9,3600,58.11,0.001447222,0.001190873,48796.13462,813.2689104,13.55448184,0,4.96366764,0,16.67178503,0,0,0,1,0.009322222,6233.492253,1.731525626,0.05998158,0.477588872,0,LOW,LOW
VEH_009,68b89b2d4f65cd554d7512ab,06/11/2025 23:00,ON,92.12,5767.14,52.58,49,59.8,144,-0.25,46,35.14,0,346.03,424890.97,5.53,92.12,16.65822785,0,0,35.14,0.25,0.46,0.313,3600,2,46.13882,0,9,7200,52.58,0.001536111,0.001216667,43216.43836,720.2739726,12.00456621,0,5.264253546,0,16.65822785,0,0,0,1,0.009761111,5386.681844,1.496300512,0.060030395,0.585780526,0,LOW,MEDIUM
VEH_009,68b89b2d4f65cd554d7512ab,07/11/2025 0:00,ON,84.39,5851.53,47.52,49.3,60,145,-0.42,42,32.82,0,351.09,424890.97,5.06,84.39,16.67786561,0,0,32.82,0.42,0.42,0.42,3600,2,46.6044,0,9,10800,47.52,0.001405556,0.001223413,38842.16672,647.3694453,10.78949076,0,4.822517985,0,16.67786561,0,0,0,1,0.009116667,5212.431444,1.447897623,0.059959711,0.423493045,0,LOW,MEDIUM
VEH_009,68b89b2d4f65cd554d7512ab,07/11/2025 1:00,ON,88.73,5940.26,42.19,49.6,57.8,146,-0.28,31,34.12,0,356.42,424890.97,5.33,88.73,16.64727955,0,0,34.12,0.28,0.31,0.289,3600,2,43.98068,0,9,14400,42.19,0.001480556,0.001230952,34274.27466,571.237911,9.52063185,0,5.07052993,0,16.64727955,0,0,0,1,0.009477778,4451.465416,1.236518171,0.060069875,0.675425039,0,MEDIUM,MEDIUM
VEH_009,68b89b2d4f65cd554d7512ab,07/11/2025 2:00,ON,91.29,6031.55,36.72,50.2,68.3,147,0.16,40,34.89,0,361.89,424890.97,5.47,91.29,16.68921389,0,0,34.89,0.16,0.4,0.232,3600,2,42.98448,0,9,18000,36.72,0.001519444,0.001260714,29126.34561,485.4390935,8.090651558,0,5.21682269,0,16.68921389,0,0,0,1,0.009691667,3788.822012,1.052450559,0.05991894,0.343122102,0,MEDIUM,MEDIUM
VEH_009,68b89b2d4f65cd554d7512ab,07/11/2025 3:00,ON,88.17,6119.71,31.43,50.3,60,148,0.12,31,33.95,0,367.18,424890.97,5.29,88.16,16.66540643,0,0,33.95,0.12,0.31,0.177,3600,2,39.95915,0,9,21600,31.43,0.001469444,0.001265476,24836.50047,413.9416745,6.899027908,0,5.037956932,0,16.66540643,0,0,0,1,0.009430556,3332.783505,0.925773196,0.060004537,0.516228748,0,MEDIUM,MEDIUM
VEH_009,68b89b2d4f65cd554d7512ab,07/11/2025 4:00,ON,85.11,6204.82,26.32,50.1,61.8,149,-0.48,12,33.03,0,372.29,424890.97,5.11,85.11,16.6555773,0,0,33.03,0.48,0.12,0.372,3600,2,45.31716,0,9,25200,26.32,0.001419444,0.001468254,17926.05405,298.7675676,4.979459459,0,4.863662823,0,16.6555773,0,0,0,1,0.009175,2868.66485,0.796851347,0.060039948,0.604327666,0,MEDIUM,MEDIUM
VEH_009,68b89b2d4f65cd554d7512ab,07/11/2025 5:00,ON,78.83,6283.64,21.59,49.9,60.2,150,-0.38,37,31.15,0,377.02,424890.97,4.73,78.82,16.66384778,0,0,31.15,0.38,0.37,0.377,3600,2,42.89355,0,9,28800,21.59,0.001313889,0.001449206,14897.80942,248.2968237,4.138280394,0,4.50421694,0,16.66384778,0,0,0,0,0.008652778,2495.152488,0.693097913,0.06001015,0.531684699,0,HIGH,MEDIUM
VEH_009,68b89b2d4f65cd554d7512ab,07/11/2025 6:00,ON,76.7,6360.34,16.99,49.5,56.2,151,-0.37,40,30.51,0,381.62,424890.97,4.6,76.7,16.67391304,0,0,30.51,0.37,0.4,0.379,3600,2,42.07329,0,9,32400,16.99,0.001277778,0.001412302,12030.00843,200.5001405,3.341669008,0,4.383068248,0,16.67391304,0,0,0,0,0.008475,2004.719764,0.556866601,0.059973924,0.459041731,0,HIGH,MEDIUM
VEH_009,68b89b2d4f65cd554d7512ab,07/11/2025 7:00,ON,71.87,6432.21,12.68,49.7,59.6,152,0.18,30,29.06,0,385.93,424890.97,4.31,71.87,16.67517401,0,0,29.06,0.18,0.3,0.216,3600,2,35.33696,0,9,36000,12.68,0.001197222,0.00138254,9171.52698,152.858783,2.547646383,0,4.107054954,0,16.67517401,0,0,0,0,0.008072222,1570.818995,0.43633861,0.059969389,0.451313756,0,HIGH,HIGH
VEH_009,68b89b2d4f65cd554d7512ab,07/11/2025 8:00,ON,76.43,6508.65,8.09,50.7,60.5,153,0.47,26,30.43,0,390.52,424890.97,4.59,76.44,16.65359477,0,0,30.43,0.47,0.26,0.407,3600,2,42.81501,0,9,39600,8.09,0.001275,0.001353175,5978.533724,99.64222874,1.660703812,0,4.368210389,0,16.65359477,0,0,0,0,0.008452778,957.0818271,0.265856063,0.060047096,0.624420402,0,HIGH,HIGH
VEH_009,68b89b2d4f65cd554d7512ab,07/11/2025 9:00,ON,74.82,6583.46,3.6,50.2,56.5,154,-0.05,25,29.95,0,395.01,424890.97,4.49,74.81,16.66146993,0,0,29.95,0.05,0.25,0.11,3600,2,33.2445,0,9,43200,3.6,0.001247222,0.001314286,2739.130435,45.65217391,0.760869565,0,4.275063046,0,16.66146993,0,0,0,0,0.008319444,432.721202,0.120200334,0.060018714,0.548686244,0,HIGH,HIGH
VEH_009,68b89b2d4f65cd554d7512ab,07/11/2025 10:00,ON,69.6,6653.06,0,49.8,61.1,155,0.13,24,28.38,0,399.18,424890.97,3.6,69.6,19.33333333,0,0,28.38,0.13,0.24,0.163,3600,1,33.00594,0,9,46800,0,0.001,0.001247222,0,0,0,0,3.97733442,0,19.33333333,0,0,0,0,0.007883333,0,0,0.051724138,0.044822257,0,HIGH,HIGH
VEH_009,68b89b2d4f65cd554d7512ab,07/11/2025 11:00,OFF,0,6653.06,0,49.8,2.8,155,0.09,9,0,0,399.18,424890.97,0,0,0,0,0,0,0.09,0.09,0.09,0,0,0,0,9,50400,0,0,0.001044444,0,0,0,0,0,0,0,0,0,0,0,0,0,0,0,0,0,HIGH,
VEH_009,68b89b2d4f65cd554d7512ab,07/11/2025 12:00,OFF,0,6653.06,0,50,4.5,155,-0.1,35,0,0,399.18,424890.97,0,0,0,0,0,0,0.1,0.35,0.175,0,0,0,0,9,54000,0,0,0.000856746,0,0,0,0,0,0,0,0,0,0,0,0,0,0,0,0,0,HIGH,
VEH_009,68b89b2d4f65cd554d7512ab,07/11/2025 13:00,OFF,0,6653.06,0,49.6,1.4,155,0.12,20,0,0,399.18,424890.97,0,0,0,0,0,0,0.12,0.2,0.144,0,0,0,0,9,57600,0,0,0.000674206,0,0,0,0,0,0,0,0,0,0,0,0,0,0,0,0,0,HIGH,
VEH_009,68b89b2d4f65cd554d7512ab,07/11/2025 14:00,OFF,0,6653.06,0,49.2,2.1,155,-0.44,13,0,0,399.18,424890.97,0,0,0,0,0,0,0.44,0.13,0.347,0,0,0,0,9,61200,0,0,0.000503175,0,0,0,0,0,0,0,0,0,0,0,0,0,0,0,0,0,HIGH,
VEH_009,68b89b2d4f65cd554d7512ab,07/11/2025 15:00,OFF,0,6653.06,0,48.8,3.7,155,0.17,46,0,0,399.18,424890.97,0,0,0,0,0,0,0.17,0.46,0.257,0,0,0,0,9,64800,0,0,0.000321032,0,0,0,0,0,0,0,0,0,0,0,0,0,0,0,0,0,HIGH,
VEH_009,68b89b2d4f65cd554d7512ab,07/11/2025 16:00,OFF,0,6653.06,0,48.5,0.4,155,0.41,23,0,0,399.18,424890.97,0,0,0,0,0,0,0.41,0.23,0.356,0,0,0,0,9,68400,0,0,0.000142857,0,0,0,0,0,0,0,0,0,0,0,0,0,0,0,0,0,HIGH,
VEH_009,68b89b2d4f65cd554d7512ab,07/11/2025 17:00,ON,0,6653.06,56.38,48.6,25.4,155,0.14,8,0,0.03,399.18,424890.97,0,0,0,1,0.03,0,0.14,0.08,0.122,3600,0,0,1,10,0,56.38,0,0,0,0,0,0,0,0,0,0,0,0,0,8.33E-06,6765600,1879.333333,0,0,0,LOW,LOW
VEH_009,68b89b2d4f65cd554d7512ab,07/11/2025 18:00,ON,0,6653.06,56.35,47.8,23.1,156,-0.4,42,0,0.03,399.21,424890.97,0.03,0,0,1,0.03,0,0.4,0.42,0.406,3600,0,0,0,10,3600,56.35,8.33E-06,1.19E-06,47334000,788900,13148.33333,0,0,0,0,1,1,0,0,8.33E-06,6762000,1878.333333,0,0,0,LOW,LOW
VEH_009,68b89b2d4f65cd554d7512ab,07/11/2025 19:00,ON,1.21,6654.28,56.27,48.1,34.3,157,-0.04,10,7.86,0,399.29,424890.97,0.08,1.22,15.25,0,0,7.86,0.04,0.1,0.058,3600,0,8.31588,0,10,7200,56.27,2.22E-05,4.37E-06,12890945.45,214849.0909,3580.818182,0,0.069717644,0,15.25,0,0,0,0,0.002183333,25772.51908,7.159033079,0.06557377,0.995363215,0,LOW,LOW
VEH_009,68b89b2d4f65cd554d7512ab,07/11/2025 20:00,ON,8.61,6662.88,55.76,48.1,31.3,158,0.25,10,10.08,0,399.8,424890.97,0.51,8.6,16.8627451,0,0,10.08,0.25,0.1,0.205,3600,0,12.1464,0,10,10800,55.76,0.000141667,2.46E-05,2266374.194,37772.90323,629.5483871,0,0.491452242,0,16.8627451,0,0,0,0,0.0028,19914.28571,5.531746032,0.059302326,0.088098918,0,LOW,LOW
VEH_009,68b89b2d4f65cd554d7512ab,07/11/2025 21:00,ON,15.82,6678.7,54.81,48.9,45.5,159,0.39,35,12.25,0,400.75,424890.97,0.95,15.82,16.65263158,0,0,12.25,0.39,0.35,0.378,3600,0,16.8805,0,10,14400,54.81,0.000263889,6.23E-05,879752.8662,14662.54777,244.3757962,0,0.904043542,0,16.65263158,0,0,0,0,0.003402778,16107.42857,4.474285714,0.060050569,0.630602782,0,LOW,LOW
VEH_009,68b89b2d4f65cd554d7512ab,07/11/2025 22:00,ON,10.22,6688.93,54.2,48.1,38.4,160,-0.1,35,10.57,0,401.37,424890.97,0.61,10.23,16.7704918,0,0,10.57,0.1,0.35,0.175,3600,0,12.41975,0,10,18000,54.2,0.000169444,8.65E-05,626532.1101,10442.20183,174.0366972,0,0.584599585,0,16.7704918,0,0,0,0,0.002936111,18459.79186,5.127719962,0.059628543,0.154559505,0,LOW,LOW
VEH_009,68b89b2d4f65cd554d7512ab,07/11/2025 23:00,ON,14.57,6703.49,53.32,48.1,36.2,161,0.28,17,11.87,0,402.24,424890.97,0.88,14.56,16.54545455,0,0,11.87,0.28,0.17,0.247,3600,0,14.80189,0,10,21600,53.32,0.000244444,0.000121429,439105.8824,7318.431373,121.9738562,0,0.832040074,0,16.54545455,0,0,0,0,0.003297222,16171.18787,4.49199663,0.06043956,0.918083462,0,LOW,LOW
VEH_009,68b89b2d4f65cd554d7512ab,08/11/2025 0:00,ON,16.5,6719.99,52.33,47.4,41.2,162,0.34,1,12.45,0,403.23,424890.97,0.99,16.5,16.66666667,0,0,12.45,0.34,0.01,0.241,3600,0,15.45045,0,10,25200,52.33,0.000275,0.000160714,325608.8889,5426.814815,90.44691358,0,0.942902557,0,16.66666667,0,0,0,0,0.003458333,15131.56627,4.203212851,0.06,0.508500773,0,LOW,LOW
VEH_009,68b89b2d4f65cd554d7512ab,08/11/2025 1:00,ON,16.66,6736.65,51.33,47.7,38,163,0.28,4,12.5,0,404.23,424890.97,1,16.66,16.66,0,0,12.5,0.28,0.04,0.208,3600,0,15.1,0,10,28800,51.33,0.000277778,0.000199206,257672.51,4294.541833,71.57569721,0,0.952045854,0,16.66,0,0,0,0,0.003472222,14783.04,4.1064,0.06002401,0.564142195,0,LOW,LOW
VEH_009,68b89b2d4f65cd554d7512ab,08/11/2025 2:00,ON,16.53,6753.18,67.59,47.4,42.3,164,-0.03,49,12.46,0,405.22,424890.97,0,16.53,0,0,0,12.46,0.03,0.49,0.168,3600,0,14.55328,1,11,0,67.59,0,0.000196032,344791.0931,5746.518219,95.77530364,0,0.944616925,0,0,0,0,0,0,0.003461111,19528.41091,5.424558587,0,0.020092736,0,LOW,LOW
VEH_009,68b89b2d4f65cd554d7512ab,08/11/2025 3:00,ON,10.36,6763.54,66.97,47.2,35.2,165,0.11,6,10.61,0,405.84,424890.97,0.62,10.36,16.70967742,0,0,10.61,0.11,0.06,0.095,3600,0,11.61795,0,11,3600,66.97,0.000172222,0.000200397,334186.9307,5569.782178,92.82970297,0,0.592028514,0,16.70967742,0,0,0,0,0.002947222,22723.09142,6.31196984,0.05984556,0.265842349,0,LOW,LOW
VEH_009,68b89b2d4f65cd554d7512ab,08/11/2025 4:00,ON,8.79,6772.33,66.44,47.1,36.4,166,0.45,24,10.14,0,406.37,424890.97,0.53,8.79,16.58490566,0,0,10.14,0.45,0.24,0.387,3600,0,14.06418,0,11,7200,66.44,0.000147222,0.00018373,361617.2786,6026.954644,100.4492441,0,0.502309907,0,16.58490566,0,0,0,0,0.002816667,23588.16568,6.552268245,0.060295791,0.877897991,0,LOW,LOW
VEH_009,68b89b2d4f65cd554d7512ab,08/11/2025 5:00,ON,1.4,6773.73,66.36,46.6,36.8,167,-0.19,47,7.92,0,406.45,424890.97,0.08,1.4,17.5,0,0,7.92,0.19,0.47,0.274,3600,0,10.09008,0,11,10800,66.36,2.22E-05,0.000162698,407871.2195,6797.853659,113.297561,0,0.080003853,0,17.5,0,0,0,0,0.0022,30163.63636,8.378787879,0.057142857,0.049459042,0,LOW,LOW
VEH_009,68b89b2d4f65cd554d7512ab,08/11/2025 6:00,ON,5.29,6779.02,66.04,47.2,33.1,168,-0.07,36,9.09,0,406.77,424890.97,0.32,5.29,16.53125,0,0,9.09,0.07,0.36,0.157,3600,0,10.51713,0,11,14400,66.04,8.89E-05,0.000140476,470115.2542,7835.254237,130.5875706,0,0.302300274,0,16.53125,0,0,0,0,0.002525,26154.45545,7.265126513,0.060491493,0.928902628,0,LOW,LOW
VEH_009,68b89b2d4f65cd554d7512ab,08/11/2025 7:00,ON,0,6779.02,66.01,47.2,28.2,169,0.23,3,0,0.03,406.8,424890.97,0.03,0,0,1,0.03,0,0.23,0.03,0.17,3600,0,0,0,11,18000,66.01,8.33E-06,0.000102381,644748.8372,10745.81395,179.0968992,0,0,0,0,1,1,0,0,8.33E-06,7921200,2200.333333,0,0,0,LOW,LOW
VEH_009,68b89b2d4f65cd554d7512ab,08/11/2025 8:00,ON,7.37,6786.39,65.57,47.3,40.3,170,0.2,31,9.71,0,407.24,424890.97,0.44,7.37,16.75,0,0,9.71,0.2,0.31,0.233,3600,0,11.97243,0,11,21600,65.57,0.000122222,8.02E-05,818001.9802,13633.36634,227.2227723,0,0.421163142,0,16.75,0,0,0,0,0.002697222,24310.19567,6.752832132,0.059701493,0.176197836,0,LOW,LOW
VEH_009,68b89b2d4f65cd554d7512ab,08/11/2025 9:00,ON,1.67,6788.05,65.47,47.5,33,171,-0.4,41,8,0,407.34,424890.97,0.1,1.66,16.6,0,0,8,0.4,0.41,0.403,3600,0,11.224,0,11,25200,65.47,2.78E-05,8.41E-05,778228.3019,12970.4717,216.1745283,0,0.094861712,0,16.6,0,0,0,0,0.002222222,29461.5,8.18375,0.060240964,0.85625966,0,LOW,LOW
VEH_009,68b89b2d4f65cd554d7512ab,08/11/2025 10:00,ON,4.99,6793.05,65.17,47.6,38.7,172,-0.38,5,9,0,407.64,424890.97,0.3,5,16.66666667,0,0,9,0.38,0.05,0.281,3600,0,11.529,0,11,28800,65.17,8.33E-05,7.14E-05,912380,15206.33333,253.4388889,0,0.285728047,0,16.66666667,0,0,0,0,0.0025,26068,7.241111111,0.06,0.499227202,0,LOW,LOW
VEH_009,68b89b2d4f65cd554d7512ab,08/11/2025 11:00,ON,12.21,6805.25,64.44,47.2,37.1,173,0.12,33,11.16,0,408.38,424890.97,0.73,12.2,16.71232877,0,0,11.16,0.12,0.33,0.183,3600,0,13.20228,0,11,32400,64.44,0.000202778,7.94E-05,811944,13532.4,225.54,0,0.697176436,0,16.71232877,0,0,0,0,0.0031,20787.09677,5.774193548,0.059836066,0.256568779,0,LOW,LOW
VEH_009,68b89b2d4f65cd554d7512ab,08/11/2025 12:00,ON,17.81,6823.06,63.37,47.5,40.3,174,-0.38,31,12.84,0,409.44,424890.97,1.07,17.81,16.64485981,0,0,12.84,0.38,0.31,0.359,3600,0,17.44956,0,11,36000,63.37,0.000297222,0.000118651,534088.2943,8901.471572,148.3578595,0,1.017763305,0,16.64485981,0,0,0,0,0.003566667,17767.28972,4.935358255,0.060078608,0.693972179,0,LOW,LOW
VEH_009,68b89b2d4f65cd554d7512ab,08/11/2025 13:00,ON,23.3,6846.36,61.97,47.5,42.4,175,-0.47,36,14.49,0,410.84,424890.97,1.4,23.3,16.64285714,0,0,14.49,0.47,0.36,0.437,3600,0,20.82213,0,11,39600,61.97,0.000388889,0.000161508,383696.3145,6394.938575,106.5823096,0,1.331492701,0,16.64285714,0,0,0,0,0.004025,15396.27329,4.276742581,0.060085837,0.70633694,0,LOW,LOW
VEH_009,68b89b2d4f65cd554d7512ab,08/11/2025 14:00,ON,30.12,6876.48,60.16,47.3,41,176,-0.43,19,16.54,0,412.65,424890.97,1.81,30.12,16.64088398,0,0,16.54,0.43,0.19,0.358,3600,1,22.46132,0,11,43200,60.16,0.000502778,0.000232143,259150.7692,4319.179487,71.98632479,0,1.721225758,0,16.64088398,0,0,0,0,0.004594444,13094.07497,3.637243047,0.060092961,0.723338485,0,LOW,LOW
VEH_009,68b89b2d4f65cd554d7512ab,08/11/2025 15:00,ON,26.16,6902.64,58.59,47.3,41.2,177,-0.07,34,15.35,0,414.22,424890.97,1.57,26.16,16.66242038,0,0,15.35,0.07,0.34,0.151,3600,0,17.66785,0,11,46800,58.59,0.000436111,0.000276984,211528.3668,3525.472779,58.75787966,0,1.494929144,0,16.66242038,0,0,0,0,0.004263889,13740.9772,3.816938111,0.060015291,0.544049459,0,LOW,LOW
VEH_009,68b89b2d4f65cd554d7512ab,08/11/2025 16:00,ON,30.44,6933.08,56.77,47.1,38,178,0.2,25,16.63,0,416.04,424890.97,1.82,30.44,16.72527473,0,0,16.63,0.2,0.25,0.215,3600,1,20.20545,0,11,50400,56.77,0.000505556,0.000345238,164437.2414,2740.62069,45.67701149,0,1.739512353,0,16.72527473,0,0,0,0,0.004619444,12289.35658,3.413710162,0.05978975,0.219474498,0,LOW,LOW
VEH_009,68b89b2d4f65cd554d7512ab,08/11/2025 17:00,ON,24.48,6957.57,55.3,47.4,42.8,179,0.24,34,14.85,0,417.51,424890.97,1.47,24.49,16.65986395,0,0,14.85,0.24,0.34,0.27,3600,0,18.8595,0,11,54000,55.3,0.000408333,0.000391667,141191.4894,2353.191489,39.21985816,0,1.399495976,0,16.65986395,0,0,0,0,0.004125,13406.06061,3.723905724,0.0600245,0.567233385,0,LOW,LOW
VEH_009,68b89b2d4f65cd554d7512ab,08/11/2025 18:00,ON,24.46,6982.02,53.83,46.8,42,180,-0.07,7,14.84,0,418.98,424890.97,1.47,24.45,16.63265306,0,0,14.84,0.07,0.07,0.07,3600,0,15.8788,0,11,57600,53.83,0.000408333,0.000421032,127852.5919,2130.876532,35.51460886,0,1.397210152,0,16.63265306,0,0,0,0,0.004122222,13058.49057,3.627358491,0.060122699,0.758887172,0,LOW,LOW
VEH_009,68b89b2d4f65cd554d7512ab,08/11/2025 19:00,ON,27.86,7009.88,52.16,46.2,44.7,181,0.11,8,15.86,0,420.65,424890.97,1.67,27.86,16.68263473,0,0,15.86,0.11,0.08,0.101,3600,0,17.46186,0,11,61200,52.16,0.000463889,0.000444841,117255.3078,1954.255129,32.57091882,0,1.59207668,0,16.68263473,0,0,0,0,0.004405556,11839.59647,3.288776797,0.05994257,0.384853168,0,LOW,LOW
VEH_009,68b89b2d4f65cd554d7512ab,08/11/2025 20:00,ON,20.31,7030.19,50.94,45.6,39.2,182,0.36,9,13.59,0,421.87,424890.97,1.22,20.31,16.64754098,0,0,13.59,0.36,0.09,0.279,3600,0,17.38161,0,11,64800,50.94,0.000338889,0.000437698,116381.505,1939.69175,32.32819583,0,1.160627329,0,16.64754098,0,0,0,0,0.003775,13494.03974,3.748344371,0.060068932,0.673879444,0,LOW,LOW
VEH_009,68b89b2d4f65cd554d7512ab,08/11/2025 21:00,ON,14.56,7044.76,50.07,46,38.6,183,0.45,9,11.87,0,422.75,424890.97,0.87,14.57,16.74712644,0,0,11.87,0.45,0.09,0.342,3600,0,15.92954,0,11,68400,50.07,0.000241667,0.000400397,125050.9415,2084.182359,34.73637265,0,0.83261153,0,16.74712644,0,0,0,0,0.003297222,15185.50969,4.218197136,0.059711736,0.182380216,0,LOW,LOW
VEH_009,68b89b2d4f65cd554d7512ab,08/11/2025 22:00,ON,9.16,7053.92,49.52,45.5,34.3,184,0.28,46,10.25,0,423.3,424890.97,0.55,9.16,16.65454545,0,0,10.25,0.28,0.46,0.334,3600,0,13.6735,0,11,72000,49.52,0.000152778,0.000359921,137585.8875,2293.098126,38.21830209,0,0.523453783,0,16.65454545,0,0,0,0,0.002847222,17392.39024,4.831219512,0.060043668,0.612055641,0,LOW,LOW
VEH_009,68b89b2d4f65cd554d7512ab,08/11/2025 23:00,ON,2.29,7056.21,49.38,45.8,35,185,0.31,20,8.19,0,423.43,424890.97,0.14,2.29,16.35714286,0,0,8.19,0.31,0.2,0.277,3600,0,10.45863,0,11,75600,49.38,3.89E-05,0.000293254,168386.4682,2806.441137,46.77401894,0,0.130863446,0,16.35714286,0,0,0,0,0.002275,21705.49451,6.029304029,0.061135371,0.976816074,0,LOW,LOW
VEH_009,68b89b2d4f65cd554d7512ab,09/11/2025 0:00,ON,3.21,7059.42,49.19,45.8,37.7,186,0.27,46,8.46,0,423.63,424890.97,0.19,3.21,16.89473684,0,0,8.46,0.27,0.46,0.327,3600,0,11.22642,0,11,79200,49.19,5.28E-05,0.00024246,202878.5597,3381.309329,56.35515548,0,0.183437406,0,16.89473684,0,0,0,0,0.00235,20931.91489,5.814420804,0.059190031,0.081916538,0,LOW,LOW
VEH_009,68b89b2d4f65cd554d7512ab,09/11/2025 1:00,ON,3.73,7063.15,48.96,45.9,32.6,187,-0.29,5,8.62,0,423.85,424890.97,0.23,3.73,16.2173913,0,0,8.62,0.29,0.05,0.218,3600,0,10.49916,0,11,82800,48.96,6.39E-05,0.000193254,253345.3799,4222.422998,70.37371663,0,0.213153123,0,16.2173913,0,0,0,0,0.002394444,20447.33179,5.679814385,0.061662198,0.989180835,0,LOW,LOW
VEH_009,68b89b2d4f65cd554d7512ab,09/11/2025 2:00,ON,8.11,7071.26,48.48,46.7,38.3,188,0.4,15,9.93,0,424.34,424890.97,0.48,8.11,16.89583333,0,0,9.93,0.4,0.15,0.325,3600,0,13.15725,0,11,86400,48.48,0.000133333,0.000146032,331982.6087,5533.043478,92.2173913,0,0.463450893,0,16.89583333,0,0,0,0,0.002758333,17575.83082,4.882175227,0.05918619,0.080370943,0,LOW,LOW
VEH_009,68b89b2d4f65cd554d7512ab,09/11/2025 3:00,ON,5.9,7077.16,48.12,46.3,41.4,189,0.22,45,9.27,0,424.69,424890.97,0.36,5.9,16.38888889,0,0,9.27,0.22,0.45,0.289,3600,0,11.94903,0,11,90000,48.12,1.00E-04,0.000111905,430008.5106,7166.808511,119.4468085,0,0.337159096,0,16.38888889,0,0,0,0,0.002575,18687.37864,5.190938511,0.061016949,0.970633694,0,LOW,LOW
VEH_009,68b89b2d4f65cd554d7512ab,09/11/2025 4:00,ON,1.19,7078.35,48.05,46.7,37.6,190,0.43,48,7.86,0,424.76,424890.97,0.07,1.19,17,0,0,7.86,0.43,0.48,0.445,3600,0,11.3577,0,11,93600,48.05,1.94E-05,8.02E-05,599435.6436,9990.594059,166.509901,0,0.068003275,0,17,0,0,0,0,0.002183333,22007.63359,6.113231552,0.058823529,0.064914992,0,LOW,LOW
VEH_009,68b89b2d4f65cd554d7512ab,09/11/2025 5:00,ON,0,7078.35,48.02,46.5,25.6,191,-0.05,27,0,0.03,424.79,424890.97,0.03,0,0,1,0.03,0,0.05,0.27,0.116,3600,0,0,0,11,97200,48.02,8.33E-06,5.95E-05,806736,13445.6,224.0933333,0,0,0,0,1,1,0,0,8.33E-06,5762400,1600.666667,0,0,0,LOW,LOW
VEH_009,68b89b2d4f65cd554d7512ab,09/11/2025 6:00,ON,6.92,7085.27,47.6,46.2,37.6,192,-0.36,26,9.58,0,425.21,424890.97,0.42,6.92,16.47619048,0,0,9.58,0.36,0.26,0.33,3600,0,12.7414,0,11,100800,47.6,0.000116667,7.06E-05,673887.6404,11231.46067,187.1910112,0,0.395447618,0,16.47619048,0,0,0,0,0.002661111,17887.26514,4.96868476,0.060693642,0.958268934,0,LOW,LOW
VEH_009,68b89b2d4f65cd554d7512ab,09/11/2025 7:00,ON,2.49,7087.76,47.46,46.4,32.7,193,0.36,41,8.25,0,425.36,424890.97,0.14,2.49,17.78571429,0,0,8.25,0.36,0.41,0.375,3600,0,11.34375,0,11,104400,47.46,3.89E-05,6.87E-05,691324.8555,11522.08092,192.0346821,0,0.142292568,0,17.78571429,0,0,0,0,0.002291667,20709.81818,5.752727273,0.0562249,0.047913447,0,LOW,LOW
VEH_009,68b89b2d4f65cd554d7512ab,09/11/2025 8:00,ON,7.04,7094.8,47.03,46.4,34.3,194,0.03,35,9.61,0,425.78,424890.97,0.43,7.04,16.37209302,0,0,9.61,0.03,0.35,0.126,3600,0,10.82086,0,11,108000,47.03,0.000119444,7.66E-05,614070.4663,10234.50777,170.5751295,0,0.402305091,0,16.37209302,0,0,0,0,0.002669444,17617.89802,4.893860562,0.061079545,0.972179289,0,LOW,LOW
VEH_009,68b89b2d4f65cd554d7512ab,09/11/2025 9:00,ON,12.19,7106.99,46.3,46.1,33.4,195,0.36,4,11.16,0,426.51,424890.97,0.73,12.19,16.69863014,0,0,11.16,0.36,0.04,0.264,3600,0,14.10624,0,11,111600,46.3,0.000202778,8.65E-05,535211.0092,8920.183486,148.6697248,0,0.69660498,0,16.69863014,0,0,0,0,0.0031,14935.48387,4.14874552,0.059885152,0.307573416,0,LOW,LOW
VEH_009,68b89b2d4f65cd554d7512ab,09/11/2025 10:00,ON,19.02,7126.02,45.16,45.3,44.1,196,0.06,49,13.21,0,427.65,424890.97,1.14,19.03,16.69298246,0,0,13.21,0.06,0.49,0.189,3600,0,15.70669,0,11,115200,45.16,0.000316667,0.00011746,384470.2703,6407.837838,106.7972973,0,1.087480949,0,16.69298246,0,0,0,0,0.003669444,12307.04012,3.418622256,0.059905413,0.327666151,0,LOW,LOW
VEH_009,68b89b2d4f65cd554d7512ab,09/11/2025 11:00,ON,17.75,7143.77,44.1,45.2,35.8,197,0.36,0,12.82,0,428.72,424890.97,1.06,17.75,16.74528302,0,0,12.82,0.36,0,0.252,3600,0,16.05064,0,11,118800,44.1,0.000294444,0.000156746,281346.8354,4689.113924,78.15189873,0,1.014334568,0,16.74528302,0,0,0,0,0.003561111,12383.77535,3.439937598,0.05971831,0.183925811,0,MEDIUM,LOW
VEH_009,68b89b2d4f65cd554d7512ab,09/11/2025 12:00,ON,11.79,7155.56,43.39,45.5,38.9,198,-0.16,41,11.04,0,429.42,424890.97,0.71,11.79,16.6056338,0,0,11.04,0.16,0.41,0.235,3600,0,13.6344,0,11,122400,43.39,0.000197222,0.00018373,236161.5551,3936.025918,65.60043197,0,0.673746736,0,16.6056338,0,0,0,0,0.003066667,14148.91304,3.930253623,0.060220526,0.839258114,0,MEDIUM,LOW
VEH_009,68b89b2d4f65cd554d7512ab,09/11/2025 13:00,ON,18.33,7173.88,42.29,45.2,38.6,199,0.1,7,13,0,430.52,424890.97,1.1,18.32,16.65454545,0,0,13,0.1,0.07,0.091,3600,0,14.183,0,11,126000,42.29,0.000305556,0.000210714,200698.3051,3344.971751,55.74952919,0,1.046907566,0,16.65454545,0,0,0,0,0.003611111,11711.07692,3.253076923,0.060043668,0.613601236,0,MEDIUM,LOW
VEH_009,68b89b2d4f65cd554d7512ab,09/11/2025 14:00,ON,20.89,7194.78,41.03,45.5,43.7,200,-0.02,44,13.77,0,431.78,424890.97,1.26,20.9,16.58730159,0,0,13.77,0.02,0.44,0.146,3600,0,15.78042,0,11,129600,41.03,0.00035,0.000255159,160801.8663,2680.031104,44.66718507,0,1.194343238,0,16.58730159,0,0,0,0,0.003825,10726.79739,2.97966594,0.060287081,0.873261206,0,MEDIUM,LOW
VEH_009,68b89b2d4f65cd554d7512ab,09/11/2025 15:00,ON,13.95,7208.73,40.2,45.9,40.3,201,-0.25,46,11.69,0,432.61,424890.97,0.83,13.95,16.80722892,0,0,11.69,0.25,0.46,0.313,3600,0,15.34897,0,11,133200,40.2,0.000230556,0.000271032,148322.1083,2472.035139,41.20058565,0,0.797181252,0,16.80722892,0,0,0,0,0.003247222,12379.8118,3.438836612,0.059498208,0.122102009,0,MEDIUM,LOW
VEH_009,68b89b2d4f65cd554d7512ab,09/11/2025 16:00,ON,21.93,7230.66,38.88,45.8,40.3,202,0.42,22,14.08,0,433.93,424890.97,1.32,21.93,16.61363636,0,0,14.08,0.42,0.22,0.36,3600,0,19.1488,0,11,136800,38.88,0.000366667,0.000294444,132045.283,2200.754717,36.67924528,0,1.253203216,0,16.61363636,0,0,0,0,0.003911111,9940.909091,2.761363636,0.060191518,0.808346213,0,MEDIUM,LOW
VEH_009,68b89b2d4f65cd554d7512ab,09/11/2025 17:00,ON,21.4,7252.06,37.6,45.8,39.8,203,-0.17,29,13.92,0,435.21,424890.97,1.28,21.4,16.71875,0,0,13.92,0.17,0.29,0.206,3600,0,16.78752,0,11,140400,37.6,0.000355556,0.0003,125333.3333,2088.888889,34.81481481,0,1.222916043,0,16.71875,0,0,0,0,0.003866667,9724.137931,2.701149425,0.059813084,0.242658423,0,MEDIUM,LOW
VEH_009,68b89b2d4f65cd554d7512ab,09/11/2025 18:00,ON,20.82,7272.88,36.35,45.5,41.6,204,-0.01,23,13.75,0,436.46,424890.97,1.25,20.82,16.656,0,0,13.75,0.01,0.23,0.076,3600,0,14.795,0,11,144000,36.35,0.000347222,0.00030754,118196.129,1969.935484,32.83225806,0,1.189771589,0,16.656,0,0,0,0,0.003819444,9517.090909,2.643636364,0.060038425,0.596599691,0,MEDIUM,LOW
VEH_009,68b89b2d4f65cd554d7512ab,09/11/2025 19:00,ON,18,7290.88,35.27,45.3,38.5,205,-0.34,21,12.9,0,437.54,424890.97,1.08,18,16.66666667,0,0,12.9,0.34,0.21,0.301,3600,0,16.7829,0,11,147600,35.27,0.0003,0.000322222,109458.6207,1824.310345,30.40517241,0,1.028620971,0,16.66666667,0,0,0,0,0.003583333,9842.790698,2.734108527,0.06,0.501545595,0,MEDIUM,LOW
VEH_009,68b89b2d4f65cd554d7512ab,09/11/2025 20:00,ON,11.27,7302.15,34.59,45.5,37.9,206,-0.02,26,10.88,0,438.22,424890.97,0.68,11.27,16.57352941,0,0,10.88,0.02,0.26,0.092,3600,0,11.88096,0,11,151200,34.59,0.000188889,0.000305556,113203.6364,1886.727273,31.44545455,0,0.644031019,0,16.57352941,0,0,0,0,0.003022222,11445.22059,3.179227941,0.060337178,0.888717156,0,MEDIUM,LOW
VEH_009,68b89b2d4f65cd554d7512ab,09/11/2025 21:00,ON,18.01,7320.17,33.51,44.7,37.2,207,-0.41,45,12.9,0,439.3,424890.97,1.08,18.02,16.68518519,0,0,12.9,0.41,0.45,0.422,3600,0,18.3438,0,11,154800,33.51,0.0003,0.000298413,112294.1489,1871.569149,31.19281915,0,1.029763883,0,16.68518519,0,0,0,0,0.003583333,9351.627907,2.597674419,0.059933407,0.370942813,0,MEDIUM,LOW
VEH_009,68b89b2d4f65cd554d7512ab,09/11/2025 22:00,ON,21.09,7341.25,32.25,45,40.6,208,-0.44,44,13.83,0,440.57,424890.97,1.26,21.08,16.73015873,0,0,13.83,0.44,0.44,0.44,3600,0,19.9152,0,11,158400,32.25,0.00035,0.000315476,102226.4151,1703.773585,28.39622642,0,1.204629448,0,16.73015873,0,0,0,0,0.003841667,8394.793926,2.331887202,0.059772296,0.214837713,0,MEDIUM,LOW
VEH_009,68b89b2d4f65cd554d7512ab,09/11/2025 23:00,ON,13.76,7355.01,31.42,45,37.6,209,-0.18,21,11.63,0,441.39,424890.97,0.83,13.76,16.57831325,0,0,11.63,0.18,0.21,0.189,3600,0,13.82807,0,11,162000,31.42,0.000230556,0.000296032,106137.2654,1768.954424,29.48257373,0,0.786323587,0,16.57831325,0,0,0,0,0.003230556,9725.881341,2.701633706,0.060319767,0.885625966,0,MEDIUM,LOW
VEH_009,68b89b2d4f65cd554d7512ab,10/11/2025 0:00,ON,19.9,7374.92,30.23,45,44.8,210,-0.43,35,13.47,0,442.59,424890.97,1.19,19.91,16.73109244,0,0,13.47,0.43,0.35,0.406,3600,0,18.93882,0,11,165600,30.23,0.000330556,0.00029246,103364.4505,1722.740841,28.71234735,0,1.137769085,0,16.73109244,0,0,0,0,0.003741667,8079.287305,2.244246474,0.05976896,0.213292117,0,MEDIUM,LOW
VEH_009,68b89b2d4f65cd554d7512ab,10/11/2025 1:00,ON,24.69,7399.6,28.74,44.5,43.3,211,0.33,37,14.91,0,444.07,424890.97,1.49,24.68,16.56375839,0,0,14.91,0.33,0.37,0.342,3600,0,20.00922,0,11,169200,28.74,0.000413889,0.000301984,95170.56505,1586.176084,26.43626807,0,1.410353642,0,16.56375839,0,0,0,0,0.004141667,6939.235412,1.927565392,0.060372771,0.902627512,0,MEDIUM,LOW
VEH_009,68b89b2d4f65cd554d7512ab,10/11/2025 2:00,ON,16.99,7416.6,27.73,45.7,44.5,212,0.02,29,12.6,0,445.09,424890.97,1.01,17,16.83168317,0,0,12.6,0.02,0.29,0.101,3600,0,13.8726,0,11,172800,27.73,0.000280556,0.000299206,92678.51459,1544.64191,25.74403183,0,0.971475361,0,16.83168317,0,0,0,0,0.0035,7922.857143,2.200793651,0.059411765,0.105100464,0,MEDIUM,LOW
VEH_009,68b89b2d4f65cd554d7512ab,10/11/2025 3:00,ON,24.64,7441.23,26.25,45.5,40.6,213,0.03,7,14.89,0,446.56,424890.97,1.48,24.63,16.64189189,0,0,14.89,0.03,0.07,0.042,3600,0,15.51538,0,11,176400,26.25,0.000411111,0.000330952,79316.54676,1321.942446,22.0323741,0,1.407496362,0,16.64189189,0,0,0,0,0.004136111,6346.541303,1.76292814,0.060089322,0.714064915,0,MEDIUM,LOW
VEH_009,68b89b2d4f65cd554d7512ab,10/11/2025 4:00,ON,32.01,7473.25,24.33,46.2,49.4,214,-0.47,49,17.1,0,448.48,424890.97,1.92,32.02,16.67708333,0,0,17.1,0.47,0.49,0.476,3600,1,25.2396,0,11,180000,24.33,0.000533333,0.000364286,66788.23529,1113.137255,18.55228758,0,1.829802416,0,16.67708333,0,0,0,0,0.00475,5122.105263,1.422807018,0.059962523,0.431993818,0,HIGH,MEDIUM
VEH_009,68b89b2d4f65cd554d7512ab,10/11/2025 5:00,ON,29.47,7502.72,22.56,46.2,45.3,215,0.34,20,16.34,0,450.25,424890.97,1.77,29.47,16.64971751,0,0,16.34,0.34,0.2,0.298,3600,0,21.20932,0,11,183600,22.56,0.000491667,0.000384524,58669.96904,977.8328173,16.29721362,0,1.684081112,0,16.64971751,0,0,0,0,0.004538889,4970.379437,1.380660955,0.060061079,0.659969088,0,HIGH,MEDIUM
VEH_009,68b89b2d4f65cd554d7512ab,10/11/2025 6:00,ON,29.06,7531.78,20.81,46.5,47.1,216,-0.22,23,16.22,0,452,424890.97,1.75,29.06,16.60571429,0,0,16.22,0.22,0.23,0.223,3600,0,19.83706,0,11,187200,20.81,0.000486111,0.000421032,49426.2017,823.7700283,13.72950047,0,1.660651412,0,16.60571429,0,0,0,0,0.004505556,4618.742293,1.28298397,0.060220234,0.837712519,0,HIGH,MEDIUM
VEH_009,68b89b2d4f65cd554d7512ab,10/11/2025 7:00,ON,26.58,7558.35,19.22,46.6,43.5,217,-0.1,40,15.47,0,453.59,424890.97,1.59,26.57,16.71069182,0,0,15.47,0.1,0.4,0.19,3600,0,18.4093,0,11,190800,19.22,0.000441667,0.000436905,43991.28065,733.1880109,12.21980018,0,1.518358844,0,16.71069182,0,0,0,0,0.004297222,4472.656755,1.242404654,0.059841927,0.261205564,0,HIGH,MEDIUM
VEH_009,68b89b2d4f65cd554d7512ab,10/11/2025 8:00,ON,21.57,7579.92,17.93,46.8,38.6,218,0.14,33,13.97,0,454.89,424890.97,1.29,21.57,16.72093023,0,0,13.97,0.14,0.33,0.197,3600,0,16.72209,0,11,194400,17.93,0.000358333,0.000428968,41797.96485,696.6327475,11.61054579,0,1.232630797,0,16.72093023,0,0,0,0,0.003880556,4620.472441,1.283464567,0.059805285,0.233384853,0,HIGH,MEDIUM
VEH_009,68b89b2d4f65cd554d7512ab,10/11/2025 9:00,ON,20.92,7600.84,16.67,46.3,44.9,219,0.12,6,13.78,0,456.14,424890.97,1.26,20.92,16.6031746,0,0,13.78,0.12,0.06,0.102,3600,0,15.18556,0,11,198000,16.67,0.00035,0.000438889,37982.27848,633.0379747,10.55063291,0,1.19548615,0,16.6031746,0,0,0,0,0.003827778,4355.007257,1.209724238,0.060229446,0.84698609,0,HIGH,MEDIUM
VEH_009,68b89b2d4f65cd554d7512ab,10/11/2025 10:00,ON,18.28,7619.13,15.57,45.9,40.7,220,-0.07,17,12.98,0,457.24,424890.97,1.1,18.29,16.62727273,0,0,12.98,0.07,0.17,0.1,3600,0,14.278,0,11,201600,15.57,0.000305556,0.00042381,36738.20225,612.3033708,10.20505618,0,1.045193197,0,16.62727273,0,0,0,0,0.003605556,4318.335901,1.19953775,0.060142154,0.777434312,0,HIGH,MEDIUM
VEH_009,68b89b2d4f65cd554d7512ab,10/11/2025 11:00,ON,23.51,7642.64,14.16,46.5,44,221,0.39,16,14.55,0,458.65,424890.97,1.41,23.51,16.67375887,0,0,14.55,0.39,0.16,0.321,3600,0,19.22055,0,11,205200,14.16,0.000391667,0.000403571,35086.72566,584.7787611,9.746312684,0,1.343493279,0,16.67375887,0,0,0,0,0.004041667,3503.505155,0.973195876,0.059974479,0.460587326,0,HIGH,MEDIUM
VEH_009,68b89b2d4f65cd554d7512ab,10/11/2025 12:00,ON,16.28,7658.92,13.19,46.2,38.9,222,0.35,21,12.38,0,459.62,424890.97,0.97,16.28,16.78350515,0,0,12.38,0.35,0.21,0.308,3600,0,16.19304,0,11,208800,13.19,0.000269444,0.000371825,35473.63927,591.2273212,9.853788687,0,0.930330522,0,16.78350515,0,0,0,0,0.003438889,3835.541195,1.06542811,0.05958231,0.139103555,0,HIGH,MEDIUM
VEH_009,68b89b2d4f65cd554d7512ab,10/11/2025 13:00,ON,15.03,7673.95,12.28,46.4,35.8,223,0,6,12.01,0,460.53,424890.97,0.91,15.03,16.51648352,0,0,12.01,0,0.06,0.018,3600,0,12.22618,0,11,212400,12.28,0.000252778,0.000338492,36278.54631,604.6424385,10.07737397,0,0.858898511,0,16.51648352,0,0,0,0,0.003336111,3680.932556,1.022481266,0.060545576,0.941267388,0,HIGH,MEDIUM
VEH_009,68b89b2d4f65cd554d7512ab,10/11/2025 14:00,ON,12.03,7685.98,11.56,46.5,40.5,224,0.29,17,11.11,0,461.25,424890.97,0.72,12.03,16.70833333,0,0,11.11,0.29,0.17,0.254,3600,0,13.93194,0,11,216000,11.56,0.0002,0.000303968,38030.28721,633.8381201,10.56396867,0,0.687461682,0,16.70833333,0,0,0,0,0.003086111,3745.814581,1.04050405,0.059850374,0.270479134,0,HIGH,MEDIUM
VEH_009,68b89b2d4f65cd554d7512ab,10/11/2025 15:00,ON,13.59,7699.57,10.75,46.5,39,225,-0.23,16,11.58,0,462.06,424890.97,0.81,13.59,16.77777778,0,0,11.58,0.23,0.16,0.209,3600,0,14.00022,0,11,219600,10.75,0.000225,0.000284921,37729.80501,628.8300836,10.48050139,0,0.776608833,0,16.77777778,0,0,0,0,0.003216667,3341.968912,0.928324698,0.059602649,0.142194745,0,HIGH,MEDIUM
VEH_009,68b89b2d4f65cd554d7512ab,10/11/2025 16:00,ON,7.1,7706.67,10.32,47,37.1,226,-0.2,45,9.63,0,462.49,424890.97,0.43,7.1,16.51162791,0,0,9.63,0.2,0.45,0.275,3600,0,12.27825,0,11,223200,10.32,0.000119444,0.000251984,40954.96063,682.5826772,11.37637795,0,0.405733827,0,16.51162791,0,0,0,0,0.002675,3857.943925,1.07165109,0.06056338,0.942812983,0,HIGH,MEDIUM
VEH_009,68b89b2d4f65cd554d7512ab,10/11/2025 17:00,ON,0,7706.67,10.29,47.1,26.3,227,0.25,26,0,0.03,462.52,424890.97,0.03,0,0,1,0.03,0,0.25,0.26,0.253,3600,0,0,0,11,226800,10.29,8.33E-06,0.000209524,49111.36364,818.5227273,13.64204545,0,0,0,0,1,1,0,0,8.33E-06,1234800,343,0,0,0,HIGH,LOW
VEH_009,68b89b2d4f65cd554d7512ab,10/11/2025 18:00,ON,0,7706.67,10.26,47.4,24.5,228,0.33,37,0,0.03,462.55,424890.97,0.03,0,0,1,0.03,0,0.33,0.37,0.342,3600,0,0,0,11,230400,10.26,8.33E-06,0.000154762,66295.38462,1104.923077,18.41538462,0,0,0,0,1,1,0,0,8.33E-06,1231200,342,0,0,0,HIGH,LOW
VEH_009,68b89b2d4f65cd554d7512ab,10/11/2025 19:00,ON,0,7706.67,10.23,47.4,27.6,229,0.12,40,0,0.03,462.58,424890.97,0.03,0,0,1,0.03,0,0.12,0.4,0.204,3600,0,0,0,11,234000,10.23,8.33E-06,0.00011746,87093.24324,1451.554054,24.19256757,0,0,0,0,1,1,0,0,8.33E-06,1227600,341,0,0,0,HIGH,LOW
VEH_009,68b89b2d4f65cd554d7512ab,10/11/2025 20:00,ON,0,7706.67,10.2,47.2,21.4,230,-0.09,42,0,0.03,462.61,424890.97,0.03,0,0,1,0.03,0,0.09,0.42,0.189,3600,0,0,0,11,237600,10.2,8.33E-06,8.25E-05,123576.9231,2059.615385,34.32692308,0,0,0,0,1,1,0,0,8.33E-06,1224000,340,0,0,0,HIGH,LOW
VEH_009,68b89b2d4f65cd554d7512ab,10/11/2025 21:00,ON,5.09,7711.76,23.2,48.1,36,231,-0.47,38,9.03,0,462.92,424890.97,0,5.09,0,0,0,9.03,0.47,0.38,0.443,3600,0,13.03029,1,12,0,23.2,0,5.40E-05,429882.3529,7164.705882,119.4117647,0,0.290871152,0,0,0,0,0,0,0.002508333,9249.169435,2.569213732,0,0.020092736,0,HIGH,LOW
VEH_009,68b89b2d4f65cd554d7512ab,10/11/2025 22:00,ON,3.35,7715.11,23,47.8,35.2,232,-0.37,25,8.5,0,463.12,424890.97,0.2,3.35,16.75,0,0,8.5,0.37,0.25,0.334,3600,0,11.339,0,12,3600,23,5.56E-05,2.98E-05,772800,12880,214.6666667,0,0.191437792,0,16.75,0,0,0,0,0.002361111,9741.176471,2.705882353,0.059701493,0.179289026,0,HIGH,LOW
VEH_009,68b89b2d4f65cd554d7512ab,10/11/2025 23:00,ON,0,7715.11,22.97,47.9,27,233,-0.34,14,0,0.03,463.15,424890.97,0.03,0,0,1,0.03,0,0.34,0.14,0.28,3600,0,0,0,12,7200,22.97,8.33E-06,1.39E-05,1653840,27564,459.4,0,0,0,0,1,1,0,0,8.33E-06,2756400,765.6666667,0,0,0,HIGH,LOW
VEH_009,68b89b2d4f65cd554d7512ab,11/11/2025 0:00,ON,4.2,7719.31,22.72,47.9,31,234,0.4,48,8.76,0,463.4,424890.97,0.25,4.2,16.8,0,0,8.76,0.4,0.48,0.424,3600,0,12.47424,0,12,10800,22.72,6.94E-05,2.26E-05,1004463.158,16741.05263,279.0175439,0,0.24001156,0,16.8,0,0,0,0,0.002433333,9336.986301,2.593607306,0.05952381,0.123647604,0,HIGH,LOW
VEH_009,68b89b2d4f65cd554d7512ab,11/11/2025 1:00,ON,0,7719.31,22.69,48.1,22.9,235,-0.35,11,0,0.03,463.43,424890.97,0.03,0,0,1,0.03,0,0.35,0.11,0.278,3600,0,0,0,12,14400,22.69,8.33E-06,2.26E-05,1003136.842,16718.94737,278.6491228,0,0,0,0,1,1,0,0,8.33E-06,2722800,756.3333333,0,0,0,HIGH,LOW
VEH_009,68b89b2d4f65cd554d7512ab,11/11/2025 2:00,ON,0,7719.31,22.66,47.9,22.1,236,-0.45,24,0,0.03,463.46,424890.97,0.03,0,0,1,0.03,0,0.45,0.24,0.387,3600,0,0,0,12,18000,22.66,8.33E-06,2.26E-05,1001810.526,16696.84211,278.2807018,0,0,0,0,1,1,0,0,8.33E-06,2719200,755.3333333,0,0,0,HIGH,LOW
VEH_009,68b89b2d4f65cd554d7512ab,11/11/2025 3:00,ON,0,7719.31,22.63,47.5,24.4,237,0.11,29,0,0.03,463.49,424890.97,0.03,0,0,1,0.03,0,0.11,0.29,0.164,3600,0,0,0,12,21600,22.63,8.33E-06,2.26E-05,1000484.211,16674.73684,277.9122807,0,0,0,0,1,1,0,0,8.33E-06,2715600,754.3333333,0,0,0,HIGH,LOW
VEH_009,68b89b2d4f65cd554d7512ab,11/11/2025 4:00,ON,0,7719.31,22.6,46.8,20.9,238,-0.44,29,0,0.03,463.52,424890.97,0.03,0,0,1,0.03,0,0.44,0.29,0.395,3600,0,0,0,12,25200,22.6,8.33E-06,2.38E-05,949200,15820,263.6666667,0,0,0,0,1,1,0,0,8.33E-06,2712000,753.3333333,0,0,0,HIGH,LOW
VEH_009,68b89b2d4f65cd554d7512ab,11/11/2025 5:00,ON,0,7719.31,22.57,46.8,29.6,239,0.09,23,0,0.03,463.55,424890.97,0.03,0,0,1,0.03,0,0.09,0.23,0.132,3600,0,0,0,12,28800,22.57,8.33E-06,1.71E-05,1322706.977,22045.11628,367.4186047,0,0,0,0,1,1,0,0,8.33E-06,2708400,752.3333333,0,0,0,HIGH,LOW
VEH_009,68b89b2d4f65cd554d7512ab,11/11/2025 6:00,ON,0,7719.31,22.54,47.1,28.6,240,-0.29,29,0,0.03,463.58,424890.97,0.03,0,0,1,0.03,0,0.29,0.29,0.29,3600,0,0,0,12,32400,22.54,8.33E-06,1.71E-05,1320948.837,22015.81395,366.9302326,0,0,0,0,1,1,0,0,8.33E-06,2704800,751.3333333,0,0,0,HIGH,LOW
VEH_009,68b89b2d4f65cd554d7512ab,11/11/2025 7:00,ON,5.48,7724.79,22.21,46.8,37.5,241,0.38,20,9.15,0,463.91,424890.97,0.33,5.48,16.60606061,0,0,9.15,0.38,0.2,0.326,3600,0,12.1329,0,12,36000,22.21,9.17E-05,2.02E-05,1097435.294,18290.58824,304.8431373,0,0.31315794,0,16.60606061,0,0,0,0,0.002541667,8738.360656,2.427322404,0.060218978,0.836166924,0,HIGH,LOW
VEH_009,68b89b2d4f65cd554d7512ab,11/11/2025 8:00,ON,7.29,7732.09,21.77,46,33.6,242,-0.04,44,9.69,0,464.35,424890.97,0.44,7.3,16.59090909,0,0,9.69,0.04,0.44,0.16,3600,0,11.2404,0,12,39600,21.77,0.000122222,3.65E-05,596308.6957,9938.478261,165.6413043,0,0.417162949,0,16.59090909,0,0,0,0,0.002691667,8087.925697,2.246646027,0.060273973,0.867078825,0,HIGH,LOW
VEH_009,68b89b2d4f65cd554d7512ab,11/11/2025 9:00,ON,9.67,7741.76,21.19,46.3,33.2,243,-0.06,14,10.4,0,464.93,424890.97,0.58,9.67,16.67241379,0,0,10.4,0.06,0.14,0.084,3600,0,11.2736,0,12,43200,21.19,0.000161111,5.83E-05,363257.1429,6054.285714,100.9047619,0,0.552598044,0,16.67241379,0,0,0,0,0.002888889,7335,2.0375,0.059979317,0.472179289,0,HIGH,LOW
VEH_009,68b89b2d4f65cd554d7512ab,11/11/2025 10:00,ON,6.01,7747.77,20.83,45.8,36.6,244,-0.41,44,9.3,0,465.29,424890.97,0.36,6.01,16.69444444,0,0,9.3,0.41,0.44,0.419,3600,0,13.1967,0,12,46800,20.83,0.0001,7.14E-05,291620,4860.333333,81.00555556,0,0.343445113,0,16.69444444,0,0,0,0,0.002583333,8063.225806,2.239784946,0.059900166,0.319938176,0,HIGH,LOW
VEH_009,68b89b2d4f65cd554d7512ab,11/11/2025 11:00,ON,6.4,7754.18,20.45,46.1,35.1,245,-0.17,1,9.42,0,465.67,424890.97,0.38,6.41,16.86842105,0,0,9.42,0.17,0.01,0.122,3600,0,10.56924,0,12,50400,20.45,0.000105556,8.53E-05,239693.0233,3994.883721,66.58139535,0,0.366303357,0,16.86842105,0,0,0,0,0.002616667,7815.286624,2.170912951,0.059282371,0.083462133,0,HIGH,LOW
VEH_009,68b89b2d4f65cd554d7512ab,11/11/2025 12:00,ON,11.07,7765.25,19.78,45.5,38.7,246,-0.4,40,10.82,0,466.33,424890.97,0.67,11.07,16.52238806,0,0,10.82,0.4,0.4,0.4,3600,0,15.148,0,12,54000,19.78,0.000186111,0.000110714,178658.0645,2977.634409,49.62724014,0,0.632601897,0,16.52238806,0,0,0,0,0.003005556,6581.146026,1.828096118,0.060523939,0.936630603,0,HIGH,LOW
VEH_009,68b89b2d4f65cd554d7512ab,11/11/2025 13:00,ON,13.82,7779.07,18.95,45.8,43.2,247,-0.06,18,11.65,0,467.16,424890.97,0.83,13.82,16.65060241,0,0,11.65,0.06,0.18,0.096,3600,0,12.7684,0,12,57600,18.95,0.000230556,0.00014246,133019.4986,2216.991643,36.94986072,0,0.789752323,0,16.65060241,0,0,0,0,0.003236111,5855.793991,1.626609442,0.060057887,0.647604328,0,HIGH,LOW
VEH_009,68b89b2d4f65cd554d7512ab,11/11/2025 14:00,ON,16.15,7795.22,17.98,45.7,45.5,248,-0.34,9,12.35,0,468.13,424890.97,0.97,16.15,16.64948454,0,0,12.35,0.34,0.09,0.265,3600,0,15.62275,0,12,61200,17.98,0.000269444,0.000167857,107114.8936,1785.248227,29.75413712,0,0.922901593,0,16.64948454,0,0,0,0,0.003430556,5241.133603,1.455870445,0.06006192,0.663060278,0,HIGH,MEDIUM
VEH_009,68b89b2d4f65cd554d7512ab,11/11/2025 15:00,ON,21.02,7816.24,16.72,46,44.2,249,-0.23,42,13.81,0,469.39,424890.97,1.26,21.02,16.68253968,0,0,13.81,0.23,0.42,0.287,3600,0,17.77347,0,12,64800,16.72,0.00035,0.000200397,83434.45545,1390.574257,23.17623762,0,1.201200711,0,16.68253968,0,0,0,0,0.003836111,4358.580739,1.210716872,0.059942912,0.386398764,0,HIGH,MEDIUM
VEH_009,68b89b2d4f65cd554d7512ab,11/11/2025 16:00,ON,19.61,7835.86,15.54,45.6,41.1,250,0.22,21,13.38,0,470.57,424890.97,1.18,19.62,16.62711864,0,0,13.38,0.22,0.21,0.217,3600,0,16.28346,0,12,68400,15.54,0.000327778,0.000224206,69311.15044,1155.185841,19.25309735,0,1.121196858,0,16.62711864,0,0,0,0,0.003716667,4181.165919,1.161434978,0.060142712,0.780525502,0,HIGH,MEDIUM
VEH_009,68b89b2d4f65cd554d7512ab,11/11/2025 17:00,ON,27.44,7863.3,13.9,45.6,40.4,251,-0.35,1,15.73,0,472.22,424890.97,1.64,27.44,16.73170732,0,0,15.73,0.35,0.01,0.248,3600,0,19.63104,0,12,72000,13.9,0.000455556,0.000275,50545.45455,842.4242424,14.04040404,0,1.568075524,0,16.73170732,0,0,0,0,0.004369444,3181.182454,0.883661793,0.059766764,0.208655332,0,HIGH,MEDIUM
VEH_009,68b89b2d4f65cd554d7512ab,11/11/2025 18:00,ON,32.59,7895.89,11.94,45.1,43.7,252,0.43,24,17.28,0,474.17,424890.97,1.96,32.59,16.62755102,0,0,17.28,0.43,0.24,0.373,3600,1,23.72544,0,12,75600,11.94,0.000544444,0.000337698,35356.99177,589.2831962,9.821386604,0,1.862375413,0,16.62755102,0,0,0,0,0.0048,2487.5,0.690972222,0.060141148,0.775888717,0,HIGH,MEDIUM
VEH_009,68b89b2d4f65cd554d7512ab,11/11/2025 19:00,ON,33.85,7929.74,9.91,45.6,45.4,253,0.28,41,17.66,0,476.2,424890.97,2.03,33.85,16.67487685,0,0,17.66,0.28,0.41,0.319,3600,1,23.29354,0,12,79200,9.91,0.000563889,0.000391667,25302.12766,421.7021277,7.028368794,0,1.934378881,0,16.67487685,0,0,0,0,0.004905556,2020.15855,0.561155153,0.059970458,0.454404946,0,HIGH,MEDIUM
VEH_009,68b89b2d4f65cd554d7512ab,11/11/2025 20:00,ON,38.12,7967.87,7.62,46,46.9,254,0.06,30,18.94,0,478.49,424890.97,2.29,38.13,16.65065502,0,0,18.94,0.06,0.3,0.132,3600,1,21.44008,0,12,82800,7.62,0.000636111,0.000449603,16948.27891,282.4713151,4.707855252,0,2.17896209,0,16.65065502,0,0,0,0,0.005261111,1448.363252,0.402323126,0.060057697,0.644513138,0,HIGH,HIGH
VEH_009,68b89b2d4f65cd554d7512ab,11/11/2025 21:00,ON,42.29,8010.16,5.09,46.3,53.8,255,0.33,15,20.19,0,481.03,424890.97,2.53,42.29,16.71541502,0,0,20.19,0.33,0.15,0.276,3600,1,25.76244,0,12,86400,5.09,0.000702778,0.000511508,9950.969744,165.8494957,2.764158262,0,2.416687825,0,16.71541502,0,0,0,0,0.005608333,907.5780089,0.252105002,0.059825018,0.250386399,0,HIGH,HIGH
VEH_009,68b89b2d4f65cd554d7512ab,11/11/2025 22:00,ON,44.66,8054.82,2.41,46.2,47,256,-0.08,43,20.9,0,483.71,424890.97,2.68,44.66,16.6641791,0,0,20.9,0.08,0.43,0.185,3600,1,24.7665,0,12,90000,2.41,0.000744444,0.000567857,4244.025157,70.73375262,1.178895877,0,2.55212292,0,16.6641791,0,0,0,0,0.005805556,415.1196172,0.115311005,0.060008957,0.523956723,0,HIGH,HIGH
VEH_009,68b89b2d4f65cd554d7512ab,11/11/2025 23:00,ON,40.84,8095.66,0,46.5,46.2,257,-0.39,44,19.75,0,486.16,424890.97,2.41,40.84,16.94605809,0,0,19.75,0.39,0.44,0.405,3600,1,27.74875,0,12,93600,0,0.000669444,0.000616667,0,0,0,0,2.333826691,0,16.94605809,0,0,0,0,0.005486111,0,0,0.059010774,0.072642968,0,HIGH,HIGH
VEH_009,68b89b2d4f65cd554d7512ab,12/11/2025 0:00,OFF,0,8095.66,0,46.2,2.9,257,0.09,16,0,0,486.16,424890.97,0,0,0,0,0,0,0.09,0.16,0.111,0,0,0,0,12,97200,0,0,0.000551587,0,0,0,0,0,0,0,0,0,0,0,0,0,0,0,0,0,HIGH,
VEH_009,68b89b2d4f65cd554d7512ab,12/11/2025 1:00,OFF,0,8095.66,0,46,0.1,257,0.31,36,0,0,486.16,424890.97,0,0,0,0,0,0,0.31,0.36,0.325,0,0,0,0,12,100800,0,0,0.00047381,0,0,0,0,0,0,0,0,0,0,0,0,0,0,0,0,0,HIGH,
VEH_009,68b89b2d4f65cd554d7512ab,12/11/2025 2:00,OFF,0,8095.66,0,46.2,4.5,257,-0.46,26,0,0,486.16,424890.97,0,0,0,0,0,0,0.46,0.26,0.4,0,0,0,0,12,104400,0,0,0.000393254,0,0,0,0,0,0,0,0,0,0,0,0,0,0,0,0,0,HIGH,
VEH_009,68b89b2d4f65cd554d7512ab,12/11/2025 3:00,OFF,0,8095.66,0,46.5,3.5,257,0.35,39,0,0,486.16,424890.97,0,0,0,0,0,0,0.35,0.39,0.362,0,0,0,0,12,108000,0,0,0.000302381,0,0,0,0,0,0,0,0,0,0,0,0,0,0,0,0,0,HIGH,
VEH_009,68b89b2d4f65cd554d7512ab,12/11/2025 4:00,ON,0,8095.66,56.95,47.3,26.5,257,-0.13,30,0,0.03,486.16,424890.97,0,0,0,1,0.03,0,0.13,0.3,0.181,3600,0,0,1,13,0,56.95,0,0.000201984,281952.8487,4699.214145,78.32023576,0,0,0,0,0,0,0,0,8.33E-06,6834000,1898.333333,0,0,0,LOW,LOW
VEH_009,68b89b2d4f65cd554d7512ab,12/11/2025 5:00,ON,7.05,8102.72,56.52,47.5,35.4,258,0.43,16,9.62,0,486.58,424890.97,0.43,7.06,16.41860465,0,0,9.62,0.43,0.16,0.349,3600,0,12.97738,0,13,3600,56.52,0.000119444,0.000112698,501515.493,8358.591549,139.3098592,0,0.403448003,0,16.41860465,0,0,0,0,0.002672222,21150.93555,5.875259875,0.060906516,0.965996909,0,LOW,LOW
VEH_009,68b89b2d4f65cd554d7512ab,12/11/2025 6:00,ON,4.66,8107.38,56.24,47.9,37.3,259,-0.28,46,8.9,0,486.86,424890.97,0.28,4.66,16.64285714,0,0,8.9,0.28,0.46,0.334,3600,0,11.8726,0,13,7200,56.24,7.78E-05,2.82E-05,1996123.944,33268.73239,554.4788732,0,0.26629854,0,16.64285714,0,0,0,0,0.002472222,22748.76404,6.319101124,0.060085837,0.70942813,0,LOW,LOW
VEH_009,68b89b2d4f65cd554d7512ab,12/11/2025 7:00,ON,3.93,8111.3,56.01,47.8,39.8,260,0.01,33,8.68,0,487.1,424890.97,0.23,3.92,17.04347826,0,0,8.68,0.01,0.33,0.106,3600,0,9.60008,0,13,10800,56.01,6.39E-05,3.73E-05,1501544.681,25025.74468,417.0957447,0,0.224010789,0,17.04347826,0,0,0,0,0.002411111,23229.95392,6.452764977,0.058673469,0.061823802,0,LOW,LOW
VEH_009,68b89b2d4f65cd554d7512ab,12/11/2025 8:00,ON,10.43,8121.73,55.38,47,35.3,261,0.2,22,10.63,0,487.72,424890.97,0.63,10.43,16.55555556,0,0,10.63,0.2,0.22,0.206,3600,0,12.81978,0,13,14400,55.38,0.000175,6.23E-05,888901.9108,14815.03185,246.9171975,0,0.596028707,0,16.55555556,0,0,0,0,0.002952778,18755.22107,5.209783631,0.060402685,0.908809892,0,LOW,LOW
VEH_009,68b89b2d4f65cd554d7512ab,12/11/2025 9:00,ON,6.31,8128.04,55,48.1,36,262,0.21,18,9.39,0,488.1,424890.97,0.38,6.31,16.60526316,0,0,9.39,0.21,0.18,0.201,3600,0,11.27739,0,13,18000,55,0.000105556,7.74E-05,710769.2308,11846.15385,197.4358974,0,0.360588796,0,16.60526316,0,0,0,0,0.002608333,21086.26198,5.857294995,0.06022187,0.840803709,0,LOW,LOW
VEH_009,68b89b2d4f65cd554d7512ab,12/11/2025 10:00,ON,7.5,8135.53,54.55,48.1,36.6,263,0.18,10,9.75,0,488.55,424890.97,0.45,7.49,16.64444444,0,0,9.75,0.18,0.1,0.156,3600,0,11.271,0,13,21600,54.55,0.000125,9.52E-05,572775,9546.25,159.1041667,0,0.428020615,0,16.64444444,0,0,0,0,0.002708333,20141.53846,5.594871795,0.060080107,0.698608964,0,LOW,LOW
VEH_009,68b89b2d4f65cd554d7512ab,12/11/2025 11:00,ON,4.95,8140.49,54.26,48.1,36.8,264,-0.28,0,8.99,0,488.85,424890.97,0.29,4.96,17.10344828,0,0,8.99,0.28,0,0.196,3600,0,10.75204,0,13,25200,54.26,8.06E-05,0.000106746,508309.2937,8471.821561,141.197026,0,0.283442223,0,17.10344828,0,0,0,0,0.002497222,21728.14238,6.035595106,0.058467742,0.055641422,0,LOW,LOW
VEH_009,68b89b2d4f65cd554d7512ab,12/11/2025 12:00,ON,3.84,8144.32,54.03,48.3,32.9,265,-0.33,27,8.65,0,489.08,424890.97,0.23,3.83,16.65217391,0,0,8.65,0.33,0.27,0.312,3600,0,11.3488,0,13,28800,54.03,6.39E-05,9.88E-05,546809.6386,9113.493976,151.8915663,0,0.218867684,0,16.65217391,0,0,0,0,0.002402778,22486.47399,6.246242775,0.060052219,0.636785162,0,LOW,LOW
VEH_009,68b89b2d4f65cd554d7512ab,12/11/2025 13:00,ON,10.17,8154.49,53.42,48.2,37.9,266,-0.41,44,10.55,0,489.69,424890.97,0.61,10.17,16.67213115,0,0,10.55,0.41,0.44,0.419,3600,0,14.97045,0,13,32400,53.42,0.000169444,0.000111905,477370.2128,7956.170213,132.6028369,0,0.581170848,0,16.67213115,0,0,0,0,0.002930556,18228.62559,5.063507109,0.059980334,0.474497682,0,LOW,LOW
VEH_009,68b89b2d4f65cd554d7512ab,12/11/2025 14:00,ON,12.7,8167.19,52.66,48.6,41.8,267,-0.1,43,11.31,0,490.45,424890.97,0.76,12.7,16.71052632,0,0,11.31,0.1,0.43,0.199,3600,0,13.56069,0,13,36000,52.66,0.000211111,0.000132937,396128.9552,6602.149254,110.0358209,0,0.72574924,0,16.71052632,0,0,0,0,0.003141667,16761.80371,4.656056587,0.05984252,0.264296754,0,LOW,LOW
VEH_009,68b89b2d4f65cd554d7512ab,12/11/2025 15:00,ON,13.2,8180.39,51.86,49.1,38.8,268,-0.35,43,11.46,0,491.24,424890.97,0.8,13.2,16.5,0,0,11.46,0.35,0.43,0.374,3600,0,15.74604,0,13,39600,51.86,0.000222222,0.000139683,371270.4545,6187.840909,103.1306818,0,0.754322045,0,16.5,0,0,0,0,0.003183333,16291.09948,4.52530541,0.060606061,0.944358578,0,LOW,LOW
VEH_009,68b89b2d4f65cd554d7512ab,12/11/2025 16:00,ON,18.25,8198.64,50.77,49.3,44.6,269,-0.34,18,12.98,0,492.34,424890.97,1.09,18.25,16.74311927,0,0,12.98,0.34,0.18,0.292,3600,0,16.77016,0,13,43200,50.77,0.000302778,0.000167857,302459.5745,5040.992908,84.01654846,0,1.042907373,0,16.74311927,0,0,0,0,0.003605556,14081.04777,3.911402157,0.059726027,0.190108192,0,LOW,LOW
VEH_009,68b89b2d4f65cd554d7512ab,12/11/2025 17:00,ON,16.72,8215.36,49.77,49.6,38.1,270,0.38,23,12.51,0,493.34,424890.97,1,16.72,16.72,0,0,12.51,0.38,0.23,0.335,3600,0,16.70085,0,13,46800,49.77,0.000277778,0.000189683,262385.7741,4373.096234,72.88493724,0,0.955474591,0,16.72,0,0,0,0,0.003475,14322.30216,3.978417266,0.059808612,0.236476043,0,LOW,LOW
VEH_009,68b89b2d4f65cd554d7512ab,12/11/2025 18:00,ON,16.21,8231.57,48.79,50.4,40.4,271,-0.09,3,12.36,0,494.31,424890.97,0.98,16.21,16.54081633,0,0,12.36,0.09,0.03,0.072,3600,0,13.24992,0,13,50400,48.79,0.000272222,0.000217063,224772.9433,3746.215722,62.4369287,0,0.92633033,0,16.54081633,0,0,0,0,0.003433333,14210.67961,3.947411003,0.060456508,0.922720247,0,LOW,LOW
VEH_009,68b89b2d4f65cd554d7512ab,12/11/2025 19:00,ON,13.93,8245.49,47.96,51.4,40.1,272,-0.16,37,11.68,0,495.15,424890.97,0.83,13.92,16.77108434,0,0,11.68,0.16,0.37,0.223,3600,0,14.28464,0,13,54000,47.96,0.000230556,0.000240873,199109.061,3318.484349,55.30807249,0,0.795466884,0,16.77108434,0,0,0,0,0.003244444,14782.19178,4.106164384,0.059626437,0.15301391,0,LOW,LOW
VEH_009,68b89b2d4f65cd554d7512ab,12/11/2025 20:00,ON,7.27,8252.77,47.52,51.6,34.9,273,0.28,25,9.68,0,495.59,424890.97,0.44,7.28,16.54545455,0,0,9.68,0.28,0.25,0.271,3600,0,12.30328,0,13,57600,47.52,0.000122222,0.000234127,202966.7797,3382.779661,56.37966102,0,0.416020037,0,16.54545455,0,0,0,0,0.002688889,17672.72727,4.909090909,0.06043956,0.91576507,0,LOW,LOW
VEH_009,68b89b2d4f65cd554d7512ab,12/11/2025 21:00,ON,9.83,8262.6,46.93,52,37.6,274,-0.23,8,10.45,0,496.18,424890.97,0.59,9.83,16.66101695,0,0,10.45,0.23,0.08,0.185,3600,0,12.38325,0,13,61200,46.93,0.000163889,0.000227381,206393.7173,3439.895288,57.33158813,0,0.561741341,0,16.66101695,0,0,0,0,0.002902778,16167.27273,4.490909091,0.060020346,0.553323029,0,LOW,LOW
VEH_009,68b89b2d4f65cd554d7512ab,12/11/2025 22:00,ON,7.69,8270.29,46.47,52.2,34.8,275,0.31,16,9.81,0,496.64,424890.97,0.46,7.69,16.7173913,0,0,9.81,0.31,0.16,0.265,3600,0,12.40965,0,13,64800,46.47,0.000127778,0.000213889,217262.3377,3621.038961,60.35064935,0,0.439449737,0,16.7173913,0,0,0,0,0.002725,17053.21101,4.737003058,0.059817945,0.247295209,0,LOW,LOW
VEH_009,68b89b2d4f65cd554d7512ab,12/11/2025 23:00,ON,2.69,8272.97,46.31,52,36.2,276,-0.45,38,8.31,0,496.8,424890.97,0.16,2.68,16.75,0,0,8.31,0.45,0.38,0.429,3600,0,11.87499,0,13,68400,46.31,4.44E-05,0.000176984,261661.8834,4361.03139,72.6838565,0,0.153150233,0,16.75,0,0,0,0,0.002308333,20062.09386,5.572803851,0.059701493,0.180834621,0,LOW,LOW
VEH_009,68b89b2d4f65cd554d7512ab,13/11/2025 0:00,ON,4.37,8277.35,46.05,51.9,40.8,277,-0.23,16,8.81,0,497.06,424890.97,0.26,4.38,16.84615385,0,0,8.81,0.23,0.16,0.209,3600,0,10.65129,0,13,72000,46.05,7.22E-05,0.000147619,311951.6129,5199.193548,86.65322581,0,0.25029777,0,16.84615385,0,0,0,0,0.002447222,18817.25312,5.227014756,0.059360731,0.094281298,0,LOW,LOW
VEH_009,68b89b2d4f65cd554d7512ab,13/11/2025 1:00,ON,11.78,8289.12,45.34,51.6,37.9,278,0.06,7,11.03,0,497.77,424890.97,0.71,11.77,16.57746479,0,0,11.03,0.06,0.07,0.063,3600,0,11.72489,0,13,75600,45.34,0.000197222,0.000136905,331179.1304,5519.652174,91.9942029,0,0.672603824,0,16.57746479,0,0,0,0,0.003063889,14798.18676,4.110607434,0.060322855,0.887171561,0,LOW,LOW
VEH_009,68b89b2d4f65cd554d7512ab,13/11/2025 2:00,ON,4.19,8293.32,45.09,51.4,35.6,279,0.13,23,8.76,0,498.02,424890.97,0.25,4.2,16.8,0,0,8.76,0.13,0.23,0.16,3600,0,10.1616,0,13,79200,45.09,6.94E-05,0.000113889,395912.1951,6598.536585,109.9756098,0,0.24001156,0,16.8,0,0,0,0,0.002433333,18530.13699,5.147260274,0.05952381,0.128284389,0,LOW,LOW
VEH_009,68b89b2d4f65cd554d7512ab,13/11/2025 3:00,ON,0,8293.32,45.06,52.3,29.5,280,-0.25,44,0,0.03,498.05,424890.97,0.03,0,0,1,0.03,0,0.25,0.44,0.307,3600,0,0,0,13,82800,45.06,8.33E-06,9.76E-05,461590.2439,7693.170732,128.2195122,0,0,0,0,1,1,0,0,8.33E-06,5407200,1502,0,0,0,LOW,LOW
VEH_009,68b89b2d4f65cd554d7512ab,13/11/2025 4:00,ON,2.31,8295.63,44.92,52.4,33.7,281,-0.09,49,8.19,0,498.19,424890.97,0.14,2.31,16.5,0,0,8.19,0.09,0.49,0.21,3600,0,9.9099,0,13,86400,44.92,3.89E-05,7.98E-05,563176.1194,9386.268657,156.4378109,0,0.132006358,0,16.5,0,0,0,0,0.002275,19745.05495,5.484737485,0.060606061,0.947449768,0,MEDIUM,LOW
VEH_009,68b89b2d4f65cd554d7512ab,13/11/2025 5:00,ON,7.47,8303.1,44.47,52.5,36.9,282,-0.23,8,9.74,0,498.64,424890.97,0.45,7.47,16.6,0,0,9.74,0.23,0.08,0.185,3600,0,11.5419,0,13,90000,44.47,0.000125,7.94E-05,560322,9338.7,155.645,0,0.426877703,0,16.6,0,0,0,0,0.002705556,16436.55031,4.565708419,0.060240964,0.854714065,0,MEDIUM,LOW
VEH_009,68b89b2d4f65cd554d7512ab,13/11/2025 6:00,ON,14.65,8317.75,43.59,52.3,39.6,283,0.16,47,11.89,0,499.51,424890.97,0.88,14.65,16.64772727,0,0,11.89,0.16,0.47,0.253,3600,0,14.89817,0,13,93600,43.59,0.000244444,0.000107937,403848.5294,6730.808824,112.1801471,0,0.837183179,0,16.64772727,0,0,0,0,0.003302778,13197.9815,3.666105971,0.060068259,0.669242658,0,MEDIUM,LOW
VEH_009,68b89b2d4f65cd554d7512ab,13/11/2025 7:00,ON,19.78,8337.53,42.41,52.6,38.6,284,0.25,19,13.43,0,500.7,424890.97,1.18,19.78,16.76271186,0,0,13.43,0.25,0.19,0.232,3600,0,16.54576,0,13,97200,42.41,0.000327778,0.000144444,293607.6923,4893.461538,81.55769231,0,1.130340156,0,16.76271186,0,0,0,0,0.003730556,11368.27997,3.157855547,0.059656218,0.162287481,0,MEDIUM,LOW
VEH_009,68b89b2d4f65cd554d7512ab,13/11/2025 8:00,ON,23.93,8361.46,40.97,52.5,39.7,285,0.01,49,14.68,0,502.14,424890.97,1.44,23.93,16.61805556,0,0,14.68,0.01,0.49,0.154,3600,0,16.94072,0,13,100800,40.97,0.0004,0.000173413,236257.2082,3937.620137,65.62700229,0,1.367494435,0,16.61805556,0,0,0,0,0.004077778,10047.13896,2.790871935,0.060175512,0.795981453,0,MEDIUM,LOW
VEH_009,68b89b2d4f65cd554d7512ab,13/11/2025 9:00,ON,23.28,8384.74,39.57,51.9,43.8,286,-0.06,28,14.48,0,503.53,424890.97,1.4,23.28,16.62857143,0,0,14.48,0.06,0.28,0.126,3600,0,16.30448,0,13,104400,39.57,0.000388889,0.000219048,180645.6522,3010.76087,50.17934783,0,1.330349789,0,16.62857143,0,0,0,0,0.004022222,9837.845304,2.732734807,0.060137457,0.772797527,0,MEDIUM,LOW
VEH_009,68b89b2d4f65cd554d7512ab,13/11/2025 10:00,ON,18.27,8403.01,38.48,51.6,41.1,287,-0.02,43,12.98,0,504.63,424890.97,1.09,18.27,16.76146789,0,0,12.98,0.02,0.43,0.143,3600,0,14.83614,0,13,108000,38.48,0.000302778,0.000261111,147370.2128,2456.170213,40.93617021,0,1.044050285,0,16.76146789,0,0,0,0,0.003605556,10672.41911,2.964560863,0.059660646,0.163833076,0,MEDIUM,LOW
VEH_009,68b89b2d4f65cd554d7512ab,13/11/2025 11:00,ON,19.28,8422.29,37.32,51.3,44,288,-0.22,2,13.28,0,505.79,424890.97,1.16,19.28,16.62068966,0,0,13.28,0.22,0.02,0.16,3600,0,15.4048,0,13,111600,37.32,0.000322222,0.000301587,123745.2632,2062.421053,34.37368421,0,1.101767351,0,16.62068966,0,0,0,0,0.003688889,10116.86747,2.810240964,0.060165975,0.792890263,0,MEDIUM,LOW
VEH_009,68b89b2d4f65cd554d7512ab,13/11/2025 12:00,ON,19.31,8441.59,36.16,50.6,42.3,289,0.4,45,13.29,0,506.95,424890.97,1.16,19.3,16.63793103,0,0,13.29,0.4,0.45,0.415,3600,0,18.80535,0,13,115200,36.16,0.000322222,0.000329762,109654.8736,1827.581227,30.45968712,0,1.102910263,0,16.63793103,0,0,0,0,0.003691667,9795.03386,2.720842739,0.060103627,0.735703246,0,MEDIUM,LOW
VEH_009,68b89b2d4f65cd554d7512ab,13/11/2025 13:00,ON,16.48,8458.07,35.17,50.5,41.7,290,-0.02,26,12.44,0,507.93,424890.97,0.99,16.48,16.64646465,0,0,12.44,0.02,0.26,0.092,3600,0,13.58448,0,13,118800,35.17,0.000275,0.000334127,105259.3824,1754.32304,29.23871734,0,0.941759644,0,16.64646465,0,0,0,0,0.003455556,10177.8135,2.827170418,0.060072816,0.678516229,0,MEDIUM,LOW
VEH_009,68b89b2d4f65cd554d7512ab,13/11/2025 14:00,ON,9.72,8467.79,34.59,50.4,38.4,291,-0.12,17,10.42,0,508.52,424890.97,0.58,9.72,16.75862069,0,0,10.42,0.12,0.17,0.135,3600,0,11.8267,0,13,122400,34.59,0.000161111,0.000310317,111466.4962,1857.774936,30.9629156,0,0.555455324,0,16.75862069,0,0,0,0,0.002894444,11950.47985,3.319577735,0.059670782,0.168469861,0,MEDIUM,LOW
VEH_009,68b89b2d4f65cd554d7512ab,13/11/2025 15:00,ON,2.73,8470.51,34.43,50.2,32.7,292,-0.36,18,8.32,0,508.68,424890.97,0.16,2.72,17,0,0,8.32,0.36,0.18,0.306,3600,0,10.86592,0,13,126000,34.43,4.44E-05,0.000259524,132666.055,2211.100917,36.85168196,0,0.155436058,0,17,0,0,0,0,0.002311111,14897.59615,4.138221154,0.058823529,0.068006182,0,MEDIUM,LOW
VEH_009,68b89b2d4f65cd554d7512ab,13/11/2025 16:00,ON,8.87,8479.38,33.89,49.7,41.9,293,0.42,40,10.16,0,509.21,424890.97,0.54,8.87,16.42592593,0,0,10.16,0.42,0.4,0.414,3600,0,14.36624,0,13,129600,33.89,0.00015,0.000225397,150357.0423,2505.950704,41.76584507,0,0.506881556,0,16.42592593,0,0,0,0,0.002822222,12008.26772,3.335629921,0.060879369,0.964451314,0,MEDIUM,LOW
VEH_009,68b89b2d4f65cd554d7512ab,13/11/2025 17:00,ON,9.63,8489.02,33.32,50.4,38.5,294,-0.31,31,10.39,0,509.79,424890.97,0.57,9.64,16.9122807,0,0,10.39,0.31,0.31,0.31,3600,0,13.6109,0,13,133200,33.32,0.000158333,0.000204762,162725.5814,2712.093023,45.20155039,0,0.550883675,0,16.9122807,0,0,0,0,0.002886111,11544.94706,3.20692974,0.059128631,0.074188563,0,MEDIUM,LOW
VEH_009,68b89b2d4f65cd554d7512ab,13/11/2025 18:00,ON,13.75,8502.77,32.49,49.9,37.3,295,-0.16,43,11.63,0,510.62,424890.97,0.83,13.75,16.56626506,0,0,11.63,0.16,0.43,0.241,3600,0,14.43283,0,13,136800,32.49,0.000230556,0.000191667,169513.0435,2825.217391,47.08695652,0,0.78575213,0,16.56626506,0,0,0,0,0.003230556,10057.09372,2.793637145,0.060363636,0.896445131,0,MEDIUM,LOW
VEH_009,68b89b2d4f65cd554d7512ab,13/11/2025 19:00,ON,21.33,8524.1,31.21,49.9,40.7,296,-0.16,25,13.9,0,511.9,424890.97,1.28,21.33,16.6640625,0,0,13.9,0.16,0.25,0.187,3600,0,16.4993,0,13,140400,31.21,0.000355556,0.000196429,158887.2727,2648.121212,44.13535354,0,1.21891585,0,16.6640625,0,0,0,0,0.003861111,8083.165468,2.245323741,0.060009376,0.525502318,0,MEDIUM,LOW
VEH_009,68b89b2d4f65cd554d7512ab,13/11/2025 20:00,ON,17.57,8541.67,30.16,50.2,37.4,297,-0.41,16,12.77,0,512.95,424890.97,1.05,17.57,16.73333333,0,0,12.77,0.41,0.16,0.335,3600,0,17.04795,0,13,144000,30.16,0.000291667,0.00019881,151702.994,2528.383234,42.13972056,0,1.004048359,0,16.73333333,0,0,0,0,0.003547222,8502.427565,2.361785435,0.059760956,0.207109737,0,MEDIUM,LOW
VEH_009,68b89b2d4f65cd554d7512ab,13/11/2025 21:00,ON,19.77,8561.44,28.97,50.5,36.8,298,-0.19,25,13.43,0,514.14,424890.97,1.19,19.77,16.61344538,0,0,13.43,0.19,0.25,0.208,3600,0,16.22344,0,13,147600,28.97,0.000330556,0.000223016,129901.0676,2165.017794,36.08362989,0,1.1297687,0,16.61344538,0,0,0,0,0.003730556,7765.599404,2.157110946,0.06019221,0.809891808,0,MEDIUM,LOW
VEH_009,68b89b2d4f65cd554d7512ab,13/11/2025 22:00,ON,18.19,8579.62,27.88,50.5,39.1,299,-0.04,35,12.96,0,515.23,424890.97,1.09,18.18,16.67889908,0,0,12.96,0.04,0.35,0.133,3600,0,14.68368,0,13,151200,27.88,0.000302778,0.000259921,107263.5115,1787.725191,29.79541985,0,1.03890718,0,16.67889908,0,0,0,0,0.0036,7744.444444,2.151234568,0.059955996,0.412673879,0,MEDIUM,LOW
VEH_009,68b89b2d4f65cd554d7512ab,13/11/2025 23:00,ON,13.05,8592.67,56.04,50.6,39.7,300,-0.08,14,11.41,0,516.01,424890.97,0,13.05,0,0,0,11.41,0.08,0.14,0.098,3600,0,12.52818,1,14,0,56.04,0,0.000238492,234976.3727,3916.272879,65.27121464,0,0.745750204,0,0,0,0,0,0,0.003169444,17681.33216,4.911481157,0,0.020092736,0,LOW,LOW
VEH_009,68b89b2d4f65cd554d7512ab,14/11/2025 0:00,ON,17.02,8609.69,55.02,50.8,37.4,301,-0.08,1,12.61,0,517.03,424890.97,1.02,17.02,16.68627451,0,0,12.61,0.08,0.01,0.059,3600,0,13.35399,0,14,3600,55.02,0.000283333,0.000256349,214629.1022,3577.151703,59.61919505,0,0.972618273,0,16.68627451,0,0,0,0,0.003502778,15707.5337,4.363203807,0.059929495,0.360123648,0,LOW,LOW
VEH_009,68b89b2d4f65cd554d7512ab,14/11/2025 1:00,ON,13.43,8623.11,54.22,51,37.8,302,0.44,34,11.53,0,517.84,424890.97,0.8,13.42,16.775,0,0,11.53,0.44,0.34,0.41,3600,0,16.2573,0,14,7200,54.22,0.000222222,0.000255159,212495.1788,3541.586314,59.02643857,0,0.766894079,0,16.775,0,0,0,0,0.003202778,16929.05464,4.702515178,0.059612519,0.14683153,0,LOW,LOW
VEH_009,68b89b2d4f65cd554d7512ab,14/11/2025 2:00,ON,13.1,8636.21,53.43,50,37.9,303,-0.22,33,11.43,0,518.62,424890.97,0.79,13.1,16.58227848,0,0,11.43,0.22,0.33,0.253,3600,0,14.32179,0,14,10800,53.43,0.000219444,0.000235714,226672.7273,3777.878788,62.96464646,0,0.748607484,0,16.58227848,0,0,0,0,0.003175,16828.34646,4.674540682,0.060305344,0.884080371,0,LOW,LOW
VEH_009,68b89b2d4f65cd554d7512ab,14/11/2025 3:00,ON,6.58,8642.8,53.04,49.4,33.7,304,0.3,28,9.48,0,519.02,424890.97,0.39,6.59,16.8974359,0,0,9.48,0.3,0.28,0.294,3600,0,12.26712,0,14,14400,53.04,0.000108333,0.000209524,253145.4545,4219.090909,70.31818182,0,0.376589567,0,16.8974359,0,0,0,0,0.002633333,20141.77215,5.594936709,0.059180577,0.078825348,0,LOW,LOW
VEH_009,68b89b2d4f65cd554d7512ab,14/11/2025 4:00,ON,10.04,8652.83,52.43,49.5,33.5,305,-0.06,16,10.51,0,519.62,424890.97,0.61,10.03,16.44262295,0,0,10.51,0.06,0.16,0.09,3600,0,11.4559,0,14,18000,52.43,0.000169444,0.000186508,281114.0426,4685.234043,78.08723404,0,0.573170463,0,16.44262295,0,0,0,0,0.002919444,17958.89629,4.988582303,0.060817547,0.962905719,0,LOW,LOW
VEH_009,68b89b2d4f65cd554d7512ab,14/11/2025 5:00,ON,15.54,8668.38,51.5,49.6,37.9,306,-0.25,14,12.16,0,520.55,424890.97,0.93,15.55,16.72043011,0,0,12.16,0.25,0.14,0.217,3600,0,14.79872,0,14,21600,51.5,0.000258333,0.000180159,285859.0308,4764.317181,79.40528634,0,0.888614228,0,16.72043011,0,0,0,0,0.003377778,15246.71053,4.235197368,0.059807074,0.234930448,0,LOW,LOW
VEH_009,68b89b2d4f65cd554d7512ab,14/11/2025 6:00,ON,13.33,8681.71,50.7,50.1,34.9,307,0.21,49,11.5,0,521.35,424890.97,0.8,13.33,16.6625,0,0,11.5,0.21,0.49,0.294,3600,0,14.881,0,14,25200,50.7,0.000222222,0.000211905,239258.427,3987.640449,66.46067416,0,0.761750974,0,16.6625,0,0,0,0,0.003194444,15871.30435,4.408695652,0.060015004,0.540958269,0,LOW,LOW
VEH_009,68b89b2d4f65cd554d7512ab,14/11/2025 7:00,ON,12.91,8694.62,49.93,49.8,37,308,0.34,25,11.37,0,522.13,424890.97,0.77,12.91,16.76623377,0,0,11.37,0.34,0.25,0.313,3600,0,14.92881,0,14,28800,49.93,0.000213889,0.000201984,247197.6424,4119.960707,68.66601179,0,0.737749818,0,16.76623377,0,0,0,0,0.003158333,15808.97098,4.391380827,0.059643687,0.159196291,0,LOW,LOW
VEH_009,68b89b2d4f65cd554d7512ab,14/11/2025 8:00,ON,19.65,8714.27,48.75,50.1,40.5,309,-0.32,24,13.39,0,523.31,424890.97,1.18,19.65,16.65254237,0,0,13.39,0.32,0.24,0.296,3600,0,17.35344,0,14,32400,48.75,0.000327778,0.000217063,224588.6654,3743.144424,62.3857404,0,1.122911226,0,16.65254237,0,0,0,0,0.003719444,13106.79612,3.640776699,0.060050891,0.633693972,0,LOW,LOW
VEH_009,68b89b2d4f65cd554d7512ab,14/11/2025 9:00,ON,21.65,8735.92,47.45,50.3,42.5,310,0.49,22,13.99,0,524.61,424890.97,1.3,21.65,16.65384615,0,0,13.99,0.49,0.22,0.409,3600,0,19.71191,0,14,36000,47.45,0.000361111,0.000237302,199956.5217,3332.608696,55.54347826,0,1.237202445,0,16.65384615,0,0,0,0,0.003886111,12210.15011,3.391708363,0.060046189,0.618238022,0,LOW,LOW
VEH_009,68b89b2d4f65cd554d7512ab,14/11/2025 10:00,ON,27.38,8763.31,45.81,50.5,42.8,311,-0.2,0,15.72,0,526.25,424890.97,1.64,27.39,16.70121951,0,0,15.72,0.2,0,0.14,3600,0,17.9208,0,14,39600,45.81,0.000455556,0.000286905,159669.7095,2661.161826,44.3526971,0,1.565218244,0,16.70121951,0,0,0,0,0.004366667,10490.83969,2.914122137,0.059875867,0.29675425,0,LOW,LOW
VEH_009,68b89b2d4f65cd554d7512ab,14/11/2025 11:00,ON,20.49,8783.8,44.58,51,44.5,312,-0.1,46,13.65,0,527.48,424890.97,1.23,20.49,16.65853659,0,0,13.65,0.1,0.46,0.208,3600,0,16.4892,0,14,43200,44.58,0.000341667,0.000311508,143110.3185,2385.171975,39.75286624,0,1.170913538,0,16.65853659,0,0,0,0,0.003791667,11757.36264,3.265934066,0.060029283,0.58114374,0,MEDIUM,LOW
VEH_009,68b89b2d4f65cd554d7512ab,14/11/2025 12:00,ON,23.82,8807.62,43.15,50.9,45.2,313,-0.08,23,14.64,0,528.91,424890.97,1.43,23.82,16.65734266,0,0,14.64,0.08,0.23,0.125,3600,0,16.47,0,14,46800,43.15,0.000397222,0.000331349,130225.1497,2170.419162,36.17365269,0,1.361208418,0,16.65734266,0,0,0,0,0.004066667,10610.65574,2.947404372,0.060033585,0.588871716,0,MEDIUM,LOW
VEH_009,68b89b2d4f65cd554d7512ab,14/11/2025 13:00,ON,31.78,8839.39,41.24,51.6,43.9,314,0.46,38,17.03,0,530.81,424890.97,1.91,31.77,16.63350785,0,0,17.03,0.46,0.38,0.436,3600,1,24.45508,0,14,50400,41.24,0.000530556,0.000375397,109857.0825,1830.951374,30.51585624,0,1.815516013,0,16.63350785,0,0,0,0,0.004730556,8717.792132,2.421608925,0.06011961,0.755795981,0,MEDIUM,LOW
VEH_009,68b89b2d4f65cd554d7512ab,14/11/2025 14:00,ON,29.12,8868.52,39.49,51.9,45.9,315,0.2,46,16.24,0,532.56,424890.97,1.75,29.13,16.64571429,0,0,16.24,0.2,0.46,0.278,3600,0,20.75472,0,14,54000,39.49,0.000486111,0.000414286,95320.68966,1588.678161,26.47796935,0,1.664651604,0,16.64571429,0,0,0,0,0.004511111,8753.940887,2.431650246,0.060075524,0.685471406,0,MEDIUM,LOW
VEH_009,68b89b2d4f65cd554d7512ab,14/11/2025 15:00,ON,25.11,8893.63,37.99,52.1,42.3,316,-0.04,1,15.03,0,534.07,424890.97,1.5,25.11,16.74,0,0,15.03,0.04,0.01,0.031,3600,0,15.49593,0,14,57600,37.99,0.000416667,0.000426984,88972.86245,1482.881041,24.71468401,0,1.434926254,0,16.74,0,0,0,0,0.004175,9099.401198,2.527611444,0.059737157,0.197836167,0,MEDIUM,LOW
VEH_009,68b89b2d4f65cd554d7512ab,14/11/2025 16:00,ON,32.53,8926.16,36.03,52,46.3,317,-0.17,8,17.26,0,536.02,424890.97,1.96,32.53,16.59693878,0,0,17.26,0.17,0.08,0.143,3600,1,19.72818,0,14,61200,36.03,0.000544444,0.000453175,79505.77933,1325.096322,22.0849387,0,1.858946677,0,16.59693878,0,0,0,0,0.004794444,7514.947856,2.087485516,0.060252075,0.860896445,0,MEDIUM,LOW
VEH_009,68b89b2d4f65cd554d7512ab,14/11/2025 17:00,ON,40.04,8966.2,33.63,52.1,49.3,318,-0.37,29,19.51,0,538.42,424890.97,2.4,40.04,16.68333333,0,0,19.51,0.37,0.29,0.346,3600,1,26.26046,0,14,64800,33.63,0.000666667,0.000483333,69579.31034,1159.655172,19.32758621,0,2.288110204,0,16.68333333,0,0,0,0,0.005419444,6205.433111,1.72373142,0.05994006,0.378670788,0,MEDIUM,LOW
VEH_009,68b89b2d4f65cd554d7512ab,14/11/2025 18:00,ON,43.25,9009.45,31.04,52.3,46.5,319,0.12,10,20.47,0,541.02,424890.97,2.59,43.25,16.6988417,0,0,20.47,0.12,0.1,0.114,3600,1,22.80358,0,14,68400,31.04,0.000719444,0.000537302,57770.16248,962.8360414,16.04726736,0,2.47154761,0,16.6988417,0,0,0,0,0.005686111,5458.915486,1.516365413,0.059884393,0.306027821,0,MEDIUM,LOW
VEH_009,68b89b2d4f65cd554d7512ab,14/11/2025 19:00,ON,40.97,9050.42,28.58,51.6,46.5,320,-0.4,45,19.79,0,543.48,424890.97,2.46,40.97,16.65447154,0,0,19.79,0.4,0.45,0.415,3600,1,28.00285,0,14,72000,28.58,0.000683333,0.000578175,49431.43445,823.8572409,13.73095402,0,2.341255621,0,16.65447154,0,0,0,0,0.005497222,5198.989389,1.444163719,0.060043935,0.615146832,0,MEDIUM,MEDIUM
VEH_009,68b89b2d4f65cd554d7512ab,14/11/2025 20:00,ON,39.9,9090.33,26.18,52,49.7,321,-0.43,39,19.47,0,545.87,424890.97,2.4,39.91,16.62916667,0,0,19.47,0.43,0.39,0.418,3600,1,27.60846,0,14,75600,26.18,0.000666667,0.000597619,43807.17131,730.1195219,12.1686587,0,2.280681275,0,16.62916667,0,0,0,0,0.005408333,4840.677966,1.344632768,0.060135304,0.771251932,0,MEDIUM,MEDIUM
VEH_009,68b89b2d4f65cd554d7512ab,14/11/2025 21:00,ON,32.97,9123.29,57.52,51.9,43,322,0.25,7,17.39,0,547.85,424890.97,0,32.96,0,0,0,17.39,0.25,0.07,0.196,3600,1,20.79844,1,15,0,57.52,0,0.000528175,108903.3809,1815.056349,30.25093914,0,1.883519289,0,0,0,0,0,0,0.004830556,11907.53306,3.307648074,0,0.020092736,0,LOW,LOW
VEH_009,68b89b2d4f65cd554d7512ab,14/11/2025 22:00,ON,28.86,9152.15,55.78,51.9,37.6,323,0.25,46,16.16,0,549.58,424890.97,1.74,28.86,16.5862069,0,0,16.16,0.25,0.46,0.313,3600,0,21.21808,0,15,3600,55.78,0.000483333,0.000537698,103738.4502,1728.97417,28.81623616,0,1.64922229,0,16.5862069,0,0,0,0,0.004488889,12426.23762,3.451732673,0.06029106,0.874806801,0,LOW,LOW
VEH_009,68b89b2d4f65cd554d7512ab,14/11/2025 23:00,ON,29.7,9181.85,54,51.5,48.2,324,-0.17,43,16.41,0,551.36,424890.97,1.78,29.7,16.68539326,0,0,16.41,0.17,0.43,0.248,3600,0,20.47968,0,15,7200,54,0.000494444,0.000530556,101780.1047,1696.335079,28.27225131,0,1.697224602,0,16.68539326,0,0,0,0,0.004558333,11846.4351,3.290676417,0.05993266,0.367851623,0,LOW,LOW
VEH_009,68b89b2d4f65cd554d7512ab,15/11/2025 0:00,ON,23.27,9205.12,52.61,51.1,43.4,325,0.12,23,14.48,0,552.76,424890.97,1.39,23.27,16.74100719,0,0,14.48,0.12,0.23,0.153,3600,0,16.69544,0,15,10800,52.61,0.000386111,0.000490476,107263.1068,1787.718447,29.79530744,0,1.329778333,0,16.74100719,0,0,0,0,0.004022222,13079.83425,3.633287293,0.059733563,0.193199382,0,LOW,LOW
VEH_009,68b89b2d4f65cd554d7512ab,15/11/2025 1:00,ON,18.81,9223.94,51.48,51.2,42.5,326,-0.47,0,13.14,0,553.89,424890.97,1.13,18.82,16.65486726,0,0,13.14,0.47,0,0.329,3600,0,17.46306,0,15,14400,51.48,0.000313889,0.00043254,119017.9817,1983.633028,33.06055046,0,1.075480371,0,16.65486726,0,0,0,0,0.00365,14104.10959,3.917808219,0.060042508,0.608964451,0,LOW,LOW
VEH_009,68b89b2d4f65cd554d7512ab,15/11/2025 2:00,ON,16.74,9240.67,50.47,51.2,43.3,327,0.06,12,12.52,0,554.89,424890.97,1.01,16.73,16.56435644,0,0,12.52,0.06,0.12,0.078,3600,0,13.49656,0,15,18000,50.47,0.000280556,0.000375,134586.6667,2243.111111,37.38518519,0,0.956046047,0,16.56435644,0,0,0,0,0.003477778,14512.14058,4.03115016,0.060370592,0.899536321,0,LOW,LOW
VEH_009,68b89b2d4f65cd554d7512ab,15/11/2025 3:00,ON,15.62,9256.29,49.54,51.2,39.1,328,-0.33,42,12.19,0,555.83,424890.97,0.93,15.62,16.79569892,0,0,12.19,0.33,0.42,0.357,3600,0,16.54183,0,15,21600,49.54,0.000258333,0.000316667,156442.1053,2607.368421,43.45614035,0,0.89261442,0,16.79569892,0,0,0,0,0.003386111,14630.35275,4.063986874,0.059539052,0.13137558,0,LOW,LOW
VEH_009,68b89b2d4f65cd554d7512ab,15/11/2025 4:00,ON,9.7,9266,48.95,51.2,40.2,329,-0.21,38,10.41,0,556.41,424890.97,0.59,9.71,16.45762712,0,0,10.41,0.21,0.38,0.261,3600,0,13.12701,0,15,25200,48.95,0.000163889,0.000340079,143936.9895,2398.949825,39.98249708,0,0.554883868,0,16.45762712,0,0,0,0,0.002891667,16927.95389,4.702209414,0.060762101,0.961360124,0,LOW,LOW
VEH_009,68b89b2d4f65cd554d7512ab,15/11/2025 5:00,ON,13.56,9279.56,48.14,51.1,41.1,330,-0.45,0,11.57,0,557.22,424890.97,0.81,13.56,16.74074074,0,0,11.57,0.45,0,0.315,3600,0,15.21455,0,15,28800,48.14,0.000225,0.000303175,158786.3874,2646.439791,44.10732984,0,0.774894465,0,16.74074074,0,0,0,0,0.003213889,14978.73812,4.160760588,0.059734513,0.194744977,0,LOW,LOW
VEH_009,68b89b2d4f65cd554d7512ab,15/11/2025 6:00,ON,15.09,9294.65,47.23,51,36.2,331,-0.47,14,12.03,0,558.13,424890.97,0.91,15.09,16.58241758,0,0,12.03,0.47,0.14,0.371,3600,0,16.49313,0,15,32400,47.23,0.000252778,0.000268651,175804.4313,2930.073855,48.83456425,0,0.862327247,0,16.58241758,0,0,0,0,0.003341667,14133.66584,3.926018288,0.060304838,0.882534776,0,LOW,LOW
VEH_009,68b89b2d4f65cd554d7512ab,15/11/2025 7:00,ON,19.11,9313.77,46.09,51.3,41,332,0.44,49,13.23,0,559.28,424890.97,1.14,19.12,16.77192982,0,0,13.23,0.44,0.49,0.455,3600,0,19.24965,0,15,36000,46.09,0.000316667,0.00025873,178139.2638,2968.98773,49.48312883,0,1.092624053,0,16.77192982,0,0,0,0,0.003675,12541.4966,3.483749055,0.059623431,0.14992272,0,LOW,LOW
VEH_009,68b89b2d4f65cd554d7512ab,15/11/2025 8:00,ON,26.31,9340.08,44.51,51.8,46.3,333,0.39,11,15.39,0,560.85,424890.97,1.58,26.31,16.65189873,0,0,15.39,0.39,0.11,0.306,3600,0,20.09934,0,15,39600,44.51,0.000438889,0.000276587,160925.6815,2682.094692,44.70157819,0,1.503500986,0,16.65189873,0,0,0,0,0.004275,10411.69591,2.892137752,0.060053212,0.641421947,0,MEDIUM,LOW
VEH_009,68b89b2d4f65cd554d7512ab,15/11/2025 9:00,ON,31.83,9371.91,42.6,51.3,41.7,334,-0.15,15,17.05,0,562.76,424890.97,1.91,31.83,16.66492147,0,0,17.05,0.15,0.15,0.15,3600,1,19.6075,0,15,43200,42.6,0.000530556,0.000312302,136406.6074,2273.443456,37.89072427,0,1.81894475,0,16.66492147,0,0,0,0,0.004736111,8994.721408,2.498533724,0.060006283,0.520865533,0,MEDIUM,LOW
VEH_009,68b89b2d4f65cd554d7512ab,15/11/2025 10:00,ON,34.27,9406.18,40.54,51.5,45.3,335,0.22,2,17.78,0,564.82,424890.97,2.06,34.27,16.63592233,0,0,17.78,0.22,0.02,0.16,3600,1,20.6248,0,15,46800,40.54,0.000572222,0.000357143,113512,1891.866667,31.53111111,0,1.958380037,0,16.63592233,0,0,0,0,0.004938889,8208.32396,2.280089989,0.060110884,0.743431221,0,MEDIUM,LOW
VEH_009,68b89b2d4f65cd554d7512ab,15/11/2025 11:00,ON,39.59,9445.77,38.17,51.1,51.8,336,0.24,32,19.38,0,567.2,424890.97,2.37,39.59,16.70464135,0,0,19.38,0.24,0.32,0.264,3600,1,24.49632,0,15,50400,38.17,0.000658333,0.000427778,89228.57143,1487.142857,24.78571429,0,2.26239468,0,16.70464135,0,0,0,0,0.005383333,7090.402477,1.969556244,0.059863602,0.282843895,0,MEDIUM,LOW
VEH_009,68b89b2d4f65cd554d7512ab,15/11/2025 12:00,ON,41.35,9487.12,35.69,51.2,44.4,337,0.34,38,19.9,0,569.68,424890.97,2.48,41.35,16.6733871,0,0,19.9,0.34,0.38,0.352,3600,1,26.9048,0,15,54000,35.69,0.000688889,0.000494048,72240,1204,20.06666667,0,2.362970952,0,16.6733871,0,0,0,0,0.005527778,6456.482412,1.793467337,0.059975816,0.463678516,0,MEDIUM,LOW
VEH_009,68b89b2d4f65cd554d7512ab,15/11/2025 13:00,ON,42.85,9529.97,33.11,51.7,46.2,338,-0.18,7,20.36,0,572.25,424890.97,2.58,42.85,16.60852713,0,0,20.36,0.18,0.07,0.147,3600,1,23.35292,0,15,57600,33.11,0.000716667,0.000560317,59091.50142,984.8583569,16.41430595,0,2.448689366,0,16.60852713,0,0,0,0,0.005655556,5854.420432,1.626227898,0.060210035,0.830757342,0,MEDIUM,LOW
VEH_009,68b89b2d4f65cd554d7512ab,15/11/2025 14:00,ON,46.28,9576.25,30.34,51.5,52.6,339,0.02,47,21.38,0,575.02,424890.97,2.77,46.28,16.70758123,0,0,21.38,0.02,0.47,0.155,3600,1,24.6939,0,15,61200,30.34,0.000769444,0.000625,48544,809.0666667,13.48444444,0,2.644698807,0,16.70758123,0,0,0,0,0.005938889,5108.699719,1.419083255,0.059853068,0.27511592,0,MEDIUM,MEDIUM
VEH_009,68b89b2d4f65cd554d7512ab,15/11/2025 15:00,ON,53.89,9630.14,27.1,52.1,55.7,340,0.48,6,23.67,0,578.26,424890.97,3.24,53.89,16.63271605,0,0,23.67,0.48,0.06,0.354,3600,1,32.04918,0,15,64800,27.1,0.0009,0.000690873,39225.73234,653.7622056,10.89603676,0,3.079576895,0,16.63271605,0,0,0,0,0.006575,4121.673004,1.144909168,0.060122472,0.757341577,0,MEDIUM,MEDIUM
VEH_009,68b89b2d4f65cd554d7512ab,15/11/2025 16:00,ON,46.07,9676.21,24.34,52.6,52.5,341,0.08,18,21.32,0,581.02,424890.97,2.76,46.07,16.69202899,0,0,21.32,0.08,0.18,0.11,3600,1,23.6652,0,15,68400,24.34,0.000766667,0.000724603,33590.79956,559.8466594,9.330777656,0,2.632698229,0,16.69202899,0,0,0,0,0.005922222,4109.943715,1.141651032,0.059908834,0.332302937,0,HIGH,MEDIUM
VEH_009,68b89b2d4f65cd554d7512ab,15/11/2025 17:00,ON,41.93,9718.13,21.83,52.2,48.1,342,-0.01,2,20.08,0,583.54,424890.97,2.51,41.92,16.70119522,0,0,20.08,0.01,0.02,0.013,3600,1,20.34104,0,15,72000,21.83,0.000697222,0.00074246,29402.24479,490.0374131,8.167290219,0,2.39554395,0,16.70119522,0,0,0,0,0.005577778,3913.74502,1.087151394,0.059875954,0.298299845,0,HIGH,MEDIUM
VEH_009,68b89b2d4f65cd554d7512ab,15/11/2025 18:00,ON,48.98,9767.11,18.89,51.7,47.5,343,0.36,28,22.19,0,586.48,424890.97,2.94,48.98,16.65986395,0,0,22.19,0.36,0.28,0.336,3600,1,29.64584,0,15,75600,18.89,0.000816667,0.000765079,24690.24896,411.5041494,6.85840249,0,2.798991953,0,16.65986395,0,0,0,0,0.006163889,3064.623704,0.851284362,0.0600245,0.56568779,0,HIGH,MEDIUM
VEH_009,68b89b2d4f65cd554d7512ab,15/11/2025 19:00,ON,47.46,9814.57,16.04,52.1,47.4,344,0.41,35,21.74,0,589.32,424890.97,2.85,47.46,16.65263158,0,0,21.74,0.41,0.35,0.392,3600,1,30.26208,0,15,79200,16.04,0.000791667,0.000779762,20570.38168,342.8396947,5.713994911,0,2.712130626,0,16.65263158,0,0,0,0,0.006038889,2656.117755,0.737810488,0.060050569,0.632148377,0,HIGH,MEDIUM
VEH_009,68b89b2d4f65cd554d7512ab,15/11/2025 20:00,ON,45.72,9860.29,13.3,52.3,51.3,345,-0.12,17,21.22,0,592.07,424890.97,2.74,45.72,16.68613139,0,0,21.22,0.12,0.17,0.135,3600,1,24.0847,0,15,82800,13.3,0.000761111,0.000786111,16918.72792,281.9787986,4.699646643,0,2.612697266,0,16.68613139,0,0,0,0,0.005894444,2256.361923,0.626767201,0.059930009,0.361669243,0,HIGH,MEDIUM
VEH_009,68b89b2d4f65cd554d7512ab,15/11/2025 21:00,ON,48.63,9908.92,10.38,52.7,52.5,346,0.49,34,22.09,0,594.99,424890.97,2.92,48.63,16.65410959,0,0,22.09,0.49,0.34,0.445,3600,1,31.92005,0,15,86400,10.38,0.000811111,0.000792063,13105.01002,218.4168337,3.640280561,0,2.778990989,0,16.65410959,0,0,0,0,0.006136111,1691.62517,0.46989588,0.06004524,0.616692427,0,HIGH,HIGH
VEH_009,68b89b2d4f65cd554d7512ab,15/11/2025 22:00,ON,46,9954.92,7.62,52.6,47.4,347,0.37,0,21.3,0,597.75,424890.97,2.76,46,16.66666667,0,0,21.3,0.37,0,0.259,3600,1,26.8167,0,15,90000,7.62,0.000766667,0.000773016,9857.494867,164.2915811,2.738193018,0,2.628698036,0,16.66666667,0,0,0,0,0.005916667,1287.887324,0.357746479,0.06,0.50618238,0,HIGH,HIGH
VEH_009,68b89b2d4f65cd554d7512ab,15/11/2025 23:00,ON,47.09,10002.02,4.79,52.2,43.7,348,0.2,42,21.63,0,600.57,424890.97,2.83,47.1,16.64310954,0,0,21.63,0.2,0.42,0.266,3600,1,27.38358,0,15,93600,4.79,0.000786111,0.000775794,6174.322251,102.9053708,1.715089514,0,2.691558207,0,16.64310954,0,0,0,0,0.006008333,797.2260749,0.221451687,0.060084926,0.704791345,0,HIGH,HIGH
VEH_009,68b89b2d4f65cd554d7512ab,16/11/2025 0:00,ON,48.7,10050.72,1.87,51.8,49.8,349,0.04,11,22.11,0,603.49,424890.97,2.92,48.7,16.67808219,0,0,22.11,0.04,0.11,0.061,3600,1,23.45871,0,15,97200,1.87,0.000811111,0.000792063,2360.921844,39.34869739,0.655811623,0,2.782991182,0,16.67808219,0,0,0,0,0.006141667,304.4776119,0.084577114,0.059958932,0.420401855,0,HIGH,HIGH
VEH_009,68b89b2d4f65cd554d7512ab,16/11/2025 1:00,ON,54.66,10105.38,35.35,51.7,50.2,350,0.04,31,23.9,0,606.77,424890.97,0,54.66,0,0,0,23.9,0.04,0.31,0.121,3600,1,26.7919,1,16,0,35.35,0,0.000675397,52339.60047,872.3266745,14.53877791,0,3.123579014,0,0,0,0,0,0,0.006638889,5324.686192,1.479079498,0,0.020092736,0,MEDIUM,MEDIUM
VEH_009,68b89b2d4f65cd554d7512ab,16/11/2025 2:00,ON,48.35,10153.72,32.45,51.5,49.1,351,0.2,38,22,0,609.67,424890.97,2.9,48.34,16.66896552,0,0,22,0.2,0.38,0.254,3600,1,27.588,0,16,3600,32.45,0.000805556,0.000677381,47905.09666,798.4182777,13.30697129,0,2.762418763,0,16.66896552,0,0,0,0,0.006111111,5310,1.475,0.059991725,0.489953632,0,MEDIUM,MEDIUM
VEH_009,68b89b2d4f65cd554d7512ab,16/11/2025 3:00,ON,50.26,10203.98,29.44,52,48.8,352,-0.3,12,22.58,0,612.69,424890.97,3.01,50.26,16.69767442,0,0,22.58,0.3,0.12,0.246,3600,1,28.13468,0,16,7200,29.44,0.000836111,0.000688095,42784.77509,713.0795848,11.88465975,0,2.872138333,0,16.69767442,0,0,0,0,0.006272222,4693.711249,1.30380868,0.059888579,0.312210201,0,MEDIUM,MEDIUM
VEH_009,68b89b2d4f65cd554d7512ab,16/11/2025 4:00,ON,48.78,10252.77,26.51,51.9,52.7,353,-0.45,25,22.13,0,615.62,424890.97,2.93,48.79,16.65187713,0,0,22.13,0.45,0.25,0.39,3600,1,30.7607,0,16,10800,26.51,0.000813889,0.000688492,38504.43804,641.740634,10.69567723,0,2.788134287,0,16.65187713,0,0,0,0,0.006147222,4312.516945,1.197921374,0.06005329,0.642967543,0,MEDIUM,MEDIUM
VEH_009,68b89b2d4f65cd554d7512ab,16/11/2025 5:00,ON,42.16,10294.93,23.98,52.3,49.7,354,0.08,21,20.15,0,618.15,424890.97,2.53,42.16,16.66403162,0,0,20.15,0.08,0.21,0.119,3600,1,22.54785,0,16,14400,23.98,0.000702778,0.000679365,35297.66355,588.2943925,9.804906542,0,2.409258896,0,16.66403162,0,0,0,0,0.005597222,4284.26799,1.190074442,0.060009488,0.527047913,0,HIGH,MEDIUM
VEH_009,68b89b2d4f65cd554d7512ab,16/11/2025 6:00,ON,45.51,10340.44,21.25,52.1,47.3,355,-0.18,25,21.15,0,620.88,424890.97,2.73,45.51,16.67032967,0,0,21.15,0.18,0.25,0.201,3600,1,25.40115,0,16,18000,21.25,0.000758333,0.000675397,31462.98472,524.3830787,8.739717979,0,2.600696688,0,16.67032967,0,0,0,0,0.005875,3617.021277,1.004728132,0.059986816,0.483771252,0,HIGH,MEDIUM
VEH_009,68b89b2d4f65cd554d7512ab,16/11/2025 7:00,ON,42.87,10383.3,18.68,52.2,47.9,356,-0.38,22,20.36,0,623.45,424890.97,2.57,42.86,16.6770428,0,0,20.36,0.38,0.22,0.332,3600,1,27.11952,0,16,21600,18.68,0.000713889,0.000661508,28238.5123,470.6418716,7.844031194,0,2.449260823,0,16.6770428,0,0,0,0,0.005655556,3302.946955,0.917485265,0.059962669,0.43431221,0,HIGH,MEDIUM
VEH_009,68b89b2d4f65cd554d7512ab,16/11/2025 8:00,ON,40.03,10423.33,16.28,53.2,49.8,357,0.11,39,19.51,0,625.85,424890.97,2.4,40.03,16.67916667,0,0,19.51,0.11,0.39,0.194,3600,1,23.29494,0,16,25200,16.28,0.000666667,0.000756746,21513.16203,358.5527006,5.975878343,0,2.287538748,0,16.67916667,0,0,0,0,0.005419444,3003.99795,0.834443875,0.059955034,0.409582689,0,HIGH,MEDIUM
VEH_009,68b89b2d4f65cd554d7512ab,16/11/2025 9:00,ON,35.62,10458.96,14.14,52.8,48,358,-0.45,17,18.19,0,627.99,424890.97,2.14,35.63,16.64953271,0,0,18.19,0.45,0.17,0.366,3600,1,24.84754,0,16,28800,14.14,0.000594444,0.000726587,19460.84107,324.3473512,5.405789186,0,2.036098066,0,16.64953271,0,0,0,0,0.005052778,2798.460693,0.777350192,0.060061746,0.661514683,0,HIGH,MEDIUM
VEH_009,68b89b2d4f65cd554d7512ab,16/11/2025 10:00,ON,36.87,10495.83,11.93,52.5,48.1,359,-0.39,41,18.56,0,630.2,424890.97,2.21,36.87,16.68325792,0,0,18.56,0.39,0.41,0.396,3600,1,25.90976,0,16,32400,11.93,0.000613889,0.000694841,17169.38892,286.156482,4.7692747,0,2.106958622,0,16.68325792,0,0,0,0,0.005155556,2314.008621,0.642780172,0.059940331,0.380216383,0,HIGH,MEDIUM
VEH_009,68b89b2d4f65cd554d7512ab,16/11/2025 11:00,ON,34.47,10530.3,9.86,52.5,46.1,360,0.06,3,17.84,0,632.27,424890.97,2.07,34.47,16.65217391,0,0,17.84,0.06,0.03,0.051,3600,1,18.74984,0,16,36000,9.86,0.000575,0.000660714,14923.24324,248.7207207,4.145345345,0,1.969809159,0,16.65217391,0,0,0,0,0.004955556,1989.686099,0.552690583,0.060052219,0.639876352,0,HIGH,MEDIUM
VEH_009,68b89b2d4f65cd554d7512ab,16/11/2025 12:00,ON,31.93,10562.23,72.79,52.6,45,361,-0.49,39,17.08,0,634.18,424890.97,0,31.93,0,0,0,17.08,0.49,0.39,0.46,3600,1,24.9368,1,17,0,72.79,0,0.000560317,129908.4986,2165.141643,36.08569405,0,1.824659311,0,0,0,0,0,0,0.004744444,15342.15457,4.261709602,0,0.020092736,0,LOW,LOW
VEH_009,68b89b2d4f65cd554d7512ab,16/11/2025 13:00,ON,39.12,10601.35,70.45,53,49.7,362,-0.4,22,19.24,0,636.53,424890.97,2.34,39.12,16.71794872,0,0,19.24,0.4,0.22,0.346,3600,1,25.89704,0,17,3600,70.45,0.00065,0.000544841,129303.7145,2155.061908,35.91769847,0,2.235536243,0,16.71794872,0,0,0,0,0.005344444,13181.91268,3.661642412,0.059815951,0.245749614,0,LOW,LOW
VEH_009,68b89b2d4f65cd554d7512ab,16/11/2025 14:00,ON,33.79,10635.14,68.42,52.6,48.1,363,0.31,46,17.64,0,638.56,424890.97,2.03,33.79,16.6453202,0,0,17.64,0.31,0.46,0.355,3600,1,23.9022,0,17,7200,68.42,0.000563889,0.000523413,130719.0296,2178.650493,36.31084155,0,1.930950145,0,16.6453202,0,0,0,0,0.0049,13963.26531,3.878684807,0.060076946,0.687789799,0,LOW,LOW
VEH_009,68b89b2d4f65cd554d7512ab,16/11/2025 15:00,ON,28.21,10663.34,66.73,51.7,40.8,364,-0.12,42,15.96,0,640.25,424890.97,1.69,28.2,16.68639053,0,0,15.96,0.12,0.42,0.21,3600,0,19.3116,0,17,10800,66.73,0.000469444,0.000495238,134743.2692,2245.721154,37.4286859,0,1.611506188,0,16.68639053,0,0,0,0,0.004433333,15051.8797,4.181077694,0.059929078,0.357032457,0,LOW,LOW
VEH_009,68b89b2d4f65cd554d7512ab,16/11/2025 16:00,ON,35.85,10699.2,64.58,52,48.3,365,0.37,32,18.26,0,642.4,424890.97,2.15,35.86,16.67906977,0,0,18.26,0.37,0.32,0.355,3600,1,24.7423,0,17,14400,64.58,0.000597222,0.000495635,130297.518,2171.6253,36.193755,0,2.049241556,0,16.67906977,0,0,0,0,0.005072222,12732.092,3.536692223,0.059955382,0.411128284,0,LOW,LOW
VEH_009,68b89b2d4f65cd554d7512ab,16/11/2025 17:00,ON,40.67,10739.87,62.14,51.7,47.9,366,-0.18,37,19.7,0,644.84,424890.97,2.44,40.67,16.66803279,0,0,19.7,0.18,0.37,0.237,3600,1,24.3689,0,17,18000,62.14,0.000677778,0.000504762,123107.5472,2051.792453,34.19654088,0,2.324111938,0,16.66803279,0,0,0,0,0.005472222,11355.53299,3.154314721,0.059995082,0.493044822,0,LOW,LOW
VEH_009,68b89b2d4f65cd554d7512ab,16/11/2025 18:00,ON,42.85,10782.72,59.56,51.7,46.6,367,-0.31,29,20.36,0,647.41,424890.97,2.58,42.85,16.60852713,0,0,20.36,0.31,0.29,0.304,3600,1,26.54944,0,17,21600,59.56,0.000716667,0.000525,113447.619,1890.793651,31.51322751,0,2.448689366,0,16.60852713,0,0,0,0,0.005655556,10531.23772,2.925343811,0.060210035,0.830757342,0,LOW,LOW
VEH_009,68b89b2d4f65cd554d7512ab,16/11/2025 19:00,ON,40.72,10823.44,57.12,52.1,47.6,368,0.42,29,19.72,0,649.86,424890.97,2.44,40.72,16.68852459,0,0,19.72,0.42,0.29,0.381,3600,1,27.23332,0,17,25200,57.12,0.000677778,0.000621825,91858.58328,1530.976388,25.51627313,0,2.326969218,0,16.68852459,0,0,0,0,0.005477778,10427.58621,2.896551724,0.059921415,0.347758887,0,LOW,LOW
VEH_009,68b89b2d4f65cd554d7512ab,16/11/2025 20:00,ON,33.86,10857.3,55.09,51.5,37.3,369,0.03,20,17.66,0,651.89,424890.97,2.03,33.86,16.67980296,0,0,17.66,0.03,0.2,0.081,3600,1,19.09046,0,17,28800,55.09,0.000563889,0.000609524,90382.03125,1506.367188,25.10611979,0,1.934950337,0,16.67980296,0,0,0,0,0.004905556,11230.12458,3.119479049,0.059952747,0.404945904,0,LOW,LOW
VEH_009,68b89b2d4f65cd554d7512ab,16/11/2025 21:00,ON,33.82,10891.12,53.06,52.3,46.4,370,-0.25,30,17.65,0,653.92,424890.97,2.03,33.82,16.66009852,0,0,17.65,0.25,0.3,0.265,3600,1,22.32725,0,17,32400,53.06,0.000563889,0.000609524,87051.5625,1450.859375,24.18098958,0,1.932664513,0,16.66009852,0,0,0,0,0.004902778,10822.43626,3.006232295,0.060023655,0.561051005,0,LOW,LOW
VEH_009,68b89b2d4f65cd554d7512ab,16/11/2025 22:00,ON,39.48,10930.61,50.69,51.6,49.3,371,-0.46,39,19.34,0,656.29,424890.97,2.37,39.49,16.66244726,0,0,19.34,0.46,0.39,0.439,3600,1,27.83026,0,17,36000,50.69,0.000658333,0.000636508,79637.65586,1327.294264,22.12157107,0,2.256680119,0,16.66244726,0,0,0,0,0.005372222,9435.57394,2.620992761,0.060015194,0.542503864,0,LOW,LOW
VEH_009,68b89b2d4f65cd554d7512ab,16/11/2025 23:00,ON,35.88,10966.48,48.54,50.8,48.3,372,-0.22,19,18.26,0,658.44,424890.97,2.15,35.87,16.68372093,0,0,18.26,0.22,0.19,0.211,3600,1,22.11286,0,17,39600,48.54,0.000597222,0.000636508,76259.85037,1270.997506,21.18329177,0,2.049813012,0,16.68372093,0,0,0,0,0.005072222,9569.769989,2.658269441,0.059938667,0.372488408,0,LOW,LOW
VEH_009,68b89b2d4f65cd554d7512ab,17/11/2025 0:00,ON,32.39,10998.88,46.59,50.7,45.8,373,0.27,30,17.22,0,660.38,424890.97,1.95,32.4,16.61538462,0,0,17.22,0.27,0.3,0.279,3600,1,22.02438,0,17,43200,46.59,0.000541667,0.000617063,75502.76527,1258.379421,20.97299035,0,1.851517747,0,16.61538462,0,0,0,0,0.004783333,9740.069686,2.705574913,0.060185185,0.805255023,0,LOW,LOW
VEH_009,68b89b2d4f65cd554d7512ab,17/11/2025 1:00,ON,34.44,11033.32,44.53,50.9,42.4,374,0.34,25,17.83,0,662.45,424890.97,2.06,34.44,16.7184466,0,0,17.83,0.34,0.25,0.313,3600,1,23.41079,0,17,46800,44.53,0.000572222,0.000596429,74661.07784,1244.351297,20.73918829,0,1.968094791,0,16.7184466,0,0,0,0,0.004952778,8990.91419,2.497476164,0.05981417,0.244204019,0,MEDIUM,LOW
VEH_009,68b89b2d4f65cd554d7512ab,17/11/2025 2:00,ON,40.49,11073.81,42.1,50.4,48.4,375,-0.07,25,19.65,0,664.88,424890.97,2.43,40.49,16.66255144,0,0,19.65,0.07,0.25,0.124,3600,1,22.0866,0,17,50400,42.1,0.000675,0.000596032,70633.82157,1177.23036,19.62050599,0,2.313825728,0,16.66255144,0,0,0,0,0.005458333,7712.977099,2.142493639,0.060014818,0.539412674,0,MEDIUM,LOW
VEH_009,68b89b2d4f65cd554d7512ab,17/11/2025 3:00,ON,34.98,11108.78,40,50.5,50.9,376,-0.18,4,17.99,0,666.98,424890.97,2.1,34.97,16.65238095,0,0,17.99,0.18,0.04,0.138,3600,1,20.47262,0,17,54000,40,0.000583333,0.00059881,66799.20477,1113.32008,18.55533466,0,1.998381964,0,16.65238095,0,0,0,0,0.004997222,8004.446915,2.223457476,0.060051473,0.635239567,0,MEDIUM,LOW
VEH_009,68b89b2d4f65cd554d7512ab,17/11/2025 4:00,ON,29.43,11138.21,38.23,50.7,46.7,377,0.5,18,16.33,0,668.74,424890.97,1.77,29.43,16.62711864,0,0,16.33,0.5,0.18,0.404,3600,0,22.92732,0,17,57600,38.23,0.000491667,0.000588492,64962.64329,1082.710722,18.04517869,0,1.681795287,0,16.62711864,0,0,0,0,0.004536111,8427.924066,2.341090018,0.060142712,0.782071097,0,MEDIUM,LOW
VEH_009,68b89b2d4f65cd554d7512ab,17/11/2025 5:00,ON,22.48,11160.69,36.89,50.6,46.1,378,-0.06,20,14.24,0,670.09,424890.97,1.34,22.48,16.7761194,0,0,14.24,0.06,0.2,0.102,3600,0,15.69248,0,17,61200,36.89,0.000372222,0.000547619,67364.34783,1122.73913,18.71231884,0,1.284633301,0,16.7761194,0,0,0,0,0.003955556,9326.123596,2.590589888,0.059608541,0.14374034,0,MEDIUM,LOW
VEH_009,68b89b2d4f65cd554d7512ab,17/11/2025 6:00,ON,30.29,11190.98,35.07,50.7,49.2,379,-0.48,35,16.59,0,671.91,424890.97,1.82,30.29,16.64285714,0,0,16.59,0.48,0.35,0.441,3600,1,23.90619,0,17,64800,35.07,0.000505556,0.000534524,65609.79955,1093.496659,18.22494432,0,1.730940511,0,16.64285714,0,0,0,0,0.004608333,7610.126582,2.113924051,0.060085837,0.707882535,0,MEDIUM,LOW
VEH_009,68b89b2d4f65cd554d7512ab,17/11/2025 7:00,ON,22.52,11213.5,33.72,50.6,41.6,380,0.46,10,14.26,0,673.26,424890.97,1.35,22.52,16.68148148,0,0,14.26,0.46,0.1,0.352,3600,0,19.27952,0,17,68400,33.72,0.000375,0.000510714,66025.17483,1100.41958,18.34032634,0,1.286919126,0,16.68148148,0,0,0,0,0.003961111,8512.762973,2.364656381,0.059946714,0.395672334,0,MEDIUM,LOW
VEH_009,68b89b2d4f65cd554d7512ab,17/11/2025 8:00,ON,25.43,11238.93,32.19,50.5,39.8,381,0.18,46,15.13,0,674.79,424890.97,1.53,25.43,16.62091503,0,0,15.13,0.18,0.46,0.264,3600,0,19.12432,0,17,72000,32.19,0.000425,0.000489683,65736.46677,1095.60778,18.26012966,0,1.453212849,0,16.62091503,0,0,0,0,0.004202778,7659.220093,2.127561137,0.060165159,0.791344668,0,MEDIUM,LOW
VEH_009,68b89b2d4f65cd554d7512ab,17/11/2025 9:00,ON,20.1,11259.03,30.99,50.1,42,382,0.24,34,13.53,0,675.99,424890.97,1.2,20.1,16.75,0,0,13.53,0.24,0.34,0.27,3600,0,17.1831,0,17,75600,30.99,0.000333333,0.000440873,70292.34923,1171.539154,19.52565257,0,1.148626751,0,16.75,0,0,0,0,0.003758333,8245.676275,2.290465632,0.059701493,0.174652241,0,MEDIUM,LOW
VEH_009,68b89b2d4f65cd554d7512ab,17/11/2025 10:00,ON,15.94,11274.97,30.03,50.4,38.2,383,0,35,12.28,0,676.95,424890.97,0.96,15.94,16.60416667,0,0,12.28,0,0.35,0.105,3600,0,13.5694,0,17,79200,30.03,0.000266667,0.000395635,75903.30993,1265.055165,21.08425276,0,0.910901015,0,16.60416667,0,0,0,0,0.003411111,8803.583062,2.445439739,0.060225847,0.845440495,0,MEDIUM,LOW
VEH_009,68b89b2d4f65cd554d7512ab,17/11/2025 11:00,ON,15.47,11290.44,29.1,50.2,39.2,384,-0.33,23,12.14,0,677.88,424890.97,0.93,15.47,16.6344086,0,0,12.14,0.33,0.23,0.3,3600,0,15.782,0,17,82800,29.1,0.000258333,0.000362302,80319.82475,1338.663746,22.31106243,0,0.884042579,0,16.6344086,0,0,0,0,0.003372222,8629.324547,2.397034596,0.060116354,0.749613601,0,MEDIUM,LOW
VEH_009,68b89b2d4f65cd554d7512ab,17/11/2025 12:00,ON,20.63,11311.07,27.86,50,42.1,385,0.21,11,13.69,0,679.11,424890.97,1.24,20.63,16.63709677,0,0,13.69,0.21,0.11,0.18,3600,0,16.1542,0,17,86400,27.86,0.000344444,0.000358333,77748.83721,1295.813953,21.59689922,0,1.178913924,0,16.63709677,0,0,0,0,0.003802778,7326.223521,2.035062089,0.060106641,0.737248841,0,MEDIUM,LOW
VEH_009,68b89b2d4f65cd554d7512ab,17/11/2025 13:00,ON,24.78,11335.85,26.38,50.6,40.7,386,0.48,0,14.93,0,680.6,424890.97,1.48,24.78,16.74324324,0,0,14.93,0.48,0,0.336,3600,0,19.94648,0,17,90000,26.38,0.000411111,0.000344841,76498.96433,1274.982739,21.24971231,0,1.416068203,0,16.74324324,0,0,0,0,0.004147222,6360.884126,1.766912257,0.059725585,0.188562597,0,MEDIUM,LOW
VEH_009,68b89b2d4f65cd554d7512ab,17/11/2025 14:00,ON,22.12,11357.97,25.05,50.1,43.1,387,-0.14,1,14.14,0,681.93,424890.97,1.33,22.12,16.63157895,0,0,14.14,0.14,0.01,0.101,3600,0,15.56814,0,17,93600,25.05,0.000369444,0.000344048,72809.68858,1213.49481,20.22491349,0,1.264060882,0,16.63157895,0,0,0,0,0.003927778,6377.652051,1.771570014,0.060126582,0.763523957,0,MEDIUM,LOW
VEH_009,68b89b2d4f65cd554d7512ab,17/11/2025 15:00,ON,29.67,11387.65,23.27,50.4,47.3,388,-0.37,6,16.4,0,683.71,424890.97,1.78,29.68,16.6741573,0,0,16.4,0.37,0.06,0.277,3600,0,20.9428,0,17,97200,23.27,0.000494444,0.000353968,65740.35874,1095.672646,18.26121076,0,1.69608169,0,16.6741573,0,0,0,0,0.004555556,5108.04878,1.418902439,0.059973046,0.457496136,0,HIGH,MEDIUM
VEH_009,68b89b2d4f65cd554d7512ab,17/11/2025 16:00,ON,28.29,11415.94,21.57,50.8,43.8,389,-0.37,14,15.99,0,685.41,424890.97,1.7,28.29,16.64117647,0,0,15.99,0.37,0.14,0.301,3600,0,20.80299,0,17,100800,21.57,0.000472222,0.00037381,57703.18471,961.7197452,16.02866242,0,1.616649292,0,16.64117647,0,0,0,0,0.004441667,4856.285178,1.348968105,0.060091905,0.720247295,0,HIGH,MEDIUM
VEH_009,68b89b2d4f65cd554d7512ab,17/11/2025 17:00,ON,26.45,11442.39,19.98,50.5,44.8,390,-0.27,38,15.44,0,686.99,424890.97,1.59,26.45,16.63522013,0,0,15.44,0.27,0.38,0.303,3600,0,20.11832,0,17,104400,19.98,0.000441667,0.00039881,50099.10448,834.9850746,13.91641791,0,1.511501371,0,16.63522013,0,0,0,0,0.004288889,4658.549223,1.294041451,0.060113422,0.746522411,0,HIGH,MEDIUM
VEH_009,68b89b2d4f65cd554d7512ab,17/11/2025 18:00,ON,23.13,11465.52,18.6,50.1,43.7,391,-0.08,16,14.44,0,688.38,424890.97,1.38,23.13,16.76086957,0,0,14.44,0.08,0.16,0.104,3600,0,15.94176,0,17,108000,18.6,0.000383333,0.000416667,44640,744,12.4,0,1.321777947,0,16.76086957,0,0,0,0,0.004011111,4637.119114,1.288088643,0.059662776,0.165378671,0,HIGH,MEDIUM
VEH_009,68b89b2d4f65cd554d7512ab,17/11/2025 19:00,ON,29.2,11494.72,16.84,49.6,43.2,392,0.09,44,16.26,0,690.13,424890.97,1.76,29.2,16.59090909,0,0,16.26,0.09,0.44,0.195,3600,0,19.4307,0,17,111600,16.84,0.000488889,0.000437302,38508.89292,641.814882,10.6969147,0,1.668651797,0,16.59090909,0,0,0,0,0.004516667,3728.413284,1.035670357,0.060273973,0.86862442,0,HIGH,MEDIUM
VEH_009,68b89b2d4f65cd554d7512ab,17/11/2025 20:00,ON,26.74,11521.46,15.24,50.1,44.8,393,0.29,26,15.52,0,691.74,424890.97,1.6,26.74,16.7125,0,0,15.52,0.29,0.26,0.281,3600,0,19.88112,0,17,115200,15.24,0.000444444,0.000442063,34474.68582,574.5780969,9.576301616,0,1.528073598,0,16.7125,0,0,0,0,0.004311111,3535.051546,0.981958763,0.059835453,0.255023184,0,HIGH,MEDIUM
VEH_009,68b89b2d4f65cd554d7512ab,17/11/2025 21:00,ON,25.58,11547.04,13.71,50,41.3,394,-0.3,0,15.17,0,693.27,424890.97,1.53,25.58,16.71895425,0,0,15.17,0.3,0,0.21,3600,0,18.3557,0,17,118800,13.71,0.000425,0.00045,30466.66667,507.7777778,8.462962963,0,1.461784691,0,16.71895425,0,0,0,0,0.004213889,3253.526697,0.903757416,0.059812353,0.241112828,0,HIGH,MEDIUM
VEH_009,68b89b2d4f65cd554d7512ab,17/11/2025 22:00,ON,30.06,11577.09,11.9,50.2,42.8,395,0.48,33,16.52,0,695.08,424890.97,1.81,30.05,16.60220994,0,0,16.52,0.48,0.33,0.435,3600,1,23.7062,0,17,122400,11.9,0.000502778,0.00045119,26374.67018,439.5778364,7.326297274,0,1.717225565,0,16.60220994,0,0,0,0,0.004588889,2593.220339,0.720338983,0.060232945,0.85007728,0,HIGH,MEDIUM
