vehicleId,driverId,timestamp,engineState,speed_mph,odometer_miles,fuelLevel_pct,fuelTemperature_C,engineOilPressure_psi,engineHours_hr,longitudinalAcceleration_ms2,brakePosition_pct,fuelRate_L_per_hr,idleFuelConsumed_L,fuelIntegrated_L,totalFuelConsumedLiters,fuel_drop_pct,distance_miles,miles_per_fuel_pct,is_idle,fuel_consumed_idle_L,fuel_consumed_moving_L,acceleration_abs,brake_intensity,driver_aggressiveness,engine_on_duration_sec,speed_bucket,fuel_rate_eff,refill_event,fuel_cycle,time_since_refill_sec,fuel_pct_remaining,fuel_burn_pct_per_sec,fuel_burn_pct_per_sec_smooth,fuel_time_to_empty_sec,fuel_time_to_empty_min,fuel_time_to_empty_hr,fuel_theft_flag,expected_fuel_drop,sudden_drop_trip_flag,fuel_efficiency_miles_per_pct,low_efficiency_flag,idle_fuel_flag,fuel_sensor_tamper_flag,fuel_leak_flag,consumption_rate_L_per_sec,fuel_time_to_empty_sec_v2,fuel_time_to_empty_hr_v2,fuel_per_mile,driver_fuel_efficiency_score,fuel_overheat_flag,fuel_level_alert,fuel_time_to_empty_alert
VEH_003,68b89b2d4f65cd554d7512ab,2025-11-01 00:00:00,ON,43.84,43.84,82.37,39.6,49.4,1.0,-0.26,17,20.65,0.0,2.63,555910.6100000002,-0.0,0.0,0.0,0,0.0,20.65,0.26,0.17,0.23299999999999998,3600,1.0,25.46145,0,0,0,82.37,-0.0,-0.0,0.0,0.0,0.0,0,0.0,0,0.0,0,0,0,0,0.005736111111111111,14359.903147699759,3.9888619854721554,0.0,0.0,0,LOW,LOW
VEH_003,68b89b2d4f65cd554d7512ab,2025-11-01 01:00:00,ON,48.82,92.66,79.44,40.2,54.5,2.0,-0.25,25,22.15,0.0,5.56,555910.6100000002,2.930000000000007,48.81999999999999,16.662116040955592,0,0.0,22.15,0.25,0.25,0.25,3600,1.0,27.6875,0,0,3600,79.44,0.0008138888888888908,0.0004069444444444454,195210.92150170603,3253.515358361767,54.22525597269612,0,2.7542096027348157,0,16.662116040955592,0,0,0,0,0.006152777777777777,12911.241534988714,3.5864559819413095,0.060016386726751476,0.5858895705521472,0,LOW,LOW
VEH_003,68b89b2d4f65cd554d7512ab,2025-11-01 02:00:00,ON,53.65,146.31,76.22,40.0,52.9,3.0,-0.1,24,23.6,0.0,8.78,555910.6100000002,3.219999999999999,53.650000000000006,16.66149068322982,0,0.0,23.6,0.1,0.24,0.142,3600,1.0,26.9512,0,0,7200,76.22,0.0008944444444444441,0.000569444444444445,133849.75609756084,2230.829268292681,37.18048780487801,0,3.0266969517968643,0,16.66149068322982,0,0,0,0,0.006555555555555556,11626.779661016948,3.2296610169491524,0.06001863932898413,0.593558282208589,0,LOW,LOW
VEH_003,68b89b2d4f65cd554d7512ab,2025-11-01 03:00:00,ON,48.35,194.66,73.32,40.8,47.6,4.0,0.12,48,22.01,0.0,11.68,555910.6100000002,2.9000000000000057,48.349999999999994,16.672413793103413,0,0.0,22.01,0.12,0.48,0.22799999999999998,3600,1.0,27.028280000000002,0,0,10800,73.32,0.0008055555555555572,0.000628472222222223,116663.86740331477,1944.397790055246,32.406629834254105,0,2.7276942706314697,0,16.672413793103413,0,0,0,0,0.006113888888888889,11992.36710586097,3.3312130849613806,0.05997931747673228,0.48773006134969327,0,LOW,LOW
VEH_003,68b89b2d4f65cd554d7512ab,2025-11-01 04:00:00,ON,46.52,241.18,70.53,40.7,51.0,5.0,0.17,47,21.46,0.0,14.47,555910.6100000002,2.789999999999992,46.52000000000001,16.67383512544808,0,0.0,21.46,0.17,0.47,0.26,3600,1.0,27.0396,0,0,14400,70.53,0.0007749999999999978,0.000657777777777778,107224.66216216213,1787.0777027027023,29.78462837837837,0,2.62445372222908,0,16.67383512544808,0,0,0,0,0.0059611111111111115,11831.686859273066,3.286579683131407,0.059974204643164046,0.4662576687116564,0,LOW,LOW
VEH_003,68b89b2d4f65cd554d7512ab,2025-11-01 05:00:00,ON,42.2,283.38,68.0,41.0,46.8,6.0,-0.17,29,20.16,0.0,17.0,555910.6100000002,2.530000000000001,42.19999999999999,16.67984189723319,0,0.0,20.16,0.17,0.29,0.206,3600,1.0,24.31296,0,0,18000,68.0,0.0007027777777777781,0.000665277777777778,102212.94363256783,1703.5490605427972,28.39248434237995,0,2.380738329279173,0,16.67984189723319,0,0,0,0,0.0056,12142.857142857143,3.373015873015873,0.05995260663507113,0.4110429447852761,0,LOW,LOW
VEH_003,68b89b2d4f65cd554d7512ab,2025-11-01 06:00:00,ON,42.89,326.27,65.42,41.8,47.4,7.0,0.48,10,20.37,0.0,19.58,555910.6100000002,2.5799999999999983,42.889999999999986,16.624031007751945,0,0.0,20.37,0.48,0.1,0.366,3600,1.0,27.825420000000005,0,0,21600,65.42,0.0007166666666666662,0.0006726190476190478,97261.59292035397,1621.0265486725662,27.01710914454277,0,2.419665093430894,0,16.624031007751945,0,0,0,0,0.005658333333333334,11561.708394698086,3.2115856651939128,0.060153882023781746,0.8328220858895705,0,LOW,LOW
VEH_003,68b89b2d4f65cd554d7512ab,2025-11-01 07:00:00,ON,48.88,375.16,62.49,41.8,47.3,8.0,0.11,6,22.16,0.0,22.51,555910.6100000002,2.9299999999999997,48.89000000000004,16.686006825938584,0,0.0,22.16,0.11,0.06,0.095,3600,1.0,24.2652,0,0,25200,62.49,0.0008138888888888888,0.0007888888888888891,79212.67605633801,1320.2112676056336,22.003521126760557,0,2.7581586947502106,0,16.686006825938584,0,0,0,0,0.006155555555555556,10151.805054151624,2.819945848375451,0.05993045612599708,0.3512269938650307,0,LOW,LOW
VEH_003,68b89b2d4f65cd554d7512ab,2025-11-01 08:00:00,ON,50.94,426.1,59.43,41.8,51.4,9.0,-0.1,21,22.78,0.0,25.57,555910.6100000002,3.0600000000000023,50.94,16.6470588235294,0,0.0,22.78,0.1,0.21,0.133,3600,1.0,25.80974,0,0,28800,59.43,0.0008500000000000006,0.0007940476190476189,74844.37781109447,1247.4062968515746,20.790104947526242,0,2.8738106752009736,0,16.6470588235294,0,0,0,0,0.0063277777777777785,9391.92273924495,2.608867427568042,0.06007067137809192,0.700920245398773,0,LOW,LOW
VEH_003,68b89b2d4f65cd554d7512ab,2025-11-01 09:00:00,ON,51.46,477.56,56.35,42.3,52.4,10.0,-0.13,16,22.94,0.0,28.65,555910.6100000002,3.0799999999999983,51.45999999999998,16.70779220779221,0,0.0,22.94,0.13,0.16,0.139,3600,1.0,26.12866,0,0,32400,56.35,0.000855555555555555,0.0007884920634920633,71465.52591847007,1191.092098641168,19.8515349773528,0,2.9031467873153134,0,16.70779220779221,0,0,0,0,0.006372222222222223,8843.068875326939,2.4564080209241497,0.05985231247570928,0.22085889570552147,0,LOW,LOW
VEH_003,68b89b2d4f65cd554d7512ab,2025-11-01 10:00:00,ON,49.85,527.41,53.36,42.6,54.4,11.0,0.04,33,22.45,0.0,31.64,555910.6100000002,2.990000000000002,49.849999999999966,16.672240802675564,0,0.0,22.45,0.04,0.33,0.127,3600,1.0,25.30115,0,0,36000,53.36,0.0008305555555555561,0.0007920634920634918,67368.33667334671,1122.8056112224451,18.71342685370742,0,2.8123176709612965,0,16.672240802675564,0,0,0,0,0.006236111111111111,8556.614699331849,2.3768374164810693,0.059979939819458455,0.49079754601226994,0,LOW,LOW
VEH_003,68b89b2d4f65cd554d7512ab,2025-11-01 11:00:00,ON,54.83,582.25,50.07,43.2,52.3,12.0,-0.1,44,23.95,0.0,34.93,555910.6100000002,3.289999999999999,54.84000000000003,16.668693009118556,0,0.0,23.95,0.1,0.44,0.202,3600,1.0,28.787899999999997,0,0,39600,50.07,0.0009138888888888887,0.000811904761904762,61669.79472140762,1027.8299120234603,17.13049853372434,0,3.0938315160585295,0,16.668693009118556,0,0,0,0,0.006652777777777777,7526.1795407098125,2.090605427974948,0.05999270605397515,0.5184049079754601,0,LOW,LOW
VEH_003,68b89b2d4f65cd554d7512ab,2025-11-01 12:00:00,ON,49.15,631.39,47.12,42.8,48.4,13.0,0.09,36,22.24,0.0,37.88,555910.6100000002,2.950000000000003,49.139999999999986,16.657627118644047,0,0.0,22.24,0.09,0.36,0.17099999999999999,3600,1.0,26.043039999999998,0,0,43200,47.12,0.0008194444444444452,0.0008285714285714287,56868.96551724136,947.8160919540227,15.79693486590038,0,2.772262594805179,0,16.657627118644047,0,0,0,0,0.006177777777777778,7627.338129496403,2.118705035971223,0.060032560032560106,0.6349693251533742,0,LOW,LOW
VEH_003,68b89b2d4f65cd554d7512ab,2025-11-01 13:00:00,ON,57.03,688.42,43.69,43.2,50.8,14.0,0.44,5,24.61,0.0,41.31,555910.6100000002,3.4299999999999997,57.02999999999997,16.626822157434397,0,0.0,24.61,0.44,0.05,0.323,3600,1.0,32.55903,0,0,46800,43.69,0.0009527777777777777,0.0008623015873015875,50666.72802577081,844.4454670961802,14.07409111826967,0,3.217381680540076,0,16.626822157434397,0,0,0,0,0.006836111111111111,6391.0605444941075,1.7752945956928077,0.06014378397334739,0.8220858895705522,0,MEDIUM,LOW
VEH_003,68b89b2d4f65cd554d7512ab,2025-11-01 14:00:00,ON,52.21,740.63,40.56,43.2,50.2,15.0,-0.21,26,23.16,0.0,44.44,555910.6100000002,3.1299999999999955,52.210000000000036,16.680511182108663,0,0.0,23.16,0.21,0.26,0.22499999999999998,3600,1.0,28.371000000000002,0,0,50400,40.56,0.0008694444444444432,0.0008702380952380953,46607.93433652531,776.7989056087551,12.946648426812585,0,2.9454584874802308,0,16.680511182108663,0,0,0,0,0.0064333333333333334,6304.663212435234,1.751295336787565,0.05995020111089817,0.4049079754601227,0,MEDIUM,LOW
VEH_003,68b89b2d4f65cd554d7512ab,2025-11-01 15:00:00,ON,54.44,795.08,37.3,44.0,51.8,16.0,0.03,15,23.83,0.0,47.7,555910.6100000002,3.260000000000005,54.450000000000045,16.70245398773005,0,0.0,23.83,0.03,0.15,0.066,3600,1.0,25.40278,0,0,54000,37.3,0.000905555555555557,0.0008781746031746033,42474.46904654315,707.9078174423859,11.798463624039764,0,3.071829431972775,0,16.70245398773005,0,0,0,0,0.006619444444444444,5634.913973982375,1.565253881661771,0.05987144168962355,0.24386503067484663,0,MEDIUM,LOW
VEH_003,68b89b2d4f65cd554d7512ab,2025-11-01 16:00:00,ON,53.53,848.61,34.08,43.8,51.7,17.0,-0.19,13,23.56,0.0,50.92,555910.6100000002,3.219999999999999,53.52999999999997,16.62422360248447,0,0.0,23.56,0.19,0.13,0.172,3600,1.0,27.612319999999997,0,0,57600,34.08,0.0008944444444444441,0.000883730158730159,38563.8078132016,642.7301302200267,10.712168837000444,0,3.019927079770476,0,16.62422360248447,0,0,0,0,0.006544444444444444,5207.470288624788,1.4465195246179967,0.060153185129833746,0.8312883435582822,0,MEDIUM,MEDIUM
VEH_003,68b89b2d4f65cd554d7512ab,2025-11-01 17:00:00,ON,46.65,895.26,31.28,43.9,52.1,18.0,-0.04,23,21.5,0.0,53.72,555910.6100000002,2.799999999999997,46.64999999999998,16.660714285714295,0,0.0,21.5,0.04,0.23,0.097,3600,1.0,23.5855,0,0,61200,31.28,0.000777777777777777,0.000876190476190476,35700.00000000001,595.0000000000001,9.916666666666668,0,2.631787750257663,0,16.660714285714295,0,0,0,0,0.0059722222222222225,5237.581395348837,1.4548837209302325,0.06002143622722398,0.6042944785276073,0,MEDIUM,MEDIUM
VEH_003,68b89b2d4f65cd554d7512ab,2025-11-01 18:00:00,ON,48.22,943.49,28.39,43.5,50.0,19.0,0.14,43,21.97,0.0,56.61,555910.6100000002,2.8900000000000006,48.23000000000002,16.688581314878896,0,0.0,21.97,0.14,0.43,0.227,3600,1.0,26.95719,0,0,64800,28.39,0.0008027777777777779,0.0008603174603174603,32999.446494464944,549.990774907749,9.166512915129152,0,2.7209243986050846,0,16.688581314878896,0,0,0,0,0.006102777777777777,4651.979972690032,1.2922166590805644,0.05992121086460708,0.32975460122699385,0,MEDIUM,MEDIUM
VEH_003,68b89b2d4f65cd554d7512ab,2025-11-01 19:00:00,ON,44.09,987.58,25.75,43.4,54.4,20.0,0.08,16,20.73,0.0,59.25,555910.6100000002,2.6400000000000006,44.09000000000003,16.700757575757585,0,0.0,20.73,0.08,0.16,0.104,3600,1.0,22.885920000000002,0,0,68400,25.75,0.0007333333333333334,0.0008480158730158728,30364.997660271416,506.08329433785696,8.434721572297615,0,2.487363813694759,0,16.700757575757585,0,0,0,0,0.005758333333333333,4471.78002894356,1.242161119150989,0.059877523247901986,0.25306748466257667,0,MEDIUM,MEDIUM
VEH_003,68b89b2d4f65cd554d7512ab,2025-11-01 20:00:00,ON,45.35,1032.93,23.02,43.1,48.2,21.0,-0.27,43,21.1,0.0,61.98,555910.6100000002,2.7300000000000004,45.35000000000002,16.611721611721617,0,0.0,21.1,0.27,0.43,0.318,3600,1.0,27.809800000000003,0,0,72000,23.02,0.0007583333333333334,0.0008202380952380951,28065.021770682153,467.7503628447026,7.795839380745043,0,2.5584474699718145,0,16.611721611721617,0,0,0,0,0.005861111111111111,3927.5829383886253,1.090995260663507,0.0601984564498346,0.8619631901840491,0,HIGH,MEDIUM
VEH_003,68b89b2d4f65cd554d7512ab,2025-11-01 21:00:00,ON,45.71,1078.64,20.28,42.8,48.8,22.0,-0.01,31,21.21,0.0,64.72,555910.6100000002,2.7399999999999984,45.710000000000036,16.68248175182484,0,0.0,21.21,0.01,0.31,0.1,3600,1.0,23.331000000000003,0,0,75600,20.28,0.0007611111111111106,0.0008047619047619047,25200.000000000004,420.00000000000006,7.000000000000001,0,2.578757086050974,0,16.68248175182484,0,0,0,0,0.005891666666666667,3442.1499292786425,0.9561527581329563,0.05994311966746874,0.38650306748466257,0,HIGH,MEDIUM
VEH_003,68b89b2d4f65cd554d7512ab,2025-11-01 22:00:00,ON,43.09,1121.73,17.7,42.7,47.0,23.0,0.28,13,20.43,0.0,67.3,555910.6100000002,2.580000000000002,43.08999999999992,16.701550387596857,0,0.0,20.43,0.28,0.13,0.23500000000000001,3600,1.0,25.231050000000003,0,0,79200,17.7,0.0007166666666666672,0.0007777777777777776,22757.142857142862,379.2857142857144,6.321428571428573,0,2.430948213474867,0,16.701550387596857,0,0,0,0,0.0056749999999999995,3118.9427312775333,0.8663729809104259,0.059874680900441096,0.25,0,HIGH,MEDIUM
VEH_003,68b89b2d4f65cd554d7512ab,2025-11-01 23:00:00,ON,48.32,1170.05,54.86,42.8,51.5,24.0,0.49,2,22.0,0.0,70.2,555910.6100000002,0.0,48.319999999999936,0.0,0,0.0,22.0,0.49,0.02,0.349,3600,1.0,29.678,1,1,0,54.86,0.0,0.0006499999999999999,84400.00000000001,1406.666666666667,23.44444444444445,0,2.72600180262487,0,0.0,0,0,0,0,0.006111111111111111,8977.090909090908,2.493636363636363,0.0,0.02223926380368098,0,LOW,LOW
VEH_003,68b89b2d4f65cd554d7512ab,2025-11-02 00:00:00,ON,49.0,1219.05,51.92,42.5,53.7,25.0,0.4,9,22.2,0.0,73.14,555910.6100000002,2.9399999999999977,49.0,16.66666666666668,0,0.0,22.2,0.4,0.09,0.307,3600,1.0,29.015399999999996,0,1,3600,51.92,0.0008166666666666661,0.0006555555555555556,79200.0,1320.0,22.0,0,2.764364410774396,0,16.66666666666668,0,0,0,0,0.006166666666666667,8419.45945945946,2.338738738738739,0.059999999999999956,0.5429447852760736,0,LOW,LOW
VEH_003,68b89b2d4f65cd554d7512ab,2025-11-02 01:00:00,ON,42.3,1261.36,49.39,42.4,50.0,26.0,0.46,0,20.19,0.0,75.68,555910.6100000002,2.530000000000001,42.309999999999945,16.723320158102737,0,0.0,20.19,0.46,0.0,0.322,3600,1.0,26.691180000000003,0,1,7200,49.39,0.0007027777777777781,0.0006412698412698412,77019.0594059406,1283.65099009901,21.394183168316832,0,2.3869440453033577,0,16.723320158102737,0,0,0,0,0.005608333333333334,8806.537890044576,2.446260525012382,0.05979673835972594,0.18251533742331288,0,LOW,LOW
VEH_003,68b89b2d4f65cd554d7512ab,2025-11-02 02:00:00,ON,40.52,1301.87,46.95,42.6,49.0,27.0,0.08,47,19.65,0.0,78.11,555910.6100000002,2.4399999999999977,40.50999999999999,16.602459016393453,0,0.0,19.65,0.08,0.47,0.19699999999999998,3600,1.0,23.52105,0,1,10800,46.95,0.0006777777777777771,0.0006333333333333332,74131.57894736844,1235.526315789474,20.5921052631579,0,2.285395964907566,0,16.602459016393453,0,0,0,0,0.005458333333333333,8601.526717557252,2.3893129770992365,0.06023204147124163,0.8773006134969326,0,LOW,LOW
VEH_003,68b89b2d4f65cd554d7512ab,2025-11-02 03:00:00,ON,43.88,1345.75,44.32,42.3,49.4,28.0,0.09,40,20.66,0.0,80.74,555910.6100000002,2.6300000000000026,43.88000000000011,16.684410646387857,0,0.0,20.66,0.09,0.4,0.183,3600,1.0,24.44078,0,1,14400,44.32,0.0007305555555555562,0.0006293650793650793,70420.17654476671,1173.6696090794453,19.56116015132409,0,2.4755165376485873,0,16.684410646387857,0,0,0,0,0.005738888888888889,7722.749273959342,2.1452081316553726,0.059936189608021787,0.3665644171779141,0,MEDIUM,LOW
VEH_003,68b89b2d4f65cd554d7512ab,2025-11-02 04:00:00,ON,51.36,1397.11,41.24,42.3,49.6,29.0,0.25,40,22.91,0.0,83.83,555910.6100000002,3.0799999999999983,51.3599999999999,16.675324675324653,0,0.0,22.91,0.25,0.4,0.295,3600,1.0,29.66845,0,1,18000,41.24,0.000855555555555555,0.0006428571428571428,64151.11111111112,1069.1851851851852,17.819753086419755,0,2.89750522729332,0,16.675324675324653,0,0,0,0,0.0063638888888888885,6480.314273243126,1.8000872981230907,0.059968847352025005,0.45245398773006135,0,MEDIUM,LOW
VEH_003,68b89b2d4f65cd554d7512ab,2025-11-02 05:00:00,ON,52.98,1450.09,38.06,42.5,46.6,30.0,0.33,47,23.39,0.0,87.01,555910.6100000002,3.1799999999999997,52.98000000000002,16.660377358490575,0,0.0,23.39,0.33,0.47,0.372,3600,1.0,32.09108,0,1,21600,38.06,0.0008833333333333333,0.0006666666666666666,57090.00000000001,951.5000000000001,15.858333333333336,0,2.9888984996495416,0,16.660377358490575,0,0,0,0,0.006497222222222223,5857.8879863189395,1.6271911073108165,0.06002265005662512,0.6088957055214724,0,MEDIUM,LOW
VEH_003,68b89b2d4f65cd554d7512ab,2025-11-02 06:00:00,ON,50.22,1500.31,35.05,42.5,53.7,31.0,-0.03,41,22.57,0.0,90.02,555910.6100000002,3.010000000000005,50.22000000000003,16.68438538205978,0,0.0,22.57,0.03,0.41,0.144,3600,1.0,25.820079999999997,0,1,25200,35.05,0.0008361111111111126,0.0007861111111111112,44586.57243816253,743.1095406360422,12.385159010600704,0,2.833191443042658,0,16.68438538205978,0,0,0,0,0.006269444444444445,5590.607000443066,1.5529463890119628,0.05993628036638796,0.36809815950920244,0,MEDIUM,LOW
VEH_003,68b89b2d4f65cd554d7512ab,2025-11-02 07:00:00,ON,53.33,1553.64,31.85,41.8,53.1,32.0,0.04,10,23.5,0.0,93.22,555910.6100000002,3.1999999999999957,53.330000000000155,16.66562500000007,0,0.0,23.5,0.04,0.1,0.057999999999999996,3600,1.0,24.863,0,1,28800,31.85,0.0008888888888888877,0.0007964285714285714,39991.03139013453,666.5171898355754,11.108619830592925,0,3.008643959726509,0,16.66562500000007,0,0,0,0,0.006527777777777778,4879.148936170212,1.3553191489361702,0.0600037502343894,0.5613496932515337,0,MEDIUM,MEDIUM
VEH_003,68b89b2d4f65cd554d7512ab,2025-11-02 08:00:00,ON,45.95,1599.59,29.09,41.3,49.7,33.0,0.21,26,21.28,0.0,95.98,555910.6100000002,2.7600000000000016,45.94999999999982,16.648550724637605,0,0.0,21.28,0.21,0.26,0.22499999999999998,3600,1.0,26.068000000000005,0,1,32400,29.09,0.0007666666666666671,0.0008055555555555557,36111.72413793103,601.8620689655171,10.031034482758619,0,2.5922968301037344,0,16.648550724637605,0,0,0,0,0.005911111111111112,4921.240601503759,1.3670112781954884,0.060065288356909954,0.6932515337423313,0,MEDIUM,MEDIUM
VEH_003,68b89b2d4f65cd554d7512ab,2025-11-02 09:00:00,ON,45.92,1645.51,26.34,42.0,51.5,34.0,0.37,32,21.28,0.0,98.73,555910.6100000002,2.75,45.92000000000007,16.698181818181844,0,0.0,21.28,0.37,0.32,0.355,3600,1.0,28.834400000000002,0,1,36000,26.34,0.0007638888888888889,0.000817857142857143,32206.1135371179,536.768558951965,8.946142649199416,0,2.590604362097152,0,16.698181818181844,0,0,0,0,0.005911111111111112,4456.015037593985,1.237781954887218,0.05988675958188144,0.2714723926380368,0,MEDIUM,MEDIUM
VEH_003,68b89b2d4f65cd554d7512ab,2025-11-02 10:00:00,ON,38.54,1684.05,24.02,42.6,53.5,35.0,0.04,22,19.06,0.0,101.04,555910.6100000002,2.3200000000000003,38.539999999999964,16.612068965517224,0,0.0,19.06,0.04,0.22,0.094,3600,1.0,20.85164,0,1,39600,24.02,0.0006444444444444446,0.0008055555555555557,29817.931034482754,496.96551724137925,8.282758620689654,0,2.17425723247439,0,16.612068965517224,0,0,0,0,0.0052944444444444445,4536.831059811123,1.260230849947534,0.06019719771665808,0.8604294478527608,0,HIGH,MEDIUM
VEH_003,68b89b2d4f65cd554d7512ab,2025-11-02 11:00:00,ON,44.73,1728.78,21.34,42.8,51.9,36.0,-0.3,17,20.92,0.0,103.73,555910.6100000002,2.6799999999999997,44.73000000000002,16.690298507462696,0,0.0,20.92,0.3,0.17,0.261,3600,1.0,26.380120000000005,0,1,43200,21.34,0.0007444444444444444,0.0007896825396825399,27023.517587939692,450.3919597989949,7.506532663316581,0,2.523469797835485,0,16.690298507462696,0,0,0,0,0.0058111111111111115,3672.2753346080303,1.0200764818355639,0.059915045830538756,0.3098159509202454,0,HIGH,MEDIUM
VEH_003,68b89b2d4f65cd554d7512ab,2025-11-02 12:00:00,ON,50.34,1779.12,18.32,43.2,52.0,37.0,-0.26,29,22.6,0.0,106.75,555910.6100000002,3.0199999999999996,50.33999999999992,16.668874172185404,0,0.0,22.6,0.26,0.29,0.269,3600,1.0,28.679400000000005,0,1,46800,18.32,0.0008388888888888888,0.0007833333333333336,23387.234042553184,389.78723404255305,6.496453900709218,0,2.8399613150690377,0,16.668874172185404,0,0,0,0,0.006277777777777778,2918.2300884955753,0.8106194690265487,0.059992054032578554,0.5153374233128835,0,HIGH,MEDIUM
VEH_003,68b89b2d4f65cd554d7512ab,2025-11-02 13:00:00,ON,56.69,1835.81,51.37,43.6,55.2,38.0,-0.05,44,24.51,0.0,110.15,555910.6100000002,0.0,56.690000000000055,0.0,0,0.0,24.51,0.05,0.44,0.167,3600,1.0,28.603170000000002,1,2,0,51.37,0.0,0.0006638888888888889,77377.40585774058,1289.623430962343,21.493723849372383,0,3.1982003764653193,0,0.0,0,0,0,0,0.006808333333333334,7545.16523867809,2.095879232966136,0.0,0.02223926380368098,0,LOW,LOW
VEH_003,68b89b2d4f65cd554d7512ab,2025-11-02 14:00:00,ON,50.62,1886.43,48.33,43.3,52.1,39.0,0.15,49,22.68,0.0,113.19,555910.6100000002,3.039999999999999,50.62000000000012,16.651315789473728,0,0.0,22.68,0.15,0.49,0.252,3600,1.0,28.39536,0,2,3600,48.33,0.0008444444444444442,0.0006575396825396825,73501.26735063367,1225.021122510561,20.417018708509353,0,2.855757683130617,0,16.651315789473728,0,0,0,0,0.0063,7671.428571428572,2.130952380952381,0.060055314105096645,0.6794478527607362,0,LOW,LOW
VEH_003,68b89b2d4f65cd554d7512ab,2025-11-02 15:00:00,ON,49.6,1936.03,45.36,43.3,50.4,40.0,-0.34,30,22.38,0.0,116.16,555910.6100000002,2.969999999999999,49.59999999999991,16.700336700336678,0,0.0,22.38,0.34,0.3,0.32799999999999996,3600,1.0,29.720639999999996,0,2,7200,45.36,0.0008249999999999997,0.0006658730158730158,68121.09654350419,1135.351609058403,18.92252681764005,0,2.798213770906322,0,16.700336700336678,0,0,0,0,0.006216666666666666,7296.514745308311,2.026809651474531,0.0598790322580646,0.25766871165644173,0,LOW,LOW
VEH_003,68b89b2d4f65cd554d7512ab,2025-11-02 16:00:00,ON,52.46,1988.5,42.21,42.8,46.6,41.0,-0.43,17,23.24,0.0,119.31,555910.6100000002,3.1499999999999986,52.47000000000003,16.657142857142873,0,0.0,23.24,0.43,0.17,0.352,3600,1.0,31.420479999999994,0,2,10800,42.21,0.0008749999999999996,0.0006817460317460316,61914.55180442376,1031.909196740396,17.198486612339934,0,2.9601265435374002,0,16.657142857142873,0,0,0,0,0.0064555555555555555,6538.55421686747,1.816265060240964,0.06003430531732413,0.6380368098159509,0,MEDIUM,LOW
VEH_003,68b89b2d4f65cd554d7512ab,2025-11-02 17:00:00,ON,46.17,2034.67,39.44,41.9,45.6,42.0,-0.16,25,21.35,0.0,122.08,555910.6100000002,2.770000000000003,46.17000000000007,16.66787003610109,0,0.0,21.35,0.16,0.25,0.187,3600,1.0,25.342450000000003,0,2,14400,39.44,0.0007694444444444453,0.0006996031746031746,56374.815655133294,939.5802609188883,15.659671015314803,0,2.6047082621521236,0,16.66787003610109,0,0,0,0,0.005930555555555556,6650.304449648711,1.8473067915690864,0.05999566818280266,0.5337423312883436,0,MEDIUM,LOW
VEH_003,68b89b2d4f65cd554d7512ab,2025-11-02 18:00:00,ON,41.44,2076.1,36.95,41.4,46.2,43.0,0.11,11,19.93,0.0,124.57,555910.6100000002,2.489999999999995,41.429999999999836,16.638554216867437,0,0.0,19.93,0.11,0.11,0.11,3600,1.0,22.122300000000003,0,2,18000,36.95,0.0006916666666666652,0.0006920634920634919,53391.05504587158,889.850917431193,14.830848623853218,0,2.3372983171098523,0,16.638554216867437,0,0,0,0,0.0055361111111111114,6674.360260913197,1.8539889613647769,0.0601013758146272,0.7607361963190185,0,MEDIUM,LOW
VEH_003,68b89b2d4f65cd554d7512ab,2025-11-02 19:00:00,ON,34.63,2110.73,63.63,41.5,47.8,44.0,-0.37,28,17.89,0.0,126.64,555910.6100000002,0.0,34.63000000000011,0.0,0,0.0,17.89,0.37,0.28,0.343,3600,1.0,24.02627,1,3,0,63.63,0.0,0.000572222222222222,111198.05825242723,1853.3009708737873,30.88834951456312,0,1.9536722356146454,0,0.0,0,0,0,0,0.004969444444444445,12804.24818334265,3.5567356064840694,0.0,0.02223926380368098,0,LOW,LOW
VEH_003,68b89b2d4f65cd554d7512ab,2025-11-02 20:00:00,ON,37.03,2147.76,61.41,41.3,42.3,45.0,0.44,21,18.61,0.0,128.87,555910.6100000002,2.220000000000006,37.0300000000002,16.680180180180226,0,0.0,18.61,0.44,0.21,0.371,3600,1.0,25.51431,0,3,3600,61.41,0.0006166666666666684,0.0006603174603174603,93000.72115384616,1550.0120192307693,25.833533653846153,0,2.089069676142376,0,16.680180180180226,0,0,0,0,0.005169444444444444,11879.41966684578,3.2998387963460503,0.05995139076424504,0.40644171779141103,0,LOW,LOW
VEH_003,68b89b2d4f65cd554d7512ab,2025-11-02 21:00:00,ON,39.98,2187.74,59.01,40.4,44.5,46.0,-0.47,20,19.49,0.0,131.26,555910.6100000002,2.3999999999999986,39.97999999999956,16.65833333333316,0,0.0,19.49,0.47,0.2,0.38899999999999996,3600,1.0,27.07161,0,3,7200,59.01,0.0006666666666666663,0.0006349206349206349,92940.75,1549.0125,25.816875,0,2.255495696791003,0,16.65833333333316,0,0,0,0,0.005413888888888888,10899.743458183684,3.0277065161621346,0.06003001500750437,0.6288343558282209,0,LOW,LOW
VEH_003,68b89b2d4f65cd554d7512ab,2025-11-02 22:00:00,ON,33.21,2220.95,57.02,40.4,46.1,47.0,0.21,39,17.46,0.0,133.26,555910.6100000002,1.9899999999999949,33.210000000000036,16.68844221105534,0,0.0,17.46,0.21,0.39,0.264,3600,1.0,22.06944,0,3,10800,57.02,0.0005527777777777764,0.0005960317460317459,95666.0452729694,1594.4340878828232,26.57390146471372,0,1.8735620833024038,0,16.68844221105534,0,0,0,0,0.00485,11756.701030927836,3.2657502863688435,0.059921710328214174,0.3343558282208589,0,LOW,LOW
VEH_003,68b89b2d4f65cd554d7512ab,2025-11-02 23:00:00,ON,33.93,2254.88,54.98,40.0,42.9,48.0,-0.26,15,17.68,0.0,135.29,555910.6100000002,2.0400000000000063,33.93000000000029,16.632352941176563,0,0.0,17.68,0.26,0.15,0.22699999999999998,3600,1.0,21.69336,0,3,14400,54.98,0.0005666666666666684,0.0005519841269841271,99604.31344356574,1660.0718907260957,27.667864845434927,0,1.9141813154607357,0,16.632352941176563,0,0,0,0,0.004911111111111111,11195.022624434388,3.10972850678733,0.06012378426171496,0.7914110429447853,0,LOW,LOW
VEH_003,68b89b2d4f65cd554d7512ab,2025-11-03 00:00:00,ON,37.19,2292.08,52.75,39.8,47.1,49.0,-0.45,13,18.66,0.0,137.52,555910.6100000002,2.229999999999997,37.19999999999982,16.681614349775728,0,0.0,18.66,0.45,0.13,0.354,3600,1.0,25.26564,0,3,18000,52.75,0.0006194444444444436,0.0005305555555555555,99424.08376963352,1657.0680628272253,27.617801047120423,0,2.098660328179735,0,16.681614349775728,0,0,0,0,0.005183333333333333,10176.84887459807,2.8269024651661305,0.05994623655913999,0.3941717791411043,0,LOW,LOW
VEH_003,68b89b2d4f65cd554d7512ab,2025-11-03 01:00:00,ON,30.33,2322.4,50.93,39.5,44.3,50.0,-0.15,22,16.6,0.0,139.34,555910.6100000002,1.8200000000000003,30.320000000000164,16.659340659340746,0,0.0,16.6,0.15,0.22,0.17099999999999999,3600,1.0,19.4386,0,3,21600,50.93,0.0005055555555555556,0.0005039682539682541,101057.95275590548,1684.2992125984247,28.07165354330708,0,1.7105209986669414,0,16.659340659340746,0,0,0,0,0.004611111111111112,11045.060240963854,3.068072289156626,0.060026385224274094,0.6226993865030674,0,LOW,LOW
VEH_003,68b89b2d4f65cd554d7512ab,2025-11-03 02:00:00,ON,29.26,2351.66,49.18,39.2,45.4,51.0,-0.36,37,16.28,0.0,141.1,555910.6100000002,1.75,29.259999999999764,16.719999999999864,0,0.0,16.28,0.36,0.37,0.363,3600,0.0,22.18964,0,3,25200,49.18,0.0004861111111111111,0.0005734126984126986,85767.19723183388,1429.4532871972312,23.82422145328719,0,1.65072046243384,0,16.719999999999864,0,0,0,0,0.004522222222222223,10875.184275184274,3.0208845208845205,0.05980861244019187,0.18865030674846625,0,LOW,LOW
VEH_003,68b89b2d4f65cd554d7512ab,2025-11-03 03:00:00,ON,36.94,2388.6,46.96,39.6,48.4,52.0,-0.34,39,18.58,0.0,143.32,555910.6100000002,2.219999999999999,36.940000000000055,16.63963963963967,0,0.0,18.58,0.34,0.39,0.355,3600,1.0,25.1759,0,3,28800,46.96,0.0006166666666666664,0.0005734126984126983,81895.64013840833,1364.9273356401388,22.748788927335646,0,2.083992272122578,0,16.63963963963967,0,0,0,0,0.00516111111111111,9098.81593110872,2.5274488697524222,0.06009745533297227,0.754601226993865,0,LOW,LOW
VEH_003,68b89b2d4f65cd554d7512ab,2025-11-03 04:00:00,ON,43.43,2432.04,44.36,39.3,45.9,53.0,0.44,43,20.53,0.0,145.92,555910.6100000002,2.6000000000000014,43.440000000000055,16.70769230769232,0,0.0,20.53,0.44,0.43,0.437,3600,1.0,29.501610000000003,0,3,32400,44.36,0.0007222222222222226,0.0005813492063492063,76305.25597269625,1271.754266211604,21.19590443686007,0,2.4506936735518345,0,16.70769230769232,0,0,0,0,0.005702777777777778,7778.6653677545055,2.160740379931807,0.05985267034990788,0.2223926380368098,0,MEDIUM,LOW
VEH_003,68b89b2d4f65cd554d7512ab,2025-11-03 05:00:00,ON,36.09,2468.13,42.19,39.4,44.7,54.0,-0.25,30,18.33,0.0,148.09,555910.6100000002,2.1700000000000017,36.090000000000146,16.631336405530007,0,0.0,18.33,0.25,0.3,0.265,3600,1.0,23.187450000000002,0,3,36000,42.19,0.0006027777777777783,0.0005884920634920637,71691.70600134859,1194.8617666891432,19.914362778152388,0,2.0360390119356806,0,16.631336405530007,0,0,0,0,0.005091666666666666,8286.088379705401,2.3016912165848336,0.0601274591299527,0.799079754601227,0,MEDIUM,LOW
VEH_003,68b89b2d4f65cd554d7512ab,2025-11-03 06:00:00,ON,31.08,2499.21,40.32,39.6,44.1,55.0,-0.04,3,16.83,0.0,149.95,555910.6100000002,1.8699999999999974,31.079999999999927,16.620320855614956,0,0.0,16.83,0.04,0.03,0.037,3600,1.0,17.452709999999996,0,3,39600,40.32,0.0005194444444444437,0.0005817460317460315,69308.5948158254,1155.1432469304234,19.25238744884039,0,1.7533968548340413,0,16.620320855614956,0,0,0,0,0.0046749999999999995,8624.598930481285,2.39572192513369,0.06016731016731022,0.8450920245398773,0,MEDIUM,LOW
VEH_003,68b89b2d4f65cd554d7512ab,2025-11-03 07:00:00,ON,25.25,2524.46,38.81,39.8,42.5,56.0,-0.45,34,15.07,0.0,151.47,555910.6100000002,1.509999999999998,25.25,16.721854304635784,0,0.0,15.07,0.45,0.34,0.41700000000000004,3600,0.0,21.354190000000003,0,3,43200,38.81,0.0004194444444444439,0.0005531746031746031,70158.68005738883,1169.3113342898139,19.488522238163565,0,1.424493905552112,0,16.721854304635784,0,0,0,0,0.004186111111111111,9271.134704711349,2.5753151957531526,0.05980198019801972,0.18404907975460122,0,MEDIUM,LOW
VEH_003,68b89b2d4f65cd554d7512ab,2025-11-03 08:00:00,ON,27.25,2551.71,37.17,40.0,41.3,57.0,0.17,43,15.68,0.0,153.1,555910.6100000002,1.6400000000000006,27.25,16.61585365853658,0,0.0,15.68,0.17,0.43,0.248,3600,0.0,19.56864,0,3,46800,37.17,0.0004555555555555557,0.0005460317460317459,68072.96511627908,1134.5494186046515,18.90915697674419,0,1.5373251059918833,0,16.61585365853658,0,0,0,0,0.004355555555555555,8533.928571428572,2.3705357142857144,0.06018348623853213,0.8496932515337423,0,MEDIUM,LOW
VEH_003,68b89b2d4f65cd554d7512ab,2025-11-03 09:00:00,ON,23.45,2575.16,62.02,39.7,42.7,58.0,-0.17,17,14.53,0.0,154.51,555910.6100000002,0.0,23.449999999999818,0.0,0,0.0,14.53,0.17,0.17,0.16999999999999998,3600,0.0,17.0001,1,4,0,62.02,0.0,0.0004765873015873015,130133.55537052458,2168.892589508743,36.14820982514572,0,1.3229458251563078,0,0.0,0,0,0,0,0.004036111111111111,15366.276668960772,4.268410185822437,0.0,0.02223926380368098,0,LOW,LOW
VEH_003,68b89b2d4f65cd554d7512ab,2025-11-03 10:00:00,ON,20.26,2595.42,60.8,39.6,39.6,59.0,-0.33,26,13.58,0.0,155.73,555910.6100000002,1.220000000000006,20.26000000000022,16.606557377049278,0,0.0,13.58,0.33,0.26,0.309,3600,0.0,17.77622,0,4,3600,60.8,0.0003388888888888905,0.0004369047619047621,139160.76294277923,2319.3460490463203,38.65576748410534,0,1.1429800604548952,0,16.606557377049278,0,0,0,0,0.0037722222222222224,16117.82032400589,4.477172312223859,0.06021717670286243,0.8726993865030674,0,LOW,LOW
VEH_003,68b89b2d4f65cd554d7512ab,2025-11-03 11:00:00,ON,13.57,2608.99,59.99,39.6,40.0,60.0,0.25,22,11.57,0.0,156.54,555910.6100000002,0.8099999999999952,13.569999999999709,16.753086419752826,0,0.0,11.57,0.25,0.22,0.241,3600,0.0,14.35837,0,4,7200,59.99,0.00022499999999999867,0.0003658730158730158,163963.99132321044,2732.733188720174,45.545553145336235,0,0.7655596949838316,0,16.753086419752826,0,0,0,0,0.003213888888888889,18665.859982713915,5.184961106309421,0.05969049373618368,0.1441717791411043,0,LOW,LOW
VEH_003,68b89b2d4f65cd554d7512ab,2025-11-03 12:00:00,ON,19.94,2628.92,58.79,39.2,44.9,61.0,-0.32,1,13.48,0.0,157.74,555910.6100000002,1.2000000000000028,19.93000000000029,16.608333333333537,0,0.0,13.48,0.32,0.01,0.22699999999999998,3600,0.0,16.539959999999997,0,4,10800,58.79,0.00033333333333333414,0.00032738095238095237,179576.72727272726,2992.9454545454546,49.88242424242424,0,1.1243629123823369,0,16.608333333333537,0,0,0,0,0.0037444444444444448,15700.593471810087,4.361275964391691,0.06021073758153464,0.8665644171779141,0,LOW,LOW
VEH_003,68b89b2d4f65cd554d7512ab,2025-11-03 13:00:00,ON,21.6,2650.52,57.5,39.2,40.7,62.0,-0.37,10,13.98,0.0,159.03,555910.6100000002,1.2899999999999991,21.59999999999991,16.74418604651157,0,0.0,13.98,0.37,0.1,0.28900000000000003,3600,0.0,18.020220000000002,0,4,14400,57.5,0.0003583333333333331,0.00030436507936507947,188917.86179921767,3148.631029986961,52.47718383311602,0,1.2185769647495244,0,16.74418604651157,0,0,0,0,0.0038833333333333333,14806.8669527897,4.113018597997139,0.05972222222222243,0.15030674846625766,0,LOW,LOW
VEH_003,68b89b2d4f65cd554d7512ab,2025-11-03 14:00:00,ON,28.21,2678.73,55.8,39.2,44.3,63.0,-0.17,42,15.96,0.0,160.72,555910.6100000002,1.7000000000000028,28.210000000000036,16.594117647058816,0,0.0,15.96,0.17,0.42,0.245,3600,0.0,19.870200000000004,0,4,18000,55.8,0.000472222222222223,0.0003119047619047622,178900.76335877844,2981.679389312974,49.69465648854957,0,1.5914840822029757,0,16.594117647058816,0,0,0,0,0.004433333333333333,12586.466165413533,3.496240601503759,0.06026231832683448,0.8941717791411042,0,LOW,LOW
VEH_003,68b89b2d4f65cd554d7512ab,2025-11-03 15:00:00,ON,32.53,2711.26,53.85,39.1,47.5,64.0,-0.17,15,17.26,0.0,162.68,555910.6100000002,1.9499999999999957,32.5300000000002,16.68205128205142,0,0.0,17.26,0.17,0.15,0.16399999999999998,3600,1.0,20.09064,0,4,21600,53.85,0.0005416666666666654,0.0003242063492063493,166097.91921664623,2768.2986536107705,46.138310893512845,0,1.8351994751528908,0,16.68205128205142,0,0,0,0,0.004794444444444445,11231.74971031286,3.119930475086906,0.059944666461727136,0.3911042944785276,0,LOW,LOW
VEH_003,68b89b2d4f65cd554d7512ab,2025-11-03 16:00:00,ON,37.56,2748.82,51.6,38.8,49.9,65.0,-0.23,7,18.77,0.0,164.93,555910.6100000002,2.25,37.559999999999945,16.69333333333331,0,0.0,18.77,0.23,0.07,0.182,3600,1.0,22.186139999999998,0,4,25200,51.6,0.000625,0.0004134920634920636,124790.78694817655,2079.846449136276,34.664107485604596,0,2.118969944258901,0,16.69333333333331,0,0,0,0,0.0052138888888888886,9896.64358018114,2.749067661161428,0.05990415335463267,0.299079754601227,0,LOW,LOW
VEH_003,68b89b2d4f65cd554d7512ab,2025-11-03 17:00:00,ON,35.79,2784.61,49.45,38.8,41.0,66.0,-0.28,29,18.24,0.0,167.08,555910.6100000002,2.1499999999999986,35.789999999999964,16.64651162790697,0,0.0,18.24,0.28,0.29,0.28300000000000003,3600,1.0,23.401919999999997,0,4,28800,49.45,0.0005972222222222219,0.00045039682539682515,109792.07048458156,1829.8678414096928,30.49779735682821,0,2.0191143318697047,0,16.64651162790697,0,0,0,0,0.005066666666666666,9759.868421052633,2.7110745614035094,0.06007264599050016,0.7101226993865031,0,LOW,LOW
VEH_003,68b89b2d4f65cd554d7512ab,2025-11-03 18:00:00,ON,43.15,2827.76,46.86,39.5,50.1,67.0,0.34,32,20.44,0.0,169.67,555910.6100000002,2.5900000000000034,43.15000000000009,16.660231660231673,0,0.0,20.44,0.34,0.32,0.33399999999999996,3600,1.0,27.266960000000005,0,4,32400,46.86,0.0007194444444444454,0.0005210317460317461,89936.93830921553,1498.948971820259,24.98248286367098,0,2.43433314948807,0,16.660231660231673,0,0,0,0,0.005677777777777778,8253.228962818004,2.292563600782779,0.06002317497103124,0.6104294478527608,0,LOW,LOW
VEH_003,68b89b2d4f65cd554d7512ab,2025-11-03 19:00:00,ON,50.38,2878.14,43.84,39.8,52.1,68.0,0.36,29,22.61,0.0,172.69,555910.6100000002,3.019999999999996,50.379999999999654,16.68211920529792,0,0.0,22.61,0.36,0.29,0.33899999999999997,3600,1.0,30.27479,0,4,36000,43.84,0.0008388888888888878,0.0005932539682539682,73897.52508361205,1231.625418060201,20.527090301003348,0,2.8422179390778184,0,16.68211920529792,0,0,0,0,0.006280555555555556,6980.274214949138,1.9389650597080939,0.05994442238983757,0.3895705521472393,0,MEDIUM,LOW
VEH_003,68b89b2d4f65cd554d7512ab,2025-11-03 20:00:00,ON,50.4,2928.54,40.82,39.9,58.1,69.0,0.33,1,22.62,0.0,175.71,555910.6100000002,3.020000000000003,50.40000000000009,16.688741721854317,0,0.0,22.62,0.33,0.01,0.23399999999999999,3600,1.0,27.91308,0,4,39600,40.82,0.0008388888888888898,0.0006619047619047619,61670.503597122304,1027.841726618705,17.130695443645084,0,2.8433462510822407,0,16.688741721854317,0,0,0,0,0.0062833333333333335,6496.551724137931,1.8045977011494254,0.059920634920634874,0.3282208588957055,0,MEDIUM,LOW
VEH_003,68b89b2d4f65cd554d7512ab,2025-11-03 21:00:00,ON,57.68,2986.22,37.35,40.4,58.6,70.0,-0.24,40,24.8,0.0,179.17,555910.6100000002,3.469999999999999,57.679999999999836,16.622478386167106,0,0.0,24.8,0.24,0.4,0.288,3600,1.0,31.942400000000003,0,4,43200,37.35,0.0009638888888888886,0.0007321428571428571,51014.63414634147,850.2439024390245,14.170731707317076,0,3.2540518206829936,0,16.622478386167106,0,0,0,0,0.006888888888888889,5421.774193548387,1.5060483870967742,0.06015950069348143,0.838957055214724,0,MEDIUM,LOW
VEH_003,68b89b2d4f65cd554d7512ab,2025-11-03 22:00:00,ON,59.14,3045.36,33.81,40.6,51.3,71.0,0.19,13,25.24,0.0,182.72,555910.6100000002,3.539999999999999,59.14000000000033,16.706214689265632,0,0.0,25.24,0.19,0.13,0.172,3600,1.0,29.581279999999996,0,4,46800,33.81,0.000983333333333333,0.0007952380952380952,42515.56886227545,708.5928143712575,11.80988023952096,0,3.3364185970040543,0,16.706214689265632,0,0,0,0,0.00701111111111111,4822.345483359747,1.3395404120443741,0.05985796415285728,0.2285276073619632,0,MEDIUM,MEDIUM
VEH_003,68b89b2d4f65cd554d7512ab,2025-11-03 23:00:00,ON,64.52,3109.88,29.93,40.6,54.1,72.0,0.32,2,26.86,0.0,186.59,555910.6100000002,3.8800000000000026,64.51999999999998,16.628865979381427,0,0.0,26.86,0.32,0.02,0.22999999999999998,3600,1.0,33.0378,0,4,50400,29.93,0.0010777777777777784,0.000859920634920635,34805.53760959852,580.0922934933086,9.668204891555144,0,3.6399345261870195,0,16.628865979381427,0,0,0,0,0.007461111111111111,4011.4668652271034,1.1142963514519733,0.06013639181649107,0.8113496932515337,0,MEDIUM,MEDIUM
VEH_003,68b89b2d4f65cd554d7512ab,2025-11-04 00:00:00,ON,56.75,3166.63,26.53,40.3,56.4,73.0,-0.42,21,24.52,0.0,190.0,555910.6100000002,3.3999999999999986,56.75,16.691176470588243,0,0.0,24.52,0.42,0.21,0.357,3600,1.0,33.27364,0,4,54000,26.53,0.000944444444444444,0.0009095238095238095,29169.10994764398,486.15183246073303,8.102530541012216,0,3.2015853124785094,0,16.691176470588243,0,0,0,0,0.006811111111111111,3895.1060358890704,1.0819738988580752,0.05991189427312773,0.30828220858895705,0,MEDIUM,MEDIUM
VEH_003,68b89b2d4f65cd554d7512ab,2025-11-04 01:00:00,ON,63.49,3230.12,22.72,40.0,50.8,74.0,0.22,32,26.55,0.0,193.81,555910.6100000002,3.8100000000000023,63.48999999999978,16.66404199475059,0,0.0,26.55,0.22,0.32,0.25,3600,1.0,33.1875,0,4,57600,22.72,0.0010583333333333339,0.0009579365079365078,23717.64705882353,395.29411764705884,6.588235294117648,0,3.5818264579605263,0,16.66404199475059,0,0,0,0,0.0073750000000000005,3080.6779661016944,0.8557438794726929,0.060009450307135226,0.5690184049079755,0,HIGH,MEDIUM
VEH_003,68b89b2d4f65cd554d7512ab,2025-11-04 02:00:00,ON,67.29,3297.41,18.68,39.9,51.9,75.0,-0.01,25,27.69,0.0,197.84,555910.6100000002,4.039999999999999,67.28999999999996,16.655940594059402,0,0.0,27.69,0.01,0.25,0.08199999999999999,3600,1.0,29.960580000000004,0,4,61200,18.68,0.001122222222222222,0.0009984126984126985,18709.697933227344,311.8282988871224,5.197138314785374,0,3.7962057387961017,0,16.655940594059402,0,0,0,0,0.007691666666666667,2428.6023835319606,0.6746117732033224,0.06003863872789421,0.6457055214723927,0,HIGH,MEDIUM
VEH_003,68b89b2d4f65cd554d7512ab,2025-11-04 03:00:00,ON,65.23,3362.64,14.77,39.9,56.1,76.0,-0.38,5,27.07,0.0,201.76,555910.6100000002,3.91,65.23000000000002,16.68286445012788,0,0.0,27.07,0.38,0.05,0.28099999999999997,3600,1.0,34.67667,0,4,64800,14.77,0.001086111111111111,0.0010337301587301589,14288.061420345488,238.13435700575812,3.968905950095969,0,3.6799896023431407,0,16.68286445012788,0,0,0,0,0.007519444444444445,1964.2408570373104,0.5456224602881418,0.05994174459604475,0.3834355828220859,0,HIGH,MEDIUM
VEH_003,68b89b2d4f65cd554d7512ab,2025-11-04 04:00:00,ON,65.8,3428.44,10.82,39.6,57.0,77.0,-0.36,33,27.24,0.0,205.71,555910.6100000002,3.9499999999999993,65.80000000000018,16.658227848101316,0,0.0,27.24,0.36,0.33,0.351,3600,1.0,36.80124,0,4,68400,10.82,0.001097222222222222,0.0010527777777777777,10277.572559366756,171.29287598944592,2.8548812664907657,0,3.7121464944684845,0,16.658227848101316,0,0,0,0,0.007566666666666666,1429.955947136564,0.3972099853157122,0.060030395136777936,0.6303680981595092,0,HIGH,HIGH
VEH_003,68b89b2d4f65cd554d7512ab,2025-11-04 05:00:00,ON,68.4,3496.84,6.72,39.5,55.6,78.0,-0.38,41,28.02,0.0,209.81,555910.6100000002,4.1000000000000005,68.40000000000009,16.68292682926831,0,0.0,28.02,0.38,0.41,0.38899999999999996,3600,1.0,38.91978,0,4,72000,6.72,0.001138888888888889,0.001075,6251.162790697675,104.18604651162791,1.7364341085271318,0,3.858827055040182,0,16.68292682926831,0,0,0,0,0.007783333333333333,863.3832976445397,0.2398286937901499,0.059941520467836185,0.38190184049079756,0,HIGH,HIGH
VEH_003,68b89b2d4f65cd554d7512ab,2025-11-04 06:00:00,ON,63.68,3560.52,2.9,40.1,54.0,79.0,-0.18,32,26.6,0.0,213.63,555910.6100000002,3.82,63.679999999999836,16.670157068062785,0,0.0,26.6,0.18,0.32,0.222,3600,1.0,32.5052,0,4,75600,2.9,0.001061111111111111,0.0010726190476190475,2703.6625971143176,45.061043285238625,0.7510173880873104,0,3.5925454220023076,0,16.670157068062785,0,0,0,0,0.007388888888888889,392.4812030075188,0.10902255639097744,0.0599874371859298,0.5061349693251533,0,HIGH,HIGH
VEH_003,68b89b2d4f65cd554d7512ab,2025-11-04 07:00:00,ON,61.84,3622.36,32.29,39.9,57.9,80.0,-0.25,35,26.05,0.0,217.34,555910.6100000002,0.0,61.840000000000146,0.0,0,0.0,26.05,0.25,0.35,0.27999999999999997,3600,1.0,33.344,1,5,0,32.29,0.0,0.0009376984126984127,34435.37875581887,573.9229792636478,9.565382987727464,0,3.4887407175977354,0,0.0,0,0,0,0,0.0072361111111111116,4462.341650671785,1.2395393474088292,0.0,0.02223926380368098,0,MEDIUM,MEDIUM
VEH_003,68b89b2d4f65cd554d7512ab,2025-11-04 08:00:00,ON,55.57,3677.92,54.27,39.7,55.8,81.0,-0.39,24,24.17,0.0,220.68,555910.6100000002,0.0,55.559999999999945,0.0,0,0.0,24.17,0.39,0.24,0.345,3600,1.0,32.50865,1,6,0,54.27,0.0,0.0007865079365079365,69001.21089808275,1150.0201816347123,19.167003027245208,0,3.1344507482168424,0,0.0,0,0,0,0,0.006713888888888889,8083.243690525445,2.2453454695904016,0.0,0.02223926380368098,0,LOW,LOW
VEH_003,68b89b2d4f65cd554d7512ab,2025-11-04 09:00:00,ON,53.25,3731.17,51.07,39.7,48.3,82.0,-0.14,14,23.47,0.0,223.87,555910.6100000002,3.200000000000003,53.25,16.640624999999986,0,0.0,23.47,0.14,0.14,0.14,3600,1.0,26.7558,0,6,3600,51.07,0.0008888888888888897,0.0007531746031746032,67806.3224446786,1130.1053740779766,18.83508956796628,0,3.0041307117089096,0,16.640624999999986,0,0,0,0,0.006519444444444444,7833.489561141884,2.1759693225394123,0.06009389671361508,0.745398773006135,0,LOW,LOW
VEH_003,68b89b2d4f65cd554d7512ab,2025-11-04 10:00:00,ON,54.15,3785.32,47.82,40.4,47.7,83.0,0.2,28,23.75,0.0,227.12,555910.6100000002,3.25,54.15000000000009,16.66153846153849,0,0.0,23.75,0.2,0.28,0.22399999999999998,3600,1.0,29.07,0,6,7200,47.82,0.0009027777777777777,0.0007269841269841271,65778.60262008733,1096.3100436681223,18.27183406113537,0,3.054904751906812,0,16.66153846153849,0,0,0,0,0.006597222222222222,7248.505263157895,2.0134736842105263,0.060018467220683186,0.5904907975460123,0,LOW,LOW
VEH_003,68b89b2d4f65cd554d7512ab,2025-11-04 11:00:00,ON,56.55,3841.87,44.43,40.3,54.9,84.0,-0.22,31,24.47,0.0,230.51,555910.6100000002,3.3900000000000006,56.54999999999973,16.681415929203457,0,0.0,24.47,0.22,0.31,0.247,3600,1.0,30.514089999999996,0,6,10800,44.43,0.0009416666666666668,0.0007047619047619049,63042.56756756756,1050.7094594594594,17.511824324324323,0,3.1903021924345167,0,16.681415929203457,0,0,0,0,0.006797222222222222,6536.493665713118,1.8156926849203108,0.05994694960212232,0.39570552147239263,0,MEDIUM,LOW
VEH_003,68b89b2d4f65cd554d7512ab,2025-11-04 12:00:00,ON,64.38,3906.25,40.57,39.3,54.9,85.0,0.46,38,26.81,0.0,234.38,555910.6100000002,3.8599999999999994,64.38000000000011,16.67875647668397,0,0.0,26.81,0.46,0.38,0.436,3600,1.0,38.499159999999996,0,6,14400,40.57,0.001072222222222222,0.0006952380952380952,58354.109589041094,972.568493150685,16.20947488584475,0,3.6320363421562427,0,16.67875647668397,0,0,0,0,0.007447222222222222,5447.668780305856,1.5132413278627377,0.05995650823237019,0.4187116564417178,0,MEDIUM,LOW
VEH_003,68b89b2d4f65cd554d7512ab,2025-11-04 13:00:00,ON,65.31,3971.56,36.65,39.2,56.3,86.0,0.27,16,27.09,0.0,238.29,555910.6100000002,3.9200000000000017,65.30999999999995,16.660714285714263,0,0.0,27.09,0.27,0.16,0.237,3600,1.0,33.51033,0,6,18000,36.65,0.0010888888888888895,0.0006992063492063495,52416.572077184996,873.60953461975,14.560158910329166,0,3.6845028503607273,0,16.660714285714263,0,0,0,0,0.007525,4870.431893687708,1.3528977482465856,0.060021436227224084,0.6058282208588958,0,MEDIUM,MEDIUM
VEH_003,68b89b2d4f65cd554d7512ab,2025-11-04 14:00:00,ON,73.25,4044.81,32.25,39.5,57.3,87.0,-0.31,21,29.48,0.0,242.69,555910.6100000002,4.399999999999999,73.25,16.647727272727277,0,0.0,29.48,0.31,0.21,0.28,3600,2.0,37.7344,0,6,21600,32.25,0.0012222222222222218,0.000873809523809524,36907.35694822887,615.1226158038146,10.252043596730243,0,4.132442716106622,0,16.647727272727277,0,0,0,0,0.00818888888888889,3938.263229308005,1.0939620081411126,0.06006825938566551,0.696319018404908,0,MEDIUM,MEDIUM
VEH_003,68b89b2d4f65cd554d7512ab,2025-11-04 15:00:00,ON,69.8,4114.62,28.07,39.3,57.5,88.0,-0.4,48,28.44,0.0,246.88,555910.6100000002,4.18,69.80999999999995,16.70095693779903,0,0.0,28.44,0.4,0.48,0.42399999999999993,3600,1.0,40.49856,0,6,25200,28.07,0.001161111111111111,0.0010396825396825399,26998.62595419847,449.97709923664115,7.4996183206106855,0,3.9383730513502124,0,16.70095693779903,0,0,0,0,0.0079,3553.164556962025,0.9869901547116736,0.05987680848016048,0.25153374233128833,0,MEDIUM,MEDIUM
VEH_003,68b89b2d4f65cd554d7512ab,2025-11-04 16:00:00,ON,63.23,4177.85,24.27,39.1,54.7,89.0,-0.28,29,26.47,0.0,250.67,555910.6100000002,3.8000000000000007,63.23000000000047,16.639473684210646,0,0.0,26.47,0.28,0.29,0.28300000000000003,3600,1.0,33.961009999999995,0,6,28800,24.27,0.0010555555555555557,0.0010634920634920635,22821.044776119405,380.35074626865674,6.339179104477612,0,3.567158401903395,0,16.639473684210646,0,0,0,0,0.0073527777777777775,3300.793350963355,0.9168870419342653,0.06009805472085991,0.7576687116564417,0,HIGH,MEDIUM
VEH_003,68b89b2d4f65cd554d7512ab,2025-11-04 17:00:00,ON,63.21,4241.07,20.48,39.2,53.4,90.0,-0.08,14,26.46,0.0,254.46,555910.6100000002,3.789999999999999,63.219999999999345,16.680738786279516,0,0.0,26.46,0.08,0.14,0.098,3600,1.0,29.053080000000005,0,6,32400,20.48,0.0010527777777777775,0.0010849206349206348,18876.956839795173,314.61594732991955,5.2435991221653255,0,3.566594245901132,0,16.680738786279516,0,0,0,0,0.007350000000000001,2786.394557823129,0.7739984882842026,0.059949383106612436,0.401840490797546,0,HIGH,MEDIUM
VEH_003,68b89b2d4f65cd554d7512ab,2025-11-04 18:00:00,ON,69.5,4310.57,16.31,38.9,53.4,91.0,-0.38,29,28.35,0.0,258.63,555910.6100000002,4.170000000000002,69.5,16.66666666666666,0,0.0,28.35,0.38,0.29,0.353,3600,1.0,38.35755,0,6,36000,16.31,0.001158333333333334,0.0011158730158730159,14616.358463726883,243.60597439544804,4.060099573257467,0,3.920884215282051,0,16.66666666666666,0,0,0,0,0.007875,2071.111111111111,0.5753086419753086,0.060000000000000026,0.5475460122699386,0,HIGH,MEDIUM
VEH_003,68b89b2d4f65cd554d7512ab,2025-11-04 19:00:00,ON,65.23,4375.8,12.39,38.9,54.9,92.0,0.08,23,27.07,0.0,262.55,555910.6100000002,3.919999999999998,65.23000000000047,16.640306122449108,0,0.0,27.07,0.08,0.23,0.125,3600,1.0,30.45375,0,6,39600,12.39,0.0010888888888888884,0.0011182539682539681,11079.772888573458,184.6628814762243,3.0777146912704048,0,3.679989602343166,0,16.640306122449108,0,0,0,0,0.007519444444444445,1647.7281123014407,0.45770225341706683,0.06009504829066334,0.7469325153374233,0,HIGH,HIGH
VEH_003,68b89b2d4f65cd554d7512ab,2025-11-04 20:00:00,ON,60.84,4436.64,8.74,38.4,55.4,93.0,0.21,19,25.75,0.0,266.2,555910.6100000002,3.6500000000000004,60.840000000000146,16.66849315068497,0,0.0,25.75,0.21,0.19,0.204,3600,1.0,31.003,0,6,43200,8.74,0.001013888888888889,0.0011075396825396824,7891.365102113939,131.52275170189898,2.1920458616983165,0,3.4323251173778497,0,16.66849315068497,0,0,0,0,0.007152777777777778,1221.9029126213593,0.33941747572815534,0.05999342537804062,0.5245398773006135,0,HIGH,HIGH
VEH_003,68b89b2d4f65cd554d7512ab,2025-11-04 21:00:00,ON,60.6,4497.24,5.11,38.5,53.6,94.0,-0.09,12,25.68,0.0,269.83,555910.6100000002,3.63,60.599999999999454,16.69421487603291,0,0.0,25.68,0.09,0.12,0.099,3600,1.0,28.22232,0,6,46800,5.11,0.0010083333333333333,0.001076984126984127,4744.731024318349,79.07885040530581,1.3179808400884303,0,3.418785373325038,0,16.69421487603291,0,0,0,0,0.0071333333333333335,716.355140186916,0.19898753894080998,0.05990099009901044,0.29141104294478526,0,HIGH,HIGH
VEH_003,68b89b2d4f65cd554d7512ab,2025-11-04 22:00:00,ON,64.96,4562.2,1.21,38.4,54.2,95.0,0.22,19,26.99,0.0,273.73,555910.6100000002,3.9000000000000004,64.96000000000004,16.656410256410265,0,0.0,26.99,0.22,0.19,0.211,3600,1.0,32.68489,0,6,50400,1.21,0.0010833333333333335,0.001065873015873016,1135.2196574832462,18.92032762472077,0.3153387937453462,0,3.6647573902837722,0,16.656410256410265,0,0,0,0,0.007497222222222222,161.39310855872546,0.0448314190440904,0.06003694581280786,0.6395705521472392,0,HIGH,HIGH
VEH_003,68b89b2d4f65cd554d7512ab,2025-11-04 23:00:00,ON,72.43,4634.63,57.18,38.0,53.6,96.0,-0.23,21,29.23,0.0,278.08,555910.6100000002,0.0,72.43000000000029,0.0,0,0.0,29.23,0.23,0.21,0.224,3600,2.0,35.77752,1,7,0,57.18,0.0,0.0009150793650793651,62486.383347788375,1041.4397224631396,17.35732870771899,0,4.086181923926333,0,0.0,0,0,0,0,0.008119444444444445,7042.353746151214,1.9562093739308928,0.0,0.02223926380368098,0,LOW,LOW
VEH_003,68b89b2d4f65cd554d7512ab,2025-11-05 00:00:00,ON,65.59,4700.22,53.25,37.8,58.8,97.0,0.49,17,27.18,0.0,282.01,555910.6100000002,3.9299999999999997,65.59000000000015,16.689567430025484,0,0.0,27.18,0.49,0.17,0.39399999999999996,3600,1.0,37.88892,0,7,3600,53.25,0.0010916666666666666,0.0009206349206349208,57840.517241379304,964.0086206896551,16.066810344827584,0,3.7002992184223067,0,16.689567430025484,0,0,0,0,0.00755,7052.9801324503305,1.9591611479028697,0.05991767037658166,0.3174846625766871,0,LOW,LOW
VEH_003,68b89b2d4f65cd554d7512ab,2025-11-05 01:00:00,ON,63.47,4763.69,49.44,38.1,57.2,98.0,-0.35,15,26.54,0.0,285.82,555910.6100000002,3.8100000000000023,63.469999999999345,16.658792650918453,0,0.0,26.54,0.35,0.15,0.29,3600,1.0,34.2366,0,7,7200,49.44,0.0010583333333333339,0.0009063492063492064,54548.51138353765,909.1418563922941,15.152364273204903,0,3.5806981459561036,0,16.658792650918453,0,0,0,0,0.007372222222222222,6706.2547098718915,1.8628485305199698,0.060028359855050284,0.6257668711656442,0,LOW,LOW
VEH_003,68b89b2d4f65cd554d7512ab,2025-11-05 02:00:00,ON,70.22,4833.91,45.23,38.1,59.2,99.0,0.28,49,28.57,0.0,290.03,555910.6100000002,4.210000000000001,70.22000000000025,16.679334916864665,0,0.0,28.57,0.28,0.49,0.34299999999999997,3600,2.0,38.36951,0,7,10800,45.23,0.0011694444444444447,0.000917857142857143,49277.82101167314,821.297016861219,13.68828361435365,0,3.961503447440383,0,16.679334916864665,0,0,0,0,0.00793611111111111,5699.2649632481625,1.583129156457823,0.059954428937624406,0.4156441717791411,0,LOW,LOW
VEH_003,68b89b2d4f65cd554d7512ab,2025-11-05 03:00:00,ON,65.83,4899.74,41.28,38.6,57.5,100.0,0.5,31,27.25,0.0,293.98,555910.6100000002,3.9499999999999957,65.82999999999993,16.665822784810125,0,0.0,27.25,0.5,0.31,0.44299999999999995,3600,1.0,39.32175,0,7,14400,41.28,0.001097222222222221,0.0009297619047619047,44398.46350832267,739.9743918053778,12.33290653008963,0,3.7138389624750667,0,16.665822784810125,0,0,0,0,0.007569444444444445,5453.504587155963,1.514862385321101,0.06000303812851284,0.558282208588957,0,MEDIUM,LOW
VEH_003,68b89b2d4f65cd554d7512ab,2025-11-05 04:00:00,ON,71.14,4970.88,37.01,38.0,57.2,101.0,-0.36,45,28.84,0.0,298.25,555910.6100000002,4.270000000000003,71.14000000000033,16.66042154566751,0,0.0,28.84,0.36,0.45,0.387,3600,2.0,40.00108,0,7,18000,37.01,0.001186111111111112,0.0009551587301587302,38747.48649771499,645.7914416285832,10.76319069380972,0,4.013405799642682,0,16.66042154566751,0,0,0,0,0.008011111111111111,4619.833564493759,1.2832871012482663,0.06002249086308664,0.6073619631901841,0,MEDIUM,MEDIUM
VEH_003,68b89b2d4f65cd554d7512ab,2025-11-05 05:00:00,ON,69.08,5039.96,32.86,38.3,57.7,102.0,0.27,2,28.22,0.0,302.4,555910.6100000002,4.149999999999999,69.07999999999993,16.64578313253011,0,0.0,28.22,0.27,0.02,0.195,3600,1.0,33.7229,0,7,21600,32.86,0.0011527777777777773,0.000965079365079365,34049.01315789474,567.483552631579,9.458059210526317,0,3.897189663189695,0,16.64578313253011,0,0,0,0,0.007838888888888888,4191.920623671155,1.16442239546421,0.06007527504342795,0.7147239263803681,0,MEDIUM,MEDIUM
VEH_003,68b89b2d4f65cd554d7512ab,2025-11-05 06:00:00,ON,63.35,5103.31,29.06,38.7,53.4,103.0,-0.49,5,26.5,0.0,306.2,555910.6100000002,3.8000000000000007,63.350000000000364,16.67105263157904,0,0.0,26.5,0.49,0.05,0.358,3600,1.0,35.987,0,7,25200,29.06,0.0010555555555555557,0.0011158730158730159,26042.38975817923,434.0398293029872,7.233997155049786,0,3.573928273929775,0,16.67105263157904,0,0,0,0,0.007361111111111111,3947.7735849056603,1.0966037735849057,0.059984214680346946,0.49693251533742333,0,MEDIUM,MEDIUM
VEH_003,68b89b2d4f65cd554d7512ab,2025-11-05 07:00:00,ON,61.84,5165.14,25.35,38.8,51.5,104.0,-0.47,5,26.05,0.0,309.91,555910.6100000002,3.7099999999999973,61.82999999999993,16.665768194070072,0,0.0,26.05,0.47,0.05,0.344,3600,1.0,35.011199999999995,0,7,28800,25.35,0.0010305555555555547,0.001107142857142857,22896.77419354839,381.6129032258065,6.360215053763442,0,3.488176561595524,0,16.665768194070072,0,0,0,0,0.0072361111111111116,3503.2629558541266,0.9731285988483686,0.060003234675723785,0.5598159509202454,0,MEDIUM,MEDIUM
VEH_003,68b89b2d4f65cd554d7512ab,2025-11-05 08:00:00,ON,67.54,5232.68,21.3,38.8,58.6,105.0,0.11,30,27.76,0.0,313.96,555910.6100000002,4.050000000000001,67.53999999999996,16.67654320987653,0,0.0,27.76,0.11,0.3,0.16699999999999998,3600,1.0,32.395920000000004,0,7,32400,21.3,0.0011250000000000001,0.0011166666666666664,19074.626865671646,317.9104477611941,5.298507462686568,0,3.810309638851073,0,16.67654320987653,0,0,0,0,0.007711111111111111,2762.247838616715,0.7672910662824208,0.05996446550192483,0.4401840490797546,0,HIGH,MEDIUM
VEH_003,68b89b2d4f65cd554d7512ab,2025-11-05 09:00:00,ON,65.14,5297.82,17.39,38.3,55.1,106.0,0.07,30,27.04,0.0,317.87,555910.6100000002,3.91,65.13999999999942,16.65984654731443,0,0.0,27.04,0.07,0.3,0.139,3600,1.0,30.79856,0,7,36000,17.39,0.001086111111111111,0.0011047619047619046,15740.948275862072,262.34913793103453,4.372485632183909,0,3.674912198323317,0,16.65984654731443,0,0,0,0,0.007511111111111111,2315.2366863905327,0.6431213017751479,0.0600245624808111,0.6150306748466258,0,HIGH,MEDIUM
VEH_003,68b89b2d4f65cd554d7512ab,2025-11-05 10:00:00,ON,69.5,5367.33,13.22,38.4,58.1,107.0,-0.16,25,28.35,0.0,322.04,555910.6100000002,4.17,69.51000000000022,16.669064748201492,0,0.0,28.35,0.16,0.25,0.187,3600,1.0,33.651450000000004,0,7,39600,13.22,0.0011583333333333333,0.0011134920634920634,11872.558802565933,197.87598004276555,3.297933000712759,0,3.9214483712842623,0,16.669064748201492,0,0,0,0,0.007875,1678.7301587301588,0.46631393298059964,0.05999136814846766,0.5138036809815951,0,HIGH,HIGH
VEH_003,68b89b2d4f65cd554d7512ab,2025-11-05 11:00:00,ON,63.69,5431.02,9.4,38.7,56.5,108.0,0.41,42,26.61,0.0,325.86,555910.6100000002,3.8200000000000003,63.69000000000051,16.67277486911008,0,0.0,26.61,0.41,0.42,0.413,3600,1.0,37.59993,0,7,43200,9.4,0.0010611111111111112,0.0010956349206349206,8579.500181093807,142.99166968489678,2.3831944947482797,0,3.5931095780045443,0,16.67277486911008,0,0,0,0,0.007391666666666666,1271.7023675310036,0.35325065764750097,0.05997801852724085,0.48006134969325154,0,HIGH,HIGH
VEH_003,68b89b2d4f65cd554d7512ab,2025-11-05 12:00:00,ON,59.41,5490.42,5.84,38.5,56.1,109.0,-0.23,13,25.32,0.0,329.43,555910.6100000002,3.5600000000000005,59.399999999999636,16.685393258426863,0,0.0,25.32,0.23,0.13,0.2,3600,1.0,30.384,0,7,46800,5.84,0.000988888888888889,0.0010722222222222222,5446.632124352332,90.77720207253886,1.5129533678756477,0,3.3510866530611856,0,16.685393258426863,0,0,0,0,0.007033333333333333,830.3317535545024,0.23064770932069512,0.05993265993266031,0.35736196319018404,0,HIGH,HIGH
VEH_003,68b89b2d4f65cd554d7512ab,2025-11-05 13:00:00,ON,55.18,5545.6,29.02,38.7,53.2,110.0,0.34,25,24.05,0.0,332.74,555910.6100000002,0.0,55.18000000000029,0.0,0,0.0,24.05,0.34,0.25,0.313,3600,1.0,31.57765,1,8,0,29.02,0.0,0.0009214285714285713,31494.573643410855,524.9095607235142,8.748492678725237,0,3.113012820133305,0,0.0,0,0,0,0,0.006680555555555556,4343.950103950104,1.2066528066528066,0.0,0.02223926380368098,0,MEDIUM,MEDIUM
VEH_003,68b89b2d4f65cd554d7512ab,2025-11-05 14:00:00,ON,61.37,5606.97,25.34,38.9,51.7,111.0,-0.01,38,25.91,0.0,336.42,555910.6100000002,3.6799999999999997,61.36999999999989,16.67663043478258,0,0.0,25.91,0.01,0.38,0.121,3600,1.0,29.04511,0,8,3600,25.34,0.0010222222222222221,0.0009202380952380953,27536.351875808537,458.9391979301423,7.648986632169038,0,3.4622253854943748,0,16.67663043478258,0,0,0,0,0.007197222222222222,3520.802778849865,0.9780007719027403,0.05996415186573254,0.4371165644171779,0,MEDIUM,MEDIUM
VEH_003,68b89b2d4f65cd554d7512ab,2025-11-05 15:00:00,ON,67.45,5674.42,21.29,38.4,54.7,112.0,-0.49,8,27.74,0.0,340.47,555910.6100000002,4.050000000000001,67.44999999999982,16.654320987654273,0,0.0,27.74,0.49,0.08,0.367,3600,1.0,37.92058,0,8,7200,21.29,0.0011250000000000001,0.0009202380952380953,23135.316946959894,385.58861578266493,6.4264769297110815,0,3.8052322348312755,0,16.654320987654273,0,0,0,0,0.007705555555555555,2762.9416005767844,0.7674837779379956,0.06004447739065992,0.656441717791411,0,HIGH,MEDIUM
VEH_003,68b89b2d4f65cd554d7512ab,2025-11-05 16:00:00,ON,63.95,5738.37,17.45,38.2,51.8,113.0,-0.43,20,26.68,0.0,344.3,555910.6100000002,3.84,63.94999999999982,16.653645833333286,0,0.0,26.68,0.43,0.2,0.361,3600,1.0,36.311479999999996,0,8,10800,17.45,0.0010666666666666667,0.0009174603174603175,19019.896193771623,316.99826989619373,5.283304498269895,0,3.6077776340616756,0,16.653645833333286,0,0,0,0,0.007411111111111111,2354.5727136431783,0.6540479760119939,0.06004691164972652,0.661042944785276,0,HIGH,MEDIUM
VEH_003,68b89b2d4f65cd554d7512ab,2025-11-05 17:00:00,ON,62.75,5801.12,13.69,38.9,53.9,114.0,-0.47,5,26.33,0.0,348.07,555910.6100000002,3.76,62.75,16.688829787234045,0,0.0,26.33,0.47,0.05,0.344,3600,1.0,35.387519999999995,0,8,14400,13.69,0.0010444444444444444,0.0009011904761904763,15191.017173051516,253.1836195508586,4.21972699251431,0,3.540078913797823,0,16.688829787234045,0,0,0,0,0.007313888888888888,1871.7812381314093,0.5199392328142803,0.0599203187250996,0.3266871165644172,0,HIGH,MEDIUM
VEH_003,68b89b2d4f65cd554d7512ab,2025-11-05 18:00:00,ON,58.62,5859.74,10.17,38.8,52.1,115.0,0.37,11,25.08,0.0,351.58,555910.6100000002,3.5199999999999996,58.61999999999989,16.65340909090906,0,0.0,25.08,0.37,0.11,0.29200000000000004,3600,1.0,32.40336,0,8,18000,10.17,0.0009777777777777777,0.0008892857142857142,11436.144578313255,190.60240963855424,3.1767068273092374,0,3.307082484889689,0,16.65340909090906,0,0,0,0,0.006966666666666666,1459.8086124401914,0.4055023923444976,0.060047765267826785,0.6625766871165644,0,HIGH,HIGH
VEH_003,68b89b2d4f65cd554d7512ab,2025-11-05 19:00:00,ON,54.09,5913.83,6.93,38.9,53.2,116.0,-0.08,45,23.73,0.0,354.83,555910.6100000002,3.24,54.090000000000146,16.69444444444449,0,0.0,23.73,0.08,0.45,0.191,3600,1.0,28.262430000000002,0,8,21600,6.93,0.0009000000000000001,0.0008765873015873016,7905.658669081031,131.76097781801718,2.196016296966953,0,3.051519815893622,0,16.69444444444449,0,0,0,0,0.006591666666666667,1051.3274336283184,0.29203539823008845,0.059900166389350924,0.2898773006134969,0,HIGH,HIGH
VEH_003,68b89b2d4f65cd554d7512ab,2025-11-05 20:00:00,ON,49.73,5963.55,3.94,38.8,48.7,117.0,-0.46,19,22.42,0.0,357.81,555910.6100000002,2.9899999999999998,49.720000000000255,16.628762541806108,0,0.0,22.42,0.46,0.19,0.379,3600,1.0,30.917180000000002,0,8,25200,3.94,0.0008305555555555555,0.0009952380952380953,3958.8516746411483,65.98086124401914,1.0996810207336523,0,2.804983642932728,0,16.628762541806108,0,0,0,0,0.006227777777777778,632.6494201605709,0.17573595004460302,0.06013676588897796,0.8144171779141104,0,HIGH,HIGH
VEH_003,68b89b2d4f65cd554d7512ab,2025-11-05 21:00:00,ON,48.85,6012.41,1.01,38.5,52.9,118.0,0.19,12,22.16,0.0,360.74,555910.6100000002,2.9299999999999997,48.85999999999967,16.675767918088628,0,0.0,22.16,0.19,0.12,0.16899999999999998,3600,1.0,25.90504,0,8,28800,1.01,0.0008138888888888888,0.0009654761904761904,1046.1159062885326,17.435265104808877,0.2905877517468146,0,2.7564662267435933,0,16.675767918088628,0,0,0,0,0.006155555555555556,164.07942238267148,0.04557761732851986,0.05996725337699589,0.44785276073619634,0,HIGH,HIGH
VEH_003,68b89b2d4f65cd554d7512ab,2025-11-05 22:00:00,ON,42.34,6054.75,46.69,38.1,45.5,119.0,0.01,15,20.2,0.0,363.29,555910.6100000002,0.0,42.340000000000146,0.0,0,0.0,20.2,0.01,0.15,0.052,3600,1.0,21.2504,1,9,0,46.69,0.0,0.0008047619047619047,58017.15976331361,966.9526627218935,16.11587771203156,0,2.3886365133099656,0,0.0,0,0,0,0,0.005611111111111111,8320.990099009901,2.3113861386138614,0.0,0.02223926380368098,0,LOW,LOW
VEH_003,68b89b2d4f65cd554d7512ab,2025-11-05 23:00:00,ON,40.56,6095.31,44.25,38.3,50.2,120.0,-0.19,35,19.67,0.0,365.72,555910.6100000002,2.4399999999999977,40.5600000000004,16.62295081967231,0,0.0,19.67,0.19,0.35,0.238,3600,1.0,24.351460000000003,0,9,3600,44.25,0.0006777777777777771,0.0007492063492063491,59062.50000000001,984.3750000000001,16.406250000000004,0,2.2882167449185835,0,16.62295081967231,0,0,0,0,0.00546388888888889,8098.627351296389,2.249618708693441,0.060157790927021046,0.8374233128834356,0,MEDIUM,LOW
VEH_003,68b89b2d4f65cd554d7512ab,2025-11-06 00:00:00,ON,41.05,6136.36,41.79,38.3,49.1,121.0,-0.09,41,19.81,0.0,368.18,555910.6100000002,2.460000000000001,41.04999999999927,16.686991869918398,0,0.0,19.81,0.09,0.41,0.186,3600,1.0,23.494659999999996,0,9,7200,41.79,0.0006833333333333335,0.0006976190476190475,59903.75426621161,998.3959044368602,16.639931740614337,0,2.315860389026264,0,16.686991869918398,0,0,0,0,0.0055027777777777774,7594.346289752651,2.109540636042403,0.05992691839220571,0.34662576687116564,0,MEDIUM,LOW
VEH_003,68b89b2d4f65cd554d7512ab,2025-11-06 01:00:00,ON,40.12,6176.47,39.38,38.3,47.2,122.0,0.25,1,19.54,0.0,370.59,555910.6100000002,2.4099999999999966,40.11000000000058,16.64315352697122,0,0.0,19.54,0.25,0.01,0.178,3600,1.0,23.018119999999996,0,9,10800,39.38,0.0006694444444444435,0.0006535714285714285,60253.55191256832,1004.225865209472,16.7370977534912,0,2.262829724819645,0,16.64315352697122,0,0,0,0,0.005427777777777778,7255.271238485159,2.015353121801433,0.060084766891048656,0.7246932515337423,0,MEDIUM,LOW
VEH_003,68b89b2d4f65cd554d7512ab,2025-11-06 02:00:00,ON,33.4,6209.87,37.38,37.4,47.5,123.0,0.06,10,17.52,0.0,372.59,555910.6100000002,2.0,33.399999999999636,16.699999999999818,0,0.0,17.52,0.06,0.1,0.072,3600,1.0,18.78144,0,9,14400,37.38,0.0005555555555555556,0.0006043650793650792,61850.03282994092,1030.8338804990153,17.18056467498359,0,1.8842810473441594,0,16.699999999999818,0,0,0,0,0.004866666666666667,7680.82191780822,2.1335616438356166,0.059880239520958736,0.2607361963190184,0,MEDIUM,LOW
VEH_003,68b89b2d4f65cd554d7512ab,2025-11-06 03:00:00,ON,34.58,6244.45,35.3,37.3,46.3,124.0,-0.37,29,17.87,0.0,374.67,555910.6100000002,2.0800000000000054,34.57999999999993,16.624999999999922,0,0.0,17.87,0.37,0.29,0.346,3600,1.0,24.053020000000004,0,9,18000,35.3,0.0005777777777777793,0.0005682539682539683,62120.111731843564,1035.335195530726,17.25558659217877,0,1.950851455603641,0,16.624999999999922,0,0,0,0,0.004963888888888889,7111.35982092893,1.975377728035814,0.060150375939849905,0.8266871165644172,0,MEDIUM,LOW
VEH_003,68b89b2d4f65cd554d7512ab,2025-11-06 04:00:00,ON,38.86,6283.32,32.97,37.0,43.7,125.0,0.41,19,19.16,0.0,377.0,555910.6100000002,2.3299999999999983,38.86999999999989,16.68240343347636,0,0.0,19.16,0.41,0.19,0.344,3600,1.0,25.751039999999996,0,9,21600,32.97,0.0006472222222222218,0.0005444444444444444,60557.14285714286,1009.2857142857143,16.821428571428573,0,2.192874380546948,0,16.68240343347636,0,0,0,0,0.005322222222222222,6194.780793319415,1.7207724425887265,0.05994340108052495,0.3880368098159509,0,MEDIUM,LOW
VEH_003,68b89b2d4f65cd554d7512ab,2025-11-06 05:00:00,ON,37.5,6320.82,30.72,36.6,45.2,126.0,-0.39,34,18.75,0.0,379.25,555910.6100000002,2.25,37.5,16.666666666666668,0,0.0,18.75,0.39,0.34,0.375,3600,1.0,25.78125,0,9,25200,30.72,0.000625,0.0006337301587301588,48474.89041953663,807.9148403256105,13.465247338760173,0,2.115585008245711,0,16.666666666666668,0,0,0,0,0.005208333333333333,5898.24,1.6383999999999999,0.06,0.5444785276073619,0,MEDIUM,LOW
VEH_003,68b89b2d4f65cd554d7512ab,2025-11-06 06:00:00,ON,44.98,6365.79,28.02,36.3,47.9,127.0,0.45,0,20.99,0.0,381.95,555910.6100000002,2.6999999999999993,44.970000000000255,16.655555555555654,0,0.0,20.99,0.45,0.0,0.315,3600,1.0,27.601849999999995,0,9,28800,28.02,0.0007499999999999998,0.0006440476190476191,43506.09981515711,725.1016635859519,12.08502772643253,0,2.537009541888271,0,16.655555555555654,0,0,0,0,0.005830555555555555,4805.717008099095,1.3349213911386377,0.06004002668445595,0.6487730061349694,0,MEDIUM,MEDIUM
VEH_003,68b89b2d4f65cd554d7512ab,2025-11-06 07:00:00,ON,39.63,6405.43,25.65,36.2,48.9,128.0,0.23,41,19.39,0.0,384.33,555910.6100000002,2.370000000000001,39.64000000000033,16.725738396624603,0,0.0,19.39,0.23,0.41,0.284,3600,1.0,24.89676,0,9,32400,25.65,0.0006583333333333336,0.0006404761904761906,40048.32713754646,667.4721189591077,11.124535315985128,0,2.2363143927162845,0,16.725738396624603,0,0,0,0,0.0053861111111111115,4762.248581743166,1.3228468282619905,0.05978809283551921,0.18098159509202455,0,MEDIUM,MEDIUM
VEH_003,68b89b2d4f65cd554d7512ab,2025-11-06 08:00:00,ON,33.85,6439.28,23.61,36.5,46.9,129.0,-0.05,33,17.66,0.0,386.36,555910.6100000002,2.039999999999999,33.849999999999454,16.593137254901702,0,0.0,17.66,0.05,0.33,0.134,3600,1.0,20.026439999999997,0,9,36000,23.61,0.0005666666666666664,0.000625793650793651,37728.09131261888,628.8015218769814,10.480025364616356,0,1.9096680674430977,0,16.593137254901702,0,0,0,0,0.004905555555555555,4812.910532276331,1.3369195922989807,0.060265878877401244,0.8987730061349694,0,HIGH,MEDIUM
VEH_003,68b89b2d4f65cd554d7512ab,2025-11-06 09:00:00,ON,36.62,6475.89,21.42,35.9,44.8,130.0,0.44,20,18.48,0.0,388.55,555910.6100000002,2.1899999999999977,36.61000000000058,16.716894977169233,0,0.0,18.48,0.44,0.2,0.368,3600,1.0,25.28064,0,9,39600,21.42,0.0006083333333333327,0.0006333333333333333,33821.052631578954,563.684210526316,9.394736842105265,0,2.0653751240500458,0,16.716894977169233,0,0,0,0,0.0051333333333333335,4172.727272727273,1.1590909090909092,0.059819721387598,0.19785276073619631,0,HIGH,MEDIUM
VEH_003,68b89b2d4f65cd554d7512ab,2025-11-06 10:00:00,ON,41.49,6517.39,18.93,35.9,50.2,131.0,-0.49,34,19.95,0.0,391.04,555910.6100000002,2.490000000000002,41.5,16.666666666666654,0,0.0,19.95,0.49,0.34,0.44499999999999995,3600,1.0,28.827749999999995,0,9,43200,18.93,0.0006916666666666673,0.0006496031746031745,29140.867440439833,485.68112400733054,8.094685400122176,0,2.3412474091252533,0,16.666666666666654,0,0,0,0,0.005541666666666666,3415.9398496240606,0.948872180451128,0.060000000000000046,0.5521472392638037,0,HIGH,MEDIUM
VEH_003,68b89b2d4f65cd554d7512ab,2025-11-06 11:00:00,ON,37.46,6554.85,16.68,35.7,45.3,132.0,0.19,34,18.74,0.0,393.29,555910.6100000002,2.25,37.460000000000036,16.648888888888905,0,0.0,18.74,0.19,0.34,0.235,3600,1.0,23.143899999999995,0,9,46800,16.68,0.000625,0.0006464285714285713,25803.314917127074,430.05524861878456,7.167587476979743,0,2.1133283842369175,0,16.648888888888905,0,0,0,0,0.005205555555555555,3204.2689434364997,0.8900747065101389,0.06006406833956214,0.6901840490797546,0,HIGH,MEDIUM
VEH_003,68b89b2d4f65cd554d7512ab,2025-11-06 12:00:00,ON,39.6,6594.45,58.11,36.0,45.2,133.0,-0.07,41,19.38,0.0,395.67,555910.6100000002,0.0,39.599999999999454,0.0,0,0.0,19.38,0.07,0.41,0.172,3600,1.0,22.713359999999998,1,10,0,58.11,0.0,0.0005571428571428571,104300.00000000001,1738.3333333333335,28.972222222222225,0,2.23405776870744,0,0.0,0,0,0,0,0.005383333333333333,10794.427244582044,2.9984520123839014,0.0,0.02223926380368098,0,LOW,LOW
VEH_003,68b89b2d4f65cd554d7512ab,2025-11-06 13:00:00,ON,38.24,6632.69,55.82,36.4,47.7,134.0,-0.11,6,18.97,0.0,397.96,555910.6100000002,2.289999999999999,38.23999999999978,16.698689956331787,0,0.0,18.97,0.11,0.06,0.095,3600,1.0,20.77215,0,10,3600,55.82,0.0006361111111111108,0.0005408730158730158,103203.52164343362,1720.058694057227,28.667644900953782,0,2.157332552408414,0,16.698689956331787,0,0,0,0,0.005269444444444444,10593.147074327888,2.9425408539799687,0.05988493723849404,0.26533742331288346,0,LOW,LOW
VEH_003,68b89b2d4f65cd554d7512ab,2025-11-06 14:00:00,ON,41.08,6673.77,53.35,37.0,46.5,135.0,-0.43,30,19.82,0.0,400.43,555910.6100000002,2.469999999999999,41.08000000000084,16.631578947368766,0,0.0,19.82,0.43,0.3,0.391,3600,1.0,27.56962,0,10,7200,53.35,0.0006861111111111108,0.0005448412698412697,97918.42680262202,1631.9737800437003,27.19956300072834,0,2.3175528570329487,0,16.631578947368766,0,0,0,0,0.005505555555555555,9690.211907164481,2.6917255297679112,0.06012658227847976,0.7960122699386503,0,LOW,LOW
VEH_003,68b89b2d4f65cd554d7512ab,2025-11-06 15:00:00,ON,38.5,6712.27,51.04,36.9,46.5,136.0,-0.01,48,19.05,0.0,402.74,555910.6100000002,2.3100000000000023,38.5,16.66666666666665,0,0.0,19.05,0.01,0.48,0.151,3600,1.0,21.926550000000002,0,10,10800,51.04,0.0006416666666666673,0.0005555555555555556,91872.0,1531.2,25.52,0,2.1720006084655967,0,16.66666666666665,0,0,0,0,0.005291666666666667,9645.354330708662,2.6792650918635172,0.06000000000000006,0.5544478527607362,0,LOW,LOW
VEH_003,68b89b2d4f65cd554d7512ab,2025-11-06 16:00:00,ON,31.18,6743.45,49.17,37.2,45.8,137.0,0.34,4,16.85,0.0,404.61,555910.6100000002,1.8699999999999974,31.17999999999938,16.673796791443543,0,0.0,16.85,0.34,0.04,0.25,3600,1.0,21.0625,0,10,14400,49.17,0.0005194444444444437,0.0005428571428571429,90576.31578947368,1509.6052631578946,25.160087719298243,0,1.759038414855999,0,16.673796791443543,0,0,0,0,0.004680555555555556,10505.163204747774,2.918100890207715,0.05997434252726217,0.4677914110429448,0,LOW,LOW
VEH_003,68b89b2d4f65cd554d7512ab,2025-11-06 17:00:00,ON,33.01,6776.46,47.19,38.0,44.9,138.0,-0.19,33,17.4,0.0,406.59,555910.6100000002,1.980000000000004,33.01000000000022,16.671717171717248,0,0.0,17.4,0.19,0.33,0.23199999999999998,3600,1.0,21.436799999999998,0,10,18000,47.19,0.0005500000000000011,0.0005226190476190477,90295.21640091114,1504.920273348519,25.082004555808652,0,1.862278963258437,0,16.671717171717248,0,0,0,0,0.004833333333333333,9763.44827586207,2.7120689655172416,0.05998182368979069,0.4938650306748466,0,LOW,LOW
VEH_003,68b89b2d4f65cd554d7512ab,2025-11-06 18:00:00,ON,35.67,6812.13,45.05,37.8,42.6,139.0,-0.39,46,18.2,0.0,408.73,555910.6100000002,2.1400000000000006,35.67000000000007,16.66822429906545,0,0.0,18.2,0.39,0.46,0.411,3600,1.0,25.6802,0,10,21600,45.05,0.0005944444444444446,0.0005182539682539683,86926.49310872893,1448.7748851454821,24.146248085758035,0,2.0123444598433244,0,16.66822429906545,0,0,0,0,0.005055555555555555,8910.989010989011,2.4752747252747254,0.05999439304737864,0.5276073619631901,0,LOW,LOW
VEH_003,68b89b2d4f65cd554d7512ab,2025-11-06 19:00:00,ON,32.78,6844.9,43.08,38.2,44.7,140.0,0.42,2,17.33,0.0,410.69,555910.6100000002,1.9699999999999989,32.76999999999953,16.634517766497233,0,0.0,17.33,0.42,0.02,0.3,3600,1.0,22.529,0,10,25200,43.08,0.000547222222222222,0.0005964285714285714,72229.94011976047,1203.8323353293413,20.06387225548902,0,1.8487392192056253,0,16.634517766497233,0,0,0,0,0.004813888888888888,8949.105597230237,2.485862665897288,0.06011595971925625,0.7776073619631901,0,MEDIUM,LOW
VEH_003,68b89b2d4f65cd554d7512ab,2025-11-06 20:00:00,ON,39.39,6884.3,40.72,38.6,49.0,141.0,-0.19,28,19.32,0.0,413.06,555910.6100000002,2.3599999999999994,39.400000000000546,16.69491525423752,0,0.0,19.32,0.19,0.28,0.21699999999999997,3600,1.0,23.51244,0,10,28800,40.72,0.0006555555555555554,0.0005992063492063493,67956.55629139072,1132.6092715231787,18.87682119205298,0,2.2227746486635245,0,16.69491525423752,0,0,0,0,0.005366666666666667,7587.577639751552,2.1076604554865424,0.05989847715735956,0.28680981595092025,0,MEDIUM,LOW
VEH_003,68b89b2d4f65cd554d7512ab,2025-11-06 21:00:00,ON,36.29,6920.59,38.54,39.1,45.8,142.0,0.27,7,18.39,0.0,415.24,555910.6100000002,2.1799999999999997,36.289999999999964,16.646788990825673,0,0.0,18.39,0.27,0.07,0.21,3600,1.0,22.2519,0,10,32400,38.54,0.0006055555555555555,0.0005876984126984128,65577.85280216069,1092.9642133693449,18.216070222822413,0,2.0473221319796475,0,16.646788990825673,0,0,0,0,0.005108333333333334,7544.535073409461,2.0957041870581836,0.06007164508128966,0.7055214723926381,0,MEDIUM,LOW
VEH_003,68b89b2d4f65cd554d7512ab,2025-11-06 22:00:00,ON,40.44,6961.03,36.12,38.3,48.2,143.0,0.34,24,19.63,0.0,417.66,555910.6100000002,2.4200000000000017,40.4399999999996,16.710743801652715,0,0.0,19.63,0.34,0.24,0.31,3600,1.0,25.7153,0,10,36000,36.12,0.0006722222222222227,0.0005920634920634922,61006.97050938336,1016.7828418230561,16.946380697050934,0,2.281446872892152,0,16.710743801652715,0,0,0,0,0.005452777777777778,6624.146714212939,1.8400407539480386,0.05984174085064356,0.21319018404907975,0,MEDIUM,LOW
VEH_003,68b89b2d4f65cd554d7512ab,2025-11-06 23:00:00,ON,35.73,6996.77,33.97,38.2,47.3,144.0,0.33,41,18.22,0.0,419.81,555910.6100000002,2.1499999999999986,35.74000000000069,16.623255813953822,0,0.0,18.22,0.33,0.41,0.354,3600,1.0,24.66988,0,10,39600,33.97,0.0005972222222222219,0.0006031746031746032,56318.68421052631,938.6447368421052,15.64407894736842,0,2.0162935518587513,0,16.623255813953822,0,0,0,0,0.005061111111111111,6711.964873765093,1.8644346871569704,0.06015668718522543,0.8358895705521472,0,MEDIUM,LOW
VEH_003,68b89b2d4f65cd554d7512ab,2025-11-07 00:00:00,ON,31.73,7028.5,32.07,38.1,40.4,145.0,0.0,10,17.02,0.0,421.71,555910.6100000002,1.8999999999999986,31.729999999999563,16.699999999999783,0,0.0,17.02,0.0,0.1,0.03,3600,1.0,17.5306,0,10,43200,32.07,0.0005277777777777774,0.0006,53450.00000000001,890.8333333333335,14.847222222222225,0,1.7900669949769463,0,16.699999999999783,0,0,0,0,0.004727777777777778,6783.31374853114,1.8842538190364277,0.05988023952095886,0.26226993865030673,0,MEDIUM,LOW
VEH_003,68b89b2d4f65cd554d7512ab,2025-11-07 01:00:00,ON,28.88,7057.37,30.34,38.0,42.7,146.0,0.21,8,16.16,0.0,423.44,555910.6100000002,1.7300000000000004,28.86999999999989,16.687861271676233,0,0.0,16.16,0.21,0.08,0.17099999999999999,3600,0.0,18.923360000000002,0,10,46800,30.34,0.0004805555555555557,0.0005837301587301587,51976.07070020395,866.2678450033992,14.437797416723319,0,1.6287183783480919,0,16.687861271676233,0,0,0,0,0.004488888888888889,6758.910891089109,1.8774752475247525,0.05992379632836879,0.34049079754601225,0,MEDIUM,LOW
VEH_003,68b89b2d4f65cd554d7512ab,2025-11-07 02:00:00,ON,36.79,7094.16,28.13,38.2,47.5,147.0,0.04,49,18.54,0.0,425.65,555910.6100000002,2.210000000000001,36.789999999999964,16.647058823529388,0,0.0,18.54,0.04,0.49,0.175,3600,1.0,21.7845,0,10,50400,28.13,0.0006138888888888891,0.0005932539682539683,47416.454849498325,790.2742474916388,13.171237458193978,0,2.0755299320895904,0,16.647058823529388,0,0,0,0,0.00515,5462.135922330097,1.517259978425027,0.06007067137809195,0.7024539877300614,0,MEDIUM,LOW
VEH_003,68b89b2d4f65cd554d7512ab,2025-11-07 03:00:00,ON,29.07,7123.23,26.38,38.8,46.8,148.0,-0.17,37,16.22,0.0,427.39,555910.6100000002,1.75,29.06999999999971,16.611428571428405,0,0.0,16.22,0.17,0.37,0.22999999999999998,3600,0.0,19.950599999999998,0,10,54000,26.38,0.0004861111111111111,0.0005690476190476191,46358.158995815895,772.6359832635983,12.877266387726637,0,1.6400014983920588,0,16.611428571428405,0,0,0,0,0.004505555555555555,5854.993834771887,1.6263871763255242,0.060199518403853375,0.8634969325153374,0,MEDIUM,LOW
VEH_003,68b89b2d4f65cd554d7512ab,2025-11-07 04:00:00,ON,34.31,7157.54,24.32,38.8,48.2,149.0,-0.33,49,17.79,0.0,429.45,555910.6100000002,2.0599999999999987,34.3100000000004,16.65533980582545,0,0.0,17.79,0.33,0.49,0.378,3600,1.0,24.51462,0,10,57600,24.32,0.0005722222222222219,0.0005642857142857142,43098.73417721519,718.3122362869199,11.971870604781998,0,1.9356192435442985,0,16.65533980582545,0,0,0,0,0.004941666666666666,4921.4165261382805,1.3670601461495224,0.06004080443019454,0.6503067484662577,0,HIGH,MEDIUM
VEH_003,68b89b2d4f65cd554d7512ab,2025-11-07 05:00:00,ON,30.15,7187.69,22.52,37.9,46.5,150.0,-0.12,34,16.54,0.0,431.26,555910.6100000002,1.8000000000000007,30.149999999999636,16.74999999999979,0,0.0,16.54,0.12,0.34,0.186,3600,1.0,19.616439999999997,0,10,61200,22.52,0.0005000000000000002,0.0005396825396825396,41728.23529411765,695.4705882352941,11.591176470588236,0,1.7009303466295311,0,16.74999999999979,0,0,0,0,0.004594444444444444,4901.571946795647,1.3615477629987909,0.059701492537314174,0.14570552147239263,0,HIGH,MEDIUM
VEH_003,68b89b2d4f65cd554d7512ab,2025-11-07 06:00:00,ON,23.32,7211.01,21.12,37.8,42.7,151.0,0.16,36,14.5,0.0,432.66,555910.6100000002,1.3999999999999986,23.32000000000062,16.657142857143317,0,0.0,14.5,0.16,0.36,0.21999999999999997,3600,0.0,17.69,0,10,64800,21.12,0.0003888888888888885,0.0005099206349206348,41418.21011673153,690.3035019455255,11.505058365758757,0,1.3156117971277677,0,16.657142857143317,0,0,0,0,0.004027777777777778,5243.586206896552,1.456551724137931,0.06003430531732253,0.6365030674846626,0,HIGH,MEDIUM
VEH_003,68b89b2d4f65cd554d7512ab,2025-11-07 07:00:00,ON,23.01,7234.02,19.74,37.2,42.4,152.0,-0.26,39,14.4,0.0,434.04,555910.6100000002,1.3800000000000026,23.01000000000022,16.67391304347839,0,0.0,14.4,0.26,0.39,0.299,3600,0.0,18.7056,0,10,68400,19.74,0.00038333333333333405,0.0004892857142857145,40344.525547445235,672.4087591240873,11.206812652068121,0,1.2981229610595806,0,16.67391304347839,0,0,0,0,0.004,4934.999999999999,1.3708333333333331,0.059973924380703585,0.4647239263803681,0,HIGH,MEDIUM
VEH_003,68b89b2d4f65cd554d7512ab,2025-11-07 08:00:00,ON,26.12,7260.14,18.17,36.9,42.8,153.0,-0.25,22,15.34,0.0,435.61,555910.6100000002,1.5699999999999967,26.11999999999989,16.6369426751592,0,0.0,15.34,0.25,0.22,0.241,3600,0.0,19.03694,0,10,72000,18.17,0.0004361111111111102,0.00048293650793650785,37623.99342645852,627.066557107642,10.451109285127366,0,1.4735754777434065,0,16.6369426751592,0,0,0,0,0.004261111111111111,4264.146023468057,1.1844850065189048,0.06010719754977042,0.7668711656441718,0,HIGH,MEDIUM
VEH_003,68b89b2d4f65cd554d7512ab,2025-11-07 09:00:00,ON,32.56,7292.69,16.22,36.1,44.7,154.0,-0.13,13,17.27,0.0,437.56,555910.6100000002,1.9500000000000028,32.54999999999927,16.692307692307295,0,0.0,17.27,0.13,0.13,0.13,3600,1.0,19.515099999999997,0,10,75600,16.22,0.0005416666666666675,0.00047261904761904767,34319.39546599496,571.9899244332494,9.533165407220823,0,1.836327787157236,0,16.692307692307295,0,0,0,0,0.004797222222222222,3381.1233352634626,0.939200926462073,0.059907834101383915,0.3052147239263804,0,HIGH,MEDIUM
VEH_003,68b89b2d4f65cd554d7512ab,2025-11-07 10:00:00,ON,32.97,7325.66,14.24,36.2,44.9,155.0,-0.46,38,17.39,0.0,439.54,555910.6100000002,1.9799999999999986,32.970000000000255,16.65151515151529,0,0.0,17.39,0.46,0.38,0.436,3600,1.0,24.97204,0,10,79200,14.24,0.0005499999999999996,0.00048174603174603177,29559.143327841844,492.6523887973641,8.210873146622735,0,1.8600223392496436,0,16.65151515151529,0,0,0,0,0.004830555555555556,2947.9010925819434,0.8188614146060954,0.06005459508644172,0.6779141104294478,0,HIGH,MEDIUM
VEH_003,68b89b2d4f65cd554d7512ab,2025-11-07 11:00:00,ON,28.35,7354.01,12.54,35.9,41.4,156.0,-0.11,26,16.01,0.0,441.24,555910.6100000002,1.700000000000001,28.350000000000364,16.676470588235496,0,0.0,16.01,0.11,0.26,0.155,3600,0.0,18.491550000000004,0,10,82800,12.54,0.0004722222222222225,0.00046746031746031753,26825.806451612898,447.0967741935483,7.451612903225805,0,1.599382266233778,0,16.676470588235496,0,0,0,0,0.004447222222222223,2819.7376639600243,0.7832604622111179,0.059964726631392566,0.44171779141104295,0,HIGH,MEDIUM
VEH_003,68b89b2d4f65cd554d7512ab,2025-11-07 12:00:00,ON,20.49,7374.51,11.31,36.2,37.1,157.0,-0.22,37,13.65,0.0,442.47,555910.6100000002,1.2299999999999986,20.5,16.666666666666686,0,0.0,13.65,0.22,0.37,0.265,3600,0.0,17.26725,0,10,86400,11.31,0.0003416666666666663,0.0004448412698412698,25424.799286351477,423.7466547725246,7.062444246208743,0,1.1565198045076555,0,16.666666666666686,0,0,0,0,0.0037916666666666667,2982.857142857143,0.8285714285714286,0.059999999999999935,0.5398773006134969,0,HIGH,MEDIUM
VEH_003,68b89b2d4f65cd554d7512ab,2025-11-07 13:00:00,ON,16.06,7390.56,10.34,35.8,42.7,158.0,-0.39,2,12.32,0.0,443.43,555910.6100000002,0.9700000000000006,16.050000000000182,16.546391752577495,0,0.0,12.32,0.39,0.02,0.27899999999999997,3600,0.0,15.75728,0,10,90000,10.34,0.0002694444444444446,0.0004277777777777778,24171.42857142857,402.85714285714283,6.7142857142857135,0,0.9054703835291745,0,16.546391752577495,0,0,0,0,0.0034222222222222223,3021.428571428571,0.8392857142857142,0.06043613707165044,0.9493865030674846,0,HIGH,MEDIUM
VEH_003,68b89b2d4f65cd554d7512ab,2025-11-07 14:00:00,ON,23.51,7414.08,8.93,36.1,44.6,159.0,0.11,29,14.55,0.0,444.84,555910.6100000002,1.4100000000000001,23.519999999999527,16.68085106382945,0,0.0,14.55,0.11,0.29,0.16399999999999998,3600,0.0,16.9362,0,10,93600,8.93,0.0003916666666666667,0.000428968253968254,20817.391304347824,346.9565217391304,5.782608695652173,0,1.3268949171716833,0,16.68085106382945,0,0,0,0,0.0040416666666666665,2209.4845360824743,0.613745704467354,0.059948979591837946,0.4003067484662577,0,HIGH,MEDIUM
VEH_003,68b89b2d4f65cd554d7512ab,2025-11-07 15:00:00,ON,25.07,7439.15,7.43,36.2,41.6,160.0,0.07,16,15.02,0.0,446.35,555910.6100000002,1.5,25.06999999999971,16.71333333333314,0,0.0,15.02,0.07,0.16,0.097,3600,0.0,16.47694,0,10,97200,7.43,0.0004166666666666667,0.0004261904761904763,17433.519553072623,290.55865921787705,4.842644320297951,0,1.4143390975125163,0,16.71333333333314,0,0,0,0,0.004172222222222222,1780.825565912117,0.4946737683089214,0.059832469086558336,0.21012269938650308,0,HIGH,HIGH
VEH_003,68b89b2d4f65cd554d7512ab,2025-11-07 16:00:00,ON,23.39,7462.54,6.02,36.3,42.0,161.0,-0.04,3,14.52,0.0,447.75,555910.6100000002,1.4100000000000001,23.390000000000327,16.588652482269733,0,0.0,14.52,0.04,0.03,0.037,3600,0.0,15.057239999999998,0,10,100800,6.02,0.0003916666666666667,0.00040476190476190473,14872.94117647059,247.8823529411765,4.131372549019608,0,1.3195608891431432,0,16.588652482269733,0,0,0,0,0.004033333333333333,1492.5619834710744,0.41460055096418735,0.060282171868318954,0.9049079754601227,0,HIGH,HIGH
VEH_003,68b89b2d4f65cd554d7512ab,2025-11-07 17:00:00,ON,26.35,7488.89,4.44,37.0,42.2,162.0,-0.25,24,15.4,0.0,449.33,555910.6100000002,1.5799999999999992,26.350000000000364,16.677215189873657,0,0.0,15.4,0.25,0.24,0.247,3600,0.0,19.203799999999998,0,10,104400,4.44,0.00043888888888888867,0.00038888888888888887,11417.142857142859,190.2857142857143,3.1714285714285717,0,1.4865510657940069,0,16.677215189873657,0,0,0,0,0.004277777777777778,1037.922077922078,0.2883116883116883,0.05996204933586252,0.43098159509202455,0,HIGH,HIGH
VEH_003,68b89b2d4f65cd554d7512ab,2025-11-07 18:00:00,ON,32.06,7520.95,2.52,36.8,42.1,163.0,0.09,35,17.12,0.0,451.26,555910.6100000002,1.9200000000000004,32.05999999999949,16.697916666666398,0,0.0,17.12,0.09,0.35,0.16799999999999998,3600,1.0,19.99616,0,10,108000,2.52,0.0005333333333333335,0.0003976190476190476,6337.724550898204,105.62874251497007,1.7604790419161678,0,1.8086841430495044,0,16.697916666666398,0,0,0,0,0.004755555555555555,529.9065420560748,0.147196261682243,0.05988771054273334,0.27300613496932513,0,HIGH,HIGH
VEH_003,68b89b2d4f65cd554d7512ab,2025-11-07 19:00:00,ON,36.35,7557.3,0.34,35.8,45.9,164.0,-0.21,49,18.41,0.0,453.44,555910.6100000002,2.18,36.350000000000364,16.67431192660567,0,0.0,18.41,0.21,0.49,0.294,3600,1.0,23.82254,0,10,111600,0.34,0.0006055555555555556,0.00043531746031746037,781.0391978122151,13.017319963536918,0.2169553327256153,0,2.050707067992863,0,16.67431192660567,0,0,0,0,0.005113888888888889,66.48560564910375,0.018468223791417708,0.05997248968363077,0.4601226993865031,0,HIGH,HIGH
VEH_003,68b89b2d4f65cd554d7512ab,2025-11-07 20:00:00,ON,34.29,7591.59,0.0,35.5,47.6,165.0,0.04,2,17.79,0.0,455.5,555910.6100000002,0.34,34.289999999999964,100.85294117647048,0,0.0,17.79,0.04,0.02,0.033999999999999996,3600,1.0,18.39486,0,10,115200,0.0,9.444444444444446e-05,0.0004103174603174603,0.0,0.0,0.0,0,1.9344909315398762,0,100.85294117647048,0,0,0,0,0.004941666666666666,0.0,0.0,0.009915427238261896,0.04447852760736196,0,HIGH,HIGH
VEH_003,68b89b2d4f65cd554d7512ab,2025-11-07 21:00:00,OFF,0.0,7591.59,0.0,35.6,3.3,165.0,-0.31,22,0.0,0.0,455.5,555910.6100000002,-0.0,0.0,0.0,0,0.0,0.0,0.31,0.22,0.28300000000000003,0,0.0,0.0,0,10,118800,0.0,-0.0,0.00035436507936507933,0.0,0.0,0.0,0,0.0,0,0.0,0,0,0,0,0.0,0.0,0.0,0.0,0.0,0,HIGH,
VEH_003,68b89b2d4f65cd554d7512ab,2025-11-07 22:00:00,OFF,0.0,7591.59,0.0,35.1,3.5,165.0,-0.09,42,0.0,0.0,455.5,555910.6100000002,-0.0,0.0,0.0,0,0.0,0.0,0.09,0.42,0.189,0,0.0,0.0,0,10,122400,0.0,-0.0,0.00029484126984126983,0.0,0.0,0.0,0,0.0,0,0.0,0,0,0,0,0.0,0.0,0.0,0.0,0.0,0,HIGH,
VEH_003,68b89b2d4f65cd554d7512ab,2025-11-07 23:00:00,ON,0.0,7591.59,30.65,35.7,28.2,165.0,-0.06,31,0.0,0.03,455.5,555910.6100000002,0.0,0.0,0.0,1,0.03,0.0,0.06,0.31,0.135,3600,0.0,0.0,1,11,0,30.65,0.0,0.00023888888888888888,128302.32558139534,2138.3720930232557,35.63953488372093,0,0.0,0,0.0,0,0,0,0,8.333333333333334e-06,3677999.9999999995,1021.6666666666665,0.0,0.0,0,MEDIUM,LOW
VEH_003,68b89b2d4f65cd554d7512ab,2025-11-08 00:00:00,ON,5.33,7596.92,30.33,36.1,35.6,166.0,-0.07,0,9.1,0.0,455.82,555910.6100000002,0.3200000000000003,5.329999999999927,16.65624999999976,0,0.0,9.1,0.07,0.0,0.049,3600,0.0,9.5459,0,11,3600,30.33,8.888888888888897e-05,0.0001888888888888889,160570.5882352941,2676.176470588235,44.60294117647058,0,0.3006951491719863,0,16.65624999999976,0,0,0,0,0.0025277777777777777,11998.681318681318,3.3329670329670327,0.06003752345215847,0.6441717791411042,0,MEDIUM,LOW
VEH_003,68b89b2d4f65cd554d7512ab,2025-11-08 01:00:00,ON,11.28,7608.2,29.66,36.7,40.7,167.0,-0.46,44,10.88,0.0,456.49,555910.6100000002,0.6699999999999982,11.279999999999745,16.835820895522055,0,0.0,10.88,0.46,0.44,0.454,3600,0.0,15.81952,0,11,7200,29.66,0.0001861111111111106,0.00013928571428571424,212943.5897435898,3549.05982905983,59.15099715099717,0,0.6363679704802955,0,16.835820895522055,0,0,0,0,0.0030222222222222226,9813.970588235294,2.7261029411764706,0.05939716312056855,0.09355828220858896,0,MEDIUM,LOW
VEH_003,68b89b2d4f65cd554d7512ab,2025-11-08 02:00:00,ON,13.94,7622.14,28.82,36.1,39.3,168.0,-0.33,22,11.68,0.0,457.33,555910.6100000002,0.8399999999999999,13.94000000000051,16.595238095238706,0,0.0,11.68,0.33,0.22,0.297,3600,0.0,15.148959999999999,0,11,10800,28.82,0.0002333333333333333,8.611111111111105e-05,334683.8709677422,5578.064516129036,92.96774193548394,0,0.7864334670652344,0,16.595238095238706,0,0,0,0,0.0032444444444444443,8882.876712328767,2.4674657534246576,0.06025824964131773,0.8926380368098159,0,MEDIUM,LOW
VEH_003,68b89b2d4f65cd554d7512ab,2025-11-08 03:00:00,ON,12.09,7634.23,28.09,36.4,39.3,169.0,0.12,37,11.13,0.0,458.05,555910.6100000002,0.7300000000000004,12.089999999999236,16.56164383561538,0,0.0,11.13,0.12,0.37,0.195,3600,0.0,13.300350000000002,0,11,14400,28.09,0.0002027777777777779,0.00010158730158730155,276510.9375000001,4608.515625000002,76.80859375000003,0,0.6820646066583741,0,16.56164383561538,0,0,0,0,0.003091666666666667,9085.714285714284,2.5238095238095233,0.0603804797353223,0.9340490797546013,0,MEDIUM,LOW
VEH_003,68b89b2d4f65cd554d7512ab,2025-11-08 04:00:00,ON,17.12,7651.35,27.07,36.0,39.0,170.0,0.23,3,12.64,0.0,459.08,555910.6100000002,1.0199999999999996,17.1200000000008,16.78431372549099,0,0.0,12.64,0.23,0.03,0.17,3600,0.0,14.7888,0,11,18000,27.07,0.0002833333333333332,0.000142063492063492,190548.6033519554,3175.810055865923,52.93016759776538,0,0.9658350757644871,0,16.78431372549099,0,0,0,0,0.003511111111111111,7709.810126582279,2.141613924050633,0.05957943925233364,0.1196319018404908,0,MEDIUM,LOW
VEH_003,68b89b2d4f65cd554d7512ab,2025-11-08 05:00:00,ON,14.43,7665.78,26.2,36.7,43.6,171.0,-0.39,36,11.83,0.0,459.95,555910.6100000002,0.870000000000001,14.429999999999382,16.586206896550994,0,0.0,11.83,0.39,0.36,0.38099999999999995,3600,0.0,16.33723,0,11,21600,26.2,0.00024166666666666694,0.00017658730158730157,148368.53932584272,2472.8089887640454,41.213483146067425,0,0.8140771111729147,0,16.586206896550994,0,0,0,0,0.003286111111111111,7972.9501267962805,2.2147083685545224,0.060291060291062945,0.9095092024539877,0,MEDIUM,LOW
VEH_003,68b89b2d4f65cd554d7512ab,2025-11-08 06:00:00,ON,12.56,7678.35,25.45,37.0,39.6,172.0,0.44,44,11.27,0.0,460.7,555910.6100000002,0.75,12.570000000000618,16.760000000000826,0,0.0,11.27,0.44,0.44,0.44,3600,0.0,16.2288,0,11,25200,25.45,0.00020833333333333335,0.00020634920634920634,123334.61538461539,2055.5769230769233,34.25961538461539,0,0.7091440947639972,0,16.760000000000826,0,0,0,0,0.0031305555555555553,8129.547471162378,2.2582076308784385,0.05966587112171544,0.13496932515337423,0,MEDIUM,LOW
VEH_003,68b89b2d4f65cd554d7512ab,2025-11-08 07:00:00,ON,17.84,7696.19,24.38,36.8,41.3,173.0,-0.14,23,12.85,0.0,461.77,555910.6100000002,1.0700000000000003,17.839999999999236,16.672897196260966,0,0.0,12.85,0.14,0.23,0.167,3600,0.0,14.99595,0,11,28800,24.38,0.0002972222222222223,0.00023611111111111112,103256.47058823529,1720.941176470588,28.682352941176468,0,1.0064543079227164,0,16.672897196260966,0,0,0,0,0.0035694444444444445,6830.194552529182,1.8972762645914394,0.05997757847533891,0.4785276073619632,0,HIGH,LOW
VEH_003,68b89b2d4f65cd554d7512ab,2025-11-08 08:00:00,ON,22.67,7718.86,23.02,36.9,42.1,174.0,-0.47,30,14.3,0.0,463.13,555910.6100000002,1.3599999999999994,22.670000000000073,16.669117647058883,0,0.0,14.3,0.47,0.3,0.41899999999999993,3600,0.0,20.291700000000002,0,11,32400,23.02,0.0003777777777777776,0.0002634920634920635,87365.06024096385,1456.0843373493976,24.268072289156624,0,1.2789416569848113,0,16.669117647058883,0,0,0,0,0.0039722222222222225,5795.244755244755,1.6097902097902097,0.05999117776797508,0.5122699386503068,0,HIGH,LOW
VEH_003,68b89b2d4f65cd554d7512ab,2025-11-08 09:00:00,ON,23.11,7741.97,21.63,36.9,41.8,175.0,-0.29,16,14.43,0.0,464.52,555910.6100000002,1.3900000000000006,23.110000000000582,16.62589928057595,0,0.0,14.43,0.29,0.16,0.251,3600,0.0,18.05193,0,11,36000,21.63,0.00038611111111111127,0.0002853174603174604,75810.29207232264,1263.504867872044,21.058414464534067,0,1.3037645210815896,0,16.62589928057595,0,0,0,0,0.004008333333333333,5396.257796257796,1.498960498960499,0.06014712245780898,0.8251533742331288,0,HIGH,MEDIUM
VEH_003,68b89b2d4f65cd554d7512ab,2025-11-08 10:00:00,ON,29.67,7771.64,19.85,37.4,44.0,176.0,0.46,24,16.4,0.0,466.3,555910.6100000002,1.7799999999999976,29.670000000000073,16.66853932584276,0,0.0,16.4,0.46,0.24,0.394,3600,0.0,22.8616,0,11,39600,19.85,0.0004944444444444437,0.0003269841269841269,60706.31067961168,1011.7718446601946,16.86286407766991,0,1.6738508585240106,0,16.66853932584276,0,0,0,0,0.004555555555555555,4357.317073170732,1.2103658536585367,0.05999325918436108,0.5230061349693251,0,HIGH,MEDIUM
VEH_003,68b89b2d4f65cd554d7512ab,2025-11-08 11:00:00,ON,33.52,7805.16,17.84,37.0,50.4,177.0,0.12,5,17.56,0.0,468.31,555910.6100000002,2.0100000000000016,33.51999999999953,16.67661691542264,0,0.0,17.56,0.12,0.05,0.09899999999999999,3600,1.0,19.29844,0,11,43200,17.84,0.0005583333333333337,0.00036626984126984124,48707.25893824486,811.7876489707476,13.52979414951246,0,1.8910509193705396,0,16.67661691542264,0,0,0,0,0.004877777777777778,3657.4031890660594,1.0159453302961277,0.05996420047732786,0.4386503067484663,0,HIGH,MEDIUM
VEH_003,68b89b2d4f65cd554d7512ab,2025-11-08 12:00:00,ON,39.04,7844.21,15.5,37.7,45.7,178.0,0.21,48,19.21,0.0,470.65,555910.6100000002,2.34,39.05000000000018,16.688034188034266,0,0.0,19.21,0.21,0.48,0.291,3600,1.0,24.80011,0,11,46800,15.5,0.00065,0.0004246031746031746,36504.672897196266,608.411214953271,10.14018691588785,0,2.203029188586544,0,16.688034188034266,0,0,0,0,0.005336111111111111,2904.7371160853722,0.8068714211348256,0.05992317541613288,0.3374233128834356,0,HIGH,MEDIUM
VEH_003,68b89b2d4f65cd554d7512ab,2025-11-08 13:00:00,ON,34.92,7879.13,13.4,37.1,46.0,179.0,-0.05,13,17.98,0.0,472.75,555910.6100000002,2.0999999999999996,34.92000000000007,16.628571428571465,0,0.0,17.98,0.05,0.13,0.074,3600,1.0,19.31052,0,11,50400,13.4,0.0005833333333333333,0.00047817460317460314,28023.236514522825,467.05394190871374,7.784232365145229,0,1.9700327596784102,0,16.628571428571465,0,0,0,0,0.004994444444444445,2682.981090100111,0.7452725250278086,0.0601374570446734,0.8159509202453987,0,HIGH,MEDIUM
VEH_003,68b89b2d4f65cd554d7512ab,2025-11-08 14:00:00,ON,40.72,7919.85,10.96,36.8,49.1,180.0,0.32,15,19.72,0.0,475.19,555910.6100000002,2.4399999999999995,40.720000000000255,16.688524590164043,0,0.0,19.72,0.32,0.15,0.26899999999999996,3600,1.0,25.024679999999996,0,11,54000,10.96,0.0006777777777777777,0.0005325396825396824,20580.62593144561,343.0104321907602,5.716840536512669,0,2.297243240953757,0,16.688524590164043,0,0,0,0,0.005477777777777778,2000.8113590263695,0.5557809330628805,0.05992141453831003,0.3312883435582822,0,HIGH,MEDIUM
VEH_003,68b89b2d4f65cd554d7512ab,2025-11-08 15:00:00,ON,47.07,7966.93,8.13,36.1,47.3,181.0,0.4,29,21.62,0.0,478.02,555910.6100000002,2.83,47.07999999999993,16.636042402826828,0,0.0,21.62,0.4,0.29,0.367,3600,1.0,29.554540000000003,0,11,57600,8.13,0.0007861111111111111,0.0005908730158730158,13759.30154466085,229.32169241101417,3.822028206850236,0,2.656046458352211,0,16.636042402826828,0,0,0,0,0.006005555555555556,1353.7465309898244,0.37604070305272896,0.06011045029736628,0.7714723926380368,0,HIGH,HIGH
VEH_003,68b89b2d4f65cd554d7512ab,2025-11-08 16:00:00,ON,50.9,8017.83,5.08,35.8,51.6,182.0,0.15,29,22.77,0.0,481.07,555910.6100000002,3.0500000000000007,50.899999999999636,16.688524590163812,0,0.0,22.77,0.15,0.29,0.192,3600,1.0,27.14184,0,11,61200,5.08,0.0008472222222222224,0.0006567460317460317,7735.1057401812695,128.91842900302115,2.148640483383686,0,2.871554051192158,0,16.688524590163812,0,0,0,0,0.006325,803.1620553359684,0.2231005709266579,0.05992141453831085,0.3328220858895706,0,HIGH,HIGH
VEH_003,68b89b2d4f65cd554d7512ab,2025-11-08 17:00:00,ON,54.18,8072.01,60.34,35.3,51.1,183.0,-0.46,37,23.75,0.0,484.32,555910.6100000002,0.0,54.18000000000029,0.0,0,0.0,23.75,0.46,0.37,0.433,3600,1.0,34.03375,1,12,0,60.34,0.0,0.0005861111111111111,102949.76303317536,1715.829383886256,28.597156398104268,0,3.0565972199134195,0,0.0,0,0,0,0,0.006597222222222222,9146.273684210526,2.540631578947368,0.0,0.02223926380368098,0,LOW,LOW
VEH_003,68b89b2d4f65cd554d7512ab,2025-11-08 18:00:00,ON,60.79,8132.8,56.69,35.2,55.4,184.0,-0.02,9,25.74,0.0,487.97,555910.6100000002,3.6500000000000057,60.789999999999964,16.65479452054791,0,0.0,25.74,0.02,0.09,0.040999999999999995,3600,1.0,26.795339999999996,0,12,3600,56.69,0.0010138888888888906,0.0006511904761904764,87055.9414990859,1450.9323583180983,24.182205971968305,0,3.4295043373668452,0,16.65479452054791,0,0,0,0,0.007149999999999999,7928.671328671329,2.2024087024087025,0.060042770192466,0.6549079754601227,0,LOW,LOW
VEH_003,68b89b2d4f65cd554d7512ab,2025-11-08 19:00:00,ON,67.95,8200.75,52.62,34.9,56.2,185.0,0.05,38,27.89,0.0,492.05,555910.6100000002,4.07,67.94999999999982,16.69533169533165,0,0.0,27.89,0.05,0.38,0.149,3600,1.0,32.04561,0,12,7200,52.62,0.0011305555555555557,0.00071984126984127,73099.44873208377,1218.3241455347295,20.305402425578823,0,3.833440034941218,0,16.69533169533165,0,0,0,0,0.007747222222222222,6792.111868053065,1.8866977411258514,0.05989698307579119,0.2852760736196319,0,LOW,LOW
VEH_003,68b89b2d4f65cd554d7512ab,2025-11-08 20:00:00,ON,68.51,8269.27,48.5,35.2,57.3,186.0,0.49,23,28.05,0.0,496.16,555910.6100000002,4.119999999999997,68.52000000000044,16.631067961165165,0,0.0,28.05,0.49,0.23,0.412,3600,1.0,39.6066,0,12,10800,48.5,0.0011444444444444438,0.0008000000000000001,60624.999999999985,1010.4166666666664,16.840277777777775,0,3.865596927066588,0,16.631067961165165,0,0,0,0,0.007791666666666667,6224.598930481283,1.7290552584670231,0.06012842965557459,0.803680981595092,0,LOW,LOW
VEH_003,68b89b2d4f65cd554d7512ab,2025-11-08 21:00:00,ON,62.72,8331.99,44.74,35.4,54.1,187.0,0.07,16,26.32,0.0,499.92,555910.6100000002,3.759999999999998,62.719999999999345,16.68085106382962,0,0.0,26.32,0.07,0.16,0.097,3600,1.0,28.87304,0,12,14400,44.74,0.001044444444444444,0.0008523809523809526,52488.26815642457,874.8044692737428,14.580074487895715,0,3.5383864457911898,0,16.68085106382962,0,0,0,0,0.007311111111111111,6119.452887537994,1.6998480243161094,0.05994897959183733,0.39723926380368096,0,MEDIUM,LOW
VEH_003,68b89b2d4f65cd554d7512ab,2025-11-08 22:00:00,ON,65.48,8397.47,40.81,34.6,54.2,188.0,0.35,14,27.14,0.0,503.85,555910.6100000002,3.9299999999999997,65.47999999999956,16.661577608142384,0,0.0,27.14,0.35,0.14,0.287,3600,1.0,34.929179999999995,0,12,18000,40.81,0.0010916666666666666,0.0008960317460317461,45545.26129317981,759.0876882196634,12.651461470327725,0,3.6940935023980863,0,16.661577608142384,0,0,0,0,0.007538888888888889,5413.264554163597,1.5036845983787768,0.06001832620647565,0.588957055214724,0,MEDIUM,LOW
VEH_003,68b89b2d4f65cd554d7512ab,2025-11-08 23:00:00,ON,72.6,8470.06,36.46,35.3,57.0,189.0,-0.08,11,29.28,0.0,508.2,555910.6100000002,4.350000000000001,72.59000000000015,16.687356321839108,0,0.0,29.28,0.08,0.11,0.089,3600,2.0,31.88592,0,12,21600,36.46,0.0012083333333333338,0.0009476190476190478,38475.376884422105,641.2562814070351,10.68760469011725,0,4.095208419961506,0,16.687356321839108,0,0,0,0,0.008133333333333334,4482.786885245901,1.2452185792349726,0.05992560958809744,0.34355828220858897,0,MEDIUM,MEDIUM
VEH_003,68b89b2d4f65cd554d7512ab,2025-11-09 00:00:00,ON,76.51,8546.57,31.87,35.1,54.6,190.0,0.03,46,30.45,0.0,512.79,555910.6100000002,4.59,76.51000000000022,16.66884531590419,0,0.0,30.45,0.03,0.46,0.159,3600,2.0,35.29155,0,12,25200,31.87,0.0012749999999999999,0.001129761904761905,28209.48366701791,470.15806111696514,7.8359676852827524,0,4.3163575728234616,0,16.66884531590419,0,0,0,0,0.008458333333333333,3767.881773399015,1.0466338259441708,0.059992157887857625,0.5168711656441718,0,MEDIUM,MEDIUM
VEH_003,68b89b2d4f65cd554d7512ab,2025-11-09 01:00:00,ON,82.39,8628.96,70.97,35.7,61.2,191.0,-0.0,16,32.22,0.0,517.74,555910.6100000002,0.0,82.38999999999942,0.0,0,0.0,32.22,0.0,0.16,0.048,3600,2.0,33.76656,1,13,0,70.97,0.0,0.0009849206349206348,72056.56728444804,1200.9427880741341,20.0157131345689,0,4.648081302116344,0,0.0,0,0,0,0,0.00895,7929.608938547486,2.202669149596524,0.0,0.02223926380368098,0,LOW,LOW
VEH_003,68b89b2d4f65cd554d7512ab,2025-11-09 02:00:00,ON,80.23,8709.18,66.15,35.8,56.8,192.0,0.49,22,31.57,0.0,522.55,555910.6100000002,4.819999999999993,80.22000000000116,16.64315352697122,0,0.0,31.57,0.49,0.22,0.409,3600,2.0,44.48213,0,13,3600,66.15,0.001338888888888887,0.0010146825396825394,65192.804067266356,1086.5467344544393,18.109112240907322,0,4.52565944963929,0,16.64315352697122,0,0,0,0,0.008769444444444444,7543.237250554324,2.0953436807095347,0.060084766891048656,0.7246932515337423,0,LOW,LOW
VEH_003,68b89b2d4f65cd554d7512ab,2025-11-09 03:00:00,ON,83.78,8792.96,61.13,36.3,62.5,193.0,-0.34,48,32.63,0.0,527.58,555910.6100000002,5.020000000000003,83.77999999999884,16.689243027888203,0,0.0,32.63,0.34,0.48,0.382,3600,2.0,45.094660000000005,0,13,7200,61.13,0.0013944444444444453,0.0010503968253968252,58197.05326785041,969.9508877975069,16.165848129958448,0,4.726498986421952,0,16.689243027888203,0,0,0,1,0.00906388888888889,6744.34569414649,1.8734293594851361,0.059918835044164155,0.3236196319018405,0,LOW,LOW
VEH_003,68b89b2d4f65cd554d7512ab,2025-11-09 04:00:00,ON,84.62,8877.59,56.05,36.0,63.4,194.0,-0.35,34,32.89,0.0,532.66,555910.6100000002,5.080000000000005,84.63000000000102,16.659448818897822,0,0.0,32.89,0.35,0.34,0.347,3600,2.0,44.30283,0,13,10800,56.05,0.0014111111111111125,0.0011027777777777778,50826.19647355163,847.1032745591939,14.118387909319898,0,4.774452246608978,0,16.659448818897822,0,0,0,1,0.00913611111111111,6134.995439343265,1.7041653998175736,0.06002599550986582,0.6211656441717791,0,LOW,LOW
VEH_003,68b89b2d4f65cd554d7512ab,2025-11-09 05:00:00,ON,83.27,8960.85,51.05,35.6,65.9,195.0,-0.04,1,32.48,0.0,537.65,555910.6100000002,5.0,83.26000000000022,16.652000000000044,0,0.0,32.48,0.04,0.01,0.030999999999999996,3600,2.0,33.48687999999999,0,13,14400,51.05,0.001388888888888889,0.0011452380952380954,44575.88357588356,742.9313929313927,12.382189882189879,0,4.69716287430769,0,16.652000000000044,0,0,0,0,0.009022222222222221,5658.251231527094,1.5717364532019706,0.06005284650492418,0.6717791411042945,0,LOW,LOW
VEH_003,68b89b2d4f65cd554d7512ab,2025-11-09 06:00:00,ON,89.68,9050.53,45.67,35.7,66.0,196.0,0.04,14,34.4,0.0,543.03,555910.6100000002,5.3799999999999955,89.68000000000029,16.669144981412707,0,0.0,34.4,0.04,0.14,0.07,3600,2.0,36.808,0,13,18000,45.67,0.0014944444444444432,0.001186111111111111,38503.981264637005,641.7330210772834,10.695550351288057,0,5.05935102771936,0,16.669144981412707,0,0,0,1,0.009555555555555555,4779.418604651163,1.3276162790697676,0.059991079393398504,0.5107361963190185,0,LOW,MEDIUM
VEH_003,68b89b2d4f65cd554d7512ab,2025-11-09 07:00:00,ON,96.04,9146.57,39.91,36.0,62.7,197.0,-0.14,20,36.31,0.0,548.79,555910.6100000002,5.760000000000005,96.03999999999905,16.673611111110933,0,0.0,36.31,0.14,0.2,0.158,3600,2.0,42.04698,0,13,21600,39.91,0.0016000000000000014,0.0012325396825396827,32380.296200901474,539.6716033483578,8.994526722472632,0,5.418154245117762,0,16.673611111110933,0,0,0,1,0.010086111111111112,3956.9264665381434,1.0991462407050399,0.05997501041232884,0.46932515337423314,0,MEDIUM,MEDIUM
VEH_003,68b89b2d4f65cd554d7512ab,2025-11-09 08:00:00,ON,99.05,9245.62,33.97,35.8,62.4,198.0,0.28,13,37.21,0.0,554.74,555910.6100000002,5.939999999999998,99.05000000000109,16.675084175084365,0,0.0,37.21,0.28,0.13,0.23500000000000001,3600,2.0,45.954350000000005,0,13,25200,33.97,0.0016499999999999993,0.0014682539682539682,23136.324324324323,385.6054054054054,6.426756756756756,0,5.587965201779733,0,16.675084175084365,0,0,0,1,0.010336111111111112,3286.5358774522974,0.9129266326256382,0.05996971226653137,0.4539877300613497,0,MEDIUM,MEDIUM
VEH_003,68b89b2d4f65cd554d7512ab,2025-11-09 09:00:00,ON,105.56,9351.18,27.63,35.8,68.3,199.0,0.36,28,39.17,0.0,561.07,555910.6100000002,6.34,105.55999999999949,16.649842271293295,0,0.0,39.17,0.36,0.28,0.336,3600,0.0,52.331120000000006,0,13,28800,27.63,0.001761111111111111,0.0015285714285714288,18075.700934579436,301.2616822429906,5.021028037383177,0,5.955230759211098,0,16.649842271293295,0,0,0,1,0.010880555555555557,2539.392392136839,0.7053867755935664,0.060060629026146554,0.6840490797546013,0,MEDIUM,MEDIUM
VEH_003,68b89b2d4f65cd554d7512ab,2025-11-09 10:00:00,ON,103.04,9454.22,21.45,36.3,63.2,200.0,0.47,22,38.41,0.0,567.25,555910.6100000002,6.18,103.03999999999905,16.6731391585759,0,0.0,38.41,0.47,0.22,0.39499999999999996,3600,0.0,53.58195,0,13,32400,21.45,0.0017166666666666667,0.0015746031746031747,13622.479838709676,227.04133064516128,3.7840221774193545,0,5.813063446656962,0,16.6731391585759,0,0,0,1,0.010669444444444443,2010.4139546992972,0.5584483207498048,0.05997670807453471,0.4754601226993865,0,HIGH,MEDIUM
VEH_003,68b89b2d4f65cd554d7512ab,2025-11-09 11:00:00,ON,107.55,9561.77,15.0,36.6,67.6,201.0,-0.23,49,39.77,0.0,573.71,555910.6100000002,6.449999999999999,107.55000000000109,16.674418604651333,0,0.0,39.77,0.23,0.49,0.308,3600,0.0,52.01916000000001,0,13,36000,15.0,0.0017916666666666665,0.001628968253968254,9208.282582216809,153.47137637028015,2.5578562728380025,0,6.06749780364876,0,16.674418604651333,0,0,0,1,0.011047222222222224,1357.8073925069145,0.3771687201408096,0.059972105997209986,0.45858895705521474,0,HIGH,HIGH
VEH_003,68b89b2d4f65cd554d7512ab,2025-11-09 12:00:00,ON,111.22,9672.99,8.32,36.5,68.4,202.0,-0.22,34,40.87,0.0,580.38,555910.6100000002,6.68,111.21999999999935,16.649700598802298,0,0.0,40.87,0.22,0.34,0.256,3600,0.0,51.332719999999995,0,13,39600,8.32,0.0018555555555555554,0.0016956349206349204,4906.716592557923,81.77860987596539,1.3629768312660897,0,6.274543056455642,0,16.649700598802298,0,0,0,1,0.011352777777777778,732.8602887203328,0.20357230242231467,0.06006114008271929,0.6863496932515337,0,HIGH,HIGH
VEH_003,68b89b2d4f65cd554d7512ab,2025-11-09 13:00:00,ON,106.23,9779.23,45.48,36.7,68.6,203.0,0.02,3,39.37,0.0,586.75,555910.6100000002,0.0,106.23999999999978,0.0,0,0.0,39.37,0.02,0.03,0.023,3600,0.0,40.27551,1,14,0,45.48,0.0,0.0014821428571428572,30685.301204819272,511.42168674698786,8.523694779116465,0,5.993593367360637,0,0.0,0,0,0,0,0.01093611111111111,4158.699517399035,1.1551943103886209,0.0,0.02223926380368098,0,LOW,MEDIUM
VEH_003,68b89b2d4f65cd554d7512ab,2025-11-09 14:00:00,ON,114.18,9893.41,38.63,36.7,69.2,204.0,-0.11,18,41.76,0.0,593.6,555910.6100000002,6.849999999999994,114.18000000000029,16.668613138686187,0,0.0,41.76,0.11,0.18,0.131,3600,0.0,47.23056,0,14,3600,38.63,0.0019027777777777762,0.001525396825396825,25324.55775234132,422.075962539022,7.034599375650367,0,6.441533233106557,0,16.668613138686187,0,0,0,1,0.0116,3330.1724137931037,0.9250478927203066,0.059992993519004875,0.5199386503067485,0,MEDIUM,MEDIUM
VEH_003,68b89b2d4f65cd554d7512ab,2025-11-09 15:00:00,ON,116.99,10010.4,31.61,36.7,73.6,205.0,-0.08,24,42.6,0.0,600.62,555910.6100000002,7.020000000000003,116.98999999999978,16.665242165242127,0,0.0,42.6,0.08,0.24,0.128,3600,0.0,48.052800000000005,0,14,7200,31.61,0.0019500000000000008,0.0015682539682539682,20156.174089068827,335.9362348178138,5.598937246963563,0,6.600061069724407,0,16.665242165242127,0,0,0,1,0.011833333333333335,2671.2676056338023,0.7420187793427229,0.06000512864347394,0.5628834355828221,0,MEDIUM,MEDIUM
VEH_003,68b89b2d4f65cd554d7512ab,2025-11-09 16:00:00,ON,121.98,10132.38,24.29,37.5,71.3,206.0,0.25,33,44.1,0.0,607.94,555910.6100000002,7.32,121.97999999999956,16.66393442622945,0,0.0,44.1,0.25,0.33,0.274,3600,0.0,56.183400000000006,0,14,10800,24.29,0.0020333333333333336,0.0016071428571428571,15113.777777777777,251.8962962962963,4.198271604938271,0,6.881574914821624,0,16.66393442622945,0,0,0,1,0.01225,1982.8571428571427,0.5507936507936507,0.060009837678308135,0.5705521472392638,0,HIGH,MEDIUM
VEH_003,68b89b2d4f65cd554d7512ab,2025-11-09 17:00:00,ON,116.72,10249.1,17.29,37.5,71.6,207.0,-0.23,36,42.52,0.0,614.95,555910.6100000002,7.0,116.72000000000116,16.67428571428588,0,0.0,42.52,0.23,0.36,0.269,3600,0.0,53.95788000000001,0,14,14400,17.29,0.0019444444444444444,0.0016396825396825397,10544.724104549854,175.74540174249756,2.929090029041626,0,6.584828857665116,0,16.67428571428588,0,0,0,1,0.011811111111111113,1463.8758231420506,0.4066321730950141,0.05997258396161695,0.4616564417177914,0,HIGH,HIGH
VEH_003,68b89b2d4f65cd554d7512ab,2025-11-09 18:00:00,ON,111.21,10360.32,10.61,37.6,67.5,208.0,-0.21,9,40.86,0.0,621.62,555910.6100000002,6.68,111.21999999999935,16.649700598802298,0,0.0,40.86,0.21,0.09,0.174,3600,0.0,47.96964,0,14,18000,10.61,0.0018555555555555554,0.0016488095238095235,6434.945848375452,107.2490974729242,1.7874849578820702,0,6.274543056455642,0,16.649700598802298,0,0,0,1,0.011349999999999999,934.8017621145375,0.25966715614292707,0.06006114008271929,0.6863496932515337,0,HIGH,HIGH
VEH_003,68b89b2d4f65cd554d7512ab,2025-11-09 19:00:00,ON,106.32,10466.64,4.23,37.7,69.3,209.0,-0.05,43,39.4,0.0,628.0,555910.6100000002,6.379999999999999,106.31999999999971,16.664576802507796,0,0.0,39.4,0.05,0.43,0.164,3600,0.0,45.861599999999996,0,14,21600,4.23,0.001772222222222222,0.0016369047619047617,2584.145454545455,43.06909090909092,0.7178181818181819,0,5.998106615378223,0,16.664576802507796,0,0,0,1,0.010944444444444444,386.49746192893406,0.10736040609137057,0.060007524454477205,0.5674846625766872,0,HIGH,HIGH
VEH_003,68b89b2d4f65cd554d7512ab,2025-11-09 20:00:00,ON,113.25,10579.89,0.0,37.4,72.8,210.0,0.28,6,41.48,0.0,634.79,555910.6100000002,4.23,113.25,26.773049645390067,0,0.0,41.48,0.28,0.06,0.214,3600,0.0,50.356719999999996,0,14,25200,0.0,0.001175,0.0018047619047619047,0.0,0.0,0.0,0,6.389066724902047,0,26.773049645390067,0,0,0,0,0.011522222222222222,0.0,0.0,0.037350993377483446,0.05061349693251534,0,HIGH,HIGH
VEH_003,68b89b2d4f65cd554d7512ab,2025-11-09 21:00:00,OFF,0.0,10579.89,0.0,37.1,2.6,210.0,-0.18,4,0.0,0.0,634.79,555910.6100000002,-0.0,0.0,0.0,0,0.0,0.0,0.18,0.04,0.138,0,0.0,0.0,0,14,28800,0.0,-0.0,0.0015329365079365081,0.0,0.0,0.0,0,0.0,0,0.0,0,0,0,0,0.0,0.0,0.0,0.0,0.0,0,HIGH,
VEH_003,68b89b2d4f65cd554d7512ab,2025-11-09 22:00:00,OFF,0.0,10579.89,0.0,37.3,3.5,210.0,0.14,17,0.0,0.0,634.79,555910.6100000002,-0.0,0.0,0.0,0,0.0,0.0,0.14,0.17,0.14900000000000002,0,0.0,0.0,0,14,32400,0.0,-0.0,0.0012543650793650793,0.0,0.0,0.0,0,0.0,0,0.0,0,0,0,0,0.0,0.0,0.0,0.0,0.0,0,HIGH,
VEH_003,68b89b2d4f65cd554d7512ab,2025-11-09 23:00:00,OFF,0.0,10579.89,0.0,36.9,0.9,210.0,-0.15,40,0.0,0.0,634.79,555910.6100000002,-0.0,0.0,0.0,0,0.0,0.0,0.15,0.4,0.22499999999999998,0,0.0,0.0,0,14,36000,0.0,-0.0,0.0009638888888888889,0.0,0.0,0.0,0,0.0,0,0.0,0,0,0,0,0.0,0.0,0.0,0.0,0.0,0,HIGH,
VEH_003,68b89b2d4f65cd554d7512ab,2025-11-10 00:00:00,OFF,0.0,10579.89,0.0,37.2,3.4,210.0,-0.43,17,0.0,0.0,634.79,555910.6100000002,-0.0,0.0,0.0,0,0.0,0.0,0.43,0.17,0.352,0,0.0,0.0,0,14,39600,0.0,-0.0,0.0006861111111111111,0.0,0.0,0.0,0,0.0,0,0.0,0,0,0,0,0.0,0.0,0.0,0.0,0.0,0,HIGH,
VEH_003,68b89b2d4f65cd554d7512ab,2025-11-10 01:00:00,ON,0.0,10579.89,40.1,37.2,26.6,210.0,0.42,38,0.0,0.03,634.79,555910.6100000002,0.0,0.0,0.0,1,0.03,0.0,0.42,0.38,0.408,3600,0.0,0.0,1,15,0,40.1,0.0,0.000421031746031746,95242.22431668238,1587.3704052780397,26.45617342130066,0,0.0,0,0.0,0,0,0,0,8.333333333333334e-06,4812000.0,1336.6666666666667,0.0,0.0,0,MEDIUM,LOW
VEH_003,68b89b2d4f65cd554d7512ab,2025-11-10 02:00:00,ON,5.87,10585.76,39.75,37.1,38.5,211.0,-0.36,28,9.26,0.0,635.15,555910.6100000002,0.3500000000000014,5.8700000000008,16.77142857143079,0,0.0,9.26,0.36,0.28,0.336,3600,0.0,12.371360000000001,0,15,3600,39.75,9.722222222222262e-05,0.00018174603174603182,218711.790393013,3645.196506550217,60.75327510917028,0,0.3311595732907738,0,16.77142857143079,0,0,0,0,0.0025722222222222223,15453.563714902808,4.292656587473002,0.05962521294718121,0.12423312883435583,0,MEDIUM,LOW
VEH_003,68b89b2d4f65cd554d7512ab,2025-11-10 03:00:00,ON,4.83,10590.59,39.46,37.3,35.6,212.0,0.13,13,8.95,0.0,635.44,555910.6100000002,0.28999999999999915,4.829999999999927,16.6551724137929,0,0.0,8.95,0.13,0.13,0.13,3600,0.0,10.113499999999998,0,15,7200,39.46,8.055555555555531e-05,2.539682539682542e-05,1553737.4999999986,25895.624999999978,431.5937499999996,0,0.27248734906204347,0,16.6551724137929,0,0,0,0,0.002486111111111111,15872.178770949722,4.408938547486034,0.06004140786749555,0.651840490797546,0,MEDIUM,LOW
VEH_003,68b89b2d4f65cd554d7512ab,2025-11-10 04:00:00,ON,1.43,10592.03,39.38,36.6,35.4,213.0,0.12,27,7.93,0.0,635.52,555910.6100000002,0.0799999999999983,1.4400000000005093,18.00000000000675,0,0.0,7.93,0.12,0.27,0.16499999999999998,3600,0.0,9.23845,0,15,10800,39.38,2.222222222222175e-05,2.8571428571428527e-05,1378300.0000000023,22971.666666666704,382.86111111111177,0,0.08123846431666404,0,18.00000000000675,0,0,0,0,0.002202777777777778,17877.427490542246,4.965952080706179,0.05555555555553472,0.05521472392638037,0,MEDIUM,LOW
VEH_003,68b89b2d4f65cd554d7512ab,2025-11-10 05:00:00,ON,0.0,10592.03,39.35,37.0,21.3,214.0,-0.2,40,0.0,0.03,635.55,555910.6100000002,0.030000000000001137,0.0,0.0,1,0.03,0.0,0.2,0.4,0.26,3600,0.0,0.0,0,15,14400,39.35,8.333333333333649e-06,2.976190476190476e-05,1322160.0000000002,22036.000000000004,367.2666666666667,0,0.0,0,0.0,1,1,0,0,8.333333333333334e-06,4722000.0,1311.6666666666667,0.0,0.0,0,MEDIUM,LOW
VEH_003,68b89b2d4f65cd554d7512ab,2025-11-10 06:00:00,ON,0.0,10592.03,39.32,36.6,21.7,215.0,-0.49,15,0.0,0.03,635.58,555910.6100000002,0.030000000000001137,0.0,0.0,1,0.03,0.0,0.49,0.15,0.38799999999999996,3600,0.0,0.0,0,15,18000,39.32,8.333333333333649e-06,3.0952380952381e-05,1270338.4615384596,21172.307692307662,352.87179487179435,0,0.0,0,0.0,1,1,0,0,8.333333333333334e-06,4718400.0,1310.6666666666667,0.0,0.0,0,MEDIUM,LOW
VEH_003,68b89b2d4f65cd554d7512ab,2025-11-10 07:00:00,ON,0.0,10592.03,39.29,36.1,26.2,216.0,0.39,30,0.0,0.03,635.61,555910.6100000002,0.030000000000001137,0.0,0.0,1,0.03,0.0,0.39,0.3,0.363,3600,0.0,0.0,0,15,21600,39.29,8.333333333333649e-06,3.214285714285723e-05,1222355.5555555522,20372.592592592537,339.5432098765423,0,0.0,0,0.0,1,1,0,0,8.333333333333334e-06,4714800.0,1309.6666666666667,0.0,0.0,0,MEDIUM,LOW
VEH_003,68b89b2d4f65cd554d7512ab,2025-11-10 08:00:00,ON,0.34,10592.37,39.27,36.0,39.4,217.0,0.27,42,7.6,0.0,635.63,555910.6100000002,0.01999999999999602,0.3400000000001455,17.000000000010658,0,0.0,7.6,0.27,0.42,0.315,3600,0.0,9.994,0,15,25200,39.27,5.5555555555544504e-06,3.293650793650787e-05,1192293.975903617,19871.566265060283,331.19277108433806,0,0.019181304074769322,0,17.000000000010658,0,0,0,0,0.002111111111111111,18601.578947368424,5.167105263157896,0.058823529411727825,0.06365030674846625,0,MEDIUM,LOW
VEH_003,68b89b2d4f65cd554d7512ab,2025-11-10 09:00:00,ON,0.0,10592.37,39.24,35.6,25.7,218.0,0.48,47,0.0,0.03,635.66,555910.6100000002,0.030000000000001137,0.0,0.0,1,0.03,0.0,0.48,0.47,0.477,3600,0.0,0.0,0,15,28800,39.24,8.333333333333649e-06,2.0238095238095163e-05,1938917.6470588308,32315.29411764718,538.5882352941197,0,0.0,0,0.0,1,1,0,0,8.333333333333334e-06,4708800.0,1308.0,0.0,0.0,0,MEDIUM,LOW
VEH_003,68b89b2d4f65cd554d7512ab,2025-11-10 10:00:00,ON,0.0,10592.37,39.21,35.0,20.4,219.0,0.09,34,0.0,0.03,635.69,555910.6100000002,0.030000000000001137,0.0,0.0,1,0.03,0.0,0.09,0.34,0.165,3600,0.0,0.0,0,15,32400,39.21,8.333333333333649e-06,9.92063492063492e-06,3952368.0,65872.8,1097.88,0,0.0,0,0.0,1,1,0,0,8.333333333333334e-06,4705200.0,1307.0,0.0,0.0,0,MEDIUM,LOW
VEH_003,68b89b2d4f65cd554d7512ab,2025-11-10 11:00:00,ON,1.25,10593.62,39.13,34.3,35.4,220.0,0.46,27,7.87,0.0,635.77,555910.6100000002,0.0799999999999983,1.25,15.625000000000334,0,0.0,7.87,0.46,0.27,0.403,3600,0.0,11.04161,0,15,36000,39.13,2.222222222222175e-05,9.92063492063492e-06,3944304.0000000005,65738.40000000001,1095.64,0,0.07051950027485704,0,15.625000000000334,0,0,0,0,0.0021861111111111113,17899.36467598475,4.972045743329097,0.06399999999999864,0.9923312883435583,0,MEDIUM,LOW
VEH_003,68b89b2d4f65cd554d7512ab,2025-11-10 12:00:00,ON,0.0,10593.62,39.1,34.4,20.0,221.0,-0.26,43,0.0,0.03,635.8,555910.6100000002,0.030000000000001137,0.0,0.0,1,0.03,0.0,0.26,0.43,0.311,3600,0.0,0.0,0,15,39600,39.1,8.333333333333649e-06,9.92063492063492e-06,3941280.0,65688.0,1094.8,0,0.0,0,0.0,1,1,0,0,8.333333333333334e-06,4692000.0,1303.3333333333333,0.0,0.0,0,MEDIUM,LOW
VEH_003,68b89b2d4f65cd554d7512ab,2025-11-10 13:00:00,ON,5.31,10598.93,38.78,34.8,37.4,222.0,0.28,46,9.09,0.0,636.12,555910.6100000002,0.3200000000000003,5.309999999999491,16.593749999998394,0,0.0,9.09,0.28,0.46,0.334,3600,0.0,12.12606,0,15,43200,38.78,8.888888888888897e-05,2.1428571428571394e-05,1809733.3333333363,30162.22222222227,502.70370370370455,0,0.29956683716756394,0,16.593749999998394,0,0,0,0,0.002525,15358.41584158416,4.266226622662266,0.0602636534839983,0.8957055214723927,0,MEDIUM,LOW
VEH_003,68b89b2d4f65cd554d7512ab,2025-11-10 14:00:00,ON,7.1,10606.03,38.36,35.2,39.1,223.0,0.28,22,9.63,0.0,636.54,555910.6100000002,0.4200000000000017,7.100000000000364,16.9047619047627,0,0.0,9.63,0.28,0.22,0.262,3600,0.0,12.153060000000002,0,15,46800,38.36,0.00011666666666666714,3.69047619047619e-05,1039432.2580645162,17323.870967741936,288.73118279569894,0,0.4005507615612085,0,16.9047619047627,0,0,0,0,0.0026750000000000003,14340.186915887849,3.9833852544132915,0.059154929577462,0.07668711656441718,0,MEDIUM,LOW
VEH_003,68b89b2d4f65cd554d7512ab,2025-11-10 15:00:00,ON,10.19,10616.22,37.75,35.4,40.4,224.0,0.14,20,10.56,0.0,637.15,555910.6100000002,0.6099999999999994,10.18999999999869,16.704918032784754,0,0.0,10.56,0.14,0.2,0.158,3600,0.0,12.22848,0,15,50400,37.75,0.0001694444444444443,6.031746031746045e-05,625855.2631578933,10430.921052631555,173.84868421052593,0,0.5748749662405607,0,16.704918032784754,0,0,0,0,0.0029333333333333334,12869.318181818182,3.574810606060606,0.05986261040236289,0.2331288343558282,0,MEDIUM,LOW
VEH_003,68b89b2d4f65cd554d7512ab,2025-11-10 16:00:00,ON,5.54,10621.76,37.41,35.5,34.7,225.0,0.05,22,9.16,0.0,637.49,555910.6100000002,0.3400000000000034,5.540000000000873,16.294117647061228,0,0.0,9.16,0.05,0.22,0.101,3600,0.0,10.08516,0,15,54000,37.41,9.444444444444539e-05,7.261904761904783e-05,515154.0983606542,8585.901639344236,143.09836065573728,0,0.3125424252182156,0,16.294117647061228,0,0,0,0,0.0025444444444444447,14702.620087336241,4.084061135371178,0.0613718411552256,0.9754601226993865,0,MEDIUM,LOW
VEH_003,68b89b2d4f65cd554d7512ab,2025-11-10 17:00:00,ON,8.93,10630.69,36.88,35.6,39.6,226.0,0.41,28,10.18,0.0,638.02,555910.6100000002,0.529999999999994,8.930000000000291,16.849056603774322,0,0.0,10.18,0.41,0.28,0.371,3600,0.0,13.95678,0,15,57600,36.88,0.00014722222222222057,9.24603174603174e-05,398873.81974248955,6647.896995708159,110.79828326180265,0,0.5037913099635951,0,16.849056603774322,0,0,0,0,0.0028277777777777776,13042.043222003931,3.622789783889981,0.0593505039193703,0.09049079754601227,0,MEDIUM,LOW
VEH_003,68b89b2d4f65cd554d7512ab,2025-11-10 18:00:00,ON,5.58,10636.27,36.54,35.2,42.9,227.0,-0.07,2,9.18,0.0,638.36,555910.6100000002,0.3400000000000034,5.579999999999927,16.411764705881975,0,0.0,9.18,0.07,0.02,0.055,3600,0.0,9.684899999999999,0,15,61200,36.54,9.444444444444539e-05,0.00010277777777777793,355524.3243243238,5925.405405405397,98.75675675675662,0,0.3147990492269577,0,16.411764705881975,0,0,0,0,0.0025499999999999997,14329.411764705883,3.980392156862745,0.06093189964157847,0.9662576687116564,0,MEDIUM,LOW
VEH_003,68b89b2d4f65cd554d7512ab,2025-11-10 19:00:00,ON,0.0,10636.27,36.51,35.1,23.7,228.0,-0.38,44,0.0,0.03,638.39,555910.6100000002,0.030000000000001137,0.0,0.0,1,0.03,0.0,0.38,0.44,0.39799999999999996,3600,0.0,0.0,0,15,64800,36.51,8.333333333333649e-06,0.00010277777777777791,355232.43243243196,5920.540540540533,98.67567567567555,0,0.0,0,0.0,1,1,0,0,8.333333333333334e-06,4381200.0,1217.0,0.0,0.0,0,MEDIUM,LOW
VEH_003,68b89b2d4f65cd554d7512ab,2025-11-10 20:00:00,ON,0.0,10636.27,36.48,34.6,29.4,229.0,0.34,16,0.0,0.03,638.42,555910.6100000002,0.030000000000001137,0.0,0.0,1,0.03,0.0,0.34,0.16,0.286,3600,0.0,0.0,0,15,68400,36.48,8.333333333333649e-06,9.126984126984145e-05,399693.91304347746,6661.565217391291,111.02608695652151,0,0.0,0,0.0,1,1,0,0,8.333333333333334e-06,4377599.999999999,1215.9999999999998,0.0,0.0,0,MEDIUM,LOW
VEH_003,68b89b2d4f65cd554d7512ab,2025-11-10 21:00:00,ON,0.5,10636.78,36.45,34.9,38.4,230.0,0.26,32,7.65,0.0,638.45,555910.6100000002,0.02999999999999403,0.5100000000002183,17.000000000010658,0,0.0,7.65,0.26,0.32,0.278,3600,0.0,9.7767,0,15,72000,36.45,8.333333333331675e-06,7.579365079365066e-05,480910.99476439884,8015.183246073314,133.58638743455523,0,0.028771956112153985,0,17.000000000010658,0,0,0,0,0.002125,17152.941176470587,4.764705882352941,0.058823529411727825,0.06365030674846625,0,MEDIUM,LOW
VEH_003,68b89b2d4f65cd554d7512ab,2025-11-10 22:00:00,ON,8.13,10644.91,35.96,35.1,40.3,231.0,0.09,4,9.94,0.0,638.93,555910.6100000002,0.490000000000002,8.1299999999992,16.591836734692176,0,0.0,9.94,0.09,0.04,0.075,3600,0.0,10.6855,0,15,75600,35.96,0.00013611111111111167,7.1031746031746e-05,506252.5139664807,8437.541899441345,140.6256983240224,0,0.458658829787625,0,16.591836734692176,0,0,0,0,0.002761111111111111,13023.742454728372,3.6177062374245477,0.06027060270603324,0.901840490797546,0,MEDIUM,LOW
VEH_003,68b89b2d4f65cd554d7512ab,2025-11-10 23:00:00,ON,14.03,10658.94,35.12,35.5,35.2,232.0,0.22,32,11.71,0.0,639.78,555910.6100000002,0.8400000000000034,14.030000000000655,16.702380952381663,0,0.0,11.71,0.22,0.32,0.25,3600,0.0,14.637500000000001,0,15,79200,35.12,0.00023333333333333428,9.087301587301586e-05,386473.3624454149,6441.222707423582,107.35371179039302,0,0.7915108710850323,0,16.702380952381663,0,0,0,0,0.003252777777777778,10796.925704526044,2.9991460290350123,0.05987170349251349,0.24539877300613497,0,MEDIUM,LOW
VEH_003,68b89b2d4f65cd554d7512ab,2025-11-11 00:00:00,ON,13.7,10672.64,34.3,35.4,38.7,233.0,-0.13,48,11.61,0.0,640.6,555910.6100000002,0.8200000000000003,13.699999999998909,16.707317073169396,0,0.0,11.61,0.13,0.48,0.235,3600,0.0,14.338349999999998,0,15,82800,34.3,0.00022777777777777786,0.0001023809523809526,335023.2558139527,5583.7209302325455,93.06201550387576,0,0.7728937230123715,0,16.707317073169396,0,0,0,0,0.003225,10635.658914728681,2.954349698535745,0.05985401459854493,0.2254601226993865,0,MEDIUM,LOW
VEH_003,68b89b2d4f65cd554d7512ab,2025-11-11 01:00:00,ON,16.21,10688.85,33.33,35.7,40.5,234.0,-0.0,4,12.36,0.0,641.57,555910.6100000002,0.9699999999999989,16.210000000000946,16.711340206186563,0,0.0,12.36,0.0,0.04,0.012,3600,0.0,12.50832,0,15,86400,33.33,0.0002694444444444441,0.0001273809523809524,261656.07476635507,4360.934579439251,72.68224299065419,0,0.9144968795643994,0,16.711340206186563,0,0,0,0,0.0034333333333333334,9707.766990291262,2.6966019417475726,0.05983960518198286,0.2116564417177914,0,MEDIUM,LOW
VEH_003,68b89b2d4f65cd554d7512ab,2025-11-11 02:00:00,ON,21.94,10710.79,32.01,36.2,40.2,235.0,0.23,1,14.08,0.0,642.89,555910.6100000002,1.3200000000000003,21.94000000000051,16.621212121212505,0,0.0,14.08,0.23,0.01,0.164,3600,0.0,16.38912,0,15,90000,32.01,0.0003666666666666667,0.00017857142857142857,179256.0,2987.6,49.79333333333334,0,1.2377582688243194,0,16.621212121212505,0,0,0,0,0.003911111111111111,8184.375,2.2734375,0.06016408386508522,0.8420245398773006,0,MEDIUM,LOW
VEH_003,68b89b2d4f65cd554d7512ab,2025-11-11 03:00:00,ON,23.4,10734.19,30.61,36.3,41.8,236.0,-0.4,5,14.52,0.0,644.29,555910.6100000002,1.3999999999999986,23.399999999999636,16.71428571428547,0,0.0,14.52,0.4,0.05,0.295,3600,0.0,18.8034,0,15,93600,30.61,0.0003888888888888885,0.00023293650793650782,131409.19931856907,2190.153321976151,36.502555366269185,0,1.320125045145303,0,16.71428571428547,0,0,0,0,0.004033333333333333,7589.256198347108,2.1081267217630857,0.0598290598290607,0.20398773006134968,0,MEDIUM,LOW
VEH_003,68b89b2d4f65cd554d7512ab,2025-11-11 04:00:00,ON,25.44,10759.63,29.08,36.6,39.7,237.0,0.02,27,15.13,0.0,645.82,555910.6100000002,1.5300000000000011,25.43999999999869,16.627450980391288,0,0.0,15.13,0.02,0.27,0.095,3600,0.0,16.56735,0,15,97200,29.08,0.0004250000000000003,0.00029246031746031767,99432.2930800542,1657.20488466757,27.620081411126165,0,1.4352128695938164,0,16.627450980391288,0,0,0,0,0.004202777777777778,6919.233311302048,1.9220092531394577,0.06014150943396541,0.8205521472392638,0,MEDIUM,LOW
VEH_003,68b89b2d4f65cd554d7512ab,2025-11-11 05:00:00,ON,21.96,10781.58,27.76,36.9,41.6,238.0,0.47,29,14.09,0.0,647.14,555910.6100000002,1.3199999999999967,21.950000000000728,16.628787878788472,0,0.0,14.09,0.47,0.29,0.4159999999999999,3600,0.0,19.951439999999998,0,15,100800,27.76,0.00036666666666666575,0.00032539682539682536,85311.21951219514,1421.8536585365857,23.69756097560976,0,1.2383224248265305,0,16.628787878788472,0,0,0,0,0.003913888888888889,7092.689850958127,1.9701916252661464,0.06013667425967895,0.8128834355828221,0,MEDIUM,LOW
VEH_003,68b89b2d4f65cd554d7512ab,2025-11-11 06:00:00,ON,28.81,10810.39,26.03,36.7,45.1,239.0,-0.23,10,16.14,0.0,648.86,555910.6100000002,1.7300000000000004,28.80999999999949,16.653179190751146,0,0.0,16.14,0.23,0.1,0.191,3600,0.0,19.22274,0,15,104400,26.03,0.0004805555555555557,0.00036071428571428555,72162.3762376238,1202.7062706270633,20.045104510451054,0,1.6253334423348762,0,16.653179190751146,0,0,0,0,0.004483333333333333,5805.947955390335,1.6127633209417596,0.060048594238112846,0.6671779141104295,0,MEDIUM,LOW
VEH_003,68b89b2d4f65cd554d7512ab,2025-11-11 07:00:00,ON,26.77,10837.16,62.75,36.5,42.6,240.0,0.47,49,15.53,0.0,650.47,555910.6100000002,0.0,26.770000000000437,0.0,0,0.0,15.53,0.47,0.49,0.476,3600,0.0,22.922279999999997,1,16,0,62.75,0.0,0.00032817460317460296,191209.18984280544,3186.819830713424,53.11366384522373,0,1.5102456178863628,0,0.0,0,0,0,0,0.004313888888888889,14546.0399227302,4.0405666452028335,0.0,0.02223926380368098,0,LOW,LOW
VEH_003,68b89b2d4f65cd554d7512ab,2025-11-11 08:00:00,ON,30.87,10868.03,60.9,36.2,43.8,241.0,-0.07,9,16.76,0.0,652.32,555910.6100000002,1.8500000000000014,30.8700000000008,16.686486486486906,0,0.0,16.76,0.07,0.09,0.076,3600,1.0,18.033760000000004,0,16,3600,60.9,0.0005138888888888892,0.000363095238095238,167724.59016393448,2795.409836065575,46.59016393442624,0,1.7415495787879145,0,16.686486486486906,0,0,0,0,0.004655555555555556,13081.145584725535,3.6336515513126484,0.059928733398119646,0.348159509202454,0,LOW,LOW
VEH_003,68b89b2d4f65cd554d7512ab,2025-11-11 09:00:00,ON,29.95,10897.98,59.1,36.3,43.0,242.0,0.19,40,16.48,0.0,654.12,555910.6100000002,1.7999999999999972,29.94999999999891,16.63888888888831,0,0.0,16.48,0.19,0.4,0.253,3600,0.0,20.649440000000002,0,16,7200,59.1,0.0004999999999999993,0.00038214285714285694,154654.20560747673,2577.5700934579454,42.95950155763243,0,1.689647226585513,0,16.63888888888831,0,0,0,0,0.004577777777777778,12910.194174757282,3.5861650485436893,0.06010016694491028,0.75920245398773,0,LOW,LOW
VEH_003,68b89b2d4f65cd554d7512ab,2025-11-11 10:00:00,ON,25.75,10923.73,57.56,36.4,39.7,243.0,0.07,35,15.22,0.0,655.66,555910.6100000002,1.5399999999999991,25.75,16.72077922077923,0,0.0,15.22,0.07,0.35,0.154,3600,0.0,17.56388,0,16,10800,57.56,0.0004277777777777775,0.00038769841269841257,148465.91606960088,2474.431934493348,41.2405322415558,0,1.4527017056620548,0,16.72077922077923,0,0,0,0,0.004227777777777778,13614.717477003942,3.7818659658344282,0.059805825242718415,0.18558282208588958,0,LOW,LOW
VEH_003,68b89b2d4f65cd554d7512ab,2025-11-11 11:00:00,ON,26.2,10949.93,55.98,36.3,40.7,244.0,0.33,14,15.36,0.0,657.24,555910.6100000002,1.5800000000000054,26.200000000000728,16.582278481013063,0,0.0,15.36,0.33,0.14,0.27299999999999996,3600,0.0,19.553279999999997,0,16,14400,55.98,0.0004388888888888904,0.0003896825396825397,143655.39714867616,2394.2566191446026,39.90427698574338,0,1.4780887257610444,0,16.582278481013063,0,0,0,0,0.004266666666666667,13120.312499999998,3.6445312499999996,0.060305343511448915,0.9141104294478528,0,LOW,LOW
VEH_003,68b89b2d4f65cd554d7512ab,2025-11-11 12:00:00,ON,29.03,10978.96,54.24,35.9,43.4,245.0,-0.09,35,16.21,0.0,658.98,555910.6100000002,1.7399999999999949,29.029999999998836,16.68390804597639,0,0.0,16.21,0.09,0.35,0.16799999999999998,3600,0.0,18.93328,0,16,18000,54.24,0.0004833333333333319,0.0004063492063492063,133481.25000000003,2224.6875000000005,37.07812500000001,0,1.6377448743832141,0,16.68390804597639,0,0,0,0,0.004502777777777778,12045.897594077729,3.3460826650215916,0.05993799517740491,0.37423312883435583,0,LOW,LOW
VEH_003,68b89b2d4f65cd554d7512ab,2025-11-11 13:00:00,ON,33.41,11012.36,52.24,36.0,42.3,246.0,-0.14,44,17.52,0.0,660.98,555910.6100000002,2.0,33.400000000001455,16.700000000000728,0,0.0,17.52,0.14,0.44,0.23,3600,1.0,21.549599999999998,0,16,21600,52.24,0.0005555555555555556,0.000417063492063492,125256.70789724075,2087.6117982873457,34.79352997145576,0,1.884281047344262,0,16.700000000000728,0,0,0,0,0.004866666666666667,10734.246575342466,2.981735159817352,0.059880239520955475,0.25920245398773006,0,LOW,LOW
VEH_003,68b89b2d4f65cd554d7512ab,2025-11-11 14:00:00,ON,28.02,11040.38,50.56,36.3,40.1,247.0,-0.06,14,15.9,0.0,662.66,555910.6100000002,1.6799999999999997,28.019999999998618,16.67857142857061,0,0.0,15.9,0.06,0.14,0.08399999999999999,3600,0.0,17.2356,0,16,25200,50.56,0.0004666666666666666,0.00048373015873015866,104521.08285479904,1742.0180475799839,29.033634126333066,0,1.5807651181611173,0,16.67857142857061,0,0,0,0,0.004416666666666667,11447.547169811322,3.179874213836478,0.059957173447540424,0.4217791411042945,0,LOW,LOW
VEH_003,68b89b2d4f65cd554d7512ab,2025-11-11 15:00:00,ON,30.07,11070.45,48.75,36.3,47.8,248.0,-0.03,6,16.52,0.0,664.47,555910.6100000002,1.8100000000000023,30.070000000001528,16.613259668509112,0,0.0,16.52,0.03,0.06,0.03899999999999999,3600,1.0,17.164279999999998,0,16,28800,48.75,0.0005027777777777784,0.0004821428571428571,101111.11111111112,1685.1851851851854,28.086419753086425,0,1.696417098612047,0,16.613259668509112,0,0,0,0,0.004588888888888889,10623.486682808716,2.950968523002421,0.0601928832723615,0.8588957055214724,0,LOW,LOW
VEH_003,68b89b2d4f65cd554d7512ab,2025-11-11 16:00:00,ON,23.12,11093.57,47.37,36.1,47.8,249.0,-0.29,45,14.44,0.0,665.85,555910.6100000002,1.3800000000000026,23.11999999999898,16.75362318840503,0,0.0,14.44,0.29,0.45,0.33799999999999997,3600,0.0,19.32072,0,16,32400,47.37,0.00038333333333333405,0.00046547619047619063,101766.75191815852,1696.1125319693087,28.26854219948848,0,1.3043286770836982,0,16.75362318840503,0,0,0,0,0.004011111111111111,11809.695290858725,3.2804709141274233,0.05968858131488163,0.13957055214723926,0,LOW,LOW
VEH_003,68b89b2d4f65cd554d7512ab,2025-11-11 17:00:00,ON,21.62,11115.19,46.07,35.6,41.9,250.0,0.42,27,13.99,0.0,667.15,555910.6100000002,1.2999999999999972,21.6200000000008,16.630769230769882,0,0.0,13.99,0.42,0.27,0.375,3600,0.0,19.236250000000002,0,16,36000,46.07,0.00036111111111111034,0.00045595238095238105,101041.25326370755,1684.0208877284592,28.067014795474318,0,1.2197052767539724,0,16.630769230769882,0,0,0,0,0.003886111111111111,11855.039313795569,3.293066476054325,0.060129509713226136,0.8052147239263804,0,LOW,LOW
VEH_003,68b89b2d4f65cd554d7512ab,2025-11-11 18:00:00,ON,15.57,11130.76,45.14,36.0,39.8,251.0,-0.2,31,12.17,0.0,668.09,555910.6100000002,0.9299999999999997,15.569999999999709,16.74193548387066,0,0.0,12.17,0.2,0.31,0.23299999999999998,3600,0.0,15.00561,0,16,39600,45.14,0.00025833333333333323,0.00043015873015873,104938.00738007383,1748.9667896678973,29.149446494464954,0,0.8783908954236028,0,16.74193548387066,0,0,0,0,0.0033805555555555555,13352.834839769926,3.7091207888249795,0.05973025048169667,0.15644171779141106,0,LOW,LOW
VEH_003,68b89b2d4f65cd554d7512ab,2025-11-11 19:00:00,ON,17.39,11148.15,44.09,36.4,36.8,252.0,0.48,20,12.72,0.0,669.13,555910.6100000002,1.0499999999999972,17.389999999999418,16.561904761904252,0,0.0,12.72,0.48,0.2,0.39599999999999996,3600,0.0,17.75712,0,16,43200,44.09,0.0002916666666666659,0.00040277777777777767,109464.82758620693,1824.4137931034488,30.406896551724145,0,0.9810672878237782,0,16.561904761904252,0,0,0,0,0.0035333333333333336,12478.301886792453,3.466194968553459,0.060379528464636706,0.9309815950920245,0,MEDIUM,LOW
VEH_003,68b89b2d4f65cd554d7512ab,2025-11-11 20:00:00,ON,15.6,11163.76,43.16,36.9,43.8,253.0,0.43,44,12.18,0.0,670.07,555910.6100000002,0.9300000000000068,15.610000000000582,16.78494623655964,0,0.0,12.18,0.43,0.44,0.433,3600,0.0,17.45394,0,16,46800,43.16,0.00025833333333333524,0.0003603174603174605,119783.2599118942,1996.3876651982366,33.273127753303946,0,0.8806475194324475,0,16.78494623655964,0,0,0,0,0.0033833333333333332,12756.650246305418,3.5435139573070606,0.059577194106340305,0.1165644171779141,0,MEDIUM,LOW
VEH_003,68b89b2d4f65cd554d7512ab,2025-11-11 21:00:00,ON,16.3,11180.06,42.18,37.0,41.6,254.0,0.15,36,12.39,0.0,671.04,555910.6100000002,0.9799999999999969,16.299999999999272,16.6326530612238,0,0.0,12.39,0.15,0.36,0.213,3600,0.0,15.02907,0,16,50400,42.18,0.00027222222222222133,0.0003325396825396826,126842.00477326965,2114.0334128878276,35.23389021479713,0,0.9195742835840947,0,16.6326530612238,0,0,0,0,0.0034416666666666667,12255.690072639225,3.404358353510896,0.06012269938650556,0.7883435582822086,0,MEDIUM,LOW
VEH_003,68b89b2d4f65cd554d7512ab,2025-11-11 22:00:00,ON,11.93,11191.99,41.46,37.0,40.7,255.0,0.02,23,11.08,0.0,671.76,555910.6100000002,0.7199999999999989,11.930000000000291,16.569444444444876,0,0.0,11.08,0.02,0.23,0.083,3600,0.0,11.99964,0,16,54000,41.46,0.00019999999999999968,0.00028928571428571425,143318.51851851854,2388.6419753086425,39.81069958847737,0,0.6730381106232519,0,16.569444444444876,0,0,0,0,0.003077777777777778,13470.758122743682,3.7418772563176894,0.06035205364626834,0.9263803680981595,0,MEDIUM,LOW
VEH_003,68b89b2d4f65cd554d7512ab,2025-11-11 23:00:00,ON,11.38,11203.37,40.78,37.2,32.5,256.0,0.45,39,10.91,0.0,672.44,555910.6100000002,0.6799999999999997,11.380000000001019,16.735294117648564,0,0.0,10.91,0.45,0.39,0.432,3600,0.0,15.62312,0,16,57600,40.78,0.0001888888888888888,0.0002615079365079364,155941.72989377854,2599.0288315629755,43.31714719271626,0,0.6420095305023559,0,16.735294117648564,0,0,0,0,0.0030305555555555554,13456.27864344638,3.7378551787351055,0.05975395430579428,0.1656441717791411,0,MEDIUM,LOW
VEH_003,68b89b2d4f65cd554d7512ab,2025-11-12 00:00:00,ON,4.48,11207.84,40.51,36.9,34.6,257.0,-0.11,36,8.84,0.0,672.71,555910.6100000002,0.2700000000000031,4.469999999999345,16.55555555555294,0,0.0,8.84,0.11,0.36,0.185,3600,0.0,10.4754,0,16,61200,40.51,7.500000000000087e-05,0.00022063492063492072,183606.4748201438,3060.1079136690632,51.001798561151055,0,0.2521777329828518,0,16.55555555555294,0,0,0,0,0.0024555555555555554,16497.285067873305,4.582579185520363,0.06040268456376794,0.9447852760736196,0,MEDIUM,LOW
VEH_003,68b89b2d4f65cd554d7512ab,2025-11-12 01:00:00,ON,8.93,11216.77,39.97,36.7,41.5,258.0,-0.05,43,10.18,0.0,673.25,555910.6100000002,0.5399999999999991,8.930000000000291,16.537037037037603,0,0.0,10.18,0.05,0.43,0.164,3600,0.0,11.849519999999998,0,16,64800,39.97,0.00014999999999999977,0.0002051587301587302,194824.75822050284,3247.0793036750474,54.117988394584124,0,0.5037913099635951,0,16.537037037037603,0,0,0,0,0.0028277777777777776,14134.774066797643,3.926326129666012,0.06047032474803825,0.9539877300613497,0,MEDIUM,LOW
VEH_003,68b89b2d4f65cd554d7512ab,2025-11-12 02:00:00,ON,13.34,11230.11,39.17,36.7,42.9,259.0,0.41,14,11.5,0.0,674.05,555910.6100000002,0.7999999999999972,13.340000000000146,16.675000000000242,0,0.0,11.5,0.41,0.14,0.32899999999999996,3600,0.0,15.2835,0,16,68400,39.17,0.00022222222222222142,0.0001952380952380953,200626.82926829264,3343.7804878048773,55.72967479674796,0,0.7525841069332825,0,16.675000000000242,0,0,0,0,0.0031944444444444446,12261.91304347826,3.406086956521739,0.05997001499250288,0.455521472392638,0,MEDIUM,LOW
VEH_003,68b89b2d4f65cd554d7512ab,2025-11-12 03:00:00,ON,20.31,11250.42,37.96,35.7,45.6,260.0,-0.34,26,13.59,0.0,675.27,555910.6100000002,1.2100000000000009,20.30999999999949,16.785123966941715,0,0.0,13.59,0.34,0.26,0.316,3600,0.0,17.88444,0,16,72000,37.96,0.00033611111111111135,0.00020634920634920615,183960.00000000017,3066.0000000000027,51.10000000000005,0,1.1458008404658484,0,16.785123966941715,0,0,0,0,0.003775,10055.629139072847,2.793230316409124,0.05957656326932699,0.11503067484662577,0,MEDIUM,LOW
VEH_003,68b89b2d4f65cd554d7512ab,2025-11-12 04:00:00,ON,17.14,11267.56,36.93,35.5,39.4,261.0,-0.2,26,12.64,0.0,676.29,555910.6100000002,1.0300000000000011,17.139999999999418,16.640776699028542,0,0.0,12.64,0.2,0.26,0.21799999999999997,3600,0.0,15.395520000000001,0,16,75600,36.93,0.00028611111111111144,0.00020833333333333335,177264.0,2954.4,49.24,0,0.9669633877688069,0,16.640776699028542,0,0,0,0,0.003511111111111111,10518.037974683544,2.9216772151898733,0.06009334889148402,0.7438650306748467,0,MEDIUM,LOW
VEH_003,68b89b2d4f65cd554d7512ab,2025-11-12 05:00:00,ON,9.51,11277.07,36.36,35.9,40.1,262.0,0.19,10,10.35,0.0,676.86,555910.6100000002,0.5700000000000003,9.510000000000218,16.684210526316164,0,0.0,10.35,0.19,0.1,0.16299999999999998,3600,0.0,12.03705,0,16,79200,36.36,0.0001583333333333334,0.00020238095238095245,179661.17647058817,2994.3529411764694,49.905882352941155,0,0.5365123580911246,0,16.684210526316164,0,0,0,0,0.002875,12646.95652173913,3.5130434782608693,0.059936908517348814,0.37116564417177916,0,MEDIUM,LOW
VEH_003,68b89b2d4f65cd554d7512ab,2025-11-12 06:00:00,ON,14.74,11291.81,35.47,35.3,44.5,263.0,0.48,20,11.92,0.0,677.75,555910.6100000002,0.8900000000000006,14.739999999999782,16.561797752808733,0,0.0,11.92,0.48,0.2,0.39599999999999996,3600,0.0,16.64032,0,16,82800,35.47,0.0002472222222222224,0.0002107142857142858,168332.20338983042,2805.53672316384,46.758945386064006,0,0.8315659472411018,0,16.561797752808733,0,0,0,0,0.003311111111111111,10712.41610738255,2.9756711409395975,0.060379918588874745,0.9325153374233128,0,MEDIUM,LOW
VEH_003,68b89b2d4f65cd554d7512ab,2025-11-12 07:00:00,ON,21.12,11312.93,34.21,35.2,42.4,264.0,-0.48,29,13.84,0.0,679.02,555910.6100000002,1.259999999999998,21.1200000000008,16.761904761905424,0,0.0,13.84,0.48,0.29,0.42299999999999993,3600,0.0,19.69432,0,16,86400,34.21,0.00034999999999999945,0.0002499999999999999,136840.00000000006,2280.6666666666674,38.01111111111113,0,1.1914974766440296,0,16.761904761905424,0,0,0,0,0.0038444444444444446,8898.554913294798,2.471820809248555,0.05965909090908855,0.13190184049079753,0,MEDIUM,LOW
VEH_003,68b89b2d4f65cd554d7512ab,2025-11-12 08:00:00,ON,15.54,11328.47,33.27,34.8,37.8,265.0,-0.13,31,12.16,0.0,679.95,555910.6100000002,0.9399999999999977,15.539999999999054,16.531914893616054,0,0.0,12.16,0.13,0.31,0.184,3600,0.0,14.39744,0,16,90000,33.27,0.00026111111111111045,0.0002658730158730157,125134.92537313442,2085.58208955224,34.75970149253734,0,0.8766984274169692,0,16.531914893616054,0,0,0,0,0.0033777777777777777,9849.67105263158,2.7360197368421058,0.06048906048906402,0.9555214723926381,0,MEDIUM,LOW
VEH_003,68b89b2d4f65cd554d7512ab,2025-11-12 09:00:00,ON,14.39,11342.86,32.41,34.9,41.3,266.0,0.08,35,11.82,0.0,680.81,555910.6100000002,0.8600000000000065,14.390000000001237,16.732558139536195,0,0.0,11.82,0.08,0.35,0.16099999999999998,3600,0.0,13.72302,0,16,93600,32.41,0.0002388888888888907,0.00026825396825396847,120818.34319526616,2013.639053254436,33.560650887573935,0,0.811820487164224,0,16.732558139536195,0,0,0,0,0.0032833333333333334,9871.065989847715,2.7419627749576985,0.05976372480889038,0.17331288343558282,0,MEDIUM,LOW
VEH_003,68b89b2d4f65cd554d7512ab,2025-11-12 10:00:00,ON,11.06,11353.93,31.75,34.4,38.2,267.0,0.12,33,10.82,0.0,681.48,555910.6100000002,0.6599999999999966,11.069999999999709,16.772727272726918,0,0.0,10.82,0.12,0.33,0.183,3600,0.0,12.80006,0,16,97200,31.75,0.0001833333333333324,0.00024642857142857143,128840.57971014493,2147.3429951690823,35.789049919484704,0,0.6245206944341175,0,16.772727272726918,0,0,0,0,0.0030055555555555556,10563.770794824399,2.934380776340111,0.05962059620596332,0.12269938650306748,0,MEDIUM,LOW
VEH_003,68b89b2d4f65cd554d7512ab,2025-11-12 11:00:00,ON,14.27,11368.2,30.89,33.9,36.9,268.0,0.44,32,11.78,0.0,682.33,555910.6100000002,0.8599999999999994,14.270000000000437,16.593023255814472,0,0.0,11.78,0.44,0.32,0.404,3600,0.0,16.539119999999997,0,16,100800,30.89,0.00023888888888888874,0.00023968253968253966,128878.80794701989,2147.9801324503314,35.79966887417219,0,0.8050506151377925,0,16.593023255814472,0,0,0,0,0.003272222222222222,9440.067911714772,2.6222410865874366,0.060266292922212555,0.9003067484662577,0,MEDIUM,LOW
VEH_003,68b89b2d4f65cd554d7512ab,2025-11-12 12:00:00,ON,15.24,11383.44,29.97,33.8,39.2,269.0,-0.35,42,12.07,0.0,683.25,555910.6100000002,0.9200000000000017,15.239999999999782,16.56521739130408,0,0.0,12.07,0.35,0.42,0.371,3600,0.0,16.54797,0,16,104400,29.97,0.000255555555555556,0.0002535714285714286,118191.54929577465,1969.8591549295775,32.83098591549296,0,0.8597737473510446,0,16.56521739130408,0,0,0,0,0.003352777777777778,8938.856669428334,2.4830157415078706,0.06036745406824245,0.9294478527607362,0,MEDIUM,LOW
VEH_003,68b89b2d4f65cd554d7512ab,2025-11-12 13:00:00,ON,13.07,11396.51,29.19,33.6,38.6,270.0,-0.04,12,11.42,0.0,684.03,555910.6100000002,0.7799999999999976,13.069999999999709,16.756410256409936,0,0.0,11.42,0.04,0.12,0.064,3600,0.0,12.15088,0,16,108000,29.19,0.000216666666666666,0.0002492063492063491,117131.84713375803,1952.1974522293006,32.536624203821674,0,0.7373518948738887,0,16.756410256409936,0,0,0,0,0.003172222222222222,9201.751313485114,2.556042031523643,0.05967865340474483,0.13803680981595093,0,MEDIUM,LOW
VEH_003,68b89b2d4f65cd554d7512ab,2025-11-12 14:00:00,ON,10.08,11406.59,28.59,33.9,33.5,271.0,0.36,17,10.52,0.0,684.64,555910.6100000002,0.6000000000000014,10.079999999999927,16.799999999999837,0,0.0,10.52,0.36,0.17,0.303,3600,0.0,13.707559999999999,0,16,111600,28.59,0.00016666666666666707,0.00022301587301587302,128197.15302491104,2136.619217081851,35.61032028469751,0,0.568669250216443,0,16.799999999999837,0,0,0,0,0.002922222222222222,9783.65019011407,2.7176806083650193,0.059523809523810096,0.11196319018404909,0,MEDIUM,LOW
VEH_003,68b89b2d4f65cd554d7512ab,2025-11-12 15:00:00,ON,9.43,11416.02,57.78,33.6,38.7,272.0,-0.07,44,10.33,0.0,685.2,555910.6100000002,0.0,9.430000000000291,0.0,0,0.0,10.33,0.07,0.44,0.181,3600,0.0,12.19973,1,17,0,57.78,0.0,0.00018571428571428583,311123.07692307676,5185.3846153846125,86.42307692307688,0,0.5319991100735378,0,0.0,0,0,0,0,0.0028694444444444444,20136.302032913845,5.593417231364957,0.0,0.02223926380368098,0,LOW,LOW
VEH_003,68b89b2d4f65cd554d7512ab,2025-11-12 16:00:00,ON,2.46,11418.48,57.63,32.7,32.9,273.0,0.17,3,8.24,0.0,685.35,555910.6100000002,0.14999999999999858,2.459999999999127,16.399999999994336,0,0.0,8.24,0.17,0.03,0.128,3600,0.0,9.294720000000002,0,17,3600,57.63,4.166666666666627e-05,0.00015753968253968235,365812.59445843875,6096.876574307313,101.61460957178853,0,0.1387823765408694,0,16.399999999994336,0,0,0,0,0.002288888888888889,25178.155339805828,6.993932038834952,0.060975609756118626,0.9708588957055214,0,LOW,LOW
VEH_003,68b89b2d4f65cd554d7512ab,2025-11-12 17:00:00,ON,9.01,11427.49,57.09,32.4,34.0,274.0,0.48,31,10.2,0.0,685.89,555910.6100000002,0.5399999999999991,9.010000000000218,16.685185185185617,0,0.0,10.2,0.48,0.31,0.42899999999999994,3600,0.0,14.575799999999997,0,17,7200,57.09,0.00014999999999999977,0.0001527777777777777,373680.00000000023,6228.000000000004,103.80000000000007,0,0.5083045579811818,0,16.685185185185617,0,0,0,0,0.002833333333333333,20149.411764705885,5.597058823529412,0.05993340732519268,0.3604294478527607,0,LOW,LOW
VEH_003,68b89b2d4f65cd554d7512ab,2025-11-12 18:00:00,ON,11.04,11438.53,56.43,32.1,39.2,275.0,-0.22,22,10.81,0.0,686.55,555910.6100000002,0.6600000000000037,11.040000000000873,16.727272727273956,0,0.0,10.81,0.22,0.22,0.22,3600,0.0,13.1882,0,17,10800,56.43,0.00018333333333333437,0.00014484126984126993,389598.9041095888,6493.315068493147,108.22191780821912,0,0.6228282264275866,0,16.727272727273956,0,0,0,0,0.003002777777777778,18792.59944495837,5.220166512488436,0.05978260869564778,0.17791411042944785,0,LOW,LOW
VEH_003,68b89b2d4f65cd554d7512ab,2025-11-12 19:00:00,ON,14.3,11452.83,55.57,32.0,39.4,276.0,0.43,36,11.79,0.0,687.41,555910.6100000002,0.8599999999999994,14.299999999999272,16.62790697674335,0,0.0,11.79,0.43,0.36,0.409,3600,0.0,16.612109999999998,0,17,14400,55.57,0.00023888888888888874,0.00014246031746031746,390073.5376044568,6501.2256267409475,108.35376044568245,0,0.8067430831443234,0,16.62790697674335,0,0,0,0,0.0032749999999999997,16967.93893129771,4.71331636980492,0.06013986013986316,0.8190184049079755,0,LOW,LOW
VEH_003,68b89b2d4f65cd554d7512ab,2025-11-12 20:00:00,ON,18.86,11471.69,54.44,33.0,37.5,277.0,0.42,38,13.16,0.0,688.54,555910.6100000002,1.1300000000000026,18.860000000000582,16.69026548672614,0,0.0,13.16,0.42,0.38,0.408,3600,0.0,18.52928,0,17,18000,54.44,0.0003138888888888896,0.00015634920634920654,348194.9238578676,5803.24873096446,96.720812182741,0,1.0639982201470757,0,16.69026548672614,0,0,0,0,0.0036555555555555556,14892.40121580547,4.136778115501519,0.05991516436903328,0.3113496932515337,0,LOW,LOW
VEH_003,68b89b2d4f65cd554d7512ab,2025-11-12 21:00:00,ON,19.14,11490.83,53.29,33.4,42.6,278.0,-0.18,38,13.24,0.0,689.69,555910.6100000002,1.1499999999999986,19.139999999999418,16.64347826086908,0,0.0,13.24,0.18,0.38,0.24,3600,0.0,16.4176,0,17,21600,53.29,0.00031944444444444403,0.00017817460317460327,299088.64142538956,4984.810690423159,83.08017817371932,0,1.079794588208578,0,16.64347826086908,0,0,0,0,0.0036777777777777776,14489.728096676738,4.0249244712990935,0.06008359456635494,0.7208588957055214,0,LOW,LOW
VEH_003,68b89b2d4f65cd554d7512ab,2025-11-12 22:00:00,ON,20.28,11511.1,52.07,33.7,43.3,279.0,0.34,32,13.58,0.0,690.91,555910.6100000002,1.2199999999999989,20.270000000000437,16.61475409836103,0,0.0,13.58,0.34,0.32,0.33399999999999996,3600,0.0,18.11572,0,17,25200,52.07,0.0003388888888888886,0.00022658730158730165,229801.050788091,3830.01751313485,63.833625218914165,0,1.1435442164571064,0,16.61475409836103,0,0,0,0,0.0037722222222222224,13803.534609720176,3.8343151693667155,0.0601874691662542,0.8573619631901841,0,LOW,LOW
VEH_003,68b89b2d4f65cd554d7512ab,2025-11-12 23:00:00,ON,23.74,11534.84,50.65,33.3,38.9,280.0,-0.1,30,14.62,0.0,692.33,555910.6100000002,1.4200000000000017,23.73999999999978,16.718309859154754,0,0.0,14.62,0.1,0.3,0.15999999999999998,3600,0.0,16.9592,0,17,28800,50.65,0.00039444444444444493,0.0002769841269841272,182862.46418338094,3047.7077363896824,50.79512893982804,0,1.3393063492200725,0,16.718309859154754,0,0,0,0,0.004061111111111111,12471.956224350206,3.464432284541724,0.05981465880370745,0.19171779141104295,0,LOW,LOW
VEH_003,68b89b2d4f65cd554d7512ab,2025-11-13 00:00:00,ON,30.29,11565.13,48.83,32.8,44.6,281.0,-0.49,45,16.59,0.0,694.15,555910.6100000002,1.8200000000000003,30.289999999999054,16.64285714285662,0,0.0,16.59,0.49,0.45,0.478,3600,1.0,24.52002,0,17,32400,48.83,0.0005055555555555556,0.00032777777777777796,148972.88135593213,2482.881355932202,41.38135593220337,0,1.7088285306602822,0,16.64285714285662,0,0,0,0,0.004608333333333333,10596.021699819168,2.9433393610608802,0.06008583690987313,0.7285276073619632,0,LOW,LOW
VEH_003,68b89b2d4f65cd554d7512ab,2025-11-13 01:00:00,ON,31.91,11597.04,46.92,32.4,44.3,282.0,-0.12,15,17.07,0.0,696.06,555910.6100000002,1.9099999999999966,31.910000000001673,16.70680628272342,0,0.0,17.07,0.12,0.15,0.129,3600,1.0,19.27203,0,17,36000,46.92,0.0005305555555555546,0.0003773809523809523,124330.5993690852,2072.17665615142,34.53627760252367,0,1.8002218030166448,0,16.70680628272342,0,0,0,0,0.004741666666666667,9895.254833040422,2.748681898066784,0.05985584456282972,0.22699386503067484,0,LOW,LOW
VEH_003,68b89b2d4f65cd554d7512ab,2025-11-13 02:00:00,ON,37.53,11634.57,44.67,32.7,47.9,283.0,0.18,44,18.76,0.0,698.31,555910.6100000002,2.25,37.529999999998836,16.67999999999948,0,0.0,18.76,0.18,0.44,0.258,3600,1.0,23.600080000000002,0,17,39600,44.67,0.000625,0.00043253968253968245,103273.76146788994,1721.2293577981657,28.68715596330276,0,2.1172774762522417,0,16.67999999999948,0,0,0,0,0.005211111111111112,8572.068230277186,2.381130063965885,0.05995203836930642,0.40950920245398775,0,MEDIUM,LOW
VEH_003,68b89b2d4f65cd554d7512ab,2025-11-13 03:00:00,ON,38.11,11672.68,42.38,32.2,43.4,284.0,-0.19,5,18.93,0.0,700.6,555910.6100000002,2.289999999999999,38.11000000000058,16.641921397380173,0,0.0,18.93,0.19,0.05,0.14799999999999996,3600,1.0,21.73164,0,17,43200,42.38,0.0006361111111111108,0.00047857142857142836,88555.22388059706,1475.920398009951,24.59867330016585,0,2.1499985243798743,0,16.641921397380173,0,0,0,0,0.005258333333333334,8059.587955625991,2.2387744321183307,0.060089215429020314,0.7377300613496932,0,MEDIUM,LOW
VEH_003,68b89b2d4f65cd554d7512ab,2025-11-13 04:00:00,ON,43.57,11716.25,39.77,31.8,49.7,285.0,-0.18,7,20.57,0.0,703.21,555910.6100000002,2.6099999999999994,43.56999999999971,16.693486590038205,0,0.0,20.57,0.18,0.07,0.147,3600,1.0,23.593790000000002,0,17,46800,39.77,0.0007249999999999998,0.0005365079365079364,74127.51479289943,1235.4585798816572,20.590976331360952,0,2.4580277015804004,0,16.693486590038205,0,0,0,0,0.005713888888888889,6960.233349538163,1.9333981526494897,0.05990360339683307,0.29754601226993865,0,MEDIUM,LOW
VEH_003,68b89b2d4f65cd554d7512ab,2025-11-13 05:00:00,ON,38.53,11754.78,37.45,32.1,51.5,286.0,0.48,24,19.06,0.0,705.53,555910.6100000002,2.3200000000000003,38.530000000000655,16.607758620689935,0,0.0,19.06,0.48,0.24,0.408,3600,1.0,26.836479999999998,0,17,50400,37.45,0.0006444444444444446,0.0005801587301587301,64551.29958960329,1075.8549931600548,17.93091655266758,0,2.17369307647223,0,16.607758620689935,0,0,0,0,0.0052944444444444445,7073.452256033579,1.9648478488982164,0.0602128211783016,0.8680981595092024,0,MEDIUM,LOW
VEH_003,68b89b2d4f65cd554d7512ab,2025-11-13 06:00:00,ON,42.54,11797.31,34.9,32.4,48.2,287.0,0.13,22,20.26,0.0,708.08,555910.6100000002,2.5500000000000043,42.529999999998836,16.678431372548534,0,0.0,20.26,0.13,0.22,0.157,3600,1.0,23.440820000000002,0,17,54000,34.9,0.0007083333333333345,0.0006249999999999999,55840.00000000001,930.6666666666667,15.511111111111113,0,2.39935547735167,0,16.678431372548534,0,0,0,0,0.005627777777777778,6201.382033563671,1.722606120434353,0.05995767693393073,0.4233128834355828,0,MEDIUM,LOW
VEH_003,68b89b2d4f65cd554d7512ab,2025-11-13 07:00:00,ON,45.03,11842.34,32.2,32.1,54.8,288.0,0.16,11,21.01,0.0,710.78,555910.6100000002,2.6999999999999957,45.030000000000655,16.677777777778047,0,0.0,21.01,0.16,0.11,0.145,3600,1.0,24.05645,0,17,57600,32.2,0.0007499999999999988,0.0006599206349206348,48793.746241731824,813.2291040288637,13.553818400481061,0,2.540394477901487,0,16.677777777778047,0,0,0,0,0.005836111111111111,5517.372679676345,1.532603522132318,0.05996002664889977,0.4263803680981595,0,MEDIUM,LOW
VEH_003,68b89b2d4f65cd554d7512ab,2025-11-13 08:00:00,ON,37.54,11879.88,29.95,32.3,48.7,289.0,0.1,41,18.76,0.0,713.03,555910.6100000002,2.2500000000000036,37.539999999999054,16.684444444443997,0,0.0,18.76,0.1,0.41,0.19299999999999998,3600,1.0,22.38068,0,17,61200,29.95,0.000625000000000001,0.0006734126984126984,44474.95580436064,741.2492634060106,12.354154390100177,0,2.117841632254453,0,16.684444444443997,0,0,0,0,0.005211111111111112,5747.334754797441,1.5964818763326225,0.059936068193928084,0.36503067484662577,0,MEDIUM,LOW
VEH_003,68b89b2d4f65cd554d7512ab,2025-11-13 09:00:00,ON,45.29,11925.17,27.23,32.3,46.2,290.0,-0.19,32,21.09,0.0,715.75,555910.6100000002,2.719999999999999,45.29000000000087,16.650735294117975,0,0.0,21.09,0.19,0.32,0.22899999999999998,3600,1.0,25.919610000000002,0,17,64800,27.23,0.0007555555555555552,0.0006920634920634921,39346.10091743119,655.7683486238532,10.92947247706422,0,2.5550625339586692,0,16.650735294117975,0,0,0,0,0.0058583333333333334,4648.079658605974,1.2911332385016594,0.060057407816293804,0.6825153374233128,0,MEDIUM,MEDIUM
VEH_003,68b89b2d4f65cd554d7512ab,2025-11-13 10:00:00,ON,45.6,11970.77,24.49,32.2,45.9,291.0,0.38,20,21.18,0.0,718.49,555910.6100000002,2.740000000000002,45.600000000000364,16.64233576642348,0,0.0,21.18,0.38,0.2,0.32599999999999996,3600,1.0,28.084680000000002,0,17,68400,24.49,0.0007611111111111117,0.0007099206349206351,34496.813862493,574.9468977082166,9.582448295136944,0,2.572551370026805,0,16.64233576642348,0,0,0,0,0.005883333333333333,4162.606232294617,1.156279508970727,0.060087719298245176,0.7315950920245399,0,HIGH,MEDIUM
VEH_003,68b89b2d4f65cd554d7512ab,2025-11-13 11:00:00,ON,40.57,12011.34,22.06,32.8,51.1,292.0,0.02,16,19.67,0.0,720.92,555910.6100000002,2.4299999999999997,40.56999999999971,16.695473251028687,0,0.0,19.67,0.02,0.16,0.062,3600,1.0,20.889540000000004,0,17,72000,22.06,0.0006749999999999999,0.000702777777777778,31389.723320158093,523.1620553359683,8.719367588932803,0,2.2887809009207434,0,16.695473251028687,0,0,0,0,0.00546388888888889,4037.4173868835783,1.1215048296898829,0.05989647522800141,0.2837423312883436,0,HIGH,MEDIUM
VEH_003,68b89b2d4f65cd554d7512ab,2025-11-13 12:00:00,ON,39.27,12050.61,19.7,32.5,49.3,293.0,-0.09,4,19.28,0.0,723.28,555910.6100000002,2.3599999999999994,39.27000000000044,16.639830508474766,0,0.0,19.28,0.09,0.04,0.075,3600,1.0,20.726,0,17,75600,19.7,0.0006555555555555554,0.0007043650793650795,27968.450704225346,466.1408450704224,7.769014084507041,0,2.2154406206349333,0,16.639830508474766,0,0,0,0,0.005355555555555556,3678.423236514522,1.0217842323651452,0.060096765979118234,0.75,0,HIGH,MEDIUM
VEH_003,68b89b2d4f65cd554d7512ab,2025-11-13 13:00:00,ON,35.49,12086.1,17.57,33.0,46.6,294.0,0.15,9,18.15,0.0,725.41,555910.6100000002,2.129999999999999,35.48999999999978,16.66197183098582,0,0.0,18.15,0.15,0.09,0.132,3600,1.0,20.5458,0,17,79200,17.57,0.0005916666666666663,0.0006876984126984126,25548.99019042124,425.8165031736873,7.096941719561455,0,2.0021896518037288,0,16.66197183098582,0,0,0,0,0.0050416666666666665,3484.9586776859505,0.9680440771349863,0.060016906170752664,0.5874233128834356,0,HIGH,MEDIUM
VEH_003,68b89b2d4f65cd554d7512ab,2025-11-13 14:00:00,ON,35.77,12121.87,15.43,32.4,45.9,295.0,-0.49,28,18.23,0.0,727.55,555910.6100000002,2.1400000000000006,35.77000000000044,16.714953271028236,0,0.0,18.23,0.49,0.28,0.427,3600,1.0,26.014210000000002,0,17,82800,15.43,0.0005944444444444446,0.0006654761904761905,23186.404293381038,386.44007155635063,6.44066785927251,0,2.0179860198653334,0,16.714953271028236,0,0,0,0,0.005063888888888889,3047.065277015908,0.8464070213933078,0.05982667039418436,0.200920245398773,0,HIGH,MEDIUM
VEH_003,68b89b2d4f65cd554d7512ab,2025-11-13 15:00:00,ON,31.22,12153.08,13.56,32.3,42.5,296.0,-0.05,2,16.87,0.0,729.43,555910.6100000002,1.8699999999999992,31.209999999999127,16.689839572192053,0,0.0,16.87,0.05,0.02,0.040999999999999995,3600,1.0,17.56167,0,17,86400,13.56,0.0005194444444444442,0.0006503968253968255,20848.81025015253,347.4801708358755,5.791336180597925,0,1.7607308828625812,0,16.689839572192053,0,0,0,0,0.004686111111111111,2893.657379964434,0.8037937166567872,0.05991669336751206,0.31441717791411045,0,HIGH,MEDIUM
VEH_003,68b89b2d4f65cd554d7512ab,2025-11-13 16:00:00,ON,31.75,12184.84,11.65,32.8,46.9,297.0,0.33,39,17.03,0.0,731.33,555910.6100000002,1.9100000000000001,31.76000000000022,16.628272251309014,0,0.0,17.03,0.33,0.39,0.348,3600,1.0,22.95644,0,17,90000,11.65,0.0005305555555555556,0.0006182539682539682,18843.388960205393,314.0564826700899,5.2342747111681645,0,1.7917594629835798,0,16.628272251309014,0,0,0,0,0.0047305555555555556,2462.712859659425,0.6840869054609513,0.06013853904282075,0.8174846625766872,0,HIGH,MEDIUM
VEH_003,68b89b2d4f65cd554d7512ab,2025-11-13 17:00:00,ON,38.62,12223.46,9.33,32.7,50.4,298.0,0.19,27,19.09,0.0,733.65,555910.6100000002,2.3200000000000003,38.61999999999898,16.64655172413749,0,0.0,19.09,0.19,0.27,0.21399999999999997,3600,1.0,23.175259999999998,0,17,93600,9.33,0.0006444444444444446,0.0006015873015873016,15508.970976253298,258.48284960422166,4.308047493403694,0,2.1787704804919255,0,16.64655172413749,0,0,0,0,0.005302777777777778,1759.4552121529596,0.48873755893137766,0.06007250129466757,0.7070552147239264,0,HIGH,HIGH
VEH_003,68b89b2d4f65cd554d7512ab,2025-11-13 18:00:00,ON,34.08,12257.54,7.29,32.4,48.5,299.0,0.37,16,17.72,0.0,735.69,555910.6100000002,2.04,34.080000000001746,16.705882352942034,0,0.0,17.72,0.37,0.16,0.307,3600,1.0,23.16004,0,17,97200,7.29,0.0005666666666666667,0.000586111111111111,12437.91469194313,207.29857819905217,3.454976303317536,0,1.9226436554938007,0,16.705882352942034,0,0,0,0,0.004922222222222222,1481.038374717833,0.41139954853273136,0.0598591549295744,0.23159509202453987,0,HIGH,HIGH
VEH_003,68b89b2d4f65cd554d7512ab,2025-11-13 19:00:00,ON,35.15,12292.68,5.18,32.2,43.6,300.0,-0.16,44,18.04,0.0,737.8,555910.6100000002,2.1100000000000003,35.13999999999942,16.654028436018677,0,0.0,18.04,0.16,0.44,0.244,3600,1.0,22.44176,0,17,100800,5.18,0.0005861111111111113,0.0005761904761904761,8990.082644628099,149.83471074380165,2.497245179063361,0,1.9824441917267481,0,16.654028436018677,0,0,0,0,0.005011111111111111,1033.7028824833703,0.287139689578714,0.060045532157086946,0.6579754601226994,0,HIGH,HIGH
VEH_003,68b89b2d4f65cd554d7512ab,2025-11-13 20:00:00,ON,39.09,12331.77,2.83,32.1,44.6,301.0,0.03,17,19.23,0.0,740.15,555910.6100000002,2.3499999999999996,39.090000000000146,16.634042553191552,0,0.0,19.23,0.03,0.17,0.07200000000000001,3600,1.0,20.61456,0,17,104400,2.83,0.0006527777777777777,0.000584920634920635,4838.263229308005,80.63772048846675,1.3439620081411126,0,2.205285812595337,0,16.634042553191552,0,0,0,0,0.0053416666666666664,529.7971918876756,0.14716588663546543,0.06011767715528245,0.7791411042944786,0,HIGH,HIGH
VEH_003,68b89b2d4f65cd554d7512ab,2025-11-13 21:00:00,ON,43.35,12375.13,52.24,32.7,48.8,302.0,-0.26,41,20.51,0.0,742.75,555910.6100000002,0.0,43.35999999999876,0.0,0,0.0,20.51,0.26,0.41,0.305,3600,1.0,26.76555,1,18,0,52.24,0.0,0.0005000000000000001,104479.99999999999,1741.333333333333,29.02222222222222,0,2.446180425534171,0,0.0,0,0,0,0,0.0056972222222222224,9169.380789858606,2.5470502194051683,0.0,0.02223926380368098,0,LOW,LOW
VEH_003,68b89b2d4f65cd554d7512ab,2025-11-13 22:00:00,ON,47.63,12422.76,49.38,33.0,48.8,303.0,-0.16,34,21.79,0.0,745.61,555910.6100000002,2.8599999999999994,47.63000000000102,16.653846153846512,0,0.0,21.79,0.16,0.34,0.214,3600,1.0,26.453059999999997,0,18,3600,49.38,0.0007944444444444443,0.0005392857142857143,91565.5629139073,1526.0927152317884,25.434878587196472,0,2.68707503847321,0,16.653846153846512,0,0,0,0,0.006052777777777778,8158.237723726481,2.266177145479578,0.06004618937644212,0.6595092024539877,0,LOW,LOW
VEH_003,68b89b2d4f65cd554d7512ab,2025-11-13 23:00:00,ON,51.48,12474.24,46.29,33.3,49.7,304.0,0.12,19,22.95,0.0,748.69,555910.6100000002,3.0900000000000034,51.47999999999956,16.660194174757123,0,0.0,22.95,0.12,0.19,0.141,3600,1.0,26.18595,0,18,7200,46.29,0.0008583333333333343,0.0005861111111111113,78978.19905213268,1316.3033175355447,21.93838862559241,0,2.9042750993196873,0,16.660194174757123,0,0,0,0,0.006375,7261.176470588236,2.016993464052288,0.0600233100233106,0.6119631901840491,0,LOW,LOW
VEH_003,68b89b2d4f65cd554d7512ab,2025-11-14 00:00:00,ON,47.4,12521.64,43.45,33.9,46.4,305.0,0.12,4,21.72,0.0,751.54,555910.6100000002,2.8399999999999963,47.399999999999636,16.690140845070317,0,0.0,21.72,0.12,0.04,0.09599999999999999,3600,1.0,23.805120000000002,0,18,10800,43.45,0.0007888888888888879,0.0006067460317460318,71611.5107913669,1193.525179856115,19.89208633093525,0,2.6740994504225584,0,16.690140845070317,0,0,0,0,0.006033333333333333,7201.657458563536,2.000460405156538,0.059915611814346376,0.3128834355828221,0,MEDIUM,LOW
VEH_003,68b89b2d4f65cd554d7512ab,2025-11-14 01:00:00,ON,54.8,12576.45,40.16,34.5,49.6,306.0,0.23,20,23.94,0.0,754.83,555910.6100000002,3.2900000000000063,54.81000000000131,16.659574468085474,0,0.0,23.94,0.23,0.2,0.221,3600,1.0,29.230740000000004,0,18,14400,40.16,0.0009138888888888906,0.0006563492063492066,61186.94074969768,1019.7823458282946,16.996372430471578,0,3.092139048052005,0,16.659574468085474,0,0,0,0,0.0066500000000000005,6039.097744360901,1.6775271512113614,0.06002554278416215,0.6180981595092024,0,MEDIUM,LOW
VEH_003,68b89b2d4f65cd554d7512ab,2025-11-14 02:00:00,ON,47.43,12623.87,37.32,34.8,50.2,307.0,-0.1,49,21.73,0.0,757.67,555910.6100000002,2.8399999999999963,47.42000000000007,16.697183098591598,0,0.0,21.73,0.1,0.49,0.21699999999999997,3600,1.0,26.445410000000003,0,18,18000,37.32,0.0007888888888888879,0.0006853174603174604,54456.514186450484,907.6085697741747,15.126809496236245,0,2.6752277624269807,0,16.697183098591598,0,0,0,0,0.006036111111111111,6182.788771283939,1.7174413253566498,0.05989034162800489,0.2791411042944785,0,MEDIUM,LOW
VEH_003,68b89b2d4f65cd554d7512ab,2025-11-14 03:00:00,ON,55.21,12679.09,34.0,35.6,51.3,308.0,0.28,16,24.06,0.0,760.99,555910.6100000002,3.3200000000000003,55.219999999999345,16.63253012048173,0,0.0,24.06,0.28,0.16,0.244,3600,1.0,29.930639999999997,0,18,21600,34.0,0.0009222222222222223,0.0007238095238095239,46973.684210526306,782.8947368421051,13.048245614035086,0,3.115269444142047,0,16.63253012048173,0,0,0,0,0.006683333333333333,5087.281795511222,1.4131338320864506,0.06012314378848315,0.7898773006134969,0,MEDIUM,MEDIUM
VEH_003,68b89b2d4f65cd554d7512ab,2025-11-14 04:00:00,ON,53.6,12732.68,30.79,36.2,51.1,309.0,0.35,40,23.58,0.0,764.2,555910.6100000002,3.210000000000001,53.590000000000146,16.694704049844276,0,0.0,23.58,0.35,0.4,0.365,3600,1.0,32.186699999999995,0,18,25200,30.79,0.0008916666666666669,0.0008511904761904762,36172.86713286713,602.8811188811189,10.048018648018648,0,3.023312015783679,0,16.694704049844276,0,0,0,0,0.006549999999999999,4700.763358778626,1.3057675996607294,0.05989923493189013,0.2883435582822086,0,MEDIUM,MEDIUM
VEH_003,68b89b2d4f65cd554d7512ab,2025-11-14 05:00:00,ON,55.87,12788.55,27.44,36.7,52.8,310.0,0.41,31,24.26,0.0,767.55,555910.6100000002,3.349999999999998,55.86999999999898,16.677611940298213,0,0.0,24.26,0.41,0.31,0.38,3600,1.0,33.4788,0,18,28800,27.44,0.0009305555555555549,0.0008706349206349207,31517.22880583409,525.2871467639014,8.754785779398357,0,3.1519395842849525,0,16.677611940298213,0,0,0,0,0.00673888888888889,4071.887881286067,1.1310799670239076,0.059960622874531216,0.4294478527607362,0,MEDIUM,MEDIUM
VEH_003,68b89b2d4f65cd554d7512ab,2025-11-14 06:00:00,ON,48.53,12837.09,24.52,36.1,50.8,311.0,0.06,36,22.06,0.0,770.47,555910.6100000002,2.9200000000000017,48.54000000000087,16.623287671233165,0,0.0,22.06,0.06,0.36,0.15,3600,1.0,25.368999999999996,0,18,32400,24.52,0.0008111111111111116,0.0008638888888888889,28383.279742765273,473.05466237942125,7.884244372990354,0,2.7384132346732977,0,16.623287671233165,0,0,0,0,0.006127777777777777,4001.450589301904,1.1115140525838623,0.060156571899463315,0.8343558282208589,0,HIGH,MEDIUM
VEH_003,68b89b2d4f65cd554d7512ab,2025-11-14 07:00:00,ON,55.52,12892.61,21.19,36.3,53.2,312.0,-0.29,2,24.16,0.0,773.8,555910.6100000002,3.3299999999999983,55.52000000000044,16.672672672672814,0,0.0,24.16,0.29,0.02,0.209,3600,1.0,29.20944,0,18,36000,21.19,0.0009249999999999995,0.0008833333333333333,23988.67924528302,399.811320754717,6.663522012578617,0,3.1321941242080746,0,16.672672672672814,0,0,0,0,0.006711111111111111,3157.450331125828,0.8770695364238411,0.05997838616714647,0.4815950920245399,0,HIGH,MEDIUM
VEH_003,68b89b2d4f65cd554d7512ab,2025-11-14 08:00:00,ON,54.58,12947.18,17.92,36.6,50.9,313.0,-0.15,45,23.87,0.0,777.07,555910.6100000002,3.2699999999999996,54.56999999999971,16.688073394495326,0,0.0,23.87,0.15,0.45,0.24,3600,1.0,29.5988,0,18,39600,17.92,0.0009083333333333333,0.0008825396825396824,20305.035971223027,338.4172661870505,5.640287769784174,0,3.0785993039991424,0,16.688073394495326,0,0,0,0,0.006630555555555556,2702.639296187683,0.750733137829912,0.059923034634414826,0.33588957055214724,0,HIGH,MEDIUM
VEH_003,68b89b2d4f65cd554d7512ab,2025-11-14 09:00:00,ON,53.66,13000.84,14.7,36.3,47.8,314.0,0.48,46,23.6,0.0,780.29,555910.6100000002,3.2200000000000024,53.659999999999854,16.664596273291867,0,0.0,23.6,0.48,0.46,0.474,3600,1.0,34.7864,0,18,43200,14.7,0.0008944444444444451,0.0008976190476190476,16376.657824933687,272.9442970822281,4.549071618037135,0,3.0272611077990543,0,16.664596273291867,0,0,0,0,0.006555555555555556,2242.372881355932,0.6228813559322033,0.060007454342154515,0.5659509202453987,0,HIGH,MEDIUM
VEH_003,68b89b2d4f65cd554d7512ab,2025-11-14 10:00:00,ON,50.9,13051.74,11.64,36.2,49.0,315.0,0.21,37,22.77,0.0,783.34,555910.6100000002,3.0599999999999987,50.899999999999636,16.633986928104463,0,0.0,22.77,0.21,0.37,0.258,3600,1.0,28.64466,0,18,46800,11.64,0.0008499999999999996,0.0008873015873015873,13118.425760286225,218.64042933810376,3.6440071556350624,0,2.871554051192158,0,16.633986928104463,0,0,0,0,0.006325,1840.316205533597,0.5111989459815547,0.060117878192534786,0.7806748466257669,0,HIGH,MEDIUM
VEH_003,68b89b2d4f65cd554d7512ab,2025-11-14 11:00:00,ON,44.92,13096.66,8.95,36.2,46.6,316.0,0.45,15,20.98,0.0,786.04,555910.6100000002,2.6900000000000013,44.92000000000007,16.698884758364333,0,0.0,20.98,0.45,0.15,0.36,3600,1.0,28.532799999999998,0,18,50400,8.95,0.0007472222222222226,0.0008666666666666667,10326.923076923074,172.11538461538458,2.8685897435897427,0,2.5341887618772665,0,16.698884758364333,0,0,0,0,0.005827777777777778,1535.7483317445183,0.42659675881792175,0.05988423864648257,0.26380368098159507,0,HIGH,HIGH
VEH_003,68b89b2d4f65cd554d7512ab,2025-11-14 12:00:00,ON,39.05,13135.71,6.61,36.5,44.2,317.0,0.31,30,19.21,0.0,788.38,555910.6100000002,2.339999999999999,39.04999999999927,16.688034188033885,0,0.0,19.21,0.31,0.3,0.307,3600,1.0,25.10747,0,18,54000,6.61,0.0006499999999999998,0.0008265873015873016,7996.735477676429,133.27892462794048,2.2213154104656745,0,2.2030291885864925,0,16.688034188033885,0,0,0,0,0.005336111111111111,1238.7298282144718,0.3440916189484644,0.059923175416134254,0.3389570552147239,0,HIGH,HIGH
VEH_003,68b89b2d4f65cd554d7512ab,2025-11-14 13:00:00,ON,42.18,13177.89,4.08,36.6,51.1,318.0,-0.06,16,20.16,0.0,790.91,555910.6100000002,2.5300000000000002,42.18000000000029,16.671936758893395,0,0.0,20.16,0.06,0.16,0.09,3600,1.0,21.974400000000003,0,18,57600,4.08,0.0007027777777777779,0.0008111111111111112,5030.13698630137,83.83561643835615,1.3972602739726028,0,2.3796100172747923,0,16.671936758893395,0,0,0,0,0.0056,728.5714285714286,0.20238095238095238,0.05998103366524379,0.49233128834355827,0,HIGH,HIGH
VEH_003,68b89b2d4f65cd554d7512ab,2025-11-14 14:00:00,ON,49.64,13227.53,1.1,37.2,49.3,319.0,-0.38,36,22.39,0.0,793.89,555910.6100000002,2.98,49.64000000000124,16.657718120805786,0,0.0,22.39,0.38,0.36,0.37399999999999994,3600,1.0,30.763859999999998,0,18,61200,1.1,0.0008277777777777778,0.0007972222222222224,1379.7909407665504,22.996515679442506,0.38327526132404177,0,2.8004703949151923,0,16.657718120805786,0,0,0,0,0.006219444444444445,176.8646717284502,0.04912907548012505,0.06003223207090906,0.6334355828220859,0,HIGH,HIGH
VEH_003,68b89b2d4f65cd554d7512ab,2025-11-14 15:00:00,ON,45.88,13273.4,0.0,36.9,51.8,320.0,-0.12,33,21.26,0.0,796.64,555910.6100000002,1.1,45.86999999999898,41.69999999999907,0,0.0,21.26,0.12,0.33,0.183,3600,1.0,25.15058,0,18,64800,0.0,0.0003055555555555556,0.0007111111111111113,0.0,0.0,0.0,0,2.587783582086096,0,41.69999999999907,0,0,0,0,0.005905555555555556,0.0,0.0,0.023980815347722357,0.049079754601226995,0,HIGH,HIGH
VEH_003,68b89b2d4f65cd554d7512ab,2025-11-14 16:00:00,OFF,0.0,13273.4,0.0,37.1,4.3,320.0,0.26,41,0.0,0.0,796.64,555910.6100000002,-0.0,0.0,0.0,0,0.0,0.0,0.26,0.41,0.305,0,0.0,0.0,0,18,68400,0.0,-0.0,0.0005833333333333333,0.0,0.0,0.0,0,0.0,0,0.0,0,0,0,0,0.0,0.0,0.0,0.0,0.0,0,HIGH,
VEH_003,68b89b2d4f65cd554d7512ab,2025-11-14 17:00:00,OFF,0.0,13273.4,0.0,37.3,3.2,320.0,0.34,17,0.0,0.0,796.64,555910.6100000002,-0.0,0.0,0.0,0,0.0,0.0,0.34,0.17,0.289,0,0.0,0.0,0,18,72000,0.0,-0.0,0.00046190476190476195,0.0,0.0,0.0,0,0.0,0,0.0,0,0,0,0,0.0,0.0,0.0,0.0,0.0,0,HIGH,
VEH_003,68b89b2d4f65cd554d7512ab,2025-11-14 18:00:00,OFF,0.0,13273.4,0.0,37.4,2.6,320.0,0.29,33,0.0,0.0,796.64,555910.6100000002,-0.0,0.0,0.0,0,0.0,0.0,0.29,0.33,0.302,0,0.0,0.0,0,18,75600,0.0,-0.0,0.0003551587301587302,0.0,0.0,0.0,0,0.0,0,0.0,0,0,0,0,0.0,0.0,0.0,0.0,0.0,0,HIGH,
VEH_003,68b89b2d4f65cd554d7512ab,2025-11-14 19:00:00,ON,0.0,13273.4,51.61,37.5,24.0,320.0,-0.1,25,0.0,0.03,796.64,555910.6100000002,0.0,0.0,0.0,1,0.03,0.0,0.1,0.25,0.145,3600,0.0,0.0,1,19,0,51.61,0.0,0.0002623015873015873,196758.24508320726,3279.304084720121,54.655068078668684,0,0.0,0,0.0,0,0,0,0,8.333333333333334e-06,6193200.0,1720.3333333333333,0.0,0.0,0,LOW,LOW
VEH_003,68b89b2d4f65cd554d7512ab,2025-11-14 20:00:00,ON,0.0,13273.4,51.58,37.5,21.1,321.0,-0.02,0,0.0,0.03,796.67,555910.6100000002,0.030000000000001137,0.0,0.0,1,0.03,0.0,0.02,0.0,0.013999999999999999,3600,0.0,0.0,0,19,3600,51.58,8.333333333333649e-06,0.00016309523809523817,316256.93430656916,5270.948905109486,87.84914841849144,0,0.0,0,0.0,1,1,0,0,8.333333333333334e-06,6189599.999999999,1719.333333333333,0.0,0.0,0,LOW,LOW
VEH_003,68b89b2d4f65cd554d7512ab,2025-11-14 21:00:00,ON,3.69,13277.1,51.36,37.4,36.1,322.0,0.46,42,8.61,0.0,796.9,555910.6100000002,0.21999999999999886,3.7000000000007276,16.818181818185213,0,0.0,8.61,0.46,0.42,0.448,3600,0.0,12.467279999999999,0,19,7200,51.36,6.11111111111108e-05,5.357142857142858e-05,958719.9999999998,15978.666666666662,266.3111111111111,0,0.20873772081361786,0,16.818181818185213,0,0,0,0,0.0023916666666666665,21474.564459930316,5.965156794425088,0.05945945945944746,0.10122699386503067,0,LOW,LOW
VEH_003,68b89b2d4f65cd554d7512ab,2025-11-14 22:00:00,ON,0.27,13277.37,51.34,37.1,33.5,323.0,0.15,7,7.58,0.0,796.91,555910.6100000002,0.01999999999999602,0.27000000000043656,13.500000000024514,0,0.0,7.58,0.15,0.07,0.126,3600,0.0,8.535079999999999,0,19,10800,51.34,5.5555555555544504e-06,1.0714285714285557e-05,4791733.333333404,79862.2222222234,1331.0370370370565,0,0.015232212059393747,0,13.500000000024514,0,0,0,0,0.0021055555555555554,24383.113456464383,6.773087071240107,0.07407407407393957,0.995398773006135,0,LOW,LOW
VEH_003,68b89b2d4f65cd554d7512ab,2025-11-14 23:00:00,ON,4.99,13282.35,51.04,36.6,38.5,324.0,0.29,36,9.0,0.0,797.21,555910.6100000002,0.30000000000000426,4.979999999999563,16.59999999999831,0,0.0,9.0,0.29,0.36,0.311,3600,0.0,11.799,0,19,14400,51.04,8.333333333333452e-05,2.261904761904763e-05,2256505.263157894,37608.421052631566,626.8070175438594,0,0.2809496890950058,0,16.59999999999831,0,0,0,0,0.0025,20416.0,5.671111111111111,0.06024096385542782,0.8880368098159509,0,LOW,LOW
VEH_003,68b89b2d4f65cd554d7512ab,2025-11-15 00:00:00,ON,12.47,13294.82,50.3,36.6,42.4,325.0,-0.4,13,11.24,0.0,797.96,555910.6100000002,0.740000000000002,12.469999999999345,16.85135135135042,0,0.0,11.24,0.4,0.13,0.31899999999999995,3600,0.0,14.82556,0,19,18000,50.3,0.0002055555555555561,5.198412698412707e-05,967603.0534351128,16126.71755725188,268.778625954198,0,0.7035025347419368,0,16.85135135135042,0,0,0,0,0.0031222222222222224,16110.320284697507,4.47508896797153,0.05934242181235291,0.08895705521472393,0,LOW,LOW
VEH_003,68b89b2d4f65cd554d7512ab,2025-11-15 01:00:00,ON,15.65,13310.48,49.36,36.5,38.4,326.0,0.17,47,12.2,0.0,798.9,555910.6100000002,0.9399999999999977,15.659999999999854,16.65957446808499,0,0.0,12.2,0.17,0.47,0.26,3600,0.0,15.372,0,19,21600,49.36,0.00026111111111111045,8.928571428571427e-05,552832.0000000001,9213.866666666669,153.5644444444445,0,0.8834682994434007,0,16.65957446808499,0,0,0,0,0.0033888888888888888,14565.245901639344,4.045901639344263,0.06002554278416389,0.6196319018404908,0,LOW,LOW
VEH_003,68b89b2d4f65cd554d7512ab,2025-11-15 02:00:00,ON,18.91,13329.38,48.22,36.7,39.7,327.0,-0.48,4,13.17,0.0,800.03,555910.6100000002,1.1400000000000006,18.899999999999636,16.578947368420724,0,0.0,13.17,0.48,0.04,0.348,3600,0.0,17.753159999999998,0,19,25200,48.22,0.0003166666666666668,0.00013452380952380956,358449.5575221238,5974.159292035397,99.56932153392327,0,1.0662548441558177,0,16.578947368420724,0,0,0,0,0.0036583333333333333,13180.865603644646,3.6613515565679573,0.06031746031746151,0.9187116564417178,0,LOW,LOW
VEH_003,68b89b2d4f65cd554d7512ab,2025-11-15 03:00:00,ON,21.25,13350.64,46.95,35.7,39.9,328.0,0.09,49,13.88,0.0,801.31,555910.6100000002,1.269999999999996,21.26000000000022,16.740157480315187,0,0.0,13.88,0.09,0.49,0.21,3600,0.0,16.794800000000002,0,19,28800,46.95,0.0003527777777777767,0.00018373015873015855,255537.79697624216,4258.9632829373695,70.98272138228948,0,1.1993956606747807,0,16.740157480315187,0,0,0,0,0.0038555555555555556,12177.233429394813,3.382564841498559,0.05973659454374332,0.1579754601226994,0,LOW,LOW
VEH_003,68b89b2d4f65cd554d7512ab,2025-11-15 04:00:00,ON,24.9,13375.53,45.45,35.8,44.5,329.0,0.28,19,14.97,0.0,802.8,555910.6100000002,1.5,24.890000000001237,16.593333333334158,0,0.0,14.97,0.28,0.19,0.253,3600,0.0,18.757410000000004,0,19,32400,45.45,0.0004166666666666667,0.00023452380952380941,193796.9543147209,3229.9492385786816,53.8324873096447,0,1.404184289473023,0,16.593333333334158,0,0,0,0,0.004158333333333333,10929.859719438879,3.0360721442885774,0.06026516673362497,0.897239263803681,0,LOW,LOW
VEH_003,68b89b2d4f65cd554d7512ab,2025-11-15 05:00:00,ON,17.51,13393.05,44.4,35.8,38.1,330.0,-0.44,48,12.75,0.0,803.85,555910.6100000002,1.0500000000000043,17.519999999998618,16.6857142857129,0,0.0,12.75,0.44,0.48,0.45199999999999996,3600,0.0,18.512999999999998,0,19,36000,44.4,0.00029166666666666783,0.0002753968253968256,161221.90201729094,2687.0317002881825,44.78386167146971,0,0.9884013158523182,0,16.6857142857129,0,0,0,0,0.0035416666666666665,12536.470588235294,3.4823529411764707,0.05993150684932004,0.35276073619631904,0,MEDIUM,LOW
VEH_003,68b89b2d4f65cd554d7512ab,2025-11-15 06:00:00,ON,18.79,13411.83,43.28,35.5,39.5,331.0,-0.11,32,13.14,0.0,804.98,555910.6100000002,1.1199999999999974,18.780000000000655,16.767857142857764,0,0.0,13.14,0.11,0.32,0.173,3600,0.0,15.41322,0,19,39600,43.28,0.0003111111111111104,0.0003079365079365079,140548.45360824745,2342.474226804124,39.04123711340207,0,1.059484972129489,0,16.767857142857764,0,0,0,0,0.00365,11857.534246575342,3.293759512937595,0.059637912673054225,0.12576687116564417,0,MEDIUM,LOW
VEH_003,68b89b2d4f65cd554d7512ab,2025-11-15 07:00:00,ON,14.71,13426.54,42.39,35.8,41.6,332.0,0.22,12,11.91,0.0,805.86,555910.6100000002,0.8900000000000006,14.710000000000946,16.528089887641503,0,0.0,11.91,0.22,0.12,0.19,3600,0.0,14.1729,0,19,43200,42.39,0.0002472222222222224,0.0003138888888888888,135047.78761061953,2250.7964601769922,37.5132743362832,0,0.8298734792345709,0,16.528089887641503,0,0,0,0,0.0033083333333333333,12813.098236775819,3.55919395465995,0.06050305914343598,0.9570552147239264,0,MEDIUM,LOW
VEH_003,68b89b2d4f65cd554d7512ab,2025-11-15 08:00:00,ON,9.31,13435.85,41.83,36.1,37.6,333.0,0.04,39,10.29,0.0,806.42,555910.6100000002,0.5600000000000023,9.30999999999949,16.624999999999023,0,0.0,10.29,0.04,0.39,0.145,3600,0.0,11.78205,0,19,46800,41.83,0.00015555555555555619,0.00029880952380952384,139988.8446215139,2333.147410358565,38.88579017264275,0,0.5252292380471064,0,16.624999999999023,0,0,0,0,0.002858333333333333,14634.402332361517,4.06511175898931,0.06015037593985316,0.8297546012269938,0,MEDIUM,LOW
VEH_003,68b89b2d4f65cd554d7512ab,2025-11-15 09:00:00,ON,5.27,13441.12,41.52,36.1,37.6,334.0,-0.48,37,9.08,0.0,806.74,555910.6100000002,0.30999999999999517,5.270000000000437,17.000000000001673,0,0.0,9.08,0.48,0.37,0.44699999999999995,3600,0.0,13.138760000000001,0,19,50400,41.52,8.611111111110976e-05,0.0002658730158730157,156164.7761194031,2602.7462686567183,43.379104477611975,0,0.2973102131588219,0,17.000000000001673,0,0,0,0,0.002522222222222222,16461.674008810576,4.572687224669605,0.05882352941175892,0.06595092024539877,0,MEDIUM,LOW
VEH_003,68b89b2d4f65cd554d7512ab,2025-11-15 10:00:00,ON,11.77,13452.89,40.81,35.5,37.6,335.0,0.26,43,11.03,0.0,807.44,555910.6100000002,0.7100000000000009,11.769999999998618,16.577464788730428,0,0.0,11.03,0.26,0.43,0.311,3600,0.0,14.460329999999999,0,19,54000,40.81,0.00019722222222222247,0.00024365079365079367,167493.81107491857,2791.5635179153096,46.52605863192183,0,0.6640116145879759,0,16.577464788730428,0,0,0,0,0.0030638888888888886,13319.673617407074,3.6999093381686317,0.06032285471538524,0.9202453987730062,0,MEDIUM,LOW
VEH_003,68b89b2d4f65cd554d7512ab,2025-11-15 11:00:00,ON,6.3,13459.19,40.43,35.7,37.1,336.0,-0.19,22,9.39,0.0,807.82,555910.6100000002,0.38000000000000256,6.300000000001091,16.578947368423812,0,0.0,9.39,0.19,0.22,0.19899999999999998,3600,0.0,11.258610000000001,0,19,57600,40.43,0.00010555555555555627,0.00019920634920634933,202955.37848605565,3382.589641434261,56.37649402390435,0,0.35541828138534104,0,16.578947368423812,0,0,0,0,0.0026083333333333336,15500.31948881789,4.305644302449414,0.06031746031745028,0.9171779141104295,0,MEDIUM,LOW
VEH_003,68b89b2d4f65cd554d7512ab,2025-11-15 12:00:00,ON,5.28,13464.47,53.64,35.0,39.0,337.0,-0.15,2,9.08,0.0,808.14,555910.6100000002,0.0,5.279999999998836,0.0,0,0.0,9.08,0.15,0.02,0.111,3600,0.0,10.08788,1,20,0,53.64,0.0,0.0001575396825396825,340485.6423173804,5674.760705289674,94.57934508816122,0,0.2978743691609304,0,0.0,0,0,0,0,0.002522222222222222,21266.96035242291,5.907488986784141,0.0,0.02223926380368098,0,LOW,LOW
VEH_003,68b89b2d4f65cd554d7512ab,2025-11-15 13:00:00,ON,9.67,13474.14,53.06,35.3,39.2,338.0,-0.24,23,10.4,0.0,808.72,555910.6100000002,0.5799999999999983,9.670000000000073,16.672413793103622,0,0.0,10.4,0.24,0.23,0.237,3600,0.0,12.8648,0,20,3600,53.06,0.00016111111111111062,0.0001361111111111111,389828.5714285715,6497.142857142858,108.2857142857143,0,0.5455388541262981,0,16.672413793103622,0,0,0,0,0.002888888888888889,18366.923076923074,5.101923076923076,0.05997931747673153,0.48619631901840493,0,LOW,LOW
VEH_003,68b89b2d4f65cd554d7512ab,2025-11-15 14:00:00,ON,6.48,13480.62,52.67,35.8,39.5,339.0,0.33,43,9.44,0.0,809.11,555910.6100000002,0.39000000000000057,6.480000000001382,16.615384615388137,0,0.0,9.44,0.33,0.43,0.36,3600,0.0,12.838399999999998,0,20,7200,52.67,0.00010833333333333349,0.00011626984126984125,452997.9522184301,7549.965870307168,125.83276450511947,0,0.3655730894249368,0,16.615384615388137,0,0,0,0,0.002622222222222222,20086.016949152545,5.579449152542374,0.060185185185172435,0.852760736196319,0,LOW,LOW
VEH_003,68b89b2d4f65cd554d7512ab,2025-11-15 15:00:00,ON,3.3,13483.92,52.48,36.8,37.3,340.0,-0.04,10,8.49,0.0,809.31,555910.6100000002,0.19000000000000483,3.2999999999992724,17.36842105262731,0,0.0,8.49,0.04,0.1,0.057999999999999996,3600,0.0,8.982420000000001,0,20,10800,52.48,5.277777777777912e-05,0.00010158730158730168,516599.9999999995,8609.99999999999,143.49999999999986,0,0.1861714807255815,0,17.36842105262731,0,0,0,0,0.0023583333333333334,22253.003533568903,6.181389870435806,0.057575757575771734,0.05828220858895705,0,LOW,LOW
VEH_003,68b89b2d4f65cd554d7512ab,2025-11-15 16:00:00,ON,0.0,13483.92,52.45,36.2,28.2,341.0,-0.12,41,0.0,0.03,809.34,555910.6100000002,0.02999999999999403,0.0,0.0,1,0.03,0.0,0.12,0.41,0.20699999999999996,3600,0.0,0.0,0,20,14400,52.45,8.333333333331675e-06,9.047619047619052e-05,579710.5263157892,9661.842105263153,161.0307017543859,0,0.0,0,0.0,1,1,0,0,8.333333333333334e-06,6294000.0,1748.3333333333333,0.0,0.0,0,LOW,LOW
VEH_003,68b89b2d4f65cd554d7512ab,2025-11-15 17:00:00,ON,1.44,13485.37,52.36,36.0,39.9,342.0,0.46,17,7.93,0.0,809.42,555910.6100000002,0.09000000000000341,1.4500000000007276,16.111111111118586,0,0.0,7.93,0.46,0.17,0.373,3600,0.0,10.887889999999999,0,20,18000,52.36,2.5000000000000946e-05,6.587301587301602e-05,794862.6506024079,13247.710843373465,220.79518072289108,0,0.08180262031887521,0,16.111111111118586,0,0,0,0,0.002202777777777778,23769.98738965952,6.602774274905422,0.06206896551721259,0.9815950920245399,0,LOW,LOW
VEH_003,68b89b2d4f65cd554d7512ab,2025-11-15 18:00:00,ON,2.03,13487.4,52.24,36.2,37.6,343.0,-0.24,40,8.11,0.0,809.54,555910.6100000002,0.11999999999999744,2.029999999998836,16.916666666657324,0,0.0,8.11,0.24,0.4,0.288,3600,0.0,10.44568,0,20,21600,52.24,3.3333333333332623e-05,5.55555555555555e-05,940320.000000001,15672.000000000018,261.2000000000003,0,0.11452366844630214,0,16.916666666657324,0,0,0,0,0.0022527777777777776,23189.149198520347,6.441430332922319,0.059113300492643475,0.07515337423312883,0,LOW,LOW
VEH_003,68b89b2d4f65cd554d7512ab,2025-11-15 19:00:00,ON,1.18,13488.58,52.17,36.3,31.9,344.0,0.17,44,7.85,0.0,809.61,555910.6100000002,0.07000000000000028,1.180000000000291,16.857142857146947,0,0.0,7.85,0.17,0.44,0.251,3600,0.0,9.82035,0,20,25200,52.17,1.9444444444444523e-05,5.833333333333329e-05,894342.8571428579,14905.714285714297,248.42857142857162,0,0.06657040825948146,0,16.857142857146947,0,0,0,0,0.0021805555555555554,23925.095541401275,6.6458598726114655,0.059322033898290695,0.0843558282208589,0,LOW,LOW
VEH_003,68b89b2d4f65cd554d7512ab,2025-11-15 20:00:00,ON,2.21,13490.79,52.03,36.4,36.4,345.0,0.27,40,8.16,0.0,809.75,555910.6100000002,0.14000000000000057,2.210000000000946,15.785714285720978,0,0.0,8.16,0.27,0.4,0.309,3600,0.0,10.68144,0,20,28800,52.03,3.8888888888889047e-05,4.087301587301592e-05,1272966.9902912606,21216.116504854344,353.6019417475724,0,0.1246784764860006,0,15.785714285720978,0,0,0,0,0.002266666666666667,22954.41176470588,6.376225490196078,0.0633484162895659,0.9892638036809815,0,LOW,LOW
VEH_003,68b89b2d4f65cd554d7512ab,2025-11-15 21:00:00,ON,0.0,13490.79,52.0,36.7,23.7,346.0,-0.43,42,0.0,0.03,809.78,555910.6100000002,0.030000000000001137,0.0,0.0,1,0.03,0.0,0.43,0.42,0.427,3600,0.0,0.0,0,20,32400,52.0,8.333333333333649e-06,2.6587301587301656e-05,1955820.895522383,32597.014925373052,543.2835820895508,0,0.0,0,0.0,1,1,0,0,8.333333333333334e-06,6240000.0,1733.3333333333333,0.0,0.0,0,LOW,LOW
VEH_003,68b89b2d4f65cd554d7512ab,2025-11-15 22:00:00,ON,2.62,13493.41,51.85,36.4,30.6,347.0,0.49,25,8.29,0.0,809.93,555910.6100000002,0.14999999999999858,2.6199999999989814,17.466666666660043,0,0.0,8.29,0.49,0.25,0.418,3600,0.0,11.755219999999998,0,20,36000,51.85,4.166666666666627e-05,2.499999999999982e-05,2074000.000000015,34566.66666666691,576.1111111111153,0,0.1478088725760429,0,17.466666666660043,0,0,0,0,0.0023027777777777777,22516.284680337758,6.254523522316044,0.05725190839696828,0.05674846625766871,0,LOW,LOW
VEH_003,68b89b2d4f65cd554d7512ab,2025-11-15 23:00:00,ON,0.0,13493.41,51.82,36.7,21.3,348.0,0.27,23,0.0,0.03,809.96,555910.6100000002,0.030000000000001137,0.0,0.0,1,0.03,0.0,0.27,0.23,0.258,3600,0.0,0.0,0,20,39600,51.82,8.333333333333649e-06,2.50000000000001e-05,2072799.9999999919,34546.66666666653,575.7777777777756,0,0.0,0,0.0,1,1,0,0,8.333333333333334e-06,6218400.0,1727.3333333333333,0.0,0.0,0,LOW,LOW
VEH_003,68b89b2d4f65cd554d7512ab,2025-11-16 00:00:00,ON,0.0,13493.41,51.79,36.3,26.0,349.0,-0.44,29,0.0,0.03,809.99,555910.6100000002,0.030000000000001137,0.0,0.0,1,0.03,0.0,0.44,0.29,0.395,3600,0.0,0.0,0,20,43200,51.79,8.333333333333649e-06,2.261904761904763e-05,2289663.1578947357,38161.052631578925,636.0175438596488,0,0.0,0,0.0,1,1,0,0,8.333333333333334e-06,6214800.0,1726.3333333333333,0.0,0.0,0,LOW,LOW
VEH_003,68b89b2d4f65cd554d7512ab,2025-11-16 01:00:00,ON,0.0,13493.41,51.76,36.6,22.3,350.0,-0.34,43,0.0,0.03,810.02,555910.6100000002,0.030000000000001137,0.0,0.0,1,0.03,0.0,0.34,0.43,0.367,3600,0.0,0.0,0,20,46800,51.76,8.333333333333649e-06,1.9047619047619202e-05,2717399.9999999776,45289.99999999963,754.8333333333271,0,0.0,0,0.0,1,1,0,0,8.333333333333334e-06,6211199.999999999,1725.333333333333,0.0,0.0,0,LOW,LOW
VEH_003,68b89b2d4f65cd554d7512ab,2025-11-16 02:00:00,ON,0.0,13493.41,51.73,36.7,28.2,351.0,0.16,24,0.0,0.03,810.05,555910.6100000002,0.030000000000001137,0.0,0.0,1,0.03,0.0,0.16,0.24,0.184,3600,0.0,0.0,0,20,50400,51.73,8.333333333333649e-06,1.7460317460317652e-05,2962718.181818149,49378.636363635815,822.9772727272637,0,0.0,0,0.0,1,1,0,0,8.333333333333334e-06,6207599.999999999,1724.333333333333,0.0,0.0,0,LOW,LOW
VEH_003,68b89b2d4f65cd554d7512ab,2025-11-16 03:00:00,ON,1.35,13494.76,51.65,36.4,30.7,352.0,-0.32,28,7.91,0.0,810.14,555910.6100000002,0.0799999999999983,1.3500000000003638,16.875000000004906,0,0.0,7.91,0.32,0.28,0.308,3600,0.0,10.34628,0,20,54000,51.65,2.222222222222175e-05,1.5079365079365182e-05,3425210.526315766,57086.84210526277,951.4473684210461,0,0.07616106029686612,0,16.875000000004906,0,0,0,0,0.0021972222222222224,23506.95322376738,6.529709228824273,0.059259259259242025,0.07975460122699386,0,LOW,LOW
VEH_003,68b89b2d4f65cd554d7512ab,2025-11-16 04:00:00,ON,0.0,13494.76,51.62,36.3,24.6,353.0,-0.45,28,0.0,0.03,810.17,555910.6100000002,0.030000000000001137,0.0,0.0,1,0.03,0.0,0.45,0.28,0.399,3600,0.0,0.0,0,20,57600,51.62,8.333333333333649e-06,1.5079365079365182e-05,3423221.0526315556,57053.68421052593,950.8947368420987,0,0.0,0,0.0,1,1,0,0,8.333333333333334e-06,6194399.999999999,1720.6666666666665,0.0,0.0,0,LOW,LOW
VEH_003,68b89b2d4f65cd554d7512ab,2025-11-16 05:00:00,ON,1.76,13496.53,51.51,37.0,33.8,354.0,0.01,28,8.03,0.0,810.27,555910.6100000002,0.10999999999999943,1.7700000000004366,16.090909090913144,0,0.0,8.03,0.01,0.28,0.091,3600,0.0,8.760729999999999,0,20,61200,51.51,3.05555555555554e-05,1.3492063492063628e-05,3817799.9999999614,63629.99999999935,1060.4999999999893,0,0.09985561238922219,0,16.090909090913144,0,0,0,0,0.0022305555555555555,23092.901618929016,6.414694894146949,0.06214689265535158,0.9831288343558282,0,LOW,LOW
VEH_003,68b89b2d4f65cd554d7512ab,2025-11-16 06:00:00,ON,4.16,13500.68,51.26,37.0,38.4,355.0,0.13,42,8.75,0.0,810.52,555910.6100000002,0.25,4.149999999999636,16.599999999998545,0,0.0,8.75,0.13,0.42,0.217,3600,0.0,10.648750000000001,0,20,64800,51.26,6.944444444444444e-05,2.222222222222231e-05,2306699.9999999907,38444.99999999985,640.7499999999974,0,0.23412474091250482,0,16.599999999998545,0,0,0,0,0.0024305555555555556,21089.82857142857,5.858285714285714,0.06024096385542697,0.8849693251533742,0,LOW,LOW
VEH_003,68b89b2d4f65cd554d7512ab,2025-11-16 07:00:00,ON,6.98,13507.67,50.84,36.5,42.1,356.0,-0.04,38,9.59,0.0,810.94,555910.6100000002,0.4199999999999946,6.989999999999782,16.642857142856837,0,0.0,9.59,0.04,0.38,0.142,3600,0.0,10.95178,0,20,68400,50.84,0.00011666666666666516,3.7698412698412524e-05,1348597.8947368485,22476.631578947476,374.6105263157913,0,0.39434504553698824,0,16.642857142856837,0,0,0,0,0.002663888888888889,19084.88008342023,5.301355578727842,0.06008583690987235,0.7269938650306749,0,LOW,LOW
VEH_003,68b89b2d4f65cd554d7512ab,2025-11-16 08:00:00,ON,14.71,13522.37,49.96,36.4,39.3,357.0,-0.49,1,11.91,0.0,811.82,555910.6100000002,0.8800000000000026,14.700000000000728,16.70454545454623,0,0.0,11.91,0.49,0.01,0.346,3600,0.0,16.03086,0,20,72000,49.96,0.00024444444444444513,7.142857142857131e-05,699440.0000000012,11657.333333333352,194.2888888888892,0,0.8293093232323597,0,16.70454545454623,0,0,0,0,0.0033083333333333333,15101.259445843829,4.194794290512175,0.0598639455782285,0.23466257668711657,0,LOW,LOW
VEH_003,68b89b2d4f65cd554d7512ab,2025-11-16 09:00:00,ON,16.27,13538.64,48.98,35.9,37.2,358.0,-0.03,35,12.38,0.0,812.8,555910.6100000002,0.980000000000004,16.269999999998618,16.60204081632505,0,0.0,12.38,0.03,0.35,0.126,3600,0.0,13.939879999999999,0,20,75600,48.98,0.00027222222222222334,0.00010912698412698411,448834.9090909091,7480.581818181819,124.67636363636365,0,0.9178818155774612,0,16.60204081632505,0,0,0,0,0.003438888888888889,14242.972536348949,3.95638126009693,0.060233558696993685,0.8788343558282209,0,LOW,LOW
VEH_003,68b89b2d4f65cd554d7512ab,2025-11-16 10:00:00,ON,23.79,13562.43,47.56,36.0,46.1,359.0,0.13,33,14.64,0.0,814.23,555910.6100000002,1.4199999999999946,23.790000000000873,16.753521126761242,0,0.0,14.64,0.13,0.33,0.19,3600,0.0,17.4216,0,20,79200,47.56,0.0003944444444444429,0.00016230158730158717,293034.7188264061,4883.911980440102,81.39853300733503,0,1.3421271292311283,0,16.753521126761242,0,0,0,0,0.004066666666666667,11695.081967213113,3.24863387978142,0.059688944934844154,0.1411042944785276,0,LOW,LOW
VEH_003,68b89b2d4f65cd554d7512ab,2025-11-16 11:00:00,ON,29.99,13592.42,45.76,36.6,44.5,360.0,0.35,13,16.5,0.0,816.03,555910.6100000002,1.8000000000000043,29.98999999999978,16.66111111111095,0,0.0,16.5,0.35,0.13,0.284,3600,0.0,21.186,0,20,82800,45.76,0.0005000000000000012,0.0002325396825396825,196783.6177474403,3279.7269624573382,54.66211604095564,0,1.6919038505943576,0,16.66111111111095,0,0,0,0,0.004583333333333333,9984.0,2.7733333333333334,0.06002000666889021,0.598159509202454,0,LOW,LOW
VEH_003,68b89b2d4f65cd554d7512ab,2025-11-16 12:00:00,ON,27.29,13619.71,44.12,37.1,43.5,361.0,0.44,28,15.69,0.0,817.66,555910.6100000002,1.6400000000000006,27.289999999999054,16.640243902438442,0,0.0,15.69,0.44,0.28,0.392,3600,0.0,21.84048,0,20,86400,44.12,0.0004555555555555557,0.00029325396825396826,150449.79702300404,2507.4966170500675,41.79161028416779,0,1.5395817300006254,0,16.640243902438442,0,0,0,0,0.004358333333333333,10123.135755258127,2.8119821542383687,0.060095272993772715,0.7484662576687117,0,MEDIUM,LOW
VEH_003,68b89b2d4f65cd554d7512ab,2025-11-16 13:00:00,ON,29.98,13649.69,42.32,37.6,45.0,362.0,-0.09,44,16.49,0.0,819.46,555910.6100000002,1.7999999999999972,29.980000000001382,16.65555555555635,0,0.0,16.49,0.09,0.44,0.195,3600,0.0,19.70555,0,20,90000,42.32,0.0004999999999999993,0.00035476190476190465,119291.27516778528,1988.187919463088,33.1364653243848,0,1.691339694592249,0,16.65555555555635,0,0,0,0,0.004580555555555555,9239.053972104308,2.5664038811400856,0.06004002668445344,0.647239263803681,0,MEDIUM,LOW
VEH_003,68b89b2d4f65cd554d7512ab,2025-11-16 14:00:00,ON,37.86,13687.55,40.05,37.2,50.4,363.0,0.21,40,18.86,0.0,821.73,555910.6100000002,2.270000000000003,37.85999999999876,16.67841409691573,0,0.0,18.86,0.21,0.4,0.267,3600,1.0,23.895619999999997,0,20,93600,40.05,0.0006305555555555564,0.00042817460317460344,93536.60797034284,1558.9434661723806,25.98239110287301,0,2.1358946243248003,0,16.67841409691573,0,0,0,0,0.005238888888888888,7644.75079533404,2.123541887592789,0.05995773903856517,0.42484662576687116,0,MEDIUM,LOW
VEH_003,68b89b2d4f65cd554d7512ab,2025-11-16 15:00:00,ON,38.21,13725.76,37.76,37.6,50.6,364.0,0.47,0,18.96,0.0,824.03,555910.6100000002,2.289999999999999,38.210000000000946,16.685589519651074,0,0.0,18.96,0.47,0.0,0.32899999999999996,3600,1.0,25.19784,0,20,97200,37.76,0.0006361111111111108,0.00048412698412698426,77996.06557377047,1299.9344262295078,21.665573770491797,0,2.1556400844018833,0,16.685589519651074,0,0,0,0,0.005266666666666667,7169.620253164556,1.9915611814345988,0.05993195498560436,0.3558282208588957,0,MEDIUM,LOW
VEH_003,68b89b2d4f65cd554d7512ab,2025-11-16 16:00:00,ON,40.08,13765.84,35.35,37.0,46.4,365.0,-0.34,11,19.52,0.0,826.43,555910.6100000002,2.4099999999999966,40.07999999999993,16.630705394190866,0,0.0,19.52,0.34,0.11,0.271,3600,1.0,24.809919999999998,0,20,100800,35.35,0.0006694444444444435,0.0005408730158730157,65357.3000733676,1089.2883345561268,18.154805575935445,0,2.261137256813012,0,16.630705394190866,0,0,0,0,0.005422222222222222,6519.4672131147545,1.8109631147540985,0.060129740518962096,0.8067484662576687,0,MEDIUM,LOW
VEH_003,68b89b2d4f65cd554d7512ab,2025-11-16 17:00:00,ON,37.2,13803.03,33.12,36.5,44.2,366.0,-0.26,43,18.66,0.0,828.66,555910.6100000002,2.230000000000004,37.19000000000051,16.67713004484325,0,0.0,18.66,0.26,0.43,0.311,3600,1.0,24.46326,0,20,104400,33.12,0.0006194444444444456,0.0005730158730158733,57799.44598337947,963.3240997229911,16.055401662049853,0,2.0980961721775753,0,16.67713004484325,0,0,0,0,0.005183333333333333,6389.710610932476,1.77491961414791,0.05996235547190033,0.4325153374233129,0,MEDIUM,LOW
VEH_003,68b89b2d4f65cd554d7512ab,2025-11-16 18:00:00,ON,36.38,13839.42,30.94,36.4,43.2,367.0,0.27,42,18.41,0.0,830.85,555910.6100000002,2.179999999999996,36.38999999999942,16.692660550458477,0,0.0,18.41,0.27,0.42,0.315,3600,1.0,24.209149999999998,0,20,108000,30.94,0.0006055555555555545,0.000588095238095238,52610.52631578948,876.842105263158,14.6140350877193,0,2.052963692001605,0,16.692660550458477,0,0,0,0,0.005113888888888889,6050.190114068441,1.6806083650190116,0.05990656773839052,0.30214723926380366,0,MEDIUM,LOW
VEH_003,68b89b2d4f65cd554d7512ab,2025-11-16 19:00:00,ON,38.33,13877.74,28.64,36.3,45.0,368.0,0.16,26,19.0,0.0,833.14,555910.6100000002,2.3000000000000007,38.31999999999971,16.66086956521726,0,0.0,19.0,0.16,0.26,0.19,3600,1.0,22.61,0,20,111600,28.64,0.000638888888888889,0.0006142857142857141,46623.2558139535,777.0542635658917,12.950904392764862,0,2.1618458004260006,0,16.66086956521726,0,0,0,0,0.005277777777777778,5426.526315789473,1.5073684210526315,0.060020876826722816,0.6012269938650306,0,MEDIUM,LOW
VEH_003,68b89b2d4f65cd554d7512ab,2025-11-16 20:00:00,ON,46.27,13924.01,25.86,36.4,46.7,369.0,0.37,47,21.38,0.0,835.92,555910.6100000002,2.780000000000001,46.27000000000044,16.643884892086483,0,0.0,21.38,0.37,0.47,0.4,3600,1.0,29.931999999999995,0,20,115200,25.86,0.0007722222222222225,0.0006531746031746032,39591.25151883353,659.8541919805589,10.997569866342648,0,2.6103498221741326,0,16.643884892086483,0,0,0,0,0.0059388888888888885,4354.349859681946,1.2095416276894295,0.06008212664793548,0.7193251533742331,0,MEDIUM,MEDIUM
VEH_003,68b89b2d4f65cd554d7512ab,2025-11-16 21:00:00,ON,44.51,13968.52,23.19,36.3,48.8,370.0,-0.48,22,20.85,0.0,838.59,555910.6100000002,2.669999999999998,44.51000000000022,16.67041198501882,0,0.0,20.85,0.48,0.22,0.40199999999999997,3600,1.0,29.2317,0,20,118800,23.19,0.0007416666666666662,0.0006690476190476189,34661.20996441282,577.6868327402136,9.62811387900356,0,2.5110583657871217,0,16.67041198501882,0,0,0,0,0.005791666666666667,4004.028776978417,1.112230215827338,0.05998651988317198,0.5030674846625767,0,HIGH,MEDIUM
VEH_003,68b89b2d4f65cd554d7512ab,2025-11-16 22:00:00,ON,37.67,14006.19,20.93,36.4,46.8,371.0,0.03,28,18.8,0.0,840.85,555910.6100000002,2.2600000000000016,37.67000000000007,16.668141592920374,0,0.0,18.8,0.03,0.28,0.10500000000000001,3600,1.0,20.774,0,20,122400,20.93,0.0006277777777777782,0.0006678571428571428,31339.037433155085,522.3172905525847,8.705288175876412,0,2.125175660283096,0,16.668141592920374,0,0,0,0,0.005222222222222223,4007.8723404255315,1.1132978723404254,0.05999469073533308,0.5306748466257669,0,HIGH,MEDIUM
VEH_003,68b89b2d4f65cd554d7512ab,2025-11-16 23:00:00,ON,29.88,14036.07,33.22,36.8,41.6,372.0,0.39,23,16.46,0.0,842.64,555910.6100000002,0.0,29.8799999999992,0.0,0,0.0,16.46,0.39,0.23,0.34199999999999997,3600,0.0,22.08932,1,21,0,33.22,0.0,0.0005722222222222223,58054.36893203882,967.5728155339804,16.126213592233007,0,1.6856981345701374,0,0.0,0,0,0,0,0.004572222222222222,7265.613608748481,2.0182260024301337,0.0,0.02223926380368098,0,MEDIUM,LOW
VEH_003,68b89b2d4f65cd554d7512ab,2025-11-17 00:00:00,ON,28.46,14064.53,31.51,36.6,44.8,373.0,0.09,37,16.04,0.0,844.35,555910.6100000002,1.7099999999999973,28.460000000000946,16.64327485380175,0,0.0,16.04,0.09,0.37,0.174,3600,0.0,18.830959999999997,0,21,3600,31.51,0.00047499999999999924,0.0005515873015873013,57126.04316546766,952.100719424461,15.868345323741016,0,1.6055879822579984,0,16.64327485380175,0,0,0,0,0.0044555555555555555,7072.06982543641,1.9644638403990027,0.06008432888264021,0.7223926380368099,0,MEDIUM,LOW
VEH_003,68b89b2d4f65cd554d7512ab,2025-11-17 01:00:00,ON,22.25,14086.78,30.17,37.1,41.2,374.0,-0.17,35,14.17,0.0,845.69,555910.6100000002,1.3399999999999999,22.25,16.6044776119403,0,0.0,14.17,0.17,0.35,0.22399999999999998,3600,0.0,17.344079999999998,0,21,7200,30.17,0.0003722222222222222,0.0005182539682539682,58214.70137825422,970.2450229709036,16.170750382848393,0,1.2552471048924552,0,16.6044776119403,0,0,0,0,0.003936111111111111,7664.925899788286,2.129146083274524,0.06022471910112359,0.8757668711656442,0,MEDIUM,LOW
VEH_003,68b89b2d4f65cd554d7512ab,2025-11-17 02:00:00,ON,14.56,14101.34,29.3,36.7,39.7,375.0,0.32,0,11.87,0.0,846.56,555910.6100000002,0.870000000000001,14.55999999999949,16.73563218390744,0,0.0,11.87,0.32,0.0,0.22399999999999998,3600,0.0,14.52888,0,21,10800,29.3,0.00024166666666666694,0.00046150793650793646,63487.53224419605,1058.1255374032676,17.635425623387793,0,0.821411139201506,0,16.73563218390744,0,0,0,0,0.0032972222222222222,8886.267902274642,2.4684077506318447,0.059752747252749414,0.16411042944785276,0,MEDIUM,LOW
VEH_003,68b89b2d4f65cd554d7512ab,2025-11-17 03:00:00,ON,11.93,14113.26,28.58,37.4,40.3,376.0,0.33,13,11.08,0.0,847.28,555910.6100000002,0.7200000000000024,11.920000000000073,16.5555555555556,0,0.0,11.08,0.33,0.13,0.26999999999999996,3600,0.0,14.0716,0,21,14400,28.58,0.00020000000000000066,0.0003797619047619048,75257.68025078368,1254.2946708463946,20.904911180773244,0,0.6724739546210408,0,16.5555555555556,0,0,0,0,0.003077777777777778,9285.920577617328,2.57942238267148,0.060402684563758226,0.9432515337423313,0,MEDIUM,LOW
VEH_003,68b89b2d4f65cd554d7512ab,2025-11-17 04:00:00,ON,17.71,14130.98,27.52,38.2,37.9,377.0,0.07,42,12.81,0.0,848.34,555910.6100000002,1.0599999999999987,17.719999999999345,16.716981132074874,0,0.0,12.81,0.07,0.42,0.175,3600,0.0,15.051750000000002,0,21,18000,27.52,0.00029444444444444407,0.0003158730158730159,87123.61809045225,1452.0603015075374,24.201005025125625,0,0.9996844358963364,0,16.716981132074874,0,0,0,0,0.0035583333333333335,7733.957845433255,2.1483216237314595,0.059819413092552925,0.19631901840490798,0,MEDIUM,LOW
VEH_003,68b89b2d4f65cd554d7512ab,2025-11-17 05:00:00,ON,16.88,14147.85,26.51,38.3,41.9,378.0,-0.36,13,12.56,0.0,849.35,555910.6100000002,1.009999999999998,16.8700000000008,16.70297029703053,0,0.0,12.56,0.36,0.13,0.291,3600,0.0,16.21496,0,21,21600,26.51,0.000280555555555555,0.00026626984126984114,99560.65573770498,1659.344262295083,27.65573770491805,0,0.9517311757095157,0,16.70297029703053,0,0,0,0,0.003488888888888889,7598.407643312102,2.1106687898089174,0.05986959098991998,0.24233128834355827,0,MEDIUM,LOW
VEH_003,68b89b2d4f65cd554d7512ab,2025-11-17 06:00:00,ON,22.49,14170.35,25.16,38.3,40.4,379.0,0.49,18,14.25,0.0,850.7,555910.6100000002,1.3500000000000014,22.5,16.66666666666665,0,0.0,14.25,0.49,0.18,0.39699999999999996,3600,0.0,19.90725,0,21,25200,25.16,0.0003750000000000004,0.0003198412698412698,78664.01985111664,1311.0669975186106,21.851116625310176,0,1.2693510049474266,0,16.66666666666665,0,0,0,0,0.003958333333333334,6356.210526315789,1.7656140350877192,0.06000000000000006,0.5544478527607362,0,MEDIUM,LOW
VEH_003,68b89b2d4f65cd554d7512ab,2025-11-17 07:00:00,ON,29.65,14199.99,23.38,38.1,46.0,380.0,0.35,44,16.39,0.0,852.48,555910.6100000002,1.7800000000000011,29.639999999999418,16.651685393258088,0,0.0,16.39,0.35,0.44,0.377,3600,0.0,22.56903,0,21,28800,23.38,0.0004944444444444448,0.0003226190476190477,72469.37269372691,1207.8228782287817,20.13038130381303,0,1.6721583905173771,0,16.651685393258088,0,0,0,0,0.004552777777777778,5135.326418547895,1.4264795607077485,0.060053981106613905,0.6733128834355828,0,HIGH,MEDIUM
VEH_003,68b89b2d4f65cd554d7512ab,2025-11-17 08:00:00,ON,29.85,14229.84,21.59,37.6,45.9,381.0,0.16,48,16.46,0.0,854.27,555910.6100000002,1.7899999999999991,29.850000000000364,16.675977653631495,0,0.0,16.46,0.16,0.48,0.256,3600,0.0,20.67376,0,21,32400,21.59,0.000497222222222222,0.0003404761904761906,63411.18881118879,1056.8531468531464,17.614219114219107,0,1.6840056665636065,0,16.675977653631495,0,0,0,0,0.004572222222222222,4721.992709599028,1.3116646415552855,0.0599664991624783,0.4432515337423313,0,HIGH,MEDIUM
VEH_003,68b89b2d4f65cd554d7512ab,2025-11-17 09:00:00,ON,23.74,14253.59,20.16,37.8,41.6,382.0,-0.18,33,14.62,0.0,855.7,555910.6100000002,1.4299999999999997,23.75,16.60839160839161,0,0.0,14.62,0.18,0.33,0.225,3600,0.0,17.9095,0,21,36000,20.16,0.00039722222222222215,0.0003626984126984127,55583.369803063455,926.3894967177242,15.439824945295404,0,1.3398705052222837,0,16.60839160839161,0,0,0,0,0.004061111111111111,4964.158686730507,1.378932968536252,0.060210526315789464,0.8650306748466258,0,HIGH,MEDIUM
VEH_003,68b89b2d4f65cd554d7512ab,2025-11-17 10:00:00,ON,27.15,14280.74,18.54,37.9,46.7,383.0,-0.44,33,15.64,0.0,857.32,555910.6100000002,1.620000000000001,27.149999999999636,16.759259259259025,0,0.0,15.64,0.44,0.33,0.40700000000000003,3600,0.0,22.005480000000002,0,21,39600,18.54,0.00045000000000000026,0.00039841269841269834,46534.66135458168,775.577689243028,12.926294820717134,0,1.5316835459698743,0,16.759259259259025,0,0,0,0,0.004344444444444444,4267.519181585678,1.1854219948849105,0.059668508287293656,0.13650306748466257,0,HIGH,MEDIUM
VEH_003,68b89b2d4f65cd554d7512ab,2025-11-17 11:00:00,ON,23.68,14304.42,17.11,38.2,40.4,384.0,0.48,41,14.6,0.0,858.75,555910.6100000002,1.4299999999999997,23.68000000000029,16.559440559440766,0,0.0,14.6,0.48,0.41,0.45899999999999996,3600,0.0,21.3014,0,21,43200,17.11,0.00039722222222222215,0.00041309523809523807,41419.02017291066,690.3170028818444,11.505283381364073,0,1.3359214132069082,0,16.559440559440766,0,0,0,0,0.004055555555555555,4218.904109589042,1.1719178082191781,0.06038851351351276,0.9355828220858896,0,HIGH,MEDIUM
VEH_003,68b89b2d4f65cd554d7512ab,2025-11-17 12:00:00,ON,25.98,14330.4,15.56,38.3,43.1,385.0,-0.22,16,15.29,0.0,860.3,555910.6100000002,1.549999999999999,25.979999999999563,16.761290322580376,0,0.0,15.29,0.22,0.16,0.202,3600,0.0,18.37858,0,21,46800,15.56,0.0004305555555555553,0.0004345238095238096,35809.315068493146,596.8219178082192,9.947031963470318,0,1.465677293712604,0,16.761290322580376,0,0,0,0,0.004247222222222222,3663.5709614126886,1.0176586003924135,0.05966127790608256,0.1334355828220859,0,HIGH,MEDIUM
VEH_003,68b89b2d4f65cd554d7512ab,2025-11-17 13:00:00,ON,18.91,14349.31,14.42,38.8,44.0,386.0,0.44,12,13.17,0.0,861.44,555910.6100000002,1.1400000000000006,18.909999999999854,16.587719298245478,0,0.0,13.17,0.44,0.12,0.344,3600,0.0,17.70048,0,21,50400,14.42,0.0003166666666666668,0.0004261904761904762,33834.63687150838,563.9106145251396,9.398510242085662,0,1.0668190001580289,0,16.587719298245478,0,0,0,0,0.0036583333333333333,3941.6856492027337,1.0949126803340927,0.0602855631940777,0.906441717791411,0,HIGH,MEDIUM
VEH_003,68b89b2d4f65cd554d7512ab,2025-11-17 14:00:00,ON,23.93,14373.24,12.99,39.1,41.5,387.0,-0.22,9,14.68,0.0,862.87,555910.6100000002,1.4299999999999997,23.93000000000029,16.734265734265943,0,0.0,14.68,0.22,0.09,0.181,3600,0.0,17.33708,0,21,54000,12.99,0.00039722222222222215,0.0004123015873015873,31506.0635226179,525.1010587102984,8.751684311838305,0,1.3500253132618796,0,16.734265734265943,0,0,0,0,0.004077777777777777,3185.558583106267,0.8848773841961853,0.05975762641036282,0.17024539877300612,0,HIGH,MEDIUM
VEH_003,68b89b2d4f65cd554d7512ab,2025-11-17 15:00:00,ON,19.87,14393.11,11.79,38.8,40.0,388.0,0.16,27,13.46,0.0,864.07,555910.6100000002,1.200000000000001,19.8700000000008,16.558333333333987,0,0.0,13.46,0.16,0.27,0.193,3600,0.0,16.05778,0,21,57600,11.79,0.00033333333333333365,0.00038888888888888887,30317.142857142855,505.2857142857143,8.42142857142857,0,1.1209779763691725,0,16.558333333333987,0,0,0,0,0.0037388888888888893,3153.34323922734,0.87592867756315,0.0603925515853021,0.9386503067484663,0,HIGH,MEDIUM
VEH_003,68b89b2d4f65cd554d7512ab,2025-11-17 16:00:00,ON,25.8,14418.92,10.24,38.4,46.8,389.0,-0.19,0,15.24,0.0,865.61,555910.6100000002,1.549999999999999,25.80999999999949,16.65161290322549,0,0.0,15.24,0.19,0.0,0.13299999999999998,3600,0.0,17.26692,0,21,61200,10.24,0.0004305555555555553,0.0003936507936507937,26012.90322580645,433.5483870967742,7.225806451612903,0,1.4560866416752194,0,16.65161290322549,0,0,0,0,0.004233333333333334,2418.8976377952754,0.6719160104986877,0.06005424254165167,0.6748466257668712,0,HIGH,MEDIUM
VEH_003,68b89b2d4f65cd554d7512ab,2025-11-17 17:00:00,ON,24.8,14443.72,75.47,39.0,44.6,390.0,-0.39,6,14.94,0.0,867.1,555910.6100000002,0.0,24.799999999999272,0.0,0,0.0,14.94,0.39,0.06,0.291,3600,0.0,19.28754,1,22,0,75.47,0.0,0.00032936507936507937,229137.8313253012,3818.9638554216867,63.649397590361446,0,1.3991068854531226,0,0.0,0,0,0,0,0.00415,18185.5421686747,5.051539491298527,0.0,0.02223926380368098,0,LOW,LOW
VEH_003,68b89b2d4f65cd554d7512ab,2025-11-17 18:00:00,ON,24.35,14468.06,74.01,39.3,35.3,391.0,-0.1,20,14.8,0.0,868.56,555910.6100000002,1.4599999999999937,24.340000000000146,16.6712328767125,0,0.0,14.8,0.1,0.2,0.13,3600,0.0,16.724,0,22,3600,74.01,0.0004055555555555538,0.0003305555555555553,223895.79831932794,3731.5966386554655,62.19327731092443,0,1.3731557093520244,0,16.6712328767125,0,0,0,0,0.004111111111111111,18002.432432432433,5.000675675675676,0.059983566146260686,0.495398773006135,0,LOW,LOW
VEH_003,68b89b2d4f65cd554d7512ab,2025-11-17 19:00:00,ON,20.24,14488.3,72.8,39.4,44.3,392.0,0.49,39,13.57,0.0,869.78,555910.6100000002,1.210000000000008,20.23999999999978,16.727272727272435,0,0.0,13.57,0.49,0.39,0.45999999999999996,3600,0.0,19.8122,0,22,7200,72.8,0.0003361111111111133,0.00031706349206349214,229607.00876095114,3826.7834793491857,63.77972465581976,0,1.1418517484504729,0,16.727272727272435,0,0,0,0,0.0037694444444444446,19313.190862196017,5.3647752394988935,0.05978260869565321,0.1794478527607362,0,LOW,LOW
VEH_003,68b89b2d4f65cd554d7512ab,2025-11-17 20:00:00,ON,19.92,14508.22,71.6,39.9,40.6,393.0,-0.02,19,13.48,0.0,870.97,555910.6100000002,1.2000000000000028,19.920000000000073,16.600000000000023,0,0.0,13.48,0.02,0.19,0.071,3600,0.0,14.43708,0,22,10800,71.6,0.00033333333333333414,0.0003194444444444446,224139.13043478248,3735.652173913041,62.260869565217355,0,1.1237987563801257,0,16.600000000000023,0,0,0,0,0.0037444444444444448,19121.661721068245,5.311572700296735,0.06024096385542161,0.8834355828220859,0,LOW,LOW
VEH_003,68b89b2d4f65cd554d7512ab,2025-11-17 21:00:00,ON,25.15,14533.37,70.1,40.4,43.1,394.0,0.23,32,15.04,0.0,872.48,555910.6100000002,1.5,25.150000000001455,16.766666666667636,0,0.0,15.04,0.23,0.32,0.257,3600,0.0,18.90528,0,22,14400,70.1,0.0004166666666666667,0.0003222222222222224,217551.7241379309,3625.862068965515,60.431034482758584,0,1.4188523455302056,0,16.766666666667636,0,0,0,0,0.004177777777777778,16779.255319148935,4.660904255319148,0.05964214711729277,0.1273006134969325,0,LOW,LOW
VEH_003,68b89b2d4f65cd554d7512ab,2025-11-17 22:00:00,ON,32.03,14565.4,68.17,40.8,45.0,395.0,-0.33,16,17.11,0.0,874.4,555910.6100000002,1.9299999999999926,32.029999999998836,16.595854922279255,0,0.0,17.11,0.33,0.16,0.27899999999999997,3600,1.0,21.883689999999998,0,22,18000,68.17,0.0005361111111111091,0.000351190476190476,194111.18644067805,3235.1864406779673,53.91977401129946,0,1.806991675042871,0,16.595854922279255,0,0,0,0,0.004752777777777778,14343.191116306254,3.984219754529515,0.06025600999063574,0.8911042944785276,0,LOW,LOW
VEH_003,68b89b2d4f65cd554d7512ab,2025-11-17 23:00:00,ON,30.29,14595.69,66.36,40.2,41.7,396.0,-0.25,13,16.59,0.0,876.22,555910.6100000002,1.8100000000000023,30.290000000000873,16.734806629834715,0,0.0,16.59,0.25,0.13,0.214,3600,1.0,20.140259999999998,0,22,21600,66.36,0.0005027777777777784,0.0003615079365079364,183564.43468715702,3059.4072447859503,50.9901207464325,0,1.708828530660385,0,16.734806629834715,0,0,0,0,0.004608333333333333,14400.0,4.0,0.05975569494882635,0.16717791411042945,0,LOW,LOW
VEH_003,68b89b2d4f65cd554d7512ab,2025-11-18 00:00:00,ON,27.21,14622.9,64.72,40.2,38.8,397.0,-0.02,6,15.66,0.0,877.85,555910.6100000002,1.6400000000000006,27.209999999999127,16.59146341463361,0,0.0,15.66,0.02,0.06,0.032,3600,0.0,16.16112,0,22,25200,64.72,0.0004555555555555557,0.00042658730158730155,151715.72093023258,2528.5953488372097,42.143255813953495,0,1.5350684819830387,0,16.59146341463361,0,0,0,0,0.00435,14878.16091954023,4.132822477650064,0.06027195883866421,0.9033742331288344,0,LOW,LOW
VEH_003,68b89b2d4f65cd554d7512ab,2025-11-18 01:00:00,ON,25.89,14648.79,63.17,40.5,40.8,398.0,-0.09,3,15.27,0.0,879.41,555910.6100000002,1.5499999999999972,25.890000000001237,16.70322580645244,0,0.0,15.27,0.09,0.03,0.072,3600,0.0,16.36944,0,22,28800,63.17,0.00043055555555555474,0.0004301587301587303,146852.76752767523,2447.5461254612537,40.79243542435423,0,1.4605998896929087,0,16.70322580645244,0,0,0,0,0.004241666666666666,14892.730844793716,4.136869679109365,0.059868675164153076,0.2392638036809816,0,LOW,LOW
VEH_003,68b89b2d4f65cd554d7512ab,2025-11-18 02:00:00,ON,23.77,14672.56,61.74,40.4,37.6,399.0,-0.47,47,14.63,0.0,880.83,555910.6100000002,1.4299999999999997,23.769999999998618,16.62237762237666,0,0.0,14.63,0.47,0.47,0.47,3600,0.0,21.5061,0,22,32400,61.74,0.00039722222222222215,0.0004388888888888887,140673.41772151904,2344.5569620253173,39.075949367088626,0,1.3409988172266034,0,16.62237762237666,0,0,0,0,0.0040638888888888895,15192.344497607653,4.2200956937799035,0.06015986537652852,0.8404907975460123,0,LOW,LOW
VEH_003,68b89b2d4f65cd554d7512ab,2025-11-18 03:00:00,ON,30.66,14703.22,59.9,40.5,40.3,400.0,0.37,46,16.7,0.0,882.67,555910.6100000002,1.8400000000000034,30.659999999999854,16.66304347826076,0,0.0,16.7,0.37,0.46,0.397,3600,1.0,23.3299,0,22,36000,59.9,0.000511111111111112,0.0004642857142857141,129015.38461538465,2150.256410256411,35.83760683760685,0,1.7297023027416851,0,16.66304347826076,0,0,0,0,0.004638888888888889,12912.574850299401,3.586826347305389,0.06001304631441658,0.5782208588957055,0,LOW,LOW
VEH_003,68b89b2d4f65cd554d7512ab,2025-11-18 04:00:00,ON,24.22,14727.44,58.45,40.3,42.2,401.0,-0.07,1,14.77,0.0,884.13,555910.6100000002,1.4499999999999957,24.220000000001164,16.70344827586292,0,0.0,14.77,0.07,0.01,0.052000000000000005,3600,0.0,15.53804,0,22,39600,58.45,0.0004027777777777766,0.000462301587301587,126432.61802575116,2107.210300429186,35.12017167381977,0,1.3663858373256956,0,16.70344827586292,0,0,0,0,0.004102777777777777,14246.445497630335,3.957345971563982,0.05986787778694988,0.23773006134969324,0,LOW,LOW
VEH_003,68b89b2d4f65cd554d7512ab,2025-11-18 05:00:00,ON,25.41,14752.85,56.93,40.3,46.1,402.0,0.06,9,15.12,0.0,885.65,555910.6100000002,1.5200000000000031,25.409999999999854,16.717105263157766,0,0.0,15.12,0.06,0.09,0.06899999999999999,3600,0.0,16.163279999999997,0,22,43200,56.93,0.0004222222222222231,0.00044603174603174614,127636.65480427042,2127.277580071174,35.45462633451956,0,1.4335204015872856,0,16.717105263157766,0,0,0,0,0.0042,13554.761904761906,3.7652116402116405,0.059818968909878464,0.19325153374233128,0,LOW,LOW
VEH_003,68b89b2d4f65cd554d7512ab,2025-11-18 06:00:00,ON,18.26,14771.11,55.83,40.4,40.3,403.0,-0.28,44,12.98,0.0,886.75,555910.6100000002,1.1000000000000014,18.26000000000022,16.600000000000176,0,0.0,12.98,0.28,0.44,0.328,3600,0.0,17.237440000000003,0,22,46800,55.83,0.00030555555555555593,0.0004178571428571429,133610.2564102564,2226.837606837607,37.11396011396011,0,1.0301488600151238,0,16.600000000000176,0,0,0,0,0.003605555555555556,15484.437596302001,4.301232665639445,0.06024096385542104,0.8819018404907976,0,LOW,LOW
VEH_003,68b89b2d4f65cd554d7512ab,2025-11-18 07:00:00,ON,21.28,14792.39,54.55,40.2,38.6,404.0,-0.34,28,13.88,0.0,888.02,555910.6100000002,1.2800000000000011,21.279999999998836,16.624999999999076,0,0.0,13.88,0.34,0.28,0.322,3600,0.0,18.34936,0,22,50400,54.55,0.0003555555555555559,0.00040357142857142865,135168.14159292032,2252.8023598820055,37.546705998033424,0,1.2005239726791004,0,16.624999999999076,0,0,0,0,0.0038555555555555556,14148.414985590776,3.9301152737752156,0.060150375939852965,0.8282208588957055,0,LOW,LOW
VEH_003,68b89b2d4f65cd554d7512ab,2025-11-18 08:00:00,ON,26.61,14819.0,52.96,40.9,44.4,405.0,-0.16,12,15.48,0.0,889.62,555910.6100000002,1.5899999999999963,26.610000000000582,16.735849056604177,0,0.0,15.48,0.16,0.12,0.148,3600,0.0,17.77104,0,22,54000,52.96,0.0004416666666666656,0.00040515873015873016,130714.20176297748,2178.570029382958,36.309500489715965,0,1.5012191218511894,0,16.735849056604177,0,0,0,0,0.0043,12316.279069767443,3.4211886304909562,0.059751972942501376,0.16257668711656442,0,LOW,LOW
VEH_003,68b89b2d4f65cd554d7512ab,2025-11-18 09:00:00,ON,26.27,14845.27,51.38,40.9,40.2,406.0,-0.37,7,15.38,0.0,891.2,555910.6100000002,1.5799999999999983,26.270000000000437,16.626582278481308,0,0.0,15.38,0.37,0.07,0.28,3600,0.0,19.686400000000003,0,22,57600,51.38,0.0004388888888888884,0.00041111111111111106,124978.3783783784,2082.9729729729734,34.716216216216225,0,1.48203781777642,0,16.626582278481308,0,0,0,0,0.004272222222222222,12026.527958387516,3.340702210663199,0.06014465169394641,0.8236196319018405,0,LOW,LOW
VEH_003,68b89b2d4f65cd554d7512ab,2025-11-18 10:00:00,ON,30.2,14875.47,49.57,40.5,42.9,407.0,-0.35,19,16.56,0.0,893.01,555910.6100000002,1.8100000000000023,30.19999999999891,16.685082872927552,0,0.0,16.56,0.35,0.19,0.30199999999999994,3600,1.0,21.56112,0,22,61200,49.57,0.0005027777777777784,0.00040992063492063487,120925.84704743467,2015.430784123911,33.59051306873185,0,1.7037511266404843,0,16.685082872927552,0,0,0,0,0.0046,10776.08695652174,2.9933574879227054,0.059933774834439325,0.3619631901840491,0,LOW,LOW
VEH_003,68b89b2d4f65cd554d7512ab,2025-11-18 11:00:00,ON,25.61,14901.08,48.03,39.6,47.0,408.0,-0.11,33,15.18,0.0,894.54,555910.6100000002,1.5399999999999991,25.610000000000582,16.62987012987052,0,0.0,15.18,0.11,0.33,0.176,3600,0.0,17.851679999999998,0,22,64800,48.03,0.0004277777777777775,0.00041349206349206355,116157.00575815738,1935.9500959692896,32.26583493282149,0,1.4448035216313038,0,16.62987012987052,0,0,0,0,0.004216666666666666,11390.513833992096,3.16403162055336,0.060132760640373456,0.808282208588957,0,LOW,LOW
VEH_003,68b89b2d4f65cd554d7512ab,2025-11-18 12:00:00,ON,31.07,14932.16,46.17,39.5,44.3,409.0,-0.02,22,16.82,0.0,896.41,555910.6100000002,1.8599999999999994,31.079999999999927,16.709677419354804,0,0.0,16.82,0.02,0.22,0.08,3600,1.0,18.1656,0,22,68400,46.17,0.0005166666666666665,0.00042698412698412687,108130.4832713755,1802.1747211895918,30.036245353159863,0,1.7533968548340413,0,16.709677419354804,0,0,0,0,0.004672222222222223,9881.807372175981,2.7449464922711058,0.05984555984555997,0.2147239263803681,0,LOW,LOW
VEH_003,68b89b2d4f65cd554d7512ab,2025-11-18 13:00:00,ON,37.61,14969.77,43.91,39.5,46.9,410.0,-0.28,26,18.78,0.0,898.67,555910.6100000002,2.260000000000005,37.61000000000058,16.641592920354203,0,0.0,18.78,0.28,0.26,0.274,3600,1.0,23.925720000000002,0,22,72000,43.91,0.0006277777777777792,0.00047301587301587305,92829.86577181207,1547.164429530201,25.78607382550335,0,2.1217907242699314,0,16.641592920354203,0,0,0,0,0.005216666666666667,8417.252396166132,2.3381256656017033,0.060090401488964905,0.7392638036809815,0,MEDIUM,LOW
VEH_003,68b89b2d4f65cd554d7512ab,2025-11-18 14:00:00,ON,36.65,15006.42,41.71,40.0,45.5,411.0,0.06,41,18.5,0.0,900.87,555910.6100000002,2.1999999999999957,36.649999999999636,16.659090909090775,0,0.0,18.5,0.06,0.41,0.16499999999999998,3600,1.0,21.552500000000002,0,22,75600,41.71,0.0006111111111111099,0.0005095238095238093,81860.74766355143,1364.3457943925239,22.73909657320873,0,2.067631748058788,0,16.659090909090775,0,0,0,0,0.005138888888888889,8116.540540540541,2.254594594594595,0.06002728512960485,0.6242331288343558,0,MEDIUM,LOW
VEH_003,68b89b2d4f65cd554d7512ab,2025-11-18 15:00:00,ON,32.19,15038.61,39.78,40.1,47.9,412.0,-0.35,13,17.16,0.0,902.8,555910.6100000002,1.9299999999999997,32.19000000000051,16.678756476684203,0,0.0,17.16,0.35,0.13,0.284,3600,1.0,22.033440000000002,0,22,79200,39.78,0.000536111111111111,0.000523015873015873,76058.8770864947,1267.6479514415782,21.12746585735964,0,1.8160181710781471,0,16.678756476684203,0,0,0,0,0.0047666666666666664,8345.454545454546,2.3181818181818183,0.059956508232369345,0.4171779141104294,0,MEDIUM,LOW
VEH_003,68b89b2d4f65cd554d7512ab,2025-11-18 16:00:00,ON,38.25,15076.86,37.49,40.1,45.8,413.0,0.11,22,18.98,0.0,905.09,555910.6100000002,2.289999999999999,38.25,16.70305676855896,0,0.0,18.98,0.11,0.22,0.14300000000000002,3600,1.0,21.69414,0,22,82800,37.49,0.0006361111111111108,0.0005511904761904762,68016.41468682505,1133.6069114470843,18.89344852411807,0,2.1578967084106253,0,16.70305676855896,0,0,0,0,0.005272222222222222,7110.8535300316125,1.975237091675448,0.059869281045751614,0.24079754601226994,0,MEDIUM,LOW
VEH_003,68b89b2d4f65cd554d7512ab,2025-11-18 17:00:00,ON,44.86,15121.72,34.79,39.1,53.7,414.0,0.13,14,20.96,0.0,907.78,555910.6100000002,2.700000000000003,44.85999999999876,16.614814814814338,0,0.0,20.96,0.13,0.14,0.133,3600,1.0,23.747680000000003,0,22,86400,34.79,0.0007500000000000008,0.0005865079365079365,59317.18538565629,988.6197564276048,16.476995940460082,0,2.5308038258639995,0,16.614814814814338,0,0,0,0,0.0058222222222222226,5975.381679389313,1.6598282442748091,0.06018724921979664,0.8558282208588958,0,MEDIUM,LOW
VEH_003,68b89b2d4f65cd554d7512ab,2025-11-18 18:00:00,ON,51.57,15173.29,31.7,39.7,52.1,415.0,0.3,37,22.97,0.0,910.88,555910.6100000002,3.09,51.57000000000153,16.68932038835001,0,0.0,22.97,0.3,0.37,0.321,3600,1.0,30.343369999999997,0,22,90000,31.7,0.0008583333333333333,0.0006480158730158731,48918.55480710349,815.3092467850581,13.588487446417636,0,2.909352503339588,0,16.68932038835001,0,0,0,0,0.006380555555555555,4968.219416630388,1.3800609490639966,0.059918557300754474,0.3220858895705521,0,MEDIUM,MEDIUM
VEH_003,68b89b2d4f65cd554d7512ab,2025-11-18 19:00:00,ON,54.89,15228.17,28.41,40.0,54.1,416.0,-0.05,49,23.97,0.0,914.17,555910.6100000002,3.289999999999999,54.8799999999992,16.680851063829547,0,0.0,23.97,0.05,0.49,0.182,3600,1.0,28.332539999999998,0,22,93600,28.41,0.0009138888888888887,0.0007047619047619049,40311.48648648648,671.858108108108,11.197635135135133,0,3.096088140067278,0,16.680851063829547,0,0,0,0,0.006658333333333333,4266.83354192741,1.1852315394242805,0.05994897959183759,0.3987730061349693,0,MEDIUM,MEDIUM
VEH_003,68b89b2d4f65cd554d7512ab,2025-11-18 20:00:00,ON,57.0,15285.17,24.99,39.9,54.3,417.0,-0.02,34,24.6,0.0,917.59,555910.6100000002,3.4200000000000017,57.0,16.666666666666657,0,0.0,24.6,0.02,0.34,0.116,3600,1.0,27.453600000000005,0,22,97200,24.99,0.0009500000000000004,0.0007507936507936507,33284.77801268499,554.7463002114165,9.245771670190274,0,3.215689212533481,0,16.666666666666657,0,0,0,0,0.006833333333333334,3657.073170731707,1.0158536585365852,0.06000000000000003,0.549079754601227,0,HIGH,MEDIUM
VEH_003,68b89b2d4f65cd554d7512ab,2025-11-18 21:00:00,ON,56.25,15341.42,21.61,39.8,53.7,418.0,-0.04,45,24.37,0.0,920.97,555910.6100000002,3.379999999999999,56.25,16.642011834319533,0,0.0,24.37,0.04,0.45,0.163,3600,1.0,28.34231,0,22,100800,21.61,0.0009388888888888886,0.0007976190476190478,27093.134328358203,451.55223880597003,7.525870646766167,0,3.1733775123685666,0,16.642011834319533,0,0,0,0,0.006769444444444445,3192.2855970455475,0.8867459991793187,0.06008888888888887,0.7346625766871165,0,HIGH,MEDIUM
VEH_003,68b89b2d4f65cd554d7512ab,2025-11-18 22:00:00,ON,59.82,15401.24,18.02,39.7,51.5,419.0,0.07,34,25.45,0.0,924.55,555910.6100000002,3.59,59.81999999999971,16.662952646239475,0,0.0,25.45,0.07,0.34,0.15100000000000002,3600,1.0,29.29295,0,22,104400,18.02,0.0009972222222222223,0.0008634920634920636,20868.749999999996,347.81249999999994,5.796874999999999,0,3.3747812051535417,0,16.662952646239475,0,0,0,0,0.007069444444444444,2548.998035363458,0.7080550098231827,0.06001337345369471,0.5812883435582822,0,HIGH,MEDIUM
VEH_003,68b89b2d4f65cd554d7512ab,2025-11-18 23:00:00,ON,66.66,15467.9,14.02,39.2,56.0,420.0,-0.38,31,27.5,0.0,928.55,555910.6100000002,4.0,66.65999999999985,16.664999999999964,0,0.0,27.5,0.38,0.31,0.359,3600,1.0,37.3725,0,22,108000,14.02,0.0011111111111111111,0.0009313492063492065,15053.42991052407,250.8904985087345,4.181508308478908,0,3.7606639106575677,0,16.664999999999964,0,0,0,0,0.007638888888888889,1835.3454545454545,0.5098181818181818,0.06000600060006014,0.5644171779141104,0,HIGH,MEDIUM
VEH_003,68b89b2d4f65cd554d7512ab,2025-11-19 00:00:00,ON,60.58,15528.49,10.39,39.7,51.8,421.0,-0.31,32,25.67,0.0,932.19,555910.6100000002,3.629999999999999,60.590000000000146,16.691460055096464,0,0.0,25.67,0.31,0.32,0.313,3600,1.0,33.70471,0,22,111600,10.39,0.001008333333333333,0.0009682539682539682,10730.65573770492,178.844262295082,2.9807377049180332,0,3.4182212173228783,0,16.691460055096464,0,0,0,0,0.007130555555555556,1457.1094663030776,0.40475262952863267,0.059910876382241136,0.3067484662576687,0,HIGH,HIGH
VEH_003,68b89b2d4f65cd554d7512ab,2025-11-19 01:00:00,ON,57.28,15585.77,6.95,39.3,53.6,422.0,0.25,18,24.68,0.0,935.63,555910.6100000002,3.4400000000000004,57.280000000000655,16.651162790697864,0,0.0,24.68,0.25,0.18,0.22899999999999998,3600,1.0,30.33172,0,22,115200,6.95,0.0009555555555555556,0.0009821428571428572,7076.363636363636,117.93939393939394,1.9656565656565657,0,3.2314855805950855,0,16.651162790697864,0,0,0,0,0.006855555555555556,1013.7763371150729,0.28160453808752023,0.06005586592178703,0.6809815950920245,0,HIGH,HIGH
VEH_003,68b89b2d4f65cd554d7512ab,2025-11-19 02:00:00,ON,53.99,15639.76,3.71,39.1,52.7,423.0,-0.44,3,23.7,0.0,938.87,555910.6100000002,3.24,53.98999999999978,16.66358024691351,0,0.0,23.7,0.44,0.03,0.317,3600,1.0,31.212899999999998,0,22,118800,3.71,0.0009000000000000001,0.0009801587301587302,3785.1012145748987,63.08502024291498,1.051417004048583,0,3.045878255871613,0,16.66358024691351,0,0,0,0,0.006583333333333333,563.5443037974684,0.15654008438818567,0.06001111316910564,0.5751533742331288,0,HIGH,HIGH
VEH_003,68b89b2d4f65cd554d7512ab,2025-11-19 03:00:00,ON,50.45,15690.21,36.89,39.2,46.5,424.0,-0.37,14,22.63,0.0,941.89,555910.6100000002,0.0,50.44999999999891,0.0,0,0.0,22.63,0.37,0.14,0.301,3600,1.0,29.441629999999996,1,23,0,36.89,0.0,0.0008444444444444443,43685.52631578948,728.092105263158,12.134868421052634,0,2.8461670310931684,0,0.0,0,0,0,0,0.006286111111111111,5868.493150684932,1.63013698630137,0.0,0.02223926380368098,0,MEDIUM,LOW
VEH_003,68b89b2d4f65cd554d7512ab,2025-11-19 04:00:00,ON,44.17,15734.38,34.24,38.8,51.7,425.0,-0.28,42,20.75,0.0,944.54,555910.6100000002,2.6499999999999986,44.17000000000007,16.667924528301924,0,0.0,20.75,0.28,0.42,0.322,3600,1.0,27.4315,0,23,3600,34.24,0.0007361111111111107,0.0008154761904761904,41987.73722627738,699.7956204379564,11.663260340632606,0,2.4918770617123522,0,16.667924528301924,0,0,0,0,0.005763888888888889,5940.433734939759,1.6501204819277109,0.05999547203984592,0.5322085889570553,0,MEDIUM,LOW
VEH_003,68b89b2d4f65cd554d7512ab,2025-11-19 05:00:00,ON,45.53,15779.91,31.51,38.8,45.6,426.0,-0.48,31,21.16,0.0,947.27,555910.6100000002,2.7300000000000004,45.530000000000655,16.677655677655913,0,0.0,21.16,0.48,0.31,0.42899999999999994,3600,1.0,30.237639999999995,0,23,7200,31.51,0.0007583333333333334,0.0007813492063492063,40327.679024885736,672.1279837480956,11.20213306246826,0,2.5686022780114297,0,16.677655677655913,0,0,0,0,0.005877777777777778,5360.869565217392,1.4891304347826089,0.05996046562705823,0.4279141104294479,0,MEDIUM,MEDIUM
VEH_003,68b89b2d4f65cd554d7512ab,2025-11-19 06:00:00,ON,53.4,15833.31,28.3,38.7,50.7,427.0,0.12,20,23.52,0.0,950.48,555910.6100000002,3.210000000000001,53.399999999999636,16.63551401869147,0,0.0,23.52,0.12,0.2,0.144,3600,1.0,26.906879999999997,0,23,10800,28.3,0.0008916666666666669,0.0007499999999999999,37733.333333333336,628.8888888888889,10.481481481481483,0,3.012593051741872,0,16.63551401869147,0,0,0,0,0.006533333333333333,4331.632653061225,1.203231292517007,0.060112359550562225,0.7745398773006135,0,MEDIUM,MEDIUM
VEH_003,68b89b2d4f65cd554d7512ab,2025-11-19 07:00:00,ON,56.56,15889.87,24.91,38.1,51.4,428.0,0.02,35,24.47,0.0,953.87,555910.6100000002,3.3900000000000006,56.56000000000131,16.684365781711296,0,0.0,24.47,0.02,0.35,0.119,3600,1.0,27.381929999999997,0,23,14400,24.91,0.0009416666666666668,0.0007404761904761906,33640.514469453374,560.6752411575562,9.344587352625938,0,3.190866348436805,0,16.684365781711296,0,0,0,0,0.006797222222222222,3664.7323252962815,1.0179812014711893,0.05993635077793356,0.3696319018404908,0,HIGH,MEDIUM
VEH_003,68b89b2d4f65cd554d7512ab,2025-11-19 08:00:00,ON,64.38,15954.25,21.05,37.5,58.0,429.0,0.39,41,26.81,0.0,957.73,555910.6100000002,3.8599999999999994,64.3799999999992,16.678756476683734,0,0.0,26.81,0.39,0.41,0.39599999999999996,3600,1.0,37.426759999999994,0,23,18000,21.05,0.001072222222222222,0.0007571428571428572,27801.88679245283,463.36477987421387,7.722746331236897,0,3.6320363421561916,0,16.678756476683734,0,0,0,0,0.007447222222222222,2826.557254755688,0.7851547929876911,0.05995650823237104,0.42024539877300615,0,HIGH,MEDIUM
VEH_003,68b89b2d4f65cd554d7512ab,2025-11-19 09:00:00,ON,69.63,16023.88,16.87,37.8,52.0,430.0,0.38,13,28.39,0.0,961.91,555910.6100000002,4.18,69.6299999999992,16.657894736841914,0,0.0,28.39,0.38,0.13,0.30499999999999994,3600,1.0,37.04895,0,23,21600,16.87,0.001161111111111111,0.0007944444444444445,21234.965034965033,353.9160839160839,5.898601398601398,0,3.928218243310591,0,16.657894736841914,0,0,0,0,0.007886111111111111,2139.2039450510742,0.5942233180697428,0.06003159557661996,0.6319018404907976,0,HIGH,MEDIUM
VEH_003,68b89b2d4f65cd554d7512ab,2025-11-19 10:00:00,ON,63.13,16087.02,13.08,37.5,52.2,431.0,0.15,38,26.44,0.0,965.7,555910.6100000002,3.790000000000001,63.14000000000124,16.659630606860482,0,0.0,26.44,0.15,0.38,0.21899999999999997,3600,1.0,32.23036,0,23,25200,13.08,0.0010527777777777781,0.00094484126984127,13843.595128097437,230.7265854682906,3.845443091138177,0,3.562080997883648,0,16.659630606860482,0,0,0,0,0.007344444444444445,1780.9379727685323,0.49470499243570343,0.06002534051314423,0.6165644171779141,0,HIGH,HIGH
VEH_003,68b89b2d4f65cd554d7512ab,2025-11-19 11:00:00,ON,60.92,16147.94,9.42,37.4,50.1,432.0,-0.23,49,25.78,0.0,969.36,555910.6100000002,3.66,60.92000000000007,16.644808743169417,0,0.0,25.78,0.23,0.49,0.308,3600,1.0,33.720240000000004,0,23,28800,9.42,0.0010166666666666668,0.000984920634920635,9564.222401289282,159.4037066881547,2.6567284448025785,0,3.4368383653954364,0,16.644808743169417,0,0,0,0,0.007161111111111111,1315.4383242823894,0.3653995345228859,0.060078791858174586,0.7177914110429447,0,HIGH,HIGH
VEH_003,68b89b2d4f65cd554d7512ab,2025-11-19 12:00:00,ON,63.97,16211.91,5.59,37.8,56.6,433.0,0.34,41,26.69,0.0,973.19,555910.6100000002,3.83,63.969999999999345,16.702349869451528,0,0.0,26.69,0.34,0.41,0.361,3600,1.0,36.32509,0,23,32400,5.59,0.001063888888888889,0.0010285714285714288,5434.722222222221,90.57870370370368,1.5096450617283947,0,3.6089059460660464,0,16.702349869451528,0,0,0,0,0.007413888888888889,753.9902585237917,0.20944173847883102,0.05987181491324119,0.2469325153374233,0,HIGH,HIGH
VEH_003,68b89b2d4f65cd554d7512ab,2025-11-19 13:00:00,ON,71.69,16283.6,1.28,37.9,55.1,434.0,-0.45,4,29.01,0.0,977.5,555910.6100000002,4.31,71.69000000000051,16.633410672853948,0,0.0,29.01,0.45,0.04,0.327,3600,2.0,38.49627,0,23,36000,1.28,0.0011972222222222221,0.0010722222222222222,1193.782383419689,19.89637305699482,0.33160621761658027,0,4.044434379763629,0,16.633410672853948,0,0,0,0,0.008058333333333334,158.84177869700102,0.044122716304722503,0.06011996094294837,0.7852760736196319,0,HIGH,HIGH
VEH_003,68b89b2d4f65cd554d7512ab,2025-11-19 14:00:00,ON,71.22,16354.83,0.0,38.6,58.9,435.0,0.3,12,28.87,0.0,981.77,555910.6100000002,1.28,71.22999999999956,55.64843749999966,0,0.0,28.87,0.3,0.12,0.246,3600,2.0,35.97202,0,23,39600,0.0,0.00035555555555555557,0.0009884920634920635,0.0,0.0,0.0,0,4.018483203662429,0,55.64843749999966,0,0,0,0,0.008019444444444445,0.0,0.0,0.017969956479011763,0.04754601226993865,0,HIGH,HIGH
VEH_003,68b89b2d4f65cd554d7512ab,2025-11-19 15:00:00,OFF,0.0,16354.83,0.0,38.4,4.2,435.0,0.22,37,0.0,0.0,981.77,555910.6100000002,-0.0,0.0,0.0,0,0.0,0.0,0.22,0.37,0.265,0,0.0,0.0,0,23,43200,0.0,-0.0,0.0008353174603174604,0.0,0.0,0.0,0,0.0,0,0.0,0,0,0,0,0.0,0.0,0.0,0.0,0.0,0,HIGH,
VEH_003,68b89b2d4f65cd554d7512ab,2025-11-19 16:00:00,OFF,0.0,16354.83,0.0,38.4,1.1,435.0,0.44,23,0.0,0.0,981.77,555910.6100000002,-0.0,0.0,0.0,0,0.0,0.0,0.44,0.23,0.377,0,0.0,0.0,0,23,46800,0.0,-0.0,0.0006694444444444445,0.0,0.0,0.0,0,0.0,0,0.0,0,0,0,0,0.0,0.0,0.0,0.0,0.0,0,HIGH,
VEH_003,68b89b2d4f65cd554d7512ab,2025-11-19 17:00:00,ON,0.0,16354.83,52.91,38.3,23.3,435.0,0.26,22,0.0,0.03,981.77,555910.6100000002,0.0,0.0,0.0,1,0.03,0.0,0.26,0.22,0.248,3600,0.0,0.0,1,24,0,52.91,0.0,0.000519047619047619,101936.69724770643,1698.9449541284405,28.31574923547401,0,0.0,0,0.0,0,0,0,0,8.333333333333334e-06,6349199.999999999,1763.6666666666665,0.0,0.0,0,LOW,LOW
VEH_003,68b89b2d4f65cd554d7512ab,2025-11-19 18:00:00,ON,0.0,16354.83,52.88,38.5,26.1,436.0,0.13,40,0.0,0.03,981.8,555910.6100000002,0.02999999999999403,0.0,0.0,1,0.03,0.0,0.13,0.4,0.211,3600,0.0,0.0,0,24,3600,52.88,8.333333333331675e-06,0.0003749999999999998,141013.33333333343,2350.222222222224,39.1703703703704,0,0.0,0,0.0,1,1,0,0,8.333333333333334e-06,6345600.0,1762.6666666666667,0.0,0.0,0,LOW,LOW
VEH_003,68b89b2d4f65cd554d7512ab,2025-11-19 19:00:00,ON,0.36,16355.18,52.85,38.2,38.0,437.0,0.3,48,7.61,0.0,981.82,555910.6100000002,0.030000000000001137,0.3500000000003638,11.666666666678351,0,0.0,7.61,0.3,0.48,0.354,3600,0.0,10.30394,0,24,7200,52.85,8.333333333333649e-06,0.000224206349206349,235720.3539823011,3928.672566371685,65.47787610619476,0,0.019745460076980494,0,11.666666666678351,0,0,0,0,0.002113888888888889,25001.314060446777,6.944809461235216,0.08571428571419987,0.9984662576687117,0,LOW,LOW
VEH_003,68b89b2d4f65cd554d7512ab,2025-11-19 20:00:00,ON,5.03,16360.21,52.55,38.1,39.9,438.0,-0.41,12,9.01,0.0,982.12,555910.6100000002,0.30000000000000426,5.029999999998836,16.766666666662548,0,0.0,9.01,0.41,0.12,0.32299999999999995,3600,0.0,11.92023,0,24,10800,52.55,8.333333333333452e-05,6.507936507936506e-05,807475.6097560978,13457.926829268295,224.29878048780495,0,0.28377046910595904,0,16.766666666662548,0,0,0,0,0.002502777777777778,20996.67036625971,5.832408435072142,0.059642147117310876,0.12883435582822086,0,LOW,LOW
VEH_003,68b89b2d4f65cd554d7512ab,2025-11-19 21:00:00,ON,2.87,16363.08,52.38,38.1,34.0,439.0,0.04,12,8.36,0.0,982.29,555910.6100000002,0.1699999999999946,2.8700000000008004,16.882352941181715,0,0.0,8.36,0.04,0.12,0.064,3600,0.0,8.89504,0,24,14400,52.38,4.7222222222220724e-05,2.1031746031745795e-05,2490520.754717009,41508.679245283485,691.8113207547248,0,0.1619127726311169,0,16.882352941181715,0,0,0,0,0.002322222222222222,22555.98086124402,6.26555023923445,0.059233449477333514,0.07822085889570553,0,LOW,LOW
VEH_003,68b89b2d4f65cd554d7512ab,2025-11-19 22:00:00,ON,0.0,16363.08,52.35,37.8,28.9,440.0,0.03,3,0.0,0.03,982.32,555910.6100000002,0.030000000000001137,0.0,0.0,1,0.03,0.0,0.03,0.03,0.03,3600,0.0,0.0,0,24,18000,52.35,8.333333333333649e-06,2.222222222222203e-05,2355750.0000000205,39262.50000000034,654.3750000000057,0,0.0,0,0.0,1,1,0,0,8.333333333333334e-06,6282000.0,1745.0,0.0,0.0,0,LOW,LOW
VEH_003,68b89b2d4f65cd554d7512ab,2025-11-19 23:00:00,ON,0.0,16363.08,52.32,37.3,28.8,441.0,0.14,11,0.0,0.03,982.35,555910.6100000002,0.030000000000001137,0.0,0.0,1,0.03,0.0,0.14,0.11,0.131,3600,0.0,0.0,0,24,21600,52.32,8.333333333333649e-06,2.341269841269827e-05,2234684.745762726,37244.7457627121,620.7457627118683,0,0.0,0,0.0,1,1,0,0,8.333333333333334e-06,6278400.0,1744.0,0.0,0.0,0,LOW,LOW
VEH_003,68b89b2d4f65cd554d7512ab,2025-11-20 00:00:00,ON,0.0,16363.08,52.29,37.2,29.4,442.0,-0.08,7,0.0,0.03,982.38,555910.6100000002,0.030000000000001137,0.0,0.0,1,0.03,0.0,0.08,0.07,0.077,3600,0.0,0.0,0,24,25200,52.29,8.333333333333649e-06,2.46031746031745e-05,2125335.4838709766,35422.258064516274,590.370967741938,0,0.0,0,0.0,1,1,0,0,8.333333333333334e-06,6274800.0,1743.0,0.0,0.0,0,LOW,LOW
VEH_003,68b89b2d4f65cd554d7512ab,2025-11-20 01:00:00,ON,0.0,16363.08,52.26,36.5,27.9,443.0,-0.07,26,0.0,0.03,982.41,555910.6100000002,0.030000000000001137,0.0,0.0,1,0.03,0.0,0.07,0.26,0.127,3600,0.0,0.0,0,24,28800,52.26,8.333333333333649e-06,2.4603174603174785e-05,2124116.129032242,35401.9354838707,590.0322580645117,0,0.0,0,0.0,1,1,0,0,8.333333333333334e-06,6271199.999999999,1741.9999999999998,0.0,0.0,0,LOW,LOW
VEH_003,68b89b2d4f65cd554d7512ab,2025-11-20 02:00:00,ON,0.0,16363.08,52.23,36.4,27.5,444.0,0.12,41,0.0,0.03,982.44,555910.6100000002,0.030000000000001137,0.0,0.0,1,0.03,0.0,0.12,0.41,0.20699999999999996,3600,0.0,0.0,0,24,32400,52.23,8.333333333333649e-06,2.4603174603174785e-05,2122896.7741935328,35381.61290322555,589.6935483870924,0,0.0,0,0.0,1,1,0,0,8.333333333333334e-06,6267599.999999999,1740.9999999999998,0.0,0.0,0,LOW,LOW
VEH_003,68b89b2d4f65cd554d7512ab,2025-11-20 03:00:00,ON,5.7,16368.78,51.89,36.7,35.6,445.0,-0.39,38,9.21,0.0,982.79,555910.6100000002,0.3399999999999963,5.700000000000728,16.764705882355262,0,0.0,9.21,0.39,0.38,0.38699999999999996,3600,0.0,12.774270000000001,0,24,36000,51.89,9.444444444444341e-05,2.6190476190476057e-05,1981254.5454545557,33020.90909090926,550.3484848484877,0,0.3215689212533891,0,16.764705882355262,0,0,0,0,0.0025583333333333335,20282.73615635179,5.634093376764387,0.059649122807009285,0.1303680981595092,0,LOW,LOW
VEH_003,68b89b2d4f65cd554d7512ab,2025-11-20 04:00:00,ON,0.0,16368.78,51.86,36.3,28.1,446.0,-0.22,16,0.0,0.03,982.82,555910.6100000002,0.030000000000001137,0.0,0.0,1,0.03,0.0,0.22,0.16,0.202,3600,0.0,0.0,0,24,39600,51.86,8.333333333333649e-06,2.063492063492076e-05,2513215.3846153696,41886.92307692282,698.1153846153804,0,0.0,0,0.0,1,1,0,0,8.333333333333334e-06,6223200.0,1728.6666666666667,0.0,0.0,0,LOW,LOW
VEH_003,68b89b2d4f65cd554d7512ab,2025-11-20 05:00:00,ON,0.0,16368.78,51.83,36.4,21.4,447.0,-0.37,9,0.0,0.03,982.85,555910.6100000002,0.030000000000001137,0.0,0.0,1,0.03,0.0,0.37,0.09,0.28600000000000003,3600,0.0,0.0,0,24,43200,51.83,8.333333333333649e-06,2.063492063492076e-05,2511761.538461523,41862.69230769205,697.7115384615342,0,0.0,0,0.0,1,1,0,0,8.333333333333334e-06,6219599.999999999,1727.6666666666665,0.0,0.0,0,LOW,LOW
VEH_003,68b89b2d4f65cd554d7512ab,2025-11-20 06:00:00,ON,5.25,16374.03,51.51,36.6,30.2,448.0,-0.48,22,9.08,0.0,983.16,555910.6100000002,0.3200000000000003,5.25,16.406249999999986,0,0.0,9.08,0.48,0.22,0.40199999999999997,3600,0.0,12.73016,0,24,46800,51.51,8.888888888888897e-05,3.214285714285723e-05,1602533.3333333288,26708.888888888814,445.1481481481469,0,0.2961819011543995,0,16.406249999999986,0,0,0,0,0.002522222222222222,20422.466960352423,5.672907488986784,0.06095238095238101,0.9677914110429447,0,LOW,LOW
VEH_003,68b89b2d4f65cd554d7512ab,2025-11-20 07:00:00,ON,5.02,16379.05,51.21,36.5,34.3,449.0,-0.42,44,9.01,0.0,983.46,555910.6100000002,0.29999999999999716,5.019999999998618,16.733333333328883,0,0.0,9.01,0.42,0.44,0.426,3600,0.0,12.84826,0,24,50400,51.21,8.333333333333254e-05,4.285714285714278e-05,1194900.000000002,19915.000000000036,331.91666666666725,0,0.28320631310374783,0,16.733333333328883,0,0,0,0,0.002502777777777778,20461.26526082131,5.683684794672586,0.0597609561753147,0.17177914110429449,0,LOW,LOW
VEH_003,68b89b2d4f65cd554d7512ab,2025-11-20 08:00:00,ON,10.8,16389.85,50.56,37.1,38.1,450.0,-0.05,6,10.74,0.0,984.11,555910.6100000002,0.6499999999999986,10.799999999999272,16.615384615383533,0,0.0,10.74,0.05,0.06,0.05299999999999999,3600,0.0,11.30922,0,24,54000,50.56,0.00018055555555555517,6.746031746031728e-05,749477.6470588256,12491.294117647094,208.18823529411821,0,0.6092884823747238,0,16.615384615383533,0,0,0,0,0.0029833333333333335,16947.48603351955,4.707635009310986,0.06018518518518911,0.8542944785276073,0,LOW,LOW
VEH_003,68b89b2d4f65cd554d7512ab,2025-11-20 09:00:00,ON,8.9,16398.76,50.03,37.4,36.1,451.0,-0.01,35,10.17,0.0,984.65,555910.6100000002,0.5300000000000011,8.909999999999854,16.81132075471667,0,0.0,10.17,0.01,0.35,0.11199999999999999,3600,0.0,11.309040000000001,0,24,57600,50.03,0.00014722222222222255,8.730158730158715e-05,573070.9090909101,9551.181818181834,159.18636363636392,0,0.5026629979591727,0,16.81132075471667,0,0,0,0,0.002825,17709.73451327434,4.919370698131761,0.05948372615039391,0.1058282208588957,0,LOW,LOW
VEH_003,68b89b2d4f65cd554d7512ab,2025-11-20 10:00:00,ON,2.47,16401.22,49.88,37.1,33.5,452.0,-0.23,45,8.24,0.0,984.79,555910.6100000002,0.14999999999999858,2.460000000002765,16.400000000018586,0,0.0,8.24,0.23,0.45,0.29600000000000004,3600,0.0,10.67904,0,24,61200,49.88,4.166666666666627e-05,7.976190476190468e-05,625361.1940298515,10422.686567164192,173.71144278606985,0,0.13878237654107461,0,16.400000000018586,0,0,0,0,0.002288888888888889,21792.23300970874,6.053398058252427,0.06097560975602845,0.9693251533742331,0,LOW,LOW
VEH_003,68b89b2d4f65cd554d7512ab,2025-11-20 11:00:00,ON,0.0,16401.22,49.85,36.5,30.0,453.0,-0.05,42,0.0,0.03,984.82,555910.6100000002,0.030000000000001137,0.0,0.0,1,0.03,0.0,0.05,0.42,0.161,3600,0.0,0.0,0,24,64800,49.85,8.333333333333649e-06,7.97619047619047e-05,624985.0746268661,10416.41791044777,173.6069651741295,0,0.0,0,0.0,1,1,0,0,8.333333333333334e-06,5982000.0,1661.6666666666667,0.0,0.0,0,LOW,LOW
VEH_003,68b89b2d4f65cd554d7512ab,2025-11-20 12:00:00,ON,0.0,16401.22,49.82,36.5,26.7,454.0,-0.25,22,0.0,0.03,984.85,555910.6100000002,0.030000000000001137,0.0,0.0,1,0.03,0.0,0.25,0.22,0.241,3600,0.0,0.0,0,24,68400,49.82,8.333333333333649e-06,7.976190476190468e-05,624608.9552238813,10410.149253731355,173.50248756218926,0,0.0,0,0.0,1,1,0,0,8.333333333333334e-06,5978400.0,1660.6666666666667,0.0,0.0,0,LOW,LOW
VEH_003,68b89b2d4f65cd554d7512ab,2025-11-20 13:00:00,ON,7.23,16408.45,49.39,36.8,41.1,455.0,0.15,13,9.67,0.0,985.29,555910.6100000002,0.4299999999999997,7.229999999999563,16.813953488371087,0,0.0,9.67,0.15,0.13,0.144,3600,0.0,11.062479999999999,0,24,72000,49.39,0.00011944444444444437,8.412698412698402e-05,587088.6792452837,9784.811320754729,163.08018867924548,0,0.40788478958974844,0,16.813953488371087,0,0,0,0,0.002686111111111111,18387.17683557394,5.107549120992761,0.05947441217151116,0.10429447852760736,0,LOW,LOW
VEH_003,68b89b2d4f65cd554d7512ab,2025-11-20 14:00:00,ON,3.58,16412.04,49.17,36.6,35.3,456.0,-0.02,36,8.57,0.0,985.5,555910.6100000002,0.21999999999999886,3.5900000000001455,16.318181818182563,0,0.0,8.57,0.02,0.36,0.122,3600,0.0,9.61554,0,24,75600,49.17,6.11111111111108e-05,8.095238095238092e-05,607394.117647059,10123.23529411765,168.72058823529417,0,0.20253200478939762,0,16.318181818182563,0,0,0,0,0.0023805555555555555,20654.842473745626,5.737456242707118,0.06128133704735096,0.9739263803680982,0,LOW,LOW
VEH_003,68b89b2d4f65cd554d7512ab,2025-11-20 15:00:00,ON,5.65,16417.69,48.83,36.8,33.8,457.0,-0.15,39,9.2,0.0,985.84,555910.6100000002,0.3400000000000034,5.649999999997817,16.617647058816942,0,0.0,9.2,0.15,0.39,0.22199999999999998,3600,0.0,11.242399999999998,0,24,79200,48.83,9.444444444444539e-05,6.865079365079381e-05,711280.9248554896,11854.682080924827,197.57803468208044,0,0.31874814124223066,0,16.617647058816942,0,0,0,0,0.0025555555555555553,19107.391304347828,5.307608695652174,0.06017699115046633,0.848159509202454,0,LOW,LOW
VEH_003,68b89b2d4f65cd554d7512ab,2025-11-20 16:00:00,ON,0.0,16417.69,48.8,37.1,21.1,458.0,-0.4,48,0.0,0.03,985.87,555910.6100000002,0.030000000000001137,0.0,0.0,1,0.03,0.0,0.4,0.48,0.42399999999999993,3600,0.0,0.0,0,24,82800,48.8,8.333333333333649e-06,4.8809523809523974e-05,999804.8780487771,16663.414634146284,277.7235772357714,0,0.0,0,0.0,1,1,0,0,8.333333333333334e-06,5855999.999999999,1626.6666666666665,0.0,0.0,0,LOW,LOW
VEH_003,68b89b2d4f65cd554d7512ab,2025-11-20 17:00:00,ON,6.45,16424.14,48.42,37.6,34.2,459.0,0.43,24,9.43,0.0,986.26,555910.6100000002,0.37999999999999545,6.450000000000728,16.973684210528432,0,0.0,9.43,0.43,0.24,0.373,3600,0.0,12.94739,0,24,86400,48.42,0.0001055555555555543,5.793650793650797e-05,835742.4657534242,13929.041095890403,232.15068493150673,0,0.36388062141830335,0,16.973684210528432,0,0,0,0,0.002619444444444444,18484.835630965008,5.134676564156947,0.058914728682163194,0.06901840490797546,0,LOW,LOW
VEH_003,68b89b2d4f65cd554d7512ab,2025-11-20 18:00:00,ON,7.34,16431.48,47.98,37.4,37.7,460.0,-0.15,32,9.7,0.0,986.7,555910.6100000002,0.44000000000000483,7.3400000000001455,16.68181818181833,0,0.0,9.7,0.15,0.32,0.201,3600,0.0,11.6497,0,24,90000,47.98,0.00012222222222222357,7.420634920634937e-05,646575.4010695172,10776.256684491955,179.6042780748659,0,0.4140905056139687,0,16.68181818181833,0,0,0,0,0.002694444444444444,17807.01030927835,4.94639175257732,0.05994550408719293,0.39263803680981596,0,LOW,LOW
VEH_003,68b89b2d4f65cd554d7512ab,2025-11-20 19:00:00,ON,14.38,16445.87,47.11,37.5,39.4,461.0,-0.43,32,11.82,0.0,987.56,555910.6100000002,0.8699999999999974,14.389999999999418,16.54022988505685,0,0.0,11.82,0.43,0.32,0.397,3600,0.0,16.51254,0,24,93600,47.11,0.00024166666666666596,0.00010753968253968257,438070.84870848694,7301.180811808115,121.6863468634686,0,0.8118204871641214,0,16.54022988505685,0,0,0,0,0.0032833333333333334,14348.223350253807,3.985617597292724,0.0604586518415589,0.950920245398773,0,LOW,LOW
VEH_003,68b89b2d4f65cd554d7512ab,2025-11-20 20:00:00,ON,18.31,16464.18,46.01,37.6,39.9,462.0,0.19,43,12.99,0.0,988.66,555910.6100000002,1.1000000000000014,18.31000000000131,16.645454545455713,0,0.0,12.99,0.19,0.43,0.262,3600,0.0,16.39338,0,24,97200,46.01,0.00030555555555555593,0.00013412698412698423,343033.1360946743,5717.218934911239,95.28698224852064,0,1.0329696400261796,0,16.645454545455713,0,0,0,0,0.003608333333333333,12751.039260969977,3.541955350269438,0.06007646095029616,0.7162576687116564,0,LOW,LOW
VEH_003,68b89b2d4f65cd554d7512ab,2025-11-20 21:00:00,ON,24.66,16488.84,44.53,37.3,40.5,463.0,-0.05,12,14.9,0.0,990.14,555910.6100000002,1.4799999999999969,24.659999999999854,16.662162162162097,0,0.0,14.9,0.05,0.12,0.071,3600,0.0,15.9579,0,24,100800,44.53,0.00041111111111111025,0.00018412698412698412,241843.9655172414,4030.7327586206898,67.17887931034483,0,1.3912087014223713,0,16.662162162162097,0,0,0,0,0.004138888888888889,10758.926174496644,2.9885906040268457,0.060016220600162436,0.5828220858895705,0,MEDIUM,LOW
VEH_003,68b89b2d4f65cd554d7512ab,2025-11-20 22:00:00,ON,32.27,16521.11,42.6,37.1,43.8,464.0,0.21,40,17.18,0.0,992.08,555910.6100000002,1.9299999999999997,32.27000000000044,16.72020725388624,0,0.0,17.18,0.21,0.4,0.267,3600,1.0,21.767059999999997,0,24,104400,42.6,0.000536111111111111,0.0002472222222222221,172314.60674157314,2871.9101123595524,47.86516853932587,0,1.8205314190957338,0,16.72020725388624,0,0,0,0,0.004772222222222222,8926.658905704307,2.479627473806752,0.05980787108769674,0.18711656441717792,0,MEDIUM,LOW
VEH_003,68b89b2d4f65cd554d7512ab,2025-11-20 23:00:00,ON,37.74,16558.84,40.33,36.2,44.0,465.0,0.36,11,18.82,0.0,994.34,555910.6100000002,2.270000000000003,37.72999999999956,16.621145374449124,0,0.0,18.82,0.36,0.11,0.28500000000000003,3600,1.0,24.1837,0,24,108000,40.33,0.0006305555555555564,0.0003361111111111111,119990.0826446281,1999.8347107438017,33.33057851239669,0,2.12856059629626,0,16.621145374449124,0,0,0,0,0.005227777777777778,7714.558979808713,2.1429330499468646,0.0601643254704487,0.843558282208589,0,MEDIUM,LOW
VEH_003,68b89b2d4f65cd554d7512ab,2025-11-21 00:00:00,ON,41.4,16600.24,37.85,36.6,49.8,466.0,-0.5,6,19.92,0.0,996.82,555910.6100000002,2.479999999999997,41.400000000001455,16.693548387097383,0,0.0,19.92,0.5,0.06,0.368,3600,1.0,27.25056,0,24,111600,37.85,0.000688888888888888,0.00041944444444444445,90238.41059602649,1503.9735099337747,25.066225165562912,0,2.335605849103347,0,16.693548387097383,0,0,0,0,0.005533333333333334,6840.361445783133,1.9001004016064258,0.0599033816425099,0.2960122699386503,0,MEDIUM,LOW
VEH_003,68b89b2d4f65cd554d7512ab,2025-11-21 01:00:00,ON,37.18,16637.42,35.62,36.9,46.7,467.0,0.12,36,18.65,0.0,999.06,555910.6100000002,2.230000000000004,37.17999999999665,16.672645739908784,0,0.0,18.65,0.12,0.36,0.192,3600,1.0,22.2308,0,24,115200,35.62,0.0006194444444444456,0.0004904761904761905,72623.30097087378,1210.388349514563,20.17313915857605,0,2.0975320161751587,0,16.672645739908784,0,0,0,0,0.0051805555555555554,6875.710455764075,1.9099195710455763,0.05997848305541164,0.4831288343558282,0,MEDIUM,LOW
VEH_003,68b89b2d4f65cd554d7512ab,2025-11-21 02:00:00,ON,33.85,16671.27,33.59,36.5,43.4,468.0,-0.04,33,17.66,0.0,1001.09,555910.6100000002,2.029999999999994,33.85000000000218,16.674876847291763,0,0.0,17.66,0.04,0.33,0.127,3600,1.0,19.902820000000002,0,24,118800,33.59,0.0005638888888888872,0.0005365079365079364,62608.57988165683,1043.4763313609471,17.39127218934912,0,1.9096680674432516,0,16.674876847291763,0,0,0,0,0.004905555555555555,6847.338618346547,1.9020385050962632,0.05997045790250703,0.4570552147239264,0,MEDIUM,LOW
VEH_003,68b89b2d4f65cd554d7512ab,2025-11-21 03:00:00,ON,29.77,16701.04,31.8,36.8,51.0,469.0,0.13,15,16.43,0.0,1002.87,555910.6100000002,1.7900000000000027,29.770000000000437,16.631284916201338,0,0.0,16.43,0.13,0.15,0.136,3600,0.0,18.66448,0,24,122400,31.8,0.000497222222222223,0.0005638888888888888,56394.08866995075,939.9014778325125,15.665024630541874,0,1.6794924185460198,0,16.631284916201338,0,0,0,0,0.004563888888888889,6967.741935483871,1.935483870967742,0.060127645280482915,0.8006134969325154,0,MEDIUM,LOW
VEH_003,68b89b2d4f65cd554d7512ab,2025-11-21 04:00:00,ON,27.3,16728.35,30.16,36.6,46.6,470.0,-0.31,33,15.69,0.0,1004.51,555910.6100000002,1.6400000000000006,27.30999999999767,16.65243902438882,0,0.0,15.69,0.31,0.33,0.316,3600,0.0,20.64804,0,24,126000,30.16,0.0004555555555555557,0.0005702380952380952,52890.1878914405,881.5031315240084,14.691718858733473,0,1.540710042004945,0,16.65243902438882,0,0,0,0,0.004358333333333333,6920.076481835565,1.9222434671765458,0.06005126327353132,0.6702453987730062,0,MEDIUM,LOW
VEH_003,68b89b2d4f65cd554d7512ab,2025-11-21 05:00:00,ON,27.95,16756.3,28.49,36.6,49.1,471.0,-0.01,45,15.89,0.0,1006.19,555910.6100000002,1.6700000000000017,27.950000000000728,16.736526946108203,0,0.0,15.89,0.01,0.45,0.14200000000000002,3600,0.0,18.14638,0,24,129600,28.49,0.0004638888888888894,0.000559920634920635,50882.21119773209,848.0368532955348,14.13394755492558,0,1.5768160261458444,0,16.736526946108203,0,0,0,0,0.004413888888888889,6454.625550660792,1.79295154185022,0.059749552772807094,0.15950920245398773,0,MEDIUM,LOW
VEH_003,68b89b2d4f65cd554d7512ab,2025-11-21 06:00:00,ON,31.72,16788.02,26.58,37.3,44.1,472.0,-0.37,33,17.02,0.0,1008.09,555910.6100000002,1.9100000000000001,31.720000000001164,16.607329842932547,0,0.0,17.02,0.37,0.33,0.358,3600,1.0,23.11316,0,24,133200,26.58,0.0005305555555555556,0.0005456349206349206,48713.89090909091,811.8981818181818,13.531636363636363,0,1.7895028389748378,0,16.607329842932547,0,0,0,0,0.004727777777777778,5622.091656874265,1.561692126909518,0.06021437578814407,0.8711656441717791,0,MEDIUM,LOW
VEH_003,68b89b2d4f65cd554d7512ab,2025-11-21 07:00:00,ON,33.31,16821.33,24.58,37.6,44.1,473.0,-0.29,18,17.49,0.0,1010.09,555910.6100000002,2.0,33.31000000000131,16.655000000000655,0,0.0,17.49,0.29,0.18,0.257,3600,1.0,21.98493,0,24,136800,24.58,0.0005555555555555556,0.0005265873015873017,46677.92012057271,777.9653353428785,12.966088922381308,0,1.879203643324464,0,16.655000000000655,0,0,0,0,0.0048583333333333326,5059.348198970841,1.4053744997141224,0.06004202942059206,0.6533742331288344,0,HIGH,MEDIUM
VEH_003,68b89b2d4f65cd554d7512ab,2025-11-21 08:00:00,ON,39.23,16860.57,22.23,37.7,49.4,474.0,0.07,1,19.27,0.0,1012.44,555910.6100000002,2.349999999999998,39.23999999999796,16.69787234042468,0,0.0,19.27,0.07,0.01,0.052000000000000005,3600,1.0,20.27204,0,24,140400,22.23,0.0006527777777777772,0.0005313492063492062,41836.893203883505,697.2815533980585,11.621359223300974,0,2.213748152628197,0,16.69787234042468,0,0,0,0,0.0053527777777777775,4152.983912817852,1.1536066424494034,0.0598878695209001,0.2745398773006135,0,HIGH,MEDIUM
VEH_003,68b89b2d4f65cd554d7512ab,2025-11-21 09:00:00,ON,41.02,16901.58,19.77,38.4,49.3,475.0,0.25,32,19.8,0.0,1014.9,555910.6100000002,2.460000000000001,41.01000000000204,16.670731707317895,0,0.0,19.8,0.25,0.32,0.271,3600,1.0,25.1658,0,24,144000,19.77,0.0006833333333333335,0.0005484126984126985,36049.49348769898,600.8248914616496,10.013748191027494,0,2.3136037650176244,0,16.670731707317895,0,0,0,0,0.0055000000000000005,3594.545454545454,0.9984848484848483,0.059985369422089214,0.5015337423312883,0,HIGH,MEDIUM
VEH_003,68b89b2d4f65cd554d7512ab,2025-11-21 10:00:00,ON,35.67,16937.25,17.63,38.1,41.7,476.0,0.11,29,18.2,0.0,1017.05,555910.6100000002,2.1400000000000006,35.669999999998254,16.6682242990646,0,0.0,18.2,0.11,0.29,0.16399999999999998,3600,1.0,21.1848,0,24,147600,17.63,0.0005944444444444446,0.0005623015873015873,31353.281580804512,522.5546930134085,8.709244883556808,0,2.012344459843222,0,16.6682242990646,0,0,0,0,0.005055555555555555,3487.252747252747,0.9686813186813187,0.0599943930473817,0.5291411042944786,0,HIGH,MEDIUM
VEH_003,68b89b2d4f65cd554d7512ab,2025-11-21 11:00:00,ON,40.76,16978.01,15.18,38.1,43.8,477.0,-0.09,13,19.73,0.0,1019.49,555910.6100000002,2.4499999999999993,40.7599999999984,16.636734693876903,0,0.0,19.73,0.09,0.13,0.10200000000000001,3600,1.0,21.74246,0,24,151200,15.18,0.0006805555555555553,0.0005944444444444444,25536.448598130843,425.60747663551405,7.093457943925234,0,2.299499864962448,0,16.636734693876903,0,0,0,0,0.005480555555555555,2769.792194627471,0.769386720729853,0.06010794896958036,0.7684049079754601,0,HIGH,MEDIUM
VEH_003,68b89b2d4f65cd554d7512ab,2025-11-21 12:00:00,ON,38.72,17016.73,12.86,37.5,47.5,478.0,-0.11,12,19.12,0.0,1021.81,555910.6100000002,2.3200000000000003,38.720000000001164,16.689655172414295,0,0.0,19.12,0.11,0.12,0.11299999999999999,3600,1.0,21.28056,0,24,154800,12.86,0.0006444444444444446,0.0006202380952380952,20733.973128598846,345.56621880998074,5.759436980166346,0,2.184412040514037,0,16.689655172414295,0,0,0,0,0.005311111111111111,2421.338912133891,0.6725941422594142,0.05991735537189903,0.3159509202453988,0,HIGH,MEDIUM
VEH_003,68b89b2d4f65cd554d7512ab,2025-11-21 13:00:00,ON,43.32,17060.05,10.26,37.3,48.8,479.0,0.34,10,20.5,0.0,1024.41,555910.6100000002,2.5999999999999996,43.31999999999971,16.661538461538353,0,0.0,20.5,0.34,0.1,0.268,3600,1.0,25.994,0,24,158400,10.26,0.0007222222222222221,0.0006476190476190476,15842.64705882353,264.04411764705884,4.400735294117647,0,2.443923801525429,0,16.661538461538353,0,0,0,0,0.005694444444444445,1801.7560975609756,0.5004878048780488,0.060018467220683686,0.5920245398773006,0,HIGH,MEDIUM
VEH_003,68b89b2d4f65cd554d7512ab,2025-11-21 14:00:00,ON,45.87,17105.92,7.51,37.6,47.1,480.0,-0.26,15,21.26,0.0,1027.17,555910.6100000002,2.75,45.86999999999898,16.67999999999963,0,0.0,21.26,0.26,0.15,0.22699999999999998,3600,1.0,26.086019999999998,0,24,162000,7.51,0.0007638888888888889,0.0006773809523809524,11086.818980667837,184.78031634446396,3.079671939074399,0,2.587783582086096,0,16.67999999999963,0,0,0,0,0.005905555555555556,1271.6839134524928,0.3532455315145813,0.05995203836930589,0.40797546012269936,0,HIGH,HIGH
VEH_003,68b89b2d4f65cd554d7512ab,2025-11-21 15:00:00,ON,38.12,17144.04,5.22,37.9,47.0,481.0,-0.08,9,18.94,0.0,1029.45,555910.6100000002,2.29,38.12000000000262,16.64628820960813,0,0.0,18.94,0.08,0.09,0.08299999999999999,3600,1.0,20.51202,0,24,165600,5.22,0.0006361111111111112,0.000675,7733.333333333332,128.88888888888886,2.148148148148148,0,2.150562680382188,0,16.64628820960813,0,0,0,0,0.005261111111111111,992.1858500527982,0.2756071805702217,0.060073452256029454,0.7116564417177914,0,HIGH,HIGH
VEH_003,68b89b2d4f65cd554d7512ab,2025-11-21 16:00:00,ON,39.68,17183.72,2.84,37.9,46.9,482.0,-0.13,36,19.4,0.0,1031.83,555910.6100000002,2.38,39.68000000000029,16.672268907563147,0,0.0,19.4,0.13,0.36,0.199,3600,1.0,23.2606,0,24,169200,2.84,0.0006611111111111111,0.0006718253968253969,4227.288836385114,70.4548139397519,1.174246898995865,0,2.238571016725078,0,16.672268907563147,0,0,0,0,0.005388888888888888,527.0103092783505,0.1463917525773196,0.05997983870967698,0.4892638036809816,0,HIGH,HIGH
VEH_003,68b89b2d4f65cd554d7512ab,2025-11-21 17:00:00,ON,39.6,17223.32,0.47,37.0,46.8,483.0,0.45,36,19.38,0.0,1034.21,555910.6100000002,2.37,39.599999999998545,16.708860759493056,0,0.0,19.38,0.45,0.36,0.423,3600,1.0,27.57774,0,24,172800,0.47,0.0006583333333333334,0.0006809523809523809,690.2097902097902,11.503496503496503,0.19172494172494173,0,2.234057768707389,0,16.708860759493056,0,0,0,0,0.005383333333333333,87.30650154798762,0.024251805985552117,0.05984848484848705,0.21625766871165644,0,HIGH,HIGH
VEH_003,68b89b2d4f65cd554d7512ab,2025-11-21 18:00:00,ON,33.99,17257.31,0.0,36.3,46.7,484.0,-0.46,46,17.7,0.0,1036.25,555910.6100000002,0.47,33.9900000000016,72.31914893617362,0,0.0,17.7,0.46,0.46,0.46,3600,1.0,25.842,0,24,176400,0.0,0.00013055555555555555,0.0006023809523809523,0.0,0.0,0.0,0,1.9175662514740028,0,72.31914893617362,0,0,0,0,0.004916666666666666,0.0,0.0,0.013827596351867545,0.046012269938650305,0,HIGH,HIGH
VEH_003,68b89b2d4f65cd554d7512ab,2025-11-21 19:00:00,OFF,0.0,17257.31,0.0,37.3,1.3,484.0,-0.18,48,0.0,0.0,1036.25,555910.6100000002,-0.0,0.0,0.0,0,0.0,0.0,0.18,0.48,0.27,0,0.0,0.0,0,24,180000,0.0,-0.0,0.0005103174603174603,0.0,0.0,0.0,0,0.0,0,0.0,0,0,0,0,0.0,0.0,0.0,0.0,0.0,0,HIGH,
VEH_003,68b89b2d4f65cd554d7512ab,2025-11-21 20:00:00,OFF,0.0,17257.31,0.0,36.8,2.5,484.0,-0.15,5,0.0,0.0,1036.25,555910.6100000002,-0.0,0.0,0.0,0,0.0,0.0,0.15,0.05,0.12,0,0.0,0.0,0,24,183600,0.0,-0.0,0.00040714285714285717,0.0,0.0,0.0,0,0.0,0,0.0,0,0,0,0,0.0,0.0,0.0,0.0,0.0,0,HIGH,
VEH_003,68b89b2d4f65cd554d7512ab,2025-11-21 21:00:00,OFF,0.0,17257.31,0.0,37.4,2.0,484.0,0.37,37,0.0,0.0,1036.25,555910.6100000002,-0.0,0.0,0.0,0,0.0,0.0,0.37,0.37,0.37,0,0.0,0.0,0,24,187200,0.0,-0.0,0.000298015873015873,0.0,0.0,0.0,0,0.0,0,0.0,0,0,0,0,0.0,0.0,0.0,0.0,0.0,0,HIGH,
VEH_003,68b89b2d4f65cd554d7512ab,2025-11-21 22:00:00,ON,0.0,17257.31,31.62,36.9,22.5,484.0,-0.14,9,0.0,0.03,1036.25,555910.6100000002,0.0,0.0,0.0,1,0.03,0.0,0.14,0.09,0.125,3600,0.0,0.0,1,25,0,31.62,0.0,0.00020714285714285716,152648.27586206896,2544.137931034483,42.40229885057471,0,0.0,0,0.0,0,0,0,0,8.333333333333334e-06,3794400.0,1054.0,0.0,0.0,0,MEDIUM,LOW
VEH_003,68b89b2d4f65cd554d7512ab,2025-11-21 23:00:00,ON,0.31,17257.63,31.6,37.1,35.8,485.0,-0.02,9,7.59,0.0,1036.27,555910.6100000002,0.019999999999999574,0.31999999999970896,15.99999999998579,0,0.0,7.59,0.02,0.09,0.040999999999999995,3600,0.0,7.90119,0,25,3600,31.6,5.555555555555437e-06,0.00011349206349206347,278433.5664335665,4640.559440559442,77.34265734265736,0,0.018052992070346982,0,15.99999999998579,0,0,0,0,0.002108333333333333,14988.14229249012,4.163372859025033,0.06250000000005551,0.9846625766871165,0,MEDIUM,LOW
VEH_003,68b89b2d4f65cd554d7512ab,2025-11-22 00:00:00,ON,5.05,17262.68,31.3,37.0,39.3,486.0,0.02,40,9.02,0.0,1036.57,555910.6100000002,0.3000000000000007,5.049999999999272,16.833333333330867,0,0.0,9.02,0.02,0.4,0.134,3600,0.0,10.228679999999999,0,25,7200,31.3,8.333333333333353e-05,3.134920634920636e-05,998430.3797468352,16640.50632911392,277.3417721518987,0,0.28489878111038136,0,16.833333333330867,0,0,0,0,0.0025055555555555556,12492.239467849224,3.470066518847007,0.059405940594068105,0.0950920245398773,0,MEDIUM,LOW
VEH_003,68b89b2d4f65cd554d7512ab,2025-11-22 01:00:00,ON,9.37,17272.05,30.73,37.0,37.2,487.0,-0.21,8,10.31,0.0,1037.13,555910.6100000002,0.5700000000000003,9.369999999998981,16.438596491226274,0,0.0,10.31,0.21,0.08,0.17099999999999999,3600,0.0,12.073010000000002,0,25,10800,30.73,0.0001583333333333334,3.531746031746034e-05,870107.8651685389,14501.797752808981,241.69662921348302,0,0.5286141740602709,0,16.438596491226274,0,0,0,0,0.002863888888888889,10730.164888457808,2.9806013579049466,0.06083244397012404,0.9631901840490797,0,MEDIUM,LOW
VEH_003,68b89b2d4f65cd554d7512ab,2025-11-22 02:00:00,ON,10.42,17282.47,30.11,37.5,39.7,488.0,0.12,9,10.62,0.0,1037.76,555910.6100000002,0.620000000000001,10.420000000001892,16.80645161290625,0,0.0,10.62,0.12,0.09,0.11099999999999999,3600,0.0,11.79882,0,25,14400,30.11,0.0001722222222222225,5.9920634920634984e-05,502498.0132450326,8374.96688741721,139.58278145695348,0,0.5878505542913149,0,16.80645161290625,0,0,0,0,0.00295,10206.77966101695,2.8352165725047085,0.059500959692887566,0.10889570552147239,0,MEDIUM,LOW
VEH_003,68b89b2d4f65cd554d7512ab,2025-11-22 03:00:00,ON,3.1,17285.57,72.75,38.5,37.5,489.0,-0.34,1,8.43,0.0,1037.94,555910.6100000002,0.0,3.099999999998545,0.0,0,0.0,8.43,0.34,0.01,0.241,3600,0.0,10.461630000000001,1,26,0,72.75,0.0,5.9920634920634984e-05,1214105.9602648993,20235.09933774832,337.25165562913867,0,0.17488836068156335,0,0.0,0,0,0,0,0.0023416666666666664,31067.615658362993,8.629893238434164,0.0,0.02223926380368098,0,LOW,LOW
VEH_003,68b89b2d4f65cd554d7512ab,2025-11-22 04:00:00,ON,1.79,17287.36,72.64,38.6,36.9,490.0,-0.15,36,8.04,0.0,1038.05,555910.6100000002,0.10999999999999943,1.7900000000008731,16.272727272735295,0,0.0,8.04,0.15,0.36,0.213,3600,0.0,9.752519999999999,0,26,3600,72.64,3.05555555555554e-05,6.428571428571433e-05,1129955.5555555548,18832.59259259258,313.87654320987633,0,0.10098392439364452,0,16.272727272735295,0,0,0,0,0.0022333333333333333,32525.373134328358,9.034825870646767,0.061452513966450156,0.9769938650306749,0,LOW,LOW
VEH_003,68b89b2d4f65cd554d7512ab,2025-11-22 05:00:00,ON,5.94,17293.3,72.28,38.3,36.7,491.0,0.24,10,9.28,0.0,1038.41,555910.6100000002,0.35999999999999943,5.93999999999869,16.499999999996387,0,0.0,9.28,0.24,0.1,0.19799999999999998,3600,0.0,11.117439999999998,0,26,7200,72.28,9.999999999999984e-05,7.85714285714286e-05,919927.2727272725,15332.121212121208,255.53535353535347,0,0.3351086653060467,0,16.499999999996387,0,0,0,0,0.002577777777777778,28039.655172413793,7.788793103448276,0.060606060606073875,0.9601226993865031,0,LOW,LOW
VEH_003,68b89b2d4f65cd554d7512ab,2025-11-22 06:00:00,ON,6.28,17299.58,71.91,38.0,38.8,492.0,0.26,43,9.38,0.0,1038.78,555910.6100000002,0.37000000000000455,6.280000000002474,16.972972972979452,0,0.0,9.38,0.26,0.43,0.311,3600,0.0,12.29718,0,26,10800,71.91,0.00010277777777777904,9.246031746031767e-05,777739.0557939896,12962.317596566492,216.03862660944154,0,0.3542899693810213,0,16.972972972979452,0,0,0,0,0.002605555555555556,27598.720682302766,7.6663113006396575,0.05891719745220682,0.0705521472392638,0,LOW,LOW
VEH_003,68b89b2d4f65cd554d7512ab,2025-11-22 07:00:00,ON,0.08,17299.66,71.9,37.8,36.1,493.0,0.05,21,7.52,0.0,1038.79,555910.6100000002,0.009999999999990905,0.07999999999810825,7.999999999818101,0,0.0,7.52,0.05,0.21,0.098,3600,0.0,8.25696,0,26,14400,71.9,2.777777777775251e-06,8.095238095238077e-05,888176.4705882374,14802.941176470624,246.71568627451038,0,0.004513248017484126,0,7.999999999818101,1,0,0,0,0.002088888888888889,34420.21276595745,9.561170212765958,0.12500000000284217,1.0,0,LOW,LOW
VEH_003,68b89b2d4f65cd554d7512ab,2025-11-22 08:00:00,ON,0.0,17299.66,71.87,37.3,22.2,494.0,0.0,39,0.0,0.03,1038.82,555910.6100000002,0.030000000000001137,0.0,0.0,1,0.03,0.0,0.0,0.39,0.11699999999999999,3600,0.0,0.0,0,26,18000,71.87,8.333333333333649e-06,5.952380952380939e-05,1207416.0000000028,20123.600000000046,335.3933333333341,0,0.0,0,0.0,1,1,0,0,8.333333333333334e-06,8624400.0,2395.6666666666665,0.0,0.0,0,LOW,LOW
VEH_003,68b89b2d4f65cd554d7512ab,2025-11-22 09:00:00,ON,0.0,17299.66,71.84,37.2,28.3,495.0,-0.39,16,0.0,0.03,1038.85,555910.6100000002,0.030000000000001137,0.0,0.0,1,0.03,0.0,0.39,0.16,0.32099999999999995,3600,0.0,0.0,0,26,21600,71.84,8.333333333333649e-06,3.611111111111098e-05,1989415.384615392,33156.9230769232,552.6153846153867,0,0.0,0,0.0,1,1,0,0,8.333333333333334e-06,8620800.0,2394.6666666666665,0.0,0.0,0,LOW,LOW
VEH_003,68b89b2d4f65cd554d7512ab,2025-11-22 10:00:00,ON,4.25,17303.91,71.59,37.2,37.9,496.0,0.23,27,8.78,0.0,1039.1,555910.6100000002,0.25,4.25,17.0,0,0.0,8.78,0.23,0.27,0.242,3600,0.0,10.90476,0,26,25200,71.59,6.944444444444444e-05,4.6031746031745895e-05,1555231.0344827634,25920.517241379388,432.0086206896565,0,0.23976630093451393,0,17.0,0,0,0,0,0.002438888888888889,29353.53075170843,8.15375854214123,0.058823529411764705,0.06748466257668712,0,LOW,LOW
VEH_003,68b89b2d4f65cd554d7512ab,2025-11-22 11:00:00,ON,12.03,17315.94,70.87,37.5,38.9,497.0,0.0,28,11.11,0.0,1039.83,555910.6100000002,0.7199999999999989,12.029999999998836,16.708333333331744,0,0.0,11.11,0.0,0.28,0.084,3600,0.0,12.04324,0,26,28800,70.87,0.00019999999999999968,7.02380952380951e-05,1008996.6101694937,16816.610169491563,280.2768361581927,0,0.6786796706451584,0,16.708333333331744,0,0,0,0,0.003086111111111111,22964.176417641767,6.37893789378938,0.0598503740648436,0.21932515337423314,0,LOW,LOW
VEH_003,68b89b2d4f65cd554d7512ab,2025-11-22 12:00:00,ON,19.24,17335.18,69.71,37.4,43.1,498.0,0.37,23,13.27,0.0,1040.98,555910.6100000002,1.1600000000000108,19.2400000000016,16.586206896552948,0,0.0,13.27,0.37,0.23,0.328,3600,0.0,17.62256,0,26,32400,69.71,0.0003222222222222252,0.00010198412698412727,683537.7431906596,11392.295719844326,189.87159533073876,0,1.0854361482306898,0,16.586206896552948,0,0,0,0,0.003686111111111111,18911.529766390355,5.2532027128862095,0.06029106029105584,0.9079754601226994,0,LOW,LOW
VEH_003,68b89b2d4f65cd554d7512ab,2025-11-22 13:00:00,ON,14.28,17349.46,68.86,37.0,39.9,499.0,0.39,19,11.78,0.0,1041.84,555910.6100000002,0.8499999999999943,14.279999999998836,16.799999999998743,0,0.0,11.78,0.39,0.19,0.32999999999999996,3600,0.0,15.6674,0,26,36000,68.86,0.00023611111111110952,0.00012103174603174592,568941.6393442629,9482.360655737715,158.03934426229526,0,0.8056147711399011,0,16.799999999998743,0,0,0,0,0.003272222222222222,21043.803056027165,5.845500848896435,0.059523809523813975,0.11349693251533742,0,LOW,LOW
VEH_003,68b89b2d4f65cd554d7512ab,2025-11-22 14:00:00,ON,22.17,17371.63,67.53,37.1,44.3,500.0,-0.14,20,14.15,0.0,1043.17,555910.6100000002,1.3299999999999983,22.17000000000189,16.66917293233227,0,0.0,14.15,0.14,0.2,0.158,3600,0.0,16.3857,0,26,39600,67.53,0.00036944444444444394,0.0001734126984126986,389417.84897025133,6490.297482837522,108.1716247139587,0,1.250733856874971,0,16.66917293233227,0,0,0,0,0.003930555555555556,17180.77738515901,4.772438162544169,0.059990978800175225,0.50920245398773,0,LOW,LOW
VEH_003,68b89b2d4f65cd554d7512ab,2025-11-22 15:00:00,ON,21.85,17393.48,66.21,36.9,41.6,501.0,0.29,18,14.06,0.0,1044.48,555910.6100000002,1.3200000000000074,21.849999999998545,16.553030303029107,0,0.0,14.06,0.29,0.18,0.257,3600,0.0,17.673420000000004,0,26,43200,66.21,0.00036666666666666873,0.00022460317460317502,294786.572438162,4913.109540636034,81.88515901060056,0,1.2326808648044187,0,16.553030303029107,0,0,0,0,0.0039055555555555558,16952.773826458033,4.709103840682787,0.060411899313505504,0.9478527607361963,0,LOW,LOW
VEH_003,68b89b2d4f65cd554d7512ab,2025-11-22 16:00:00,ON,22.86,17416.34,64.84,37.0,38.0,502.0,-0.31,29,14.36,0.0,1045.85,555910.6100000002,1.3699999999999903,22.860000000000582,16.686131386861856,0,0.0,14.36,0.31,0.29,0.304,3600,0.0,18.72544,0,26,46800,64.84,0.0003805555555555529,0.0002777777777777778,233424.0,3890.4,64.84,0,1.2896606210266182,0,16.686131386861856,0,0,0,0,0.003988888888888889,16255.15320334262,4.515320334261839,0.05993000874890444,0.3496932515337423,0,LOW,LOW
VEH_003,68b89b2d4f65cd554d7512ab,2025-11-22 17:00:00,ON,23.63,17439.97,63.42,37.1,47.2,503.0,0.34,29,14.59,0.0,1047.27,555910.6100000002,1.4200000000000017,23.63000000000102,16.640845070423232,0,0.0,14.59,0.34,0.29,0.32499999999999996,3600,0.0,19.33175,0,26,50400,63.42,0.00039444444444444493,0.0003242063492063493,195616.1566707466,3260.2692778457767,54.33782129742961,0,1.3331006331959547,0,16.640845070423232,0,0,0,0,0.0040527777777777775,15648.526387936945,4.34681288553804,0.06009310198899452,0.7423312883435583,0,LOW,LOW
VEH_003,68b89b2d4f65cd554d7512ab,2025-11-22 18:00:00,ON,17.32,17457.29,62.39,37.1,39.4,504.0,0.4,19,12.7,0.0,1048.31,555910.6100000002,1.0300000000000011,17.31999999999971,16.815533980582224,0,0.0,12.7,0.4,0.19,0.33699999999999997,3600,0.0,16.979899999999997,0,26,54000,62.39,0.00028611111111111144,0.0003365079365079367,185404.24528301877,3090.0707547169795,51.50117924528299,0,0.9771181958084026,0,16.815533980582224,0,0,0,0,0.0035277777777777777,17685.354330708662,4.91259842519685,0.059468822170901756,0.10276073619631902,0,LOW,LOW
VEH_003,68b89b2d4f65cd554d7512ab,2025-11-22 19:00:00,ON,23.52,17480.8,60.97,36.9,44.2,505.0,0.49,18,14.56,0.0,1049.72,555910.6100000002,1.4200000000000017,23.5099999999984,16.55633802816787,0,0.0,14.56,0.49,0.18,0.39699999999999996,3600,0.0,20.340320000000002,0,26,57600,60.97,0.00039444444444444493,0.0003468253968253966,175794.50800915345,2929.908466819224,48.8318077803204,0,1.3263307611694208,0,16.55633802816787,0,0,0,0,0.004044444444444444,15075.0,4.1875,0.06039982985963838,0.941717791411043,0,LOW,LOW
VEH_003,68b89b2d4f65cd554d7512ab,2025-11-22 20:00:00,ON,24.03,17504.83,59.53,37.1,40.3,506.0,0.09,36,14.71,0.0,1051.16,555910.6100000002,1.4399999999999977,24.030000000002474,16.687500000001744,0,0.0,14.71,0.09,0.36,0.17099999999999999,3600,0.0,17.22541,0,26,61200,59.53,0.00039999999999999937,0.0003702380952380952,160788.42443729905,2679.8070739549844,44.66345123258307,0,1.3556668732839912,0,16.687500000001744,0,0,0,0,0.0040861111111111115,14568.864717878992,4.046906866077498,0.059925093632952536,0.34202453987730064,0,LOW,LOW
VEH_003,68b89b2d4f65cd554d7512ab,2025-11-22 21:00:00,ON,18.5,17523.34,58.42,37.2,40.5,507.0,0.15,23,13.05,0.0,1052.27,555910.6100000002,1.1099999999999994,18.5099999999984,16.675675675674242,0,0.0,13.05,0.15,0.23,0.174,3600,0.0,15.3207,0,26,64800,58.42,0.0003083333333333332,0.0003615079365079365,161600.8781558727,2693.3479692645446,44.88913282107575,0,1.0442527600699927,0,16.675675675674242,0,0,0,0,0.003625,16115.862068965516,4.476628352490422,0.05996758508914616,0.450920245398773,0,LOW,LOW
VEH_003,68b89b2d4f65cd554d7512ab,2025-11-22 22:00:00,ON,17.75,17541.08,57.36,36.7,38.4,508.0,-0.22,41,12.82,0.0,1053.34,555910.6100000002,1.0600000000000023,17.7400000000016,16.735849056605247,0,0.0,12.82,0.22,0.41,0.27699999999999997,3600,0.0,16.37114,0,26,68400,57.36,0.0002944444444444451,0.00035119047619047597,163330.16949152554,2722.1694915254257,45.36949152542376,0,1.0008127479008613,0,16.735849056605247,0,0,0,0,0.0035611111111111112,16107.33229329173,4.4742589703588145,0.05975197294249755,0.16104294478527606,0,LOW,LOW
VEH_003,68b89b2d4f65cd554d7512ab,2025-11-22 23:00:00,ON,13.75,17554.83,56.53,36.6,37.3,509.0,-0.08,24,11.63,0.0,1054.16,555910.6100000002,0.8299999999999983,13.75,16.566265060240998,0,0.0,11.63,0.08,0.24,0.128,3600,0.0,13.118640000000003,0,26,72000,56.53,0.00023055555555555508,0.00032976190476190486,171426.714801444,2857.1119133574,47.618531889290004,0,0.7757145030234274,0,16.566265060240998,0,0,0,0,0.003230555555555556,17498.538263112638,4.8607050730868435,0.06036363636363624,0.9279141104294478,0,LOW,LOW
VEH_003,68b89b2d4f65cd554d7512ab,2025-11-23 00:00:00,ON,10.6,17565.43,55.9,36.6,36.7,510.0,-0.29,32,10.68,0.0,1054.8,555910.6100000002,0.6300000000000026,10.599999999998545,16.825396825394446,0,0.0,10.68,0.29,0.32,0.299,3600,0.0,13.87332,0,26,75600,55.9,0.0001750000000000007,0.0002984126984126985,187324.46808510632,3122.0744680851053,52.03457446808509,0,0.5980053623307056,0,16.825396825394446,0,0,0,0,0.0029666666666666665,18842.696629213482,5.234082397003745,0.05943396226415935,0.09815950920245399,0,LOW,LOW
VEH_003,68b89b2d4f65cd554d7512ab,2025-11-23 01:00:00,ON,6.0,17571.43,55.54,36.4,37.2,511.0,0.12,35,9.3,0.0,1055.16,555910.6100000002,0.35999999999999943,6.0,16.666666666666693,0,0.0,9.3,0.12,0.35,0.189,3600,0.0,11.0577,0,26,79200,55.54,9.999999999999984e-05,0.0002718253968253969,204322.33576642332,3405.372262773722,56.756204379562035,0,0.3384936013193138,0,16.666666666666693,0,0,0,0,0.0025833333333333333,21499.354838709678,5.972043010752689,0.05999999999999991,0.5375766871165644,0,LOW,LOW
VEH_003,68b89b2d4f65cd554d7512ab,2025-11-23 02:00:00,ON,8.86,17580.29,55.01,36.1,39.2,512.0,-0.46,42,10.16,0.0,1055.69,555910.6100000002,0.5300000000000011,8.860000000000582,16.716981132076533,0,0.0,10.16,0.46,0.42,0.448,3600,0.0,14.71168,0,26,82800,55.01,0.00014722222222222255,0.00023650793650793655,232592.61744966437,3876.543624161073,64.60906040268455,0,0.4998422179482195,0,16.716981132076533,0,0,0,0,0.002822222222222222,19491.732283464567,5.414370078740157,0.059819413092546986,0.19478527607361965,0,LOW,LOW
VEH_003,68b89b2d4f65cd554d7512ab,2025-11-23 03:00:00,ON,10.44,17590.73,54.38,35.6,40.0,513.0,-0.09,39,10.63,0.0,1056.31,555910.6100000002,0.6299999999999955,10.43999999999869,16.571428571426612,0,0.0,10.63,0.09,0.39,0.18,3600,0.0,12.5434,0,26,86400,54.38,0.00017499999999999872,0.0002043650793650793,266092.4271844661,4434.873786407768,73.91456310679614,0,0.5889788662955321,0,16.571428571426612,0,0,0,0,0.002952777777777778,18416.556914393226,5.1157102539981185,0.06034482758621403,0.9233128834355828,0,LOW,LOW
VEH_003,68b89b2d4f65cd554d7512ab,2025-11-23 04:00:00,ON,3.84,17594.57,54.15,34.9,39.6,514.0,-0.27,45,8.65,0.0,1056.54,555910.6100000002,0.23000000000000398,3.8400000000001455,16.695652173913388,0,0.0,8.65,0.27,0.45,0.324,3600,0.0,11.4526,0,26,90000,54.15,6.388888888888999e-05,0.00016944444444444456,319573.77049180306,5326.229508196718,88.77049180327863,0,0.216635904844369,0,16.695652173913388,0,0,0,0,0.002402777777777778,22536.416184971094,6.260115606936415,0.0598958333333321,0.2822085889570552,0,LOW,LOW
VEH_003,68b89b2d4f65cd554d7512ab,2025-11-23 05:00:00,ON,11.79,17606.36,53.44,35.5,40.6,515.0,-0.13,34,11.04,0.0,1057.25,555910.6100000002,0.7100000000000009,11.790000000000873,16.60563380281811,0,0.0,11.04,0.13,0.34,0.193,3600,0.0,13.17072,0,26,93600,53.44,0.00019722222222222247,0.00015555555555555562,343542.857142857,5725.7142857142835,95.42857142857139,0,0.6651399265925008,0,16.60563380281811,0,0,0,0,0.0030666666666666663,17426.08695652174,4.840579710144928,0.06022052586937644,0.8742331288343558,0,LOW,LOW
VEH_003,68b89b2d4f65cd554d7512ab,2025-11-23 06:00:00,ON,13.01,17619.37,52.66,35.3,43.4,516.0,0.04,39,11.4,0.0,1058.03,555910.6100000002,0.7800000000000011,13.0099999999984,16.679487179485104,0,0.0,11.4,0.04,0.39,0.145,3600,0.0,13.053,0,26,97200,52.66,0.00021666666666666698,0.00015357142857142875,342902.32558139495,5715.038759689915,95.25064599483193,0,0.7339669588606217,0,16.679487179485104,0,0,0,0,0.0031666666666666666,16629.473684210527,4.6192982456140355,0.05995388162952322,0.41411042944785276,0,LOW,LOW
VEH_003,68b89b2d4f65cd554d7512ab,2025-11-23 07:00:00,ON,9.67,17629.04,52.08,35.2,38.0,517.0,0.14,47,10.4,0.0,1058.61,555910.6100000002,0.5799999999999983,9.670000000001892,16.67241379310676,0,0.0,10.4,0.14,0.47,0.239,3600,0.0,12.885599999999998,0,26,100800,52.08,0.00016111111111111062,0.0001515873015873016,343564.3979057591,5726.073298429318,95.43455497382197,0,0.5455388541264007,0,16.67241379310676,0,0,0,0,0.002888888888888889,18027.692307692305,5.007692307692307,0.05997931747672025,0.48466257668711654,0,LOW,LOW
VEH_003,68b89b2d4f65cd554d7512ab,2025-11-23 08:00:00,ON,9.75,17638.79,51.5,35.4,34.9,518.0,0.03,29,10.43,0.0,1059.2,555910.6100000002,0.5799999999999983,9.75,16.810344827586256,0,0.0,10.43,0.03,0.29,0.10799999999999998,3600,0.0,11.55644,0,26,104400,51.5,0.00016111111111111062,0.00016031746031746027,321237.6237623763,5353.960396039605,89.23267326732676,0,0.5500521021438849,0,16.810344827586256,0,0,0,0,0.002897222222222222,17775.647171620327,4.937679769894535,0.05948717948717931,0.10736196319018405,0,LOW,LOW
VEH_003,68b89b2d4f65cd554d7512ab,2025-11-23 09:00:00,ON,8.69,17647.48,50.97,34.8,37.7,519.0,-0.15,38,10.11,0.0,1059.72,555910.6100000002,0.5300000000000011,8.68999999999869,16.396226415091835,0,0.0,10.11,0.15,0.38,0.21899999999999997,3600,0.0,12.324089999999998,0,26,108000,50.97,0.00014722222222222255,0.00016031746031746027,317931.6831683169,5298.861386138615,88.31435643564359,0,0.4902515659107322,0,16.396226415091835,0,0,0,0,0.0028083333333333333,18149.554896142432,5.041543026706231,0.0609896432681336,0.9723926380368099,0,LOW,LOW
VEH_003,68b89b2d4f65cd554d7512ab,2025-11-23 10:00:00,ON,16.58,17664.06,49.98,34.9,42.4,520.0,-0.13,14,12.47,0.0,1060.71,555910.6100000002,0.990000000000002,16.580000000001746,16.747474747476478,0,0.0,12.47,0.13,0.14,0.133,3600,0.0,14.12851,0,26,111600,49.98,0.00027500000000000056,0.00017460317460317484,286249.09090909053,4770.818181818176,79.51363636363627,0,0.9353706516458022,0,16.747474747476478,0,0,0,0,0.003463888888888889,14428.869286287087,4.008019246190857,0.05971049457176705,0.147239263803681,0,LOW,LOW
VEH_003,68b89b2d4f65cd554d7512ab,2025-11-23 11:00:00,ON,19.37,17683.43,48.82,35.3,41.4,521.0,0.26,8,13.31,0.0,1061.88,555910.6100000002,1.1599999999999966,19.36999999999898,16.698275862068137,0,0.0,13.31,0.26,0.08,0.206,3600,0.0,16.05186,0,26,115200,48.82,0.00032222222222222125,0.00021150793650793643,230818.7617260789,3846.979362101315,64.11632270168859,0,1.092770176259127,0,16.698275862068137,0,0,0,0,0.0036972222222222224,13204.507888805409,3.6679188580015025,0.05988642230253266,0.26993865030674846,0,LOW,LOW
VEH_003,68b89b2d4f65cd554d7512ab,2025-11-23 12:00:00,ON,20.73,17704.16,47.57,35.3,38.5,522.0,0.02,39,13.72,0.0,1063.12,555910.6100000002,1.25,20.729999999999563,16.58399999999965,0,0.0,13.72,0.02,0.39,0.131,3600,0.0,15.517320000000002,0,26,118800,47.57,0.00034722222222222224,0.00023293650793650782,204218.73935264064,3403.645655877344,56.72742759795573,0,1.1694953925582043,0,16.58399999999965,0,0,0,0,0.0038111111111111115,12481.924198250728,3.467201166180758,0.06029908345393277,0.9125766871165644,0,LOW,LOW
VEH_003,68b89b2d4f65cd554d7512ab,2025-11-23 13:00:00,ON,14.62,17718.78,46.7,35.0,40.3,523.0,0.07,15,11.88,0.0,1064.0,555910.6100000002,0.8699999999999974,14.619999999998981,16.804597701148303,0,0.0,11.88,0.07,0.15,0.094,3600,0.0,12.996720000000002,0,26,122400,46.7,0.00024166666666666596,0.00023650793650793625,197456.3758389264,3290.93959731544,54.84899328859067,0,0.8247960752146704,0,16.804597701148303,0,0,0,0,0.0033000000000000004,14151.51515151515,3.930976430976431,0.05950752393981245,0.11042944785276074,0,LOW,LOW
VEH_003,68b89b2d4f65cd554d7512ab,2025-11-23 14:00:00,ON,9.77,17728.55,46.11,35.1,34.9,524.0,-0.37,41,10.43,0.0,1064.58,555910.6100000002,0.5900000000000034,9.770000000000437,16.559322033898948,0,0.0,10.43,0.37,0.41,0.382,3600,0.0,14.41426,0,26,126000,46.11,0.00016388888888888985,0.00023690476190476188,194635.175879397,3243.91959798995,54.06532663316583,0,0.5511804141483072,0,16.559322033898948,0,0,0,0,0.002897222222222222,15915.244487056569,4.420901246404602,0.06038894575230062,0.9371165644171779,0,LOW,LOW
VEH_003,68b89b2d4f65cd554d7512ab,2025-11-23 15:00:00,ON,3.15,17731.7,45.92,35.8,37.5,525.0,-0.3,6,8.45,0.0,1064.77,555910.6100000002,0.18999999999999773,3.150000000001455,16.57894736842891,0,0.0,8.45,0.3,0.06,0.22799999999999998,3600,0.0,10.3766,0,26,129600,45.92,5.277777777777715e-05,0.00022142857142857137,207380.6451612904,3456.3440860215064,57.60573476702511,0,0.1777091406927218,0,16.57894736842891,0,0,0,0,0.002347222222222222,19563.550295857993,5.43431952662722,0.06031746031743173,0.9156441717791411,0,LOW,LOW
VEH_003,68b89b2d4f65cd554d7512ab,2025-11-23 16:00:00,ON,5.9,17737.6,45.57,36.3,30.9,526.0,0.4,36,9.27,0.0,1065.13,555910.6100000002,0.3500000000000014,5.899999999997817,16.85714285713655,0,0.0,9.27,0.4,0.36,0.38799999999999996,3600,0.0,12.86676,0,26,133200,45.57,9.722222222222262e-05,0.00021428571428571422,212660.00000000006,3544.3333333333344,59.07222222222224,0,0.33285204129720203,0,16.85714285713655,0,0,0,0,0.002575,17697.087378640776,4.915857605177993,0.05932203389832727,0.08588957055214724,0,LOW,LOW
VEH_003,68b89b2d4f65cd554d7512ab,2025-11-23 17:00:00,ON,6.33,17743.94,45.19,36.3,39.6,527.0,0.3,9,9.4,0.0,1065.51,555910.6100000002,0.38000000000000256,6.3400000000001455,16.68421052631606,0,0.0,9.4,0.3,0.09,0.237,3600,0.0,11.6278,0,26,136800,45.19,0.00010555555555555627,0.00019007936507936508,237742.7974947808,3962.3799582463466,66.03966597077245,0,0.3576749053940831,0,16.68421052631606,0,0,0,0,0.0026111111111111114,17306.808510638297,4.807446808510638,0.05993690851734919,0.3726993865030675,0,LOW,LOW
VEH_003,68b89b2d4f65cd554d7512ab,2025-11-23 18:00:00,ON,4.22,17748.15,44.93,36.2,35.3,528.0,0.29,21,8.77,0.0,1065.76,555910.6100000002,0.259999999999998,4.210000000002765,16.19230769231845,0,0.0,8.77,0.29,0.21,0.266,3600,0.0,11.10282,0,26,140400,44.93,7.222222222222166e-05,0.0001543650793650794,291063.23907455005,4851.053984575834,80.85089974293057,0,0.23750967692587446,0,16.19230769231845,0,0,0,0,0.002436111111111111,18443.329532497148,5.123147092360319,0.06175771971492334,0.9800613496932515,0,MEDIUM,LOW
VEH_003,68b89b2d4f65cd554d7512ab,2025-11-23 19:00:00,ON,11.44,17759.6,44.25,36.5,37.5,529.0,-0.45,18,10.93,0.0,1066.45,555910.6100000002,0.6799999999999997,11.44999999999709,16.838235294113375,0,0.0,10.93,0.45,0.18,0.369,3600,0.0,14.96317,0,26,144000,44.25,0.0001888888888888888,0.00013174603174603174,335873.4939759036,5597.89156626506,93.29819277108433,0,0.6459586225175262,0,16.838235294113375,0,0,0,0,0.003036111111111111,14574.565416285453,4.048490393412626,0.05938864628822468,0.09202453987730061,0,MEDIUM,LOW
VEH_003,68b89b2d4f65cd554d7512ab,2025-11-23 20:00:00,ON,7.74,17767.34,43.78,36.7,36.4,530.0,-0.1,34,9.82,0.0,1066.91,555910.6100000002,0.46999999999999886,7.740000000001601,16.468085106386425,0,0.0,9.82,0.1,0.34,0.172,3600,0.0,11.509039999999999,0,26,147600,43.78,0.00013055555555555523,0.00011587301587301595,377827.39726027375,6297.123287671229,104.95205479452049,0,0.4366567457020051,0,16.468085106386425,0,0,0,0,0.0027277777777777778,16049.69450101833,4.458248472505091,0.0607235142118736,0.9616564417177914,0,MEDIUM,LOW
VEH_003,68b89b2d4f65cd554d7512ab,2025-11-23 21:00:00,ON,3.56,17770.9,43.57,36.6,35.3,531.0,0.32,30,8.57,0.0,1067.12,555910.6100000002,0.21000000000000085,3.5600000000013097,16.95238095238712,0,0.0,8.57,0.32,0.3,0.31399999999999995,3600,0.0,11.26098,0,26,151200,43.57,5.833333333333357e-05,0.00010079365079365078,432269.29133858276,7204.488188976379,120.07480314960632,0,0.20083953678286673,0,16.95238095238712,0,0,0,0,0.0023805555555555555,18302.4504084014,5.084014002333722,0.05898876404492236,0.0736196319018405,0,MEDIUM,LOW
VEH_003,68b89b2d4f65cd554d7512ab,2025-11-23 22:00:00,ON,0.0,17770.9,43.54,36.6,20.4,532.0,-0.48,4,0.0,0.03,1067.15,555910.6100000002,0.030000000000001137,0.0,0.0,1,0.03,0.0,0.48,0.04,0.348,3600,0.0,0.0,0,26,154800,43.54,8.333333333333649e-06,9.444444444444454e-05,461011.7647058819,7683.529411764698,128.05882352941163,0,0.0,0,0.0,1,1,0,0,8.333333333333334e-06,5224800.0,1451.3333333333333,0.0,0.0,0,MEDIUM,LOW
VEH_003,68b89b2d4f65cd554d7512ab,2025-11-23 23:00:00,ON,0.0,17770.9,43.51,37.3,21.2,533.0,-0.36,4,0.0,0.03,1067.18,555910.6100000002,0.030000000000001137,0.0,0.0,1,0.03,0.0,0.36,0.04,0.264,3600,0.0,0.0,0,26,158400,43.51,8.333333333333649e-06,8.174603174603183e-05,532258.2524271839,8870.970873786398,147.84951456310665,0,0.0,0,0.0,1,1,0,0,8.333333333333334e-06,5221199.999999999,1450.333333333333,0.0,0.0,0,MEDIUM,LOW
VEH_003,68b89b2d4f65cd554d7512ab,2025-11-24 00:00:00,ON,0.0,17770.9,43.48,37.7,27.0,534.0,0.06,8,0.0,0.03,1067.21,555910.6100000002,0.030000000000001137,0.0,0.0,1,0.03,0.0,0.06,0.08,0.066,3600,0.0,0.0,0,26,162000,43.48,8.333333333333649e-06,6.78571428571429e-05,640757.8947368417,10679.298245614027,177.98830409356714,0,0.0,0,0.0,1,1,0,0,8.333333333333334e-06,5217599.999999999,1449.333333333333,0.0,0.0,0,MEDIUM,LOW
VEH_003,68b89b2d4f65cd554d7512ab,2025-11-24 01:00:00,ON,1.75,17772.65,43.37,37.3,38.8,535.0,0.12,24,8.03,0.0,1067.32,555910.6100000002,0.10999999999999943,1.75,15.909090909090992,0,0.0,8.03,0.12,0.24,0.15599999999999997,3600,0.0,9.28268,0,26,165600,43.37,3.05555555555554e-05,6.1904761904762e-05,700592.3076923066,11676.538461538443,194.60897435897405,0,0.09872730038479985,0,15.909090909090992,0,0,0,0,0.0022305555555555555,19443.586550435866,5.4009962640099625,0.06285714285714253,0.9861963190184049,0,MEDIUM,LOW
VEH_003,68b89b2d4f65cd554d7512ab,2025-11-24 02:00:00,ON,9.1,17781.75,42.83,37.2,32.9,536.0,0.43,0,10.23,0.0,1067.87,555910.6100000002,0.5399999999999991,9.099999999998545,16.851851851849183,0,0.0,10.23,0.43,0.0,0.301,3600,0.0,13.30923,0,26,169200,42.83,0.00014999999999999977,5.634920634920641e-05,760081.6901408442,12668.028169014071,211.13380281690118,0,0.5133819620008772,0,16.851851851849183,0,0,0,0,0.002841666666666667,15072.140762463341,4.1867057673509285,0.05934065934066873,0.08742331288343558,0,MEDIUM,LOW
VEH_003,68b89b2d4f65cd554d7512ab,2025-11-24 03:00:00,ON,15.21,17796.96,41.92,37.1,42.8,537.0,0.43,49,12.06,0.0,1068.78,555910.6100000002,0.9099999999999966,15.209999999999127,16.714285714284816,0,0.0,12.06,0.43,0.49,0.44799999999999995,3600,0.0,17.46288,0,26,172800,41.92,0.00025277777777777684,7.38095238095238e-05,567948.3870967743,9465.806451612905,157.76344086021507,0,0.8580812793444111,0,16.714285714284816,0,0,0,0,0.00335,12513.432835820895,3.475953565505804,0.05982905982906304,0.2085889570552147,0,MEDIUM,LOW
VEH_003,68b89b2d4f65cd554d7512ab,2025-11-24 04:00:00,ON,8.15,17805.11,41.43,37.4,37.8,538.0,-0.25,0,9.95,0.0,1069.27,555910.6100000002,0.490000000000002,8.150000000001455,16.63265306122739,0,0.0,9.95,0.25,0.0,0.175,3600,0.0,11.69125,0,26,176400,41.43,0.00013611111111111167,8.492063492063495e-05,487867.28971962596,8131.121495327099,135.51869158878498,0,0.45978714179214997,0,16.63265306122739,0,0,0,0,0.0027638888888888886,14989.748743718594,4.163819095477387,0.060122699386492576,0.7868098159509203,0,MEDIUM,LOW
VEH_003,68b89b2d4f65cd554d7512ab,2025-11-24 05:00:00,ON,12.23,17817.34,40.69,37.3,37.1,539.0,0.08,5,11.17,0.0,1070.0,555910.6100000002,0.740000000000002,12.229999999999563,16.527027027026392,0,0.0,11.17,0.08,0.05,0.071,3600,0.0,11.96307,0,26,180000,40.69,0.0002055555555555561,0.00011309523809523816,359785.2631578945,5996.421052631575,99.94035087719291,0,0.6899627906891765,0,16.527027027026392,0,0,0,0,0.0031027777777777777,13114.055505819158,3.6427931960608775,0.060506950122651545,0.9585889570552147,0,MEDIUM,LOW
VEH_003,68b89b2d4f65cd554d7512ab,2025-11-24 06:00:00,ON,7.58,17824.93,40.24,36.7,40.5,540.0,0.43,46,9.77,0.0,1070.46,555910.6100000002,0.44999999999999574,7.5900000000001455,16.86666666666715,0,0.0,9.77,0.43,0.46,0.439,3600,0.0,14.05903,0,26,183600,40.24,0.0001249999999999988,0.0001297619047619046,310106.422018349,5168.440366972483,86.14067278287472,0,0.4281944056689401,0,16.86666666666715,0,0,0,0,0.002713888888888889,14827.430910951894,4.118730808597748,0.05928853754940542,0.08282208588957055,0,MEDIUM,LOW
VEH_003,68b89b2d4f65cd554d7512ab,2025-11-24 07:00:00,ON,6.69,17831.62,69.29,36.1,42.1,541.0,-0.5,25,9.51,0.0,1070.86,555910.6100000002,0.0,6.68999999999869,0.0,0,0.0,9.51,0.5,0.25,0.425,3600,0.0,13.55175,1,27,0,69.29,0.0,0.00012857142857142839,538922.2222222231,8982.037037037051,149.70061728395086,0,0.377420365470961,0,0.0,0,0,0,0,0.0026416666666666667,26229.652996845427,7.286014721345952,0.0,0.02223926380368098,0,LOW,LOW
VEH_003,68b89b2d4f65cd554d7512ab,2025-11-24 08:00:00,ON,5.4,17837.02,68.97,36.0,37.2,542.0,-0.08,40,9.12,0.0,1071.18,555910.6100000002,0.3200000000000074,5.400000000001455,16.875000000004157,0,0.0,9.12,0.08,0.4,0.176,3600,0.0,10.725119999999999,0,27,3600,68.97,8.888888888889094e-05,0.00013690476190476202,503780.86956521694,8396.347826086949,139.93913043478247,0,0.30464424118746447,0,16.875000000004157,0,0,0,0,0.002533333333333333,27225.0,7.5625,0.059259259259244655,0.08128834355828221,0,LOW,LOW
VEH_003,68b89b2d4f65cd554d7512ab,2025-11-24 09:00:00,ON,12.23,17849.25,68.24,35.7,36.7,543.0,-0.06,42,11.17,0.0,1071.92,555910.6100000002,0.730000000000004,12.229999999999563,16.753424657533557,0,0.0,11.17,0.06,0.42,0.16799999999999998,3600,0.0,13.04656,0,27,7200,68.24,0.00020277777777777888,0.00014444444444444474,472430.76923076826,7873.846153846138,131.23076923076897,0,0.6899627906891765,0,16.753424657533557,0,0,0,0,0.0031027777777777777,21993.196060877348,6.109221128021486,0.05968928863450777,0.14263803680981596,0,LOW,LOW
VEH_003,68b89b2d4f65cd554d7512ab,2025-11-24 10:00:00,ON,10.35,17859.6,67.61,36.2,41.1,544.0,0.33,47,10.6,0.0,1072.54,555910.6100000002,0.6299999999999955,10.349999999998545,16.42857142856924,0,0.0,10.6,0.33,0.47,0.372,3600,0.0,14.543199999999999,0,27,10800,67.61,0.00017499999999999872,0.00013333333333333358,507074.99999999907,8451.249999999984,140.8541666666664,0,0.5839014622757341,0,16.42857142856924,0,0,0,0,0.0029444444444444444,22961.88679245283,6.378301886792453,0.060869565217399425,0.9647239263803681,0,LOW,LOW
VEH_003,68b89b2d4f65cd554d7512ab,2025-11-24 11:00:00,ON,6.17,17865.77,67.24,35.9,33.2,545.0,0.25,37,9.35,0.0,1072.91,555910.6100000002,0.37000000000000455,6.170000000001892,16.675675675680584,0,0.0,9.35,0.25,0.37,0.286,3600,0.0,12.0241,0,27,14400,67.24,0.00010277777777777904,0.00012857142857142893,522977.7777777763,8716.296296296272,145.2716049382712,0,0.34808425335680104,0,16.675675675680584,0,0,0,0,0.002597222222222222,25889.197860962566,7.19144385026738,0.05996758508912336,0.4493865030674847,0,LOW,LOW
VEH_003,68b89b2d4f65cd554d7512ab,2025-11-24 12:00:00,ON,13.73,17879.5,66.42,35.8,39.7,546.0,0.03,39,11.62,0.0,1073.73,555910.6100000002,0.8199999999999932,13.729999999999563,16.743902439023998,0,0.0,11.62,0.03,0.39,0.13799999999999998,3600,0.0,13.223559999999997,0,27,18000,66.42,0.00022777777777777588,0.00013174603174603174,504151.8072289157,8402.530120481928,140.04216867469881,0,0.774586191019005,0,16.743902439023998,0,0,0,0,0.0032277777777777778,20577.624784853702,5.716006884681584,0.059723233794611745,0.15337423312883436,0,LOW,LOW
VEH_003,68b89b2d4f65cd554d7512ab,2025-11-24 13:00:00,ON,19.21,17898.71,65.27,35.7,43.2,547.0,0.18,2,13.26,0.0,1074.88,555910.6100000002,1.1500000000000057,19.209999999999127,16.704347826086114,0,0.0,13.26,0.18,0.02,0.132,3600,0.0,15.010320000000002,0,27,21600,65.27,0.00031944444444444604,0.00015952380952380992,409155.223880596,6819.253731343267,113.65422885572112,0,1.0837436802239537,0,16.704347826086114,0,0,0,0,0.003683333333333333,17720.361990950227,4.922322775263952,0.05986465382613524,0.2361963190184049,0,LOW,LOW
VEH_003,68b89b2d4f65cd554d7512ab,2025-11-24 14:00:00,ON,15.39,17914.09,64.34,35.1,36.6,548.0,0.28,46,12.12,0.0,1075.81,555910.6100000002,0.9299999999999926,15.380000000001019,16.537634408603378,0,0.0,12.12,0.28,0.46,0.334,3600,0.0,16.16808,0,27,25200,64.34,0.0002583333333333313,0.00019642857142857154,327549.0909090907,5459.151515151511,90.98585858585852,0,0.8676719313818984,0,16.537634408603378,0,0,0,0,0.0033666666666666662,19110.891089108914,5.30858085808581,0.06046814044212816,0.9524539877300614,0,LOW,LOW
VEH_003,68b89b2d4f65cd554d7512ab,2025-11-24 15:00:00,ON,16.34,17930.43,63.36,35.9,36.3,549.0,-0.46,4,12.4,0.0,1076.79,555910.6100000002,0.980000000000004,16.340000000000146,16.673469387755183,0,0.0,12.4,0.46,0.04,0.334,3600,0.0,16.541600000000003,0,27,28800,63.36,0.00027222222222222334,0.0002226190476190476,284611.76470588235,4743.529411764705,79.05882352941177,0,0.9218309075929394,0,16.673469387755183,0,0,0,0,0.0034444444444444444,18394.83870967742,5.109677419354839,0.05997552019583814,0.4708588957055215,0,LOW,LOW
VEH_003,68b89b2d4f65cd554d7512ab,2025-11-24 16:00:00,ON,18.2,17948.63,62.27,35.6,43.2,550.0,-0.1,28,12.96,0.0,1077.88,555910.6100000002,1.0899999999999963,18.200000000000728,16.697247706422743,0,0.0,12.96,0.1,0.28,0.154,3600,0.0,14.95584,0,27,32400,62.27,0.00030277777777777676,0.00023690476190476158,262848.24120603054,4380.804020100509,73.01340033500848,0,1.0267639240019595,0,16.697247706422743,0,0,0,0,0.0036000000000000003,17297.222222222223,4.804783950617284,0.05989010989010729,0.2776073619631902,0,LOW,LOW
VEH_003,68b89b2d4f65cd554d7512ab,2025-11-24 17:00:00,ON,20.31,17968.94,61.05,35.7,43.8,551.0,0.05,43,13.59,0.0,1079.1,555910.6100000002,1.220000000000006,20.30999999999767,16.647540983604568,0,0.0,13.59,0.05,0.43,0.164,3600,0.0,15.81876,0,27,36000,61.05,0.0003388888888888905,0.0002603174603174604,234521.34146341454,3908.6890243902426,65.14481707317071,0,1.1458008404657458,0,16.647540983604568,0,0,0,0,0.003775,16172.185430463574,4.492273730684326,0.060068931560814665,0.6978527607361963,0,LOW,LOW
VEH_003,68b89b2d4f65cd554d7512ab,2025-11-24 18:00:00,ON,24.55,17993.49,59.58,35.0,39.8,552.0,0.19,8,14.87,0.0,1080.57,555910.6100000002,1.4699999999999989,24.55000000000291,16.700680272110837,0,0.0,14.87,0.19,0.08,0.15699999999999997,3600,0.0,17.20459,0,27,39600,59.58,0.00040833333333333303,0.00030396825396825387,196007.3107049609,3266.7885117493483,54.44647519582247,0,1.3850029853983563,0,16.700680272110837,0,0,0,0,0.004130555555555556,14424.209818426361,4.006724949562878,0.05987780040732483,0.254601226993865,0,LOW,LOW
VEH_003,68b89b2d4f65cd554d7512ab,2025-11-24 19:00:00,ON,31.48,18024.98,57.69,35.1,45.1,553.0,-0.24,20,16.95,0.0,1082.46,555910.6100000002,1.8900000000000006,31.489999999997963,16.661375661374578,0,0.0,16.95,0.24,0.2,0.22799999999999998,3600,1.0,20.8146,0,27,43200,57.69,0.0005250000000000002,0.0003464285714285716,166527.8350515463,2775.4639175257716,46.25773195876286,0,1.7765272509240835,0,16.661375661374578,0,0,0,0,0.0047083333333333335,12252.743362831858,3.4035398230088494,0.06001905366783496,0.5950920245398773,0,LOW,LOW
VEH_003,68b89b2d4f65cd554d7512ab,2025-11-24 20:00:00,ON,38.26,18063.24,55.4,35.0,51.1,554.0,0.38,40,18.98,0.0,1084.75,555910.6100000002,2.289999999999999,38.26000000000204,16.707423580786923,0,0.0,18.98,0.38,0.4,0.38599999999999995,3600,1.0,26.306279999999997,0,27,46800,55.4,0.0006361111111111108,0.0003916666666666666,141446.80851063834,2357.446808510639,39.29078014184398,0,2.158460864412939,0,16.707423580786923,0,0,0,0,0.005272222222222222,10507.903055848261,2.9188619599578502,0.05985363303711127,0.22392638036809817,0,LOW,LOW
VEH_003,68b89b2d4f65cd554d7512ab,2025-11-24 21:00:00,ON,35.11,18098.35,53.29,34.5,45.4,555.0,0.34,8,18.03,0.0,1086.86,555910.6100000002,2.1099999999999994,35.109999999996944,16.63981042653884,0,0.0,18.03,0.34,0.08,0.262,3600,1.0,22.753860000000003,0,27,50400,53.29,0.0005861111111111109,0.0004384920634920637,121530.13574660628,2025.502262443438,33.758371040723965,0,1.9807517237200118,0,16.63981042653884,0,0,0,0,0.005008333333333333,10640.26622296173,2.9556295063782585,0.06009683850755292,0.7515337423312883,0,LOW,LOW
VEH_003,68b89b2d4f65cd554d7512ab,2025-11-24 22:00:00,ON,33.17,18131.52,51.3,35.0,45.7,556.0,0.46,32,17.45,0.0,1088.85,555910.6100000002,1.990000000000002,33.17000000000189,16.668341708543647,0,0.0,17.45,0.46,0.32,0.41800000000000004,3600,1.0,24.744100000000003,0,27,54000,51.3,0.0005527777777777783,0.0004785714285714286,107194.02985074626,1786.5671641791043,29.77611940298507,0,1.871305459293713,0,16.668341708543647,0,0,0,0,0.004847222222222222,10583.381088825214,2.9398280802292263,0.059993970455227266,0.5260736196319018,0,LOW,LOW
VEH_003,68b89b2d4f65cd554d7512ab,2025-11-24 23:00:00,ON,38.56,18170.08,48.99,34.8,47.4,557.0,-0.41,3,19.07,0.0,1091.16,555910.6100000002,2.309999999999995,38.56000000000131,16.692640692641294,0,0.0,19.07,0.41,0.03,0.296,3600,1.0,24.71472,0,27,57600,48.99,0.0006416666666666653,0.000526984126984127,92962.95180722892,1549.382530120482,25.8230421686747,0,2.1753855444788637,0,16.692640692641294,0,0,0,0,0.005297222222222222,9248.243314105926,2.568956476140535,0.059906639004147215,0.30368098159509205,0,LOW,LOW
VEH_003,68b89b2d4f65cd554d7512ab,2025-11-25 00:00:00,ON,38.84,18208.92,46.65,35.5,51.3,558.0,0.37,28,19.15,0.0,1093.5,555910.6100000002,2.3400000000000034,38.83999999999651,16.598290598289083,0,0.0,19.15,0.37,0.28,0.343,3600,1.0,25.718449999999997,0,27,61200,46.65,0.000650000000000001,0.0005714285714285714,81637.5,1360.625,22.677083333333332,0,2.1911819125401606,0,16.598290598289083,0,0,0,0,0.005319444444444444,8769.71279373368,2.436031331592689,0.06024716786818264,0.8895705521472392,0,LOW,LOW
VEH_003,68b89b2d4f65cd554d7512ab,2025-11-25 01:00:00,ON,34.5,18243.42,44.58,35.0,49.5,559.0,-0.4,30,17.85,0.0,1095.57,555910.6100000002,2.0700000000000003,34.5,16.666666666666664,0,0.0,17.85,0.4,0.3,0.37,3600,1.0,24.454500000000003,0,27,64800,44.58,0.0005750000000000001,0.0005952380952380952,74894.40000000001,1248.2400000000002,20.804000000000002,0,1.946338207586054,0,16.666666666666664,0,0,0,0,0.004958333333333334,8990.924369747898,2.497478991596638,0.06000000000000001,0.5460122699386503,0,MEDIUM,LOW
VEH_003,68b89b2d4f65cd554d7512ab,2025-11-25 02:00:00,ON,28.63,18272.05,42.87,34.9,45.1,560.0,-0.44,45,16.09,0.0,1097.28,555910.6100000002,1.7100000000000009,28.63000000000102,16.742690058480118,0,0.0,16.09,0.44,0.45,0.443,3600,0.0,23.21787,0,27,68400,42.87,0.0004750000000000002,0.000588095238095238,72896.35627530365,1214.939271255061,20.248987854251016,0,1.6151786342953829,0,16.742690058480118,0,0,0,0,0.004469444444444444,9591.796146674953,2.66438781852082,0.05972755850506252,0.1549079754601227,0,MEDIUM,LOW
VEH_003,68b89b2d4f65cd554d7512ab,2025-11-25 03:00:00,ON,26.36,18298.41,41.29,35.1,43.9,561.0,0.17,21,15.41,0.0,1098.86,555910.6100000002,1.5799999999999983,26.360000000000582,16.683544303797856,0,0.0,15.41,0.17,0.21,0.182,3600,0.0,18.21462,0,27,72000,41.29,0.0004388888888888884,0.0005599206349206348,73742.5939050319,1229.0432317505317,20.484053862508862,0,1.487115221796218,0,16.683544303797856,0,0,0,0,0.004280555555555556,9645.944192083063,2.6794289422452953,0.0599393019726845,0.37576687116564417,0,MEDIUM,LOW
VEH_003,68b89b2d4f65cd554d7512ab,2025-11-25 04:00:00,ON,32.62,18331.03,39.33,35.6,43.4,562.0,-0.44,17,17.29,0.0,1100.82,555910.6100000002,1.9600000000000009,32.61999999999898,16.642857142856617,0,0.0,17.29,0.44,0.17,0.359,3600,1.0,23.49711,0,27,75600,39.33,0.0005444444444444447,0.0005539682539682539,70996.84813753582,1183.2808022922638,19.721346704871063,0,1.8402768791726116,0,16.642857142856617,0,0,0,0,0.004802777777777777,8189.01098901099,2.274725274725275,0.060085836909873146,0.7300613496932515,0,MEDIUM,LOW
VEH_003,68b89b2d4f65cd554d7512ab,2025-11-25 05:00:00,ON,38.58,18369.61,37.01,35.9,48.1,563.0,-0.43,48,19.07,0.0,1103.14,555910.6100000002,2.3200000000000003,38.580000000001746,16.629310344828337,0,0.0,19.07,0.43,0.48,0.44499999999999995,3600,1.0,27.55615,0,27,79200,37.01,0.0006444444444444446,0.0005670634920634921,65266.06018194541,1087.7676696990902,18.129461161651502,0,2.176513856483286,0,16.629310344828337,0,0,0,0,0.005297222222222222,6986.680650235972,1.9407446250655478,0.06013478486262041,0.8098159509202454,0,MEDIUM,LOW
VEH_003,68b89b2d4f65cd554d7512ab,2025-11-25 06:00:00,ON,32.48,18402.09,35.06,36.1,43.2,564.0,-0.13,19,17.24,0.0,1105.09,555910.6100000002,1.9499999999999957,32.47999999999956,16.65641025641007,0,0.0,17.24,0.13,0.19,0.148,3600,1.0,19.791519999999995,0,27,82800,35.06,0.0005416666666666654,0.0005527777777777778,63425.125628140704,1057.0854271356784,17.618090452261306,0,1.8323786951418606,0,16.65641025641007,0,0,0,0,0.0047888888888888885,7321.113689095128,2.0336426914153134,0.06003694581280856,0.6411042944785276,0,MEDIUM,LOW
VEH_003,68b89b2d4f65cd554d7512ab,2025-11-25 07:00:00,ON,28.07,18430.16,33.38,35.9,45.9,565.0,0.13,43,15.92,0.0,1106.77,555910.6100000002,1.6799999999999997,28.06999999999971,16.70833333333316,0,0.0,15.92,0.13,0.43,0.22,3600,0.0,19.4224,0,27,86400,33.38,0.0004666666666666666,0.0005265873015873014,63389.29917106258,1056.4883195177097,17.608138658628494,0,1.583585898172173,0,16.70833333333316,0,0,0,0,0.004422222222222222,7548.241206030151,2.0967336683417086,0.059850374064838514,0.21779141104294478,0,MEDIUM,LOW
VEH_003,68b89b2d4f65cd554d7512ab,2025-11-25 08:00:00,ON,26.01,18456.17,31.82,36.4,47.1,566.0,-0.37,9,15.3,0.0,1108.33,555910.6100000002,1.5600000000000023,26.0099999999984,16.67307692307587,0,0.0,15.3,0.37,0.09,0.28600000000000003,3600,0.0,19.675800000000002,0,27,90000,31.82,0.00043333333333333396,0.0005063492063492063,62842.006269592486,1047.3667711598748,17.456112852664578,0,1.4673697617191348,0,16.67307692307587,0,0,0,0,0.00425,7487.058823529412,2.0797385620915034,0.05997693194925407,0.47699386503067487,0,MEDIUM,LOW
VEH_003,68b89b2d4f65cd554d7512ab,2025-11-25 09:00:00,ON,32.43,18488.6,68.88,36.5,41.2,567.0,-0.5,4,17.23,0.0,1110.28,555910.6100000002,0.0,32.43000000000029,0.0,0,0.0,17.23,0.5,0.04,0.362,3600,1.0,23.467260000000003,1,28,0,68.88,0.0,0.0004384920634920634,157083.8009049774,2618.06334841629,43.6343891402715,0,1.8295579151309074,0,0.0,0,0,0,0,0.004786111111111112,14391.642484039463,3.99767846778874,0.0,0.02223926380368098,0,LOW,LOW
VEH_003,68b89b2d4f65cd554d7512ab,2025-11-25 10:00:00,ON,37.47,18526.07,66.63,37.1,45.3,568.0,0.37,29,18.74,0.0,1112.52,555910.6100000002,2.25,37.470000000001164,16.65333333333385,0,0.0,18.74,0.37,0.29,0.346,3600,1.0,25.22404,0,28,3600,66.63,0.000625,0.000465079365079365,143265.87030716726,2387.7645051194545,39.79607508532424,0,2.11389254023918,0,16.65333333333385,0,0,0,0,0.005205555555555555,12799.786552828175,3.5554962646744928,0.06004803843074273,0.6656441717791411,0,LOW,LOW
VEH_003,68b89b2d4f65cd554d7512ab,2025-11-25 11:00:00,ON,37.35,18563.42,64.39,37.1,43.7,569.0,-0.36,35,18.71,0.0,1114.77,555910.6100000002,2.239999999999995,37.349999999998545,16.67410714285653,0,0.0,18.71,0.36,0.35,0.357,3600,1.0,25.38947,0,28,7200,64.39,0.0006222222222222208,0.0004761904761904759,135219.0000000001,2253.6500000000015,37.560833333333356,0,2.107122668212646,0,16.67410714285653,0,0,0,0,0.005197222222222223,12389.310529128807,3.441475146980224,0.05997322623828868,0.46319018404907975,0,LOW,LOW
VEH_003,68b89b2d4f65cd554d7512ab,2025-11-25 12:00:00,ON,32.11,18595.53,62.46,36.6,49.4,570.0,-0.45,21,17.13,0.0,1116.69,555910.6100000002,1.9299999999999997,32.11000000000058,16.63730569948217,0,0.0,17.13,0.45,0.21,0.378,3600,1.0,23.605140000000002,0,28,10800,62.46,0.000536111111111111,0.0004607142857142854,135572.0930232559,2259.5348837209317,37.6589147286822,0,1.8115049230605602,0,16.63730569948217,0,0,0,0,0.004758333333333333,13126.444833625219,3.6462346760070052,0.060105886016816094,0.7638036809815951,0,LOW,LOW
VEH_003,68b89b2d4f65cd554d7512ab,2025-11-25 13:00:00,ON,26.75,18622.28,60.86,37.0,47.9,571.0,0.32,35,15.52,0.0,1118.3,555910.6100000002,1.6000000000000014,26.75,16.718749999999986,0,0.0,15.52,0.32,0.35,0.32899999999999996,3600,0.0,20.626079999999998,0,28,14400,60.86,0.00044444444444444485,0.00044682539682539674,136205.32859680286,2270.0888099467143,37.83481349911191,0,1.5091173058819405,0,16.718749999999986,0,0,0,0,0.004311111111111111,14117.01030927835,3.9213917525773194,0.059813084112149584,0.1901840490797546,0,LOW,LOW
VEH_003,68b89b2d4f65cd554d7512ab,2025-11-25 14:00:00,ON,28.38,18650.66,59.16,36.4,44.9,572.0,-0.08,2,16.01,0.0,1120.0,555910.6100000002,1.7000000000000028,28.38000000000102,16.694117647059393,0,0.0,16.01,0.08,0.02,0.06199999999999999,3600,0.0,17.002620000000004,0,28,18000,59.16,0.000472222222222223,0.0004476190476190477,132165.95744680846,2202.7659574468075,36.71276595744679,0,1.6010747342404115,0,16.694117647059393,0,0,0,0,0.004447222222222223,13302.685821361645,3.69519050593379,0.05990133897110436,0.2929447852760736,0,LOW,LOW
VEH_003,68b89b2d4f65cd554d7512ab,2025-11-25 15:00:00,ON,28.29,18678.95,57.46,36.4,41.2,573.0,0.38,25,15.99,0.0,1121.7,555910.6100000002,1.6999999999999957,28.290000000000873,16.64117647058879,0,0.0,15.99,0.38,0.25,0.34099999999999997,3600,0.0,21.44259,0,28,21600,57.46,0.00047222222222222105,0.00045317460317460296,126794.39579684769,2113.2399299474614,35.22066549912436,0,1.5959973302206136,0,16.64117647058879,0,0,0,0,0.004441666666666667,12936.585365853658,3.5934959349593494,0.06009190526687675,0.74079754601227,0,LOW,LOW
VEH_003,68b89b2d4f65cd554d7512ab,2025-11-25 16:00:00,ON,34.66,18713.6,55.38,36.5,47.3,574.0,-0.26,28,17.9,0.0,1123.78,555910.6100000002,2.0799999999999983,34.64999999999782,16.65865384615281,0,0.0,17.9,0.26,0.28,0.266,3600,1.0,22.661399999999997,0,28,25200,55.38,0.0005777777777777773,0.0005357142857142854,103376.00000000006,1722.9333333333343,28.71555555555557,0,1.9548005476189139,0,16.65865384615281,0,0,0,0,0.004972222222222222,11137.87709497207,3.0938547486033525,0.06002886002886376,0.6273006134969326,0,LOW,LOW
VEH_003,68b89b2d4f65cd554d7512ab,2025-11-25 17:00:00,ON,32.51,18746.12,53.43,36.4,47.1,575.0,0.24,39,17.25,0.0,1125.73,555910.6100000002,1.9500000000000028,32.52000000000044,16.676923076923277,0,0.0,17.25,0.24,0.39,0.285,3600,1.0,22.166249999999998,0,28,28800,53.43,0.0005416666666666675,0.0005238095238095237,102002.7272727273,1700.045454545455,28.334090909090914,0,1.8346353191507052,0,16.676923076923277,0,0,0,0,0.004791666666666666,11150.608695652174,3.097391304347826,0.059963099630995595,0.4340490797546012,0,LOW,LOW
VEH_003,68b89b2d4f65cd554d7512ab,2025-11-25 18:00:00,ON,27.37,18773.49,51.79,36.4,41.5,576.0,0.41,47,15.71,0.0,1127.37,555910.6100000002,1.6400000000000006,27.37000000000262,16.689024390245493,0,0.0,15.71,0.41,0.47,0.42799999999999994,3600,0.0,22.43388,0,28,32400,51.79,0.0004555555555555557,0.0005000000000000001,103579.99999999997,1726.3333333333328,28.772222222222215,0,1.5440949780184174,0,16.689024390245493,0,0,0,0,0.004363888888888889,11867.854869509865,3.296626352641629,0.0599196200219161,0.32515337423312884,0,LOW,LOW
VEH_003,68b89b2d4f65cd554d7512ab,2025-11-25 19:00:00,ON,20.88,18794.37,50.53,36.1,37.1,577.0,-0.13,16,13.76,0.0,1128.62,555910.6100000002,1.259999999999998,20.87999999999738,16.57142857142652,0,0.0,13.76,0.13,0.16,0.139,3600,0.0,15.67264,0,28,36000,50.53,0.00034999999999999945,0.0004734126984126984,106735.62447611065,1778.9270746018442,29.648784576697402,0,1.1779577325910642,0,16.57142857142652,0,0,0,0,0.003822222222222222,13220.058139534885,3.6722383720930236,0.06034482758621437,0.9248466257668712,0,LOW,LOW
VEH_003,68b89b2d4f65cd554d7512ab,2025-11-25 20:00:00,ON,25.62,18819.99,49.0,36.3,41.1,578.0,-0.48,8,15.19,0.0,1130.16,555910.6100000002,1.5300000000000011,25.62000000000262,16.745098039217385,0,0.0,15.19,0.48,0.08,0.36,3600,0.0,20.658399999999997,0,28,39600,49.0,0.0004250000000000003,0.0004706349206349206,104114.67116357504,1735.2445193929173,28.920741989881954,0,1.4453676776336175,0,16.745098039217385,0,0,0,0,0.004219444444444444,11612.903225806453,3.2258064516129035,0.05971896955502907,0.14877300613496933,0,LOW,LOW
VEH_003,68b89b2d4f65cd554d7512ab,2025-11-25 21:00:00,ON,31.14,18851.13,62.03,36.3,44.7,579.0,-0.01,16,16.84,0.0,1132.03,555910.6100000002,0.0,31.139999999999418,0.0,0,0.0,16.84,0.01,0.16,0.055,3600,1.0,17.766199999999998,1,29,0,62.03,0.0,0.00040317460317460305,153853.93700787408,2564.232283464568,42.737204724409466,0,1.7567817908472056,0,0.0,0,0,0,0,0.004677777777777778,13260.570071258906,3.6834916864608074,0.0,0.02223926380368098,0,LOW,LOW
VEH_003,68b89b2d4f65cd554d7512ab,2025-11-25 22:00:00,ON,26.84,18877.97,60.42,36.2,42.8,580.0,-0.31,20,15.55,0.0,1133.64,555910.6100000002,1.6099999999999994,26.840000000000146,16.670807453416245,0,0.0,15.55,0.31,0.2,0.277,3600,0.0,19.857350000000004,0,29,3600,60.42,0.00044722222222222206,0.0003996031746031746,151200.0,2520.0,42.0,0,1.5141947099017385,0,16.670807453416245,0,0,0,0,0.004319444444444444,13987.90996784566,3.8855305466237944,0.059985096870342425,0.49846625766871167,0,LOW,LOW
VEH_003,68b89b2d4f65cd554d7512ab,2025-11-25 23:00:00,ON,32.56,18910.53,58.47,36.4,44.2,581.0,-0.09,30,17.27,0.0,1135.59,555910.6100000002,1.9500000000000028,32.55999999999767,16.69743589743468,0,0.0,17.27,0.09,0.3,0.153,3600,1.0,19.91231,0,29,7200,58.47,0.0005416666666666675,0.00039444444444444466,148233.80281690133,2470.5633802816888,41.17605633802815,0,1.8368919431593447,0,16.69743589743468,0,0,0,0,0.004797222222222222,12188.303416328894,3.385639837869137,0.05988943488943926,0.27607361963190186,0,LOW,LOW
VEH_003,68b89b2d4f65cd554d7512ab,2025-11-26 00:00:00,ON,38.21,18948.74,56.18,36.7,43.1,582.0,0.23,32,18.96,0.0,1137.88,555910.6100000002,2.289999999999999,38.210000000002765,16.68558951965187,0,0.0,18.96,0.23,0.32,0.257,3600,1.0,23.832720000000002,0,29,10800,56.18,0.0006361111111111108,0.00040793650793650803,137717.50972762643,2295.2918287937737,38.25486381322956,0,2.155640084401986,0,16.68558951965187,0,0,0,0,0.005266666666666667,10667.088607594937,2.9630801687763713,0.059931954985601506,0.35429447852760737,0,LOW,LOW
VEH_003,68b89b2d4f65cd554d7512ab,2025-11-26 01:00:00,ON,31.64,18980.38,54.28,36.8,45.8,583.0,-0.06,33,16.99,0.0,1139.78,555910.6100000002,1.8999999999999986,31.639999999999418,16.652631578947073,0,0.0,16.99,0.06,0.33,0.14100000000000001,3600,1.0,19.385589999999997,0,29,14400,54.28,0.0005277777777777774,0.0004182539682539682,129777.6091081594,2162.9601518026566,36.049335863377614,0,1.7849895909571485,0,16.652631578947073,0,0,0,0,0.004719444444444444,11501.353737492645,3.194820482636846,0.060050568900127485,0.6687116564417178,0,LOW,LOW
VEH_003,68b89b2d4f65cd554d7512ab,2025-11-26 02:00:00,ON,36.03,19016.4,52.12,36.6,46.0,584.0,0.21,48,18.31,0.0,1141.94,555910.6100000002,2.1600000000000037,36.02000000000044,16.675925925926098,0,0.0,18.31,0.21,0.48,0.291,3600,1.0,23.638209999999997,0,29,18000,52.12,0.000600000000000001,0.0004539682539682542,114809.79020979014,1913.4965034965023,31.891608391608372,0,2.032089919920305,0,16.675925925926098,0,0,0,0,0.005086111111111111,10247.515019115237,2.8465319497542323,0.05996668517490221,0.4447852760736196,0,LOW,LOW
VEH_003,68b89b2d4f65cd554d7512ab,2025-11-26 03:00:00,ON,36.98,19053.39,49.9,37.1,45.9,585.0,-0.23,9,18.6,0.0,1144.16,555910.6100000002,2.219999999999999,36.98999999999796,16.662162162161252,0,0.0,18.6,0.23,0.09,0.188,3600,1.0,22.0968,0,29,21600,49.9,0.0006166666666666664,0.0004813492063492065,103666.94146743607,1727.7823577906013,28.796372629843354,0,2.0868130521334542,0,16.662162162161252,0,0,0,0,0.005166666666666667,9658.064516129032,2.682795698924731,0.06001622060016548,0.5843558282208589,0,LOW,LOW
VEH_003,68b89b2d4f65cd554d7512ab,2025-11-26 04:00:00,ON,42.36,19095.74,47.36,37.1,46.8,586.0,0.2,0,20.21,0.0,1146.7,555910.6100000002,2.539999999999999,42.35000000000218,16.67322834645756,0,0.0,20.21,0.2,0.0,0.13999999999999999,3600,1.0,23.0394,0,29,25200,47.36,0.0007055555555555553,0.0005821428571428572,81354.60122699385,1355.9100204498975,22.598500340831624,0,2.3892006693122796,0,16.67322834645756,0,0,0,0,0.005613888888888889,8436.219693221177,2.343394359228105,0.05997638724911141,0.47392638036809814,0,LOW,LOW
VEH_003,68b89b2d4f65cd554d7512ab,2025-11-26 05:00:00,ON,48.1,19143.85,44.47,37.1,51.4,587.0,-0.23,10,21.93,0.0,1149.59,555910.6100000002,2.8900000000000006,48.109999999996944,16.64705882352835,0,0.0,21.93,0.23,0.1,0.191,3600,1.0,26.11863,0,29,28800,44.47,0.0008027777777777779,0.000632936507936508,70259.81191222569,1170.9968652037614,19.51661442006269,0,2.714154526578525,0,16.64705882352835,0,0,0,0,0.006091666666666666,7300.136798905609,2.0278157774737804,0.0600706713780957,0.7039877300613497,0,MEDIUM,LOW
VEH_003,68b89b2d4f65cd554d7512ab,2025-11-26 06:00:00,ON,43.71,19187.56,41.85,36.8,50.1,588.0,0.37,42,20.61,0.0,1152.21,555910.6100000002,2.6199999999999974,43.710000000002765,16.6832061068713,0,0.0,20.61,0.37,0.42,0.385,3600,1.0,28.54485,0,29,32400,41.85,0.0007277777777777771,0.0006595238095238094,63454.8736462094,1057.5812274368234,17.626353790613724,0,2.4659258856113566,0,16.6832061068713,0,0,0,0,0.005725,7310.043668122271,2.03056768558952,0.05994051704415081,0.37883435582822084,0,MEDIUM,LOW
VEH_003,68b89b2d4f65cd554d7512ab,2025-11-26 07:00:00,ON,46.9,19234.46,39.03,36.2,49.6,589.0,0.47,32,21.57,0.0,1155.03,555910.6100000002,2.8200000000000003,46.89999999999782,16.63120567375809,0,0.0,21.57,0.47,0.32,0.42499999999999993,3600,1.0,30.737249999999996,0,29,36000,39.03,0.0007833333333333334,0.0006805555555555556,57350.204081632655,955.8367346938776,15.93061224489796,0,2.645891650312513,0,16.63120567375809,0,0,0,0,0.005991666666666667,6514.047287899861,1.8094575799721835,0.06012793176972562,0.8021472392638037,0,MEDIUM,LOW
VEH_003,68b89b2d4f65cd554d7512ab,2025-11-26 08:00:00,ON,51.72,19286.17,35.93,35.3,49.5,590.0,-0.44,2,23.01,0.0,1158.13,555910.6100000002,3.1000000000000014,51.70999999999913,16.680645161290034,0,0.0,23.01,0.44,0.02,0.314,3600,1.0,30.235140000000005,0,29,39600,35.93,0.0008611111111111115,0.0007281746031746032,49342.5613079019,822.3760217983651,13.70626702997275,0,2.9172506873702364,0,16.680645161290034,0,0,0,0,0.006391666666666667,5621.382007822685,1.561495002172968,0.059949719590022314,0.40337423312883436,0,MEDIUM,LOW
VEH_003,68b89b2d4f65cd554d7512ab,2025-11-26 09:00:00,ON,54.0,19340.17,32.69,35.5,52.7,591.0,0.03,17,23.7,0.0,1161.37,555910.6100000002,3.240000000000002,54.0,16.666666666666657,0,0.0,23.7,0.03,0.17,0.07200000000000001,3600,1.0,25.4064,0,29,43200,32.69,0.0009000000000000005,0.0007710317460317461,42397.73546062789,706.6289243437982,11.777148739063303,0,3.046442411873824,0,16.666666666666657,0,0,0,0,0.006583333333333333,4965.569620253164,1.3793248945147678,0.06000000000000004,0.5506134969325154,0,MEDIUM,MEDIUM
VEH_003,68b89b2d4f65cd554d7512ab,2025-11-26 10:00:00,ON,61.0,19401.17,29.03,35.1,60.7,592.0,-0.43,4,25.8,0.0,1165.03,555910.6100000002,3.6599999999999966,61.0,16.666666666666682,0,0.0,25.8,0.43,0.04,0.313,3600,1.0,33.8754,0,29,46800,29.03,0.0010166666666666657,0.000828174603174603,35052.994729276485,584.2165788212748,9.736942980354579,0,3.441351613413023,0,16.666666666666682,0,0,0,0,0.007166666666666667,4050.697674418605,1.1251937984496125,0.05999999999999994,0.5414110429447853,0,MEDIUM,MEDIUM
VEH_003,68b89b2d4f65cd554d7512ab,2025-11-26 11:00:00,ON,59.49,19460.66,25.46,34.7,51.8,593.0,0.28,32,25.35,0.0,1168.6,555910.6100000002,3.5700000000000003,59.4900000000016,16.663865546218933,0,0.0,25.35,0.28,0.32,0.29200000000000004,3600,1.0,32.7522,0,29,50400,25.46,0.0009916666666666667,0.000869047619047619,29296.438356164384,488.2739726027397,8.137899543378996,0,3.3561640570810862,0,16.663865546218933,0,0,0,0,0.007041666666666667,3615.6213017751475,1.0043392504930966,0.060010085728692285,0.5720858895705522,0,MEDIUM,MEDIUM
VEH_003,68b89b2d4f65cd554d7512ab,2025-11-26 12:00:00,ON,55.49,19516.15,22.13,34.4,54.5,594.0,-0.18,27,24.15,0.0,1171.93,555910.6100000002,3.330000000000002,55.4900000000016,16.663663663664135,0,0.0,24.15,0.18,0.27,0.20700000000000002,3600,1.0,29.14905,0,29,54000,22.13,0.0009250000000000005,0.0008865079365079364,24963.115487914056,416.0519247985676,6.934198746642793,0,3.1305016562015435,0,16.663663663664135,0,0,0,0,0.006708333333333333,3298.88198757764,0.9163561076604555,0.06001081275905399,0.5736196319018405,0,HIGH,MEDIUM
VEH_003,68b89b2d4f65cd554d7512ab,2025-11-26 13:00:00,ON,50.7,19566.86,54.91,33.7,51.6,595.0,-0.13,18,22.71,0.0,1174.97,555910.6100000002,0.0,50.70999999999913,0.0,0,0.0,22.71,0.13,0.18,0.145,3600,1.0,26.002950000000002,1,30,0,54.91,0.0,0.0007825396825396826,70168.96551724136,1169.4827586206893,19.491379310344822,0,2.8608350871503507,0,0.0,0,0,0,0,0.006308333333333333,8704.359313077939,2.4178775869660942,0.0,0.02223926380368098,0,LOW,LOW
VEH_003,68b89b2d4f65cd554d7512ab,2025-11-26 14:00:00,ON,46.26,19613.11,52.13,33.2,49.0,596.0,-0.05,32,21.38,0.0,1177.75,555910.6100000002,2.779999999999994,46.25,16.63669064748205,0,0.0,21.38,0.05,0.32,0.131,3600,1.0,24.18078,0,30,3600,52.13,0.0007722222222222206,0.0007809523809523807,66751.82926829271,1112.5304878048785,18.542174796747975,0,2.6092215101697103,0,16.63669064748205,0,0,0,0,0.0059388888888888885,8777.736202057999,2.4382600561272216,0.06010810810810798,0.7699386503067485,0,LOW,LOW
VEH_003,68b89b2d4f65cd554d7512ab,2025-11-26 15:00:00,ON,39.73,19652.84,49.75,32.7,43.3,597.0,0.1,36,19.42,0.0,1180.13,555910.6100000002,2.3800000000000026,39.72999999999956,16.69327731092417,0,0.0,19.42,0.1,0.36,0.178,3600,1.0,22.87676,0,30,7200,49.75,0.0006611111111111118,0.0007523809523809523,66123.417721519,1102.0569620253166,18.367616033755276,0,2.2413917967360315,0,16.69327731092417,0,0,0,0,0.005394444444444445,9222.451081359422,2.561791967044284,0.05990435439214772,0.3006134969325153,0,LOW,LOW
VEH_003,68b89b2d4f65cd554d7512ab,2025-11-26 16:00:00,ON,45.92,19698.76,46.99,32.9,48.4,598.0,-0.27,0,21.28,0.0,1182.89,555910.6100000002,2.759999999999998,45.919999999998254,16.637681159419667,0,0.0,21.28,0.27,0.0,0.189,3600,1.0,25.301920000000003,0,30,10800,46.99,0.0007666666666666661,0.0007333333333333331,64077.27272727275,1067.9545454545457,17.79924242424243,0,2.5906043620970496,0,16.637681159419667,0,0,0,0,0.005911111111111112,7949.436090225563,2.208176691729323,0.06010452961672698,0.7622699386503068,0,LOW,LOW
VEH_003,68b89b2d4f65cd554d7512ab,2025-11-26 17:00:00,ON,48.47,19747.23,44.08,33.0,51.3,599.0,0.33,44,22.04,0.0,1185.79,555910.6100000002,2.9100000000000037,48.470000000001164,16.65635738831653,0,0.0,22.04,0.33,0.44,0.363,3600,1.0,30.040519999999997,0,30,14400,44.08,0.0008083333333333344,0.0007035714285714286,62651.776649746185,1044.1962774957697,17.403271291596162,0,2.734464142657922,0,16.65635738831653,0,0,0,0,0.006122222222222222,7200.0,2.0,0.06003713637301287,0.6426380368098159,0,MEDIUM,LOW
VEH_003,68b89b2d4f65cd554d7512ab,2025-11-26 18:00:00,ON,43.78,19791.0,41.46,32.6,50.5,600.0,-0.34,9,20.63,0.0,1188.42,555910.6100000002,2.6199999999999974,43.77000000000044,16.706106870229192,0,0.0,20.63,0.34,0.09,0.265,3600,1.0,26.09695,0,30,18000,41.46,0.0007277777777777771,0.0006658730158730158,62264.12395709179,1037.7353992848632,17.29558998808105,0,2.4693108216244184,0,16.706106870229192,0,0,0,0,0.005730555555555556,7234.900630150267,2.009694619486185,0.059858350468356664,0.23006134969325154,0,MEDIUM,LOW
VEH_003,68b89b2d4f65cd554d7512ab,2025-11-26 19:00:00,ON,41.75,19832.75,38.95,32.6,44.2,601.0,-0.44,38,20.02,0.0,1190.93,555910.6100000002,2.509999999999998,41.75,16.633466135458182,0,0.0,20.02,0.44,0.38,0.422,3600,1.0,28.468439999999998,0,30,21600,38.95,0.0006972222222222217,0.0006333333333333331,61500.00000000003,1025.0000000000005,17.083333333333343,0,2.3553513091802247,0,16.633466135458182,0,0,0,0,0.005561111111111111,7003.996003996004,1.9455544455544456,0.06011976047904187,0.7837423312883436,0,MEDIUM,LOW
VEH_003,68b89b2d4f65cd554d7512ab,2025-11-26 20:00:00,ON,47.0,19879.76,36.13,32.7,51.7,602.0,0.09,29,21.6,0.0,1193.75,555910.6100000002,2.8200000000000003,47.0099999999984,16.670212765956876,0,0.0,21.6,0.09,0.29,0.15,3600,1.0,24.84,0,30,25200,36.13,0.0007833333333333334,0.0007452380952380949,48481.15015974443,808.0191693290739,13.466986155484564,0,2.652097366336733,0,16.670212765956876,0,0,0,0,0.006,6021.666666666667,1.6726851851851852,0.059987236758138614,0.504601226993865,0,MEDIUM,LOW
VEH_003,68b89b2d4f65cd554d7512ab,2025-11-26 21:00:00,ON,48.76,19928.52,33.21,32.7,52.2,603.0,0.21,7,22.13,0.0,1196.67,555910.6100000002,2.9200000000000017,48.76000000000204,16.69863013698699,0,0.0,22.13,0.21,0.07,0.16799999999999998,3600,1.0,25.847839999999998,0,30,28800,33.21,0.0008111111111111116,0.0007507936507936509,44233.19238900634,737.2198731501056,12.286997885835095,0,2.750824666721738,0,16.69863013698699,0,0,0,0,0.006147222222222222,5402.440126525079,1.5006778129236331,0.059885151763738306,0.2668711656441718,0,MEDIUM,LOW
VEH_003,68b89b2d4f65cd554d7512ab,2025-11-26 22:00:00,ON,46.75,19975.27,68.07,32.6,52.1,604.0,0.11,26,21.52,0.0,1199.48,555910.6100000002,0.0,46.75,0.0,0,0.0,21.52,0.11,0.26,0.155,3600,1.0,24.8556,1,31,0,68.07,0.0,0.0006563492063492064,103710.03627569527,1728.500604594921,28.808343409915352,0,2.637429310279653,0,0.0,0,0,0,0,0.005977777777777778,11387.174721189589,3.1631040892193303,0.0,0.02223926380368098,0,LOW,LOW
VEH_003,68b89b2d4f65cd554d7512ab,2025-11-26 23:00:00,ON,49.03,20024.3,65.13,32.6,47.0,605.0,-0.03,30,22.21,0.0,1202.42,555910.6100000002,2.9399999999999977,49.029999999998836,16.676870748298935,0,0.0,22.21,0.03,0.3,0.11099999999999999,3600,1.0,24.67531,0,31,3600,65.13,0.0008166666666666661,0.0006634920634920634,98162.44019138756,1636.0406698564593,27.267344497607656,0,2.7660568787809265,0,16.676870748298935,0,0,0,0,0.006169444444444444,10556.866276452049,2.9324628545700135,0.059963287782991384,0.43558282208588955,0,LOW,LOW
VEH_003,68b89b2d4f65cd554d7512ab,2025-11-27 00:00:00,ON,47.68,20071.97,62.27,32.5,49.0,606.0,0.5,13,21.8,0.0,1205.28,555910.6100000002,2.8599999999999923,47.67000000000189,16.667832167832874,0,0.0,21.8,0.5,0.13,0.38899999999999996,3600,1.0,30.2802,0,31,7200,62.27,0.0007944444444444423,0.000661507936507936,94133.41331733661,1568.8902219556103,26.148170365926838,0,2.6893316624820547,0,16.667832167832874,0,0,0,0,0.006055555555555555,10283.119266055046,2.8564220183486237,0.05999580448919402,0.5352760736196319,0,LOW,LOW
VEH_003,68b89b2d4f65cd554d7512ab,2025-11-27 01:00:00,ON,45.49,20117.46,59.54,33.4,53.0,607.0,0.39,36,21.15,0.0,1208.01,555910.6100000002,2.730000000000004,45.48999999999796,16.663003663002893,0,0.0,21.15,0.39,0.36,0.38099999999999995,3600,1.0,29.20815,0,31,10800,59.54,0.0007583333333333345,0.0006658730158730157,89416.4481525626,1490.2741358760434,24.83790226460072,0,2.566345654002482,0,16.663003663002893,0,0,0,0,0.005875,10134.468085106382,2.815130023640662,0.0600131897120274,0.5797546012269938,0,LOW,LOW
VEH_003,68b89b2d4f65cd554d7512ab,2025-11-27 02:00:00,ON,39.25,20156.72,57.18,32.8,48.7,608.0,-0.41,15,19.28,0.0,1210.36,555910.6100000002,2.3599999999999994,39.26000000000204,16.63559322033985,0,0.0,19.28,0.41,0.15,0.33199999999999996,3600,1.0,25.68096,0,31,14400,57.18,0.0006555555555555554,0.0006599206349206348,86646.78292242937,1444.1130487071562,24.068550811785936,0,2.2148764646328245,0,16.63559322033985,0,0,0,0,0.005355555555555556,10676.763485477177,2.9657676348547715,0.060112073357103335,0.7730061349693251,0,LOW,LOW
VEH_003,68b89b2d4f65cd554d7512ab,2025-11-27 03:00:00,ON,33.37,20190.09,55.18,32.4,50.2,609.0,0.15,24,17.51,0.0,1212.37,555910.6100000002,2.0,33.36999999999898,16.68499999999949,0,0.0,17.51,0.15,0.24,0.177,3600,1.0,20.609270000000002,0,31,18000,55.18,0.0005555555555555556,0.0006273809523809522,87952.94117647062,1465.882352941177,24.431372549019617,0,1.8825885793375259,0,16.68499999999949,0,0,0,0,0.004863888888888889,11344.831524842946,3.151342090234152,0.05993407252022958,0.36349693251533743,0,LOW,LOW
VEH_003,68b89b2d4f65cd554d7512ab,2025-11-27 04:00:00,ON,31.54,20221.62,53.29,32.4,44.0,610.0,-0.07,49,16.96,0.0,1214.26,555910.6100000002,1.8900000000000006,31.529999999998836,16.682539682539062,0,0.0,16.96,0.07,0.49,0.196,3600,1.0,20.28416,0,31,21600,53.29,0.0005250000000000002,0.0005865079365079363,90859.81055480381,1514.330175913397,25.23883626522328,0,1.778783874932928,0,16.682539682539062,0,0,0,0,0.004711111111111111,11311.556603773584,3.1420990566037736,0.05994291151284714,0.38496932515337423,0,LOW,LOW
VEH_003,68b89b2d4f65cd554d7512ab,2025-11-27 05:00:00,ON,25.99,20247.62,51.73,33.1,42.8,611.0,0.28,12,15.3,0.0,1215.82,555910.6100000002,1.5600000000000023,26.0,16.666666666666643,0,0.0,15.3,0.28,0.12,0.232,3600,0.0,18.849600000000002,0,31,25200,51.73,0.00043333333333333396,0.0006484126984126983,79779.43696450429,1329.657282741738,22.1609547123623,0,1.4668056057170262,0,16.666666666666643,0,0,0,0,0.00425,12171.764705882351,3.3810457516339865,0.06000000000000009,0.5567484662576687,0,LOW,LOW
VEH_003,68b89b2d4f65cd554d7512ab,2025-11-27 06:00:00,ON,32.97,20280.59,49.75,32.8,45.0,612.0,-0.3,25,17.39,0.0,1217.8,555910.6100000002,1.9799999999999969,32.970000000001164,16.651515151515767,0,0.0,17.39,0.3,0.25,0.285,3600,1.0,22.346149999999998,0,31,28800,49.75,0.0005499999999999992,0.0006103174603174602,81514.95448634592,1358.5825747724318,22.643042912873867,0,1.8600223392496948,0,16.651515151515767,0,0,0,0,0.004830555555555556,10299.022426682,2.8608395629672225,0.06005459508644,0.6763803680981595,0,LOW,LOW
VEH_003,68b89b2d4f65cd554d7512ab,2025-11-27 07:00:00,ON,30.79,20311.39,47.9,32.8,44.7,613.0,-0.11,11,16.74,0.0,1219.64,555910.6100000002,1.8500000000000014,30.799999999999272,16.648648648648244,0,0.0,16.74,0.11,0.11,0.11,3600,1.0,18.5814,0,31,32400,47.9,0.0005138888888888892,0.0005702380952380953,83999.99999999999,1399.9999999999998,23.33333333333333,0,1.7376004867724362,0,16.648648648648244,0,0,0,0,0.00465,10301.075268817205,2.861409796893668,0.06006493506493653,0.691717791411043,0,LOW,LOW
VEH_003,68b89b2d4f65cd554d7512ab,2025-11-27 08:00:00,ON,36.87,20348.26,45.69,32.5,45.9,614.0,0.11,12,18.56,0.0,1221.86,555910.6100000002,2.210000000000001,36.86999999999898,16.68325791855157,0,0.0,18.56,0.11,0.12,0.11299999999999999,3600,1.0,20.65728,0,31,36000,45.69,0.0006138888888888891,0.0005496031746031747,83132.70758122743,1385.5451263537905,23.092418772563175,0,2.0800431801071255,0,16.68325791855157,0,0,0,0,0.005155555555555556,8862.28448275862,2.461745689655172,0.05994033089232606,0.3773006134969325,0,LOW,LOW
VEH_003,68b89b2d4f65cd554d7512ab,2025-11-27 09:00:00,ON,35.1,20383.36,43.59,32.7,44.0,615.0,0.23,32,18.03,0.0,1223.96,555910.6100000002,2.0999999999999943,35.10000000000218,16.7142857142868,0,0.0,18.03,0.23,0.32,0.257,3600,1.0,22.663710000000002,0,31,39600,43.59,0.0005833333333333318,0.0005392857142857142,80829.13907284771,1347.1523178807952,22.452538631346588,0,1.9801875677181087,0,16.7142857142868,0,0,0,0,0.005008333333333333,8703.494176372713,2.4176372712146423,0.059829059829055946,0.20245398773006135,0,MEDIUM,LOW
VEH_003,68b89b2d4f65cd554d7512ab,2025-11-27 10:00:00,ON,39.26,20422.61,41.23,32.7,49.5,616.0,0.43,16,19.28,0.0,1226.32,555910.6100000002,2.3600000000000065,39.25,16.631355932203345,0,0.0,19.28,0.43,0.16,0.349,3600,1.0,26.00872,0,31,43200,41.23,0.0006555555555555573,0.0005535714285714287,74479.99999999999,1241.333333333333,20.688888888888886,0,2.214312308630511,0,16.631355932203345,0,0,0,0,0.005355555555555556,7698.5477178423225,2.1384854771784227,0.060127388535032016,0.7975460122699386,0,MEDIUM,LOW
VEH_003,68b89b2d4f65cd554d7512ab,2025-11-27 11:00:00,ON,32.87,20455.48,39.26,33.2,45.9,617.0,-0.39,34,17.36,0.0,1228.29,555910.6100000002,1.9699999999999989,32.86999999999898,16.68527918781675,0,0.0,17.36,0.39,0.34,0.375,3600,1.0,23.869999999999997,0,31,46800,39.26,0.000547222222222222,0.0005567460317460318,70516.89237348537,1175.2815395580897,19.588025659301493,0,1.854380779227583,0,16.68527918781675,0,0,0,0,0.004822222222222222,8141.474654377881,2.261520737327189,0.05993306966839245,0.3588957055214724,0,MEDIUM,LOW
VEH_003,68b89b2d4f65cd554d7512ab,2025-11-27 12:00:00,ON,29.49,20484.97,37.49,33.6,43.2,618.0,0.31,5,16.35,0.0,1230.06,555910.6100000002,1.769999999999996,29.4900000000016,16.661016949153485,0,0.0,16.35,0.31,0.05,0.23199999999999998,3600,0.0,20.1432,0,31,50400,37.49,0.0004916666666666655,0.0005650793650793649,66344.66292134834,1105.7443820224723,18.429073033707873,0,1.6636960504845175,0,16.661016949153485,0,0,0,0,0.004541666666666667,8254.678899082568,2.2929663608562687,0.060020345879955916,0.5996932515337423,0,MEDIUM,LOW
VEH_003,68b89b2d4f65cd554d7512ab,2025-11-27 13:00:00,ON,35.84,20520.81,35.34,33.7,46.8,619.0,0.5,3,18.25,0.0,1232.21,555910.6100000002,2.1499999999999986,35.840000000000146,16.669767441860543,0,0.0,18.25,0.5,0.03,0.359,3600,1.0,24.80175,0,31,54000,35.34,0.0005972222222222219,0.0005718253968253967,61802.08188757808,1030.0346981263015,17.16724496877169,0,2.021935111880709,0,16.669767441860543,0,0,0,0,0.005069444444444444,6971.178082191782,1.9364383561643839,0.059988839285714,0.5076687116564417,0,MEDIUM,LOW
VEH_003,68b89b2d4f65cd554d7512ab,2025-11-27 14:00:00,ON,35.21,20556.02,33.23,33.5,43.5,620.0,-0.4,2,18.06,0.0,1234.32,555910.6100000002,2.1100000000000065,35.20999999999913,16.68720379146873,0,0.0,18.06,0.4,0.02,0.286,3600,1.0,23.22516,0,31,57600,33.23,0.0005861111111111129,0.0005821428571428572,57082.20858895704,951.370143149284,15.856169052488067,0,1.9863932837421236,0,16.68720379146873,0,0,0,0,0.005016666666666667,6623.92026578073,1.8399778516057583,0.059926157341665974,0.3450920245398773,0,MEDIUM,LOW
VEH_003,68b89b2d4f65cd554d7512ab,2025-11-27 15:00:00,ON,35.44,20591.46,63.89,33.2,40.8,621.0,0.26,29,18.13,0.0,1236.45,555910.6100000002,0.0,35.43999999999869,0.0,0,0.0,18.13,0.26,0.29,0.269,3600,1.0,23.006970000000003,1,32,0,63.89,0.0,0.0004944444444444445,129215.73033707864,2153.5955056179773,35.89325842696629,0,1.9993688717926728,0,0.0,0,0,0,0,0.005036111111111111,12686.376172090459,3.5239933811362385,0.0,0.02223926380368098,0,LOW,LOW
VEH_003,68b89b2d4f65cd554d7512ab,2025-11-27 16:00:00,ON,33.7,20625.16,61.87,33.6,46.7,622.0,0.39,6,17.61,0.0,1238.47,555910.6100000002,2.020000000000003,33.70000000000073,16.683168316832017,0,0.0,17.61,0.39,0.06,0.291,3600,1.0,22.734509999999997,0,32,3600,61.87,0.0005611111111111119,0.0004912698412698417,125938.9337641356,2098.98222940226,34.983037156704334,0,1.9012057274101866,0,16.683168316832017,0,0,0,0,0.0048916666666666666,12648.040885860306,3.513344690516752,0.059940652818989894,0.3803680981595092,0,LOW,LOW
VEH_003,68b89b2d4f65cd554d7512ab,2025-11-27 17:00:00,ON,35.79,20660.95,59.72,33.7,45.7,623.0,0.27,38,18.24,0.0,1240.62,555910.6100000002,2.1499999999999986,35.79000000000087,16.646511627907394,0,0.0,18.24,0.27,0.38,0.303,3600,1.0,23.766719999999996,0,32,7200,59.72,0.0005972222222222219,0.000482936507936508,123660.14790468363,2061.0024650780606,34.35004108463434,0,2.0191143318697558,0,16.646511627907394,0,0,0,0,0.005066666666666666,11786.842105263158,3.274122807017544,0.060072645990498635,0.7085889570552147,0,LOW,LOW
VEH_003,68b89b2d4f65cd554d7512ab,2025-11-27 18:00:00,ON,39.22,20700.17,57.37,33.9,45.0,624.0,0.26,44,19.27,0.0,1242.97,555910.6100000002,2.3500000000000014,39.219999999997526,16.689361702126597,0,0.0,19.27,0.26,0.44,0.314,3600,1.0,25.32078,0,32,10800,57.37,0.0006527777777777782,0.0004980158730158732,115197.13147410353,1919.9521912350588,31.99920318725098,0,2.2126198406237747,0,16.689361702126597,0,0,0,0,0.0053527777777777775,10717.799688635185,2.97716658017644,0.05991840897501657,0.3205521472392638,0,LOW,LOW
VEH_003,68b89b2d4f65cd554d7512ab,2025-11-27 19:00:00,ON,36.19,20736.36,55.19,33.7,43.6,625.0,0.46,15,18.36,0.0,1245.14,555910.6100000002,2.1799999999999997,36.19000000000233,16.600917431193732,0,0.0,18.36,0.46,0.15,0.367,3600,1.0,25.098119999999998,0,32,14400,55.19,0.0006055555555555555,0.0005142857142857146,107313.88888888882,1788.5648148148136,29.809413580246893,0,2.041680571957792,0,16.600917431193732,0,0,0,0,0.0050999999999999995,10821.56862745098,3.0059912854030504,0.06023763470571593,0.8803680981595092,0,LOW,LOW
VEH_003,68b89b2d4f65cd554d7512ab,2025-11-27 20:00:00,ON,32.13,20768.49,53.27,33.1,43.9,626.0,0.45,5,17.14,0.0,1247.07,555910.6100000002,1.9199999999999946,32.13000000000102,16.73437500000058,0,0.0,17.14,0.45,0.05,0.33,3600,1.0,22.796200000000002,0,32,18000,53.27,0.0005333333333333318,0.0005051587301587304,105452.00314218378,1757.533385703063,29.29222309505105,0,1.8126332350649828,0,16.73437500000058,0,0,0,0,0.004761111111111111,11188.564760793466,3.1079346557759626,0.0597572362278224,0.1687116564417178,0,LOW,LOW
VEH_003,68b89b2d4f65cd554d7512ab,2025-11-27 21:00:00,ON,36.28,20804.77,51.09,32.9,46.0,627.0,0.08,9,18.38,0.0,1249.25,555910.6100000002,2.1799999999999997,36.279999999998836,16.642201834861854,0,0.0,18.38,0.08,0.09,0.08299999999999999,3600,1.0,19.90554,0,32,21600,51.09,0.0006055555555555555,0.0005079365079365078,100583.43750000003,1676.3906250000005,27.93984375000001,0,2.046757975977385,0,16.642201834861854,0,0,0,0,0.005105555555555555,10006.746463547335,2.779651795429815,0.06008820286659509,0.7331288343558282,0,LOW,LOW
VEH_003,68b89b2d4f65cd554d7512ab,2025-11-27 22:00:00,ON,28.66,20833.44,49.37,32.7,44.3,628.0,-0.11,4,16.1,0.0,1250.97,555910.6100000002,1.720000000000006,28.669999999998254,16.66860465116172,0,0.0,16.1,0.11,0.04,0.089,3600,0.0,17.5329,0,32,25200,49.37,0.00047777777777777944,0.0005761904761904763,85683.47107438014,1428.057851239669,23.800964187327818,0,1.6174352583040223,0,16.66860465116172,0,0,0,0,0.004472222222222223,11039.25465838509,3.0664596273291918,0.05999302406697282,0.5214723926380368,0,LOW,LOW
VEH_003,68b89b2d4f65cd554d7512ab,2025-11-27 23:00:00,ON,21.35,20854.79,48.09,33.4,45.2,629.0,-0.34,23,13.91,0.0,1252.25,555910.6100000002,1.279999999999994,21.350000000002183,16.679687500001783,0,0.0,13.91,0.34,0.23,0.307,3600,0.0,18.18037,0,32,28800,48.09,0.0003555555555555539,0.0005468253968253966,87943.9767779391,1465.7329462989849,24.428882438316414,0,1.2044730646946813,0,16.679687500001783,0,0,0,0,0.003863888888888889,12446.010064701653,3.4572250179726813,0.05995316159249944,0.4125766871165644,0,LOW,LOW
VEH_003,68b89b2d4f65cd554d7512ab,2025-11-28 00:00:00,ON,25.49,20880.28,46.56,33.4,40.5,630.0,0.38,15,15.15,0.0,1253.78,555910.6100000002,1.5300000000000011,25.489999999997963,16.660130718952903,0,0.0,15.15,0.38,0.15,0.31099999999999994,3600,0.0,19.86165,0,32,32400,46.56,0.0004250000000000003,0.000522222222222222,89157.44680851068,1485.9574468085113,24.76595744680852,0,1.4380336496047696,0,16.660130718952903,0,0,0,0,0.004208333333333333,11063.762376237624,3.0732673267326733,0.060023538642609786,0.6134969325153374,0,LOW,LOW
VEH_003,68b89b2d4f65cd554d7512ab,2025-11-28 01:00:00,ON,31.71,20911.99,44.66,33.3,51.9,631.0,0.33,46,17.01,0.0,1255.68,555910.6100000002,1.9000000000000057,31.710000000002765,16.689473684211933,0,0.0,17.01,0.33,0.46,0.369,3600,1.0,23.286690000000004,0,32,36000,44.66,0.0005277777777777794,0.0005043650793650794,88546.97088906371,1475.782848151062,24.596380802517697,0,1.7889386829727292,0,16.689473684211933,0,0,0,0,0.004725,9451.85185185185,2.6255144032921804,0.059918006937869445,0.31901840490797545,0,MEDIUM,LOW
VEH_003,68b89b2d4f65cd554d7512ab,2025-11-28 02:00:00,ON,24.03,20936.02,43.21,33.8,44.9,632.0,0.34,15,14.71,0.0,1257.12,555910.6100000002,1.4499999999999957,24.029999999998836,16.572413793102694,0,0.0,14.71,0.34,0.15,0.283,3600,0.0,18.87293,0,32,39600,43.21,0.0004027777777777766,0.00047539682539682527,90892.48747913192,1514.8747913188652,25.247913188647754,0,1.355666873283786,0,16.572413793102694,0,0,0,0,0.0040861111111111115,10574.847042828007,2.937457511896669,0.06034124011652376,0.9217791411042945,0,MEDIUM,LOW
VEH_003,68b89b2d4f65cd554d7512ab,2025-11-28 03:00:00,ON,23.15,20959.17,41.83,33.9,42.5,633.0,0.06,47,14.45,0.0,1258.51,555910.6100000002,1.3800000000000026,23.149999999997817,16.775362318838965,0,0.0,14.45,0.06,0.47,0.183,3600,0.0,17.09435,0,32,43200,41.83,0.00038333333333333405,0.00045396825396825416,92143.00699300694,1535.7167832167825,25.595279720279706,0,1.306021145090229,0,16.775362318838965,0,0,0,0,0.004013888888888889,10421.314878892734,2.894809688581315,0.05961123110151761,0.12116564417177914,0,MEDIUM,LOW
VEH_003,68b89b2d4f65cd554d7512ab,2025-11-28 04:00:00,ON,29.41,20988.58,40.06,33.7,45.1,634.0,0.26,38,16.32,0.0,1260.27,555910.6100000002,1.769999999999996,29.410000000003492,16.615819209041558,0,0.0,16.32,0.26,0.38,0.296,3600,0.0,21.15072,0,32,46800,40.06,0.0004916666666666655,0.00043769841269841275,91524.20670897551,1525.403445149592,25.423390752493198,0,1.6591828024670334,0,16.615819209041558,0,0,0,0,0.004533333333333334,8836.764705882353,2.454656862745098,0.06018361101665372,0.8512269938650306,0,MEDIUM,LOW
VEH_003,68b89b2d4f65cd554d7512ab,2025-11-28 05:00:00,ON,36.56,21025.14,37.87,34.0,47.2,635.0,0.42,45,18.47,0.0,1262.47,555910.6100000002,2.190000000000005,36.55999999999767,16.69406392693954,0,0.0,18.47,0.42,0.45,0.429,3600,1.0,26.393629999999998,0,32,50400,37.87,0.0006083333333333346,0.0004563492063492064,82984.6956521739,1383.0782608695652,23.051304347826086,0,2.062554344038887,0,16.69406392693954,0,0,0,0,0.005130555555555555,7381.266919328642,2.050351922035734,0.059901531728669154,0.294478527607362,0,MEDIUM,LOW
VEH_003,68b89b2d4f65cd554d7512ab,2025-11-28 06:00:00,ON,33.6,21058.74,35.85,33.1,46.0,636.0,-0.36,46,17.58,0.0,1264.48,555910.6100000002,2.019999999999996,33.60000000000218,16.633663366337746,0,0.0,17.58,0.36,0.46,0.39,3600,1.0,24.4362,0,32,54000,35.85,0.00056111111111111,0.00048571428571428577,73808.82352941176,1230.1470588235293,20.502450980392155,0,1.8955641673882802,0,16.633663366337746,0,0,0,0,0.004883333333333333,7341.296928327645,2.039249146757679,0.060119047619043596,0.7822085889570553,0,MEDIUM,LOW
VEH_003,68b89b2d4f65cd554d7512ab,2025-11-28 07:00:00,ON,40.44,21099.18,33.42,33.2,49.4,637.0,0.17,34,19.63,0.0,1266.91,555910.6100000002,2.4299999999999997,40.43999999999869,16.641975308641438,0,0.0,19.63,0.17,0.34,0.221,3600,1.0,23.968230000000002,0,32,57600,33.42,0.0006749999999999999,0.0005214285714285714,64093.150684931505,1068.2191780821918,17.80365296803653,0,2.2814468728921007,0,16.641975308641438,0,0,0,0,0.005452777777777778,6128.986245542537,1.7024961793173714,0.06008902077151529,0.7361963190184049,0,MEDIUM,LOW
VEH_003,68b89b2d4f65cd554d7512ab,2025-11-28 08:00:00,ON,39.07,21138.25,31.08,33.5,45.8,638.0,-0.13,13,19.22,0.0,1269.26,555910.6100000002,2.3400000000000034,39.06999999999971,16.696581196581047,0,0.0,19.22,0.13,0.13,0.13,3600,1.0,21.718599999999995,0,32,61200,31.08,0.000650000000000001,0.0005388888888888889,57674.22680412371,961.2371134020618,16.02061855670103,0,2.204157500590915,0,16.696581196581047,0,0,0,0,0.005338888888888889,5821.43600416233,1.6170655567117584,0.05989250063987768,0.28067484662576686,0,MEDIUM,LOW
VEH_003,68b89b2d4f65cd554d7512ab,2025-11-28 09:00:00,ON,36.94,21175.19,28.86,33.4,45.1,639.0,-0.39,31,18.58,0.0,1271.47,555910.6100000002,2.219999999999999,36.93999999999869,16.639639639639057,0,0.0,18.58,0.39,0.31,0.366,3600,1.0,25.38028,0,32,64800,28.86,0.0006166666666666664,0.0005694444444444445,50680.9756097561,844.6829268292682,14.078048780487805,0,2.0839922721225013,0,16.639639639639057,0,0,0,0,0.00516111111111111,5591.819160387514,1.5532831001076428,0.06009745533297449,0.7561349693251533,0,MEDIUM,LOW
VEH_003,68b89b2d4f65cd554d7512ab,2025-11-28 10:00:00,ON,31.45,21206.64,26.98,33.4,47.4,640.0,-0.34,23,16.93,0.0,1273.36,555910.6100000002,1.879999999999999,31.450000000000728,16.728723404255714,0,0.0,16.93,0.34,0.23,0.307,3600,1.0,22.127509999999997,0,32,68400,26.98,0.000522222222222222,0.0005892857142857142,45784.24242424243,763.0707070707072,12.717845117845119,0,1.774270626915444,0,16.728723404255714,0,0,0,0,0.004702777777777778,5737.034849379799,1.5936207914943887,0.05977742448330542,0.17638036809815952,0,MEDIUM,LOW
VEH_003,68b89b2d4f65cd554d7512ab,2025-11-28 11:00:00,ON,25.47,21232.11,25.45,32.6,42.6,641.0,-0.15,35,15.14,0.0,1274.89,555910.6100000002,1.5300000000000011,25.470000000001164,16.64705882353016,0,0.0,15.14,0.15,0.35,0.21,3600,0.0,18.3194,0,32,72000,25.45,0.0004250000000000003,0.000579761904761905,43897.33059548253,731.6221765913755,12.19370294318959,0,1.4369053376005525,0,16.64705882353016,0,0,0,0,0.004205555555555556,6051.519154557463,1.6809775429326286,0.06007067137808917,0.6993865030674846,0,MEDIUM,LOW
VEH_003,68b89b2d4f65cd554d7512ab,2025-11-28 12:00:00,ON,26.22,21258.33,23.88,32.9,44.9,642.0,-0.09,10,15.37,0.0,1276.46,555910.6100000002,1.5700000000000003,26.220000000001164,16.7006369426759,0,0.0,15.37,0.09,0.1,0.093,3600,0.0,16.799409999999998,0,32,75600,23.88,0.0004361111111111112,0.0005551587301587301,43014.724803431025,716.9120800571837,11.948534667619729,0,1.4792170377654668,0,16.7006369426759,0,0,0,0,0.004269444444444445,5593.233571893298,1.553675992192583,0.059877955758959975,0.2561349693251534,0,HIGH,LOW
VEH_003,68b89b2d4f65cd554d7512ab,2025-11-28 13:00:00,ON,19.5,21277.83,22.71,32.9,40.8,643.0,-0.44,26,13.35,0.0,1277.63,555910.6100000002,1.1699999999999982,19.5,16.666666666666693,0,0.0,13.35,0.44,0.26,0.386,3600,0.0,18.5031,0,32,79200,22.71,0.0003249999999999995,0.0005214285714285714,43553.42465753425,725.8904109589041,12.098173515981735,0,1.1001042042877698,0,16.666666666666693,0,0,0,0,0.0037083333333333334,6124.044943820225,1.701123595505618,0.05999999999999991,0.5375766871165644,0,HIGH,LOW
VEH_003,68b89b2d4f65cd554d7512ab,2025-11-28 14:00:00,ON,13.6,21291.43,21.89,33.1,35.6,644.0,-0.01,38,11.58,0.0,1278.45,555910.6100000002,0.8200000000000003,13.599999999998545,16.585365853656757,0,0.0,11.58,0.01,0.38,0.121,3600,0.0,12.98118,0,32,82800,21.89,0.00022777777777777786,0.00045753968253968257,47842.84475281873,797.3807458803122,13.289679098005204,0,0.7672521629903625,0,16.585365853656757,0,0,0,0,0.0032166666666666667,6805.181347150259,1.8903281519861832,0.0602941176470653,0.911042944785276,0,HIGH,LOW
VEH_003,68b89b2d4f65cd554d7512ab,2025-11-28 15:00:00,ON,21.44,21312.87,20.6,32.3,39.8,645.0,0.11,27,13.93,0.0,1279.73,555910.6100000002,1.2899999999999991,21.43999999999869,16.620155038758686,0,0.0,13.93,0.11,0.27,0.158,3600,0.0,16.13094,0,32,86400,20.6,0.0003583333333333331,0.0004158730158730158,49534.351145038185,825.5725190839697,13.759541984732829,0,1.209550468714274,0,16.620155038758686,0,0,0,0,0.0038694444444444445,5323.761665470209,1.4788226848528359,0.06016791044776483,0.8466257668711656,0,HIGH,MEDIUM
VEH_003,68b89b2d4f65cd554d7512ab,2025-11-28 16:00:00,ON,27.48,21340.34,18.95,32.4,41.8,646.0,-0.39,7,15.74,0.0,1281.38,555910.6100000002,1.6500000000000021,27.470000000001164,16.648484848485534,0,0.0,15.74,0.39,0.07,0.294,3600,0.0,20.36756,0,32,90000,18.95,0.0004583333333333339,0.00039325396825396825,48187.68920282543,803.1281533804238,13.385469223007064,0,1.5497365380403239,0,16.648484848485534,0,0,0,0,0.004372222222222223,4334.18043202033,1.203939008894536,0.060065526028392144,0.6947852760736196,0,HIGH,MEDIUM
VEH_003,68b89b2d4f65cd554d7512ab,2025-11-28 17:00:00,ON,29.78,21370.12,17.17,33.1,41.0,647.0,-0.24,40,16.43,0.0,1283.17,555910.6100000002,1.7799999999999976,29.779999999998836,16.730337078651054,0,0.0,16.43,0.24,0.4,0.288,3600,0.0,21.16184,0,32,93600,17.17,0.0004944444444444437,0.0003892857142857143,44106.422018348625,735.1070336391438,12.25178389398573,0,1.6800565745481284,0,16.730337078651054,0,0,0,0,0.004563888888888889,3762.1424223980525,1.0450395617772368,0.05977165883143275,0.17484662576687116,0,HIGH,MEDIUM
VEH_003,68b89b2d4f65cd554d7512ab,2025-11-28 18:00:00,ON,29.62,21399.75,15.39,33.0,44.7,648.0,0.42,41,16.39,0.0,1284.94,555910.6100000002,1.7800000000000011,29.63000000000102,16.646067415730897,0,0.0,16.39,0.42,0.41,0.417,3600,0.0,23.22463,0,32,97200,15.39,0.0004944444444444448,0.00039920634920634915,38551.49105367794,642.5248508946323,10.70874751491054,0,1.6715942345152686,0,16.646067415730897,0,0,0,0,0.004552777777777778,3380.353874313606,0.938987187309335,0.06007424907188458,0.7131901840490797,0,HIGH,MEDIUM
VEH_003,68b89b2d4f65cd554d7512ab,2025-11-28 19:00:00,ON,33.07,21432.82,13.41,33.2,44.6,649.0,-0.24,40,17.42,0.0,1286.93,555910.6100000002,1.9800000000000004,33.06999999999971,16.70202020202005,0,0.0,17.42,0.24,0.4,0.288,3600,1.0,22.436960000000003,0,32,100800,13.41,0.0005500000000000001,0.00041547619047619045,32276.217765042984,537.9369627507164,8.965616045845273,0,1.8656638992716013,0,16.70202020202005,0,0,0,0,0.004838888888888889,2771.297359357061,0.769804822043628,0.05987299667372295,0.24846625766871167,0,HIGH,MEDIUM
VEH_003,68b89b2d4f65cd554d7512ab,2025-11-28 20:00:00,ON,36.43,21469.25,11.22,32.4,42.7,650.0,0.02,29,18.43,0.0,1289.12,555910.6100000002,2.1899999999999995,36.43000000000029,16.634703196347168,0,0.0,18.43,0.02,0.29,0.10099999999999999,3600,1.0,20.29143,0,32,104400,11.22,0.0006083333333333332,0.00045595238095238094,24607.832898172324,410.13054830287206,6.835509138381201,0,2.0552203160104496,0,16.634703196347168,0,0,0,0,0.005119444444444445,2191.6440586001086,0.6087900162778079,0.06011528959648592,0.7760736196319018,0,HIGH,MEDIUM
VEH_003,68b89b2d4f65cd554d7512ab,2025-11-28 21:00:00,ON,40.51,21509.76,8.79,32.1,48.2,651.0,-0.42,4,19.65,0.0,1291.55,555910.6100000002,2.4300000000000015,40.5099999999984,16.670781893003447,0,0.0,19.65,0.42,0.04,0.306,3600,1.0,25.6629,0,32,108000,8.79,0.0006750000000000004,0.0005198412698412699,16909.007633587782,281.8167938931297,4.696946564885495,0,2.2853959649074764,0,16.670781893003447,0,0,0,0,0.005458333333333333,1610.381679389313,0.44732824427480916,0.05998518884226358,0.5,0,HIGH,HIGH
VEH_003,68b89b2d4f65cd554d7512ab,2025-11-28 22:00:00,ON,37.47,21547.23,6.54,31.7,49.8,652.0,0.41,43,18.74,0.0,1293.79,555910.6100000002,2.249999999999999,37.470000000001164,16.65333333333386,0,0.0,18.74,0.41,0.43,0.416,3600,1.0,26.535839999999997,0,32,111600,6.54,0.0006249999999999998,0.0005579365079365079,11721.76386913229,195.36273115220484,3.256045519203414,0,2.11389254023918,0,16.65333333333386,0,0,0,0,0.005205555555555555,1256.350053361793,0.3489861259338314,0.0600480384307427,0.6641104294478528,0,HIGH,HIGH
VEH_003,68b89b2d4f65cd554d7512ab,2025-11-28 23:00:00,ON,31.55,21578.79,4.65,31.1,43.5,653.0,0.13,4,16.97,0.0,1295.69,555910.6100000002,1.8899999999999997,31.56000000000131,16.698412698413396,0,0.0,16.97,0.13,0.04,0.103,3600,1.0,18.71791,0,32,115200,4.65,0.0005249999999999999,0.0005674603174603175,8194.405594405594,136.5734265734266,2.2762237762237763,0,1.7804763429396642,0,16.698412698413396,0,0,0,0,0.004713888888888889,986.446670595168,0.2740129640542133,0.05988593155893287,0.2684049079754601,0,HIGH,HIGH
VEH_003,68b89b2d4f65cd554d7512ab,2025-11-29 00:00:00,ON,25.02,21603.8,3.15,31.1,45.5,654.0,0.44,4,15.01,0.0,1297.19,555910.6100000002,1.5000000000000004,25.0099999999984,16.673333333332263,0,0.0,15.01,0.44,0.04,0.32,3600,0.0,19.813200000000002,0,32,118800,3.15,0.0004166666666666668,0.0005563492063492064,5661.911554921539,94.36519258202566,1.5727532097004275,0,1.4109541614992491,0,16.673333333332263,0,0,0,0,0.004169444444444444,755.4963357761492,0.20986009327115254,0.05997600959616539,0.4723926380368098,0,HIGH,HIGH
VEH_003,68b89b2d4f65cd554d7512ab,2025-11-29 01:00:00,ON,27.99,21631.79,1.47,30.3,41.1,655.0,0.39,20,15.9,0.0,1298.87,555910.6100000002,1.68,27.9900000000016,16.66071428571524,0,0.0,15.9,0.39,0.2,0.33299999999999996,3600,0.0,21.1947,0,32,122400,1.47,0.00046666666666666666,0.0005523809523809524,2661.2068965517237,44.353448275862064,0.7392241379310344,0,1.579072650154689,0,16.66071428571524,0,0,0,0,0.004416666666666667,332.8301886792453,0.09245283018867924,0.06002143622722057,0.602760736196319,0,HIGH,HIGH
VEH_003,68b89b2d4f65cd554d7512ab,2025-11-29 02:00:00,ON,27.2,21658.99,0.0,29.7,43.2,656.0,0.05,23,15.66,0.0,1300.5,555910.6100000002,1.47,27.200000000000728,18.503401360544714,0,0.0,15.66,0.05,0.23,0.10400000000000001,3600,0.0,17.28864,0,32,126000,0.0,0.0004083333333333333,0.0005321428571428571,0.0,0.0,0.0,0,1.5345043259809301,0,18.503401360544714,0,0,0,0,0.00435,0.0,0.0,0.054044117647057376,0.05368098159509203,0,HIGH,HIGH
VEH_003,68b89b2d4f65cd554d7512ab,2025-11-29 03:00:00,OFF,0.0,21658.99,0.0,29.6,1.8,656.0,0.41,39,0.0,0.0,1300.5,555910.6100000002,-0.0,0.0,0.0,0,0.0,0.0,0.41,0.39,0.40399999999999997,0,0.0,0.0,0,32,129600,0.0,-0.0,0.0004452380952380953,0.0,0.0,0.0,0,0.0,0,0.0,0,0,0,0,0.0,0.0,0.0,0.0,0.0,0,HIGH,
VEH_003,68b89b2d4f65cd554d7512ab,2025-11-29 04:00:00,OFF,0.0,21658.99,0.0,29.7,1.6,656.0,-0.46,47,0.0,0.0,1300.5,555910.6100000002,-0.0,0.0,0.0,0,0.0,0.0,0.46,0.47,0.46299999999999997,0,0.0,0.0,0,32,133200,0.0,-0.0,0.00034880952380952375,0.0,0.0,0.0,0,0.0,0,0.0,0,0,0,0,0.0,0.0,0.0,0.0,0.0,0,HIGH,
VEH_003,68b89b2d4f65cd554d7512ab,2025-11-29 05:00:00,OFF,0.0,21658.99,0.0,30.3,1.1,656.0,-0.2,18,0.0,0.0,1300.5,555910.6100000002,-0.0,0.0,0.0,0,0.0,0.0,0.2,0.18,0.19399999999999998,0,0.0,0.0,0,32,136800,0.0,-0.0,0.0002595238095238095,0.0,0.0,0.0,0,0.0,0,0.0,0,0,0,0,0.0,0.0,0.0,0.0,0.0,0,HIGH,
VEH_003,68b89b2d4f65cd554d7512ab,2025-11-29 06:00:00,ON,0.0,21658.99,35.54,30.8,29.3,656.0,-0.04,16,0.0,0.03,1300.5,555910.6100000002,0.0,0.0,0.0,1,0.03,0.0,0.04,0.16,0.076,3600,0.0,0.0,1,33,0,35.54,0.0,0.00018452380952380953,192603.87096774194,3210.064516129032,53.5010752688172,0,0.0,0,0.0,0,0,0,0,8.333333333333334e-06,4264800.0,1184.6666666666667,0.0,0.0,0,MEDIUM,LOW
VEH_003,68b89b2d4f65cd554d7512ab,2025-11-29 07:00:00,ON,0.0,21658.99,35.51,30.6,24.9,657.0,0.32,8,0.0,0.03,1300.53,555910.6100000002,0.030000000000001137,0.0,0.0,1,0.03,0.0,0.32,0.08,0.24799999999999997,3600,0.0,0.0,0,33,3600,35.51,8.333333333333649e-06,0.00012619047619047622,281399.99999999994,4689.999999999999,78.16666666666666,0,0.0,0,0.0,1,1,0,0,8.333333333333334e-06,4261200.0,1183.6666666666667,0.0,0.0,0,MEDIUM,LOW
VEH_003,68b89b2d4f65cd554d7512ab,2025-11-29 08:00:00,ON,6.73,21665.72,35.11,30.4,37.3,658.0,0.1,21,9.52,0.0,1300.93,555910.6100000002,0.3999999999999986,6.729999999999563,16.82499999999897,0,0.0,9.52,0.1,0.21,0.133,3600,0.0,10.786159999999999,0,33,7200,35.11,0.00011111111111111071,7.539682539682537e-05,465669.4736842107,7761.157894736844,129.3526315789474,0,0.37967698947980566,0,16.82499999999897,0,0,0,0,0.0026444444444444445,13276.89075630252,3.6880252100840334,0.0594353640416084,0.09969325153374232,0,MEDIUM,LOW
VEH_003,68b89b2d4f65cd554d7512ab,2025-11-29 09:00:00,ON,0.0,21665.72,35.08,30.7,28.5,659.0,-0.19,33,0.0,0.03,1300.96,555910.6100000002,0.030000000000001137,0.0,0.0,1,0.03,0.0,0.19,0.33,0.23199999999999998,3600,0.0,0.0,0,33,10800,35.08,8.333333333333649e-06,1.8253968253968288e-05,1921773.9130434745,32029.565217391242,533.8260869565207,0,0.0,0,0.0,1,1,0,0,8.333333333333334e-06,4209600.0,1169.3333333333333,0.0,0.0,0,MEDIUM,LOW
VEH_003,68b89b2d4f65cd554d7512ab,2025-11-29 10:00:00,ON,0.52,21666.24,35.04,30.7,36.3,660.0,-0.44,17,7.65,0.0,1300.99,555910.6100000002,0.03999999999999915,0.5200000000004366,13.000000000011191,0,0.0,7.65,0.44,0.17,0.359,3600,0.0,10.39635,0,33,14400,35.04,1.1111111111110874e-05,1.984126984126984e-05,1766016.0,29433.6,490.56,0,0.029336112114365154,0,13.000000000011191,0,0,0,0,0.002125,16489.41176470588,4.580392156862745,0.0769230769230107,0.9969325153374233,0,MEDIUM,LOW
VEH_003,68b89b2d4f65cd554d7512ab,2025-11-29 11:00:00,ON,0.0,21666.24,35.01,30.5,23.8,661.0,-0.45,9,0.0,0.03,1301.02,555910.6100000002,0.030000000000001137,0.0,0.0,1,0.03,0.0,0.45,0.09,0.342,3600,0.0,0.0,0,33,18000,35.01,8.333333333333649e-06,2.1031746031746076e-05,1664626.415094336,27743.7735849056,462.39622641509334,0,0.0,0,0.0,1,1,0,0,8.333333333333334e-06,4201200.0,1167.0,0.0,0.0,0,MEDIUM,LOW
VEH_003,68b89b2d4f65cd554d7512ab,2025-11-29 12:00:00,ON,0.0,21666.24,34.98,30.9,25.2,662.0,0.18,17,0.0,0.03,1301.05,555910.6100000002,0.030000000000001137,0.0,0.0,1,0.03,0.0,0.18,0.17,0.177,3600,0.0,0.0,0,33,21600,34.98,8.333333333333649e-06,2.222222222222231e-05,1574099.9999999935,26234.99999999989,437.2499999999982,0,0.0,0,0.0,1,1,0,0,8.333333333333334e-06,4197599.999999999,1165.9999999999998,0.0,0.0,0,MEDIUM,LOW
VEH_003,68b89b2d4f65cd554d7512ab,2025-11-29 13:00:00,ON,0.0,21666.24,34.95,31.0,25.9,663.0,-0.31,39,0.0,0.03,1301.08,555910.6100000002,0.02999999999999403,0.0,0.0,1,0.03,0.0,0.31,0.39,0.33399999999999996,3600,0.0,0.0,0,33,25200,34.95,8.333333333331675e-06,2.3412698412698262e-05,1492779.661016959,24879.661016949318,414.6610169491553,0,0.0,0,0.0,1,1,0,0,8.333333333333334e-06,4194000.0,1165.0,0.0,0.0,0,MEDIUM,LOW
VEH_003,68b89b2d4f65cd554d7512ab,2025-11-29 14:00:00,ON,1.73,21667.97,34.85,31.4,35.1,664.0,-0.13,14,8.02,0.0,1301.19,555910.6100000002,0.10000000000000142,1.7299999999995634,17.29999999999539,0,0.0,8.02,0.13,0.14,0.133,3600,0.0,9.08666,0,33,28800,34.85,2.7777777777778172e-05,2.619047619047605e-05,1330636.3636363707,22177.272727272844,369.6212121212141,0,0.0975989883803775,0,17.29999999999539,0,0,0,0,0.0022277777777777777,15643.391521197009,4.3453865336658355,0.057803468208107896,0.0598159509202454,0,MEDIUM,LOW
VEH_003,68b89b2d4f65cd554d7512ab,2025-11-29 15:00:00,ON,0.79,21668.76,34.8,31.7,35.3,665.0,-0.24,7,7.74,0.0,1301.24,555910.6100000002,0.05000000000000426,0.7899999999972351,15.799999999943356,0,0.0,7.74,0.24,0.07,0.18899999999999997,3600,0.0,9.202860000000001,0,33,32400,34.8,1.3888888888890074e-05,1.2301587301587392e-05,2828903.2258064304,47148.38709677384,785.8064516128974,0,0.044568324173553664,0,15.799999999943356,0,0,0,0,0.00215,16186.046511627907,4.496124031007752,0.06329113924073324,0.9877300613496932,0,MEDIUM,LOW
VEH_003,68b89b2d4f65cd554d7512ab,2025-11-29 16:00:00,ON,0.0,21668.76,34.77,31.7,22.4,666.0,-0.02,48,0.0,0.03,1301.27,555910.6100000002,0.02999999999999403,0.0,0.0,1,0.03,0.0,0.02,0.48,0.15799999999999997,3600,0.0,0.0,0,33,36000,34.77,8.333333333331675e-06,1.2301587301587111e-05,2826464.5161290765,47107.741935484606,785.1290322580768,0,0.0,0,0.0,1,1,0,0,8.333333333333334e-06,4172400.0,1159.0,0.0,0.0,0,MEDIUM,LOW
VEH_003,68b89b2d4f65cd554d7512ab,2025-11-29 17:00:00,ON,3.73,21672.49,34.55,31.6,34.9,667.0,-0.35,9,8.62,0.0,1301.49,555910.6100000002,0.22000000000000597,3.7300000000032014,16.954545454559547,0,0.0,8.62,0.35,0.09,0.27199999999999996,3600,0.0,10.96464,0,33,39600,34.55,6.111111111111277e-05,1.9444444444444523e-05,1776857.1428571355,29614.28571428559,493.5714285714265,0,0.210430188820354,0,16.954545454559547,0,0,0,0,0.0023944444444444443,14429.2343387471,4.008120649651972,0.0589812332439188,0.07208588957055215,0,MEDIUM,LOW
VEH_003,68b89b2d4f65cd554d7512ab,2025-11-29 18:00:00,ON,8.61,21681.1,34.03,31.9,39.4,668.0,-0.19,17,10.08,0.0,1302.01,555910.6100000002,0.519999999999996,8.609999999996944,16.55769230768656,0,0.0,10.08,0.19,0.17,0.184,3600,0.0,11.934719999999999,0,33,43200,34.03,0.00014444444444444333,3.888888888888876e-05,875057.1428571458,14584.285714285763,243.07142857142938,0,0.48573831789304284,0,16.55769230768656,0,0,0,0,0.0028,12153.57142857143,3.3759920634920637,0.06039488966320332,0.9401840490797546,0,MEDIUM,LOW
VEH_003,68b89b2d4f65cd554d7512ab,2025-11-29 19:00:00,ON,4.89,21685.98,33.74,31.5,34.3,669.0,-0.38,26,8.97,0.0,1302.3,555910.6100000002,0.28999999999999915,4.880000000001019,16.827586206900115,0,0.0,8.97,0.38,0.26,0.344,3600,0.0,12.055679999999999,0,33,46800,33.74,8.055555555555531e-05,4.9206349206349e-05,685683.8709677448,11428.064516129081,190.46774193548467,0,0.2753081290730993,0,16.827586206900115,0,0,0,0,0.0024916666666666668,13541.137123745819,3.761426978818283,0.059426229508184145,0.09662576687116564,0,MEDIUM,LOW
VEH_003,68b89b2d4f65cd554d7512ab,2025-11-29 20:00:00,ON,1.26,21687.24,33.66,31.9,34.5,670.0,0.45,40,7.88,0.0,1302.37,555910.6100000002,0.0800000000000054,1.2600000000020373,15.750000000024402,0,0.0,7.88,0.45,0.4,0.435,3600,0.0,11.3078,0,33,50400,33.66,2.222222222222372e-05,5.119047619047644e-05,657544.1860465084,10959.069767441806,182.65116279069676,0,0.07108365627717082,0,15.750000000024402,0,0,0,0,0.0021888888888888887,15377.664974619289,4.271573604060913,0.06349206349196512,0.99079754601227,0,MEDIUM,LOW
VEH_003,68b89b2d4f65cd554d7512ab,2025-11-29 21:00:00,ON,1.14,21688.38,33.6,31.7,34.9,671.0,0.22,12,7.84,0.0,1302.44,555910.6100000002,0.05999999999999517,1.139999999999418,18.99999999999183,0,0.0,7.84,0.22,0.12,0.19,3600,0.0,9.3296,0,33,54000,33.6,1.6666666666665326e-05,4.9603174603174596e-05,677376.0000000001,11289.600000000002,188.16000000000003,0,0.06431378425063677,0,18.99999999999183,0,0,0,0,0.0021777777777777776,15428.571428571431,4.2857142857142865,0.05263157894739105,0.05214723926380368,0,MEDIUM,LOW
VEH_003,68b89b2d4f65cd554d7512ab,2025-11-29 22:00:00,ON,0.0,21688.38,33.57,31.3,24.1,672.0,0.35,14,0.0,0.03,1302.47,555910.6100000002,0.030000000000001137,0.0,0.0,1,0.03,0.0,0.35,0.14,0.287,3600,0.0,0.0,0,33,57600,33.57,8.333333333333649e-06,4.880952380952368e-05,687775.6097560994,11462.926829268323,191.0487804878054,0,0.0,0,0.0,1,1,0,0,8.333333333333334e-06,4028400.0,1119.0,0.0,0.0,0,MEDIUM,LOW
VEH_003,68b89b2d4f65cd554d7512ab,2025-11-29 23:00:00,ON,1.38,21689.76,33.48,31.3,35.0,673.0,0.07,45,7.91,0.0,1302.56,555910.6100000002,0.09000000000000341,1.3799999999973807,15.33333333330365,0,0.0,7.91,0.07,0.45,0.184,3600,0.0,9.36544,0,33,61200,33.48,2.5000000000000946e-05,5.119047619047644e-05,654027.9069767409,10900.465116279016,181.67441860465027,0,0.0778535283032944,0,15.33333333330365,0,0,0,0,0.0021972222222222224,15237.42098609355,4.232616940581542,0.06521739130447408,0.9938650306748467,0,MEDIUM,LOW
VEH_003,68b89b2d4f65cd554d7512ab,2025-11-30 00:00:00,ON,0.0,21689.76,33.45,31.7,29.7,674.0,-0.49,7,0.0,0.03,1302.59,555910.6100000002,0.02999999999999403,0.0,0.0,1,0.03,0.0,0.49,0.07,0.364,3600,0.0,0.0,0,33,64800,33.45,8.333333333331675e-06,4.3650793650793424e-05,766309.0909090949,12771.818181818247,212.86363636363748,0,0.0,0,0.0,1,1,0,0,8.333333333333334e-06,4014000.0,1115.0,0.0,0.0,0,MEDIUM,LOW
VEH_003,68b89b2d4f65cd554d7512ab,2025-11-30 01:00:00,ON,0.0,21689.76,33.42,31.7,22.6,675.0,0.44,24,0.0,0.03,1302.62,555910.6100000002,0.030000000000001137,0.0,0.0,1,0.03,0.0,0.44,0.24,0.38,3600,0.0,0.0,0,33,68400,33.42,8.333333333333649e-06,2.4206349206349182e-05,1380629.5081967227,23010.491803278714,383.5081967213119,0,0.0,0,0.0,1,1,0,0,8.333333333333334e-06,4010400.0,1114.0,0.0,0.0,0,MEDIUM,LOW
VEH_003,68b89b2d4f65cd554d7512ab,2025-11-30 02:00:00,ON,0.0,21689.76,33.39,32.2,21.5,676.0,0.13,22,0.0,0.03,1302.65,555910.6100000002,0.030000000000001137,0.0,0.0,1,0.03,0.0,0.13,0.22,0.157,3600,0.0,0.0,0,33,72000,33.39,8.333333333333649e-06,1.3888888888888944e-05,2404079.9999999907,40067.99999999985,667.7999999999975,0,0.0,0,0.0,1,1,0,0,8.333333333333334e-06,4006800.0,1113.0,0.0,0.0,0,MEDIUM,LOW
VEH_003,68b89b2d4f65cd554d7512ab,2025-11-30 03:00:00,ON,3.8,21693.56,33.17,32.0,33.2,677.0,0.45,27,8.64,0.0,1302.87,555910.6100000002,0.21999999999999886,3.8000000000029104,17.272727272740592,0,0.0,8.64,0.45,0.27,0.396,3600,0.0,12.06144,0,33,75600,33.17,6.11111111111108e-05,1.9444444444444242e-05,1705885.714285732,28431.428571428867,473.8571428571478,0,0.21437928083572957,0,17.272727272740592,0,0,0,0,0.0024000000000000002,13820.833333333332,3.8391203703703702,0.057894736842060625,0.06134969325153374,0,MEDIUM,LOW
VEH_003,68b89b2d4f65cd554d7512ab,2025-11-30 04:00:00,ON,0.0,21693.56,33.14,32.3,22.8,678.0,-0.32,47,0.0,0.03,1302.9,555910.6100000002,0.030000000000001137,0.0,0.0,1,0.03,0.0,0.32,0.47,0.365,3600,0.0,0.0,0,33,79200,33.14,8.333333333333649e-06,1.8253968253968288e-05,1815495.6521739096,30258.26086956516,504.304347826086,0,0.0,0,0.0,1,1,0,0,8.333333333333334e-06,3976800.0,1104.6666666666667,0.0,0.0,0,MEDIUM,LOW
VEH_003,68b89b2d4f65cd554d7512ab,2025-11-30 05:00:00,ON,0.81,21694.37,33.09,32.1,34.1,679.0,0.48,19,7.74,0.0,1302.95,555910.6100000002,0.04999999999999716,0.8099999999976717,16.199999999954354,0,0.0,7.74,0.48,0.19,0.39299999999999996,3600,0.0,10.78182,0,33,82800,33.09,1.38888888888881e-05,1.9047619047618924e-05,1737225.0000000114,28953.75000000019,482.5625000000032,0,0.04569663617797601,0,16.199999999954354,0,0,0,0,0.00215,15390.697674418607,4.275193798449613,0.06172839506190232,0.9785276073619632,0,MEDIUM,LOW
VEH_003,68b89b2d4f65cd554d7512ab,2025-11-30 06:00:00,ON,0.0,21694.37,33.06,32.1,29.7,680.0,-0.05,29,0.0,0.03,1302.98,555910.6100000002,0.030000000000001137,0.0,0.0,1,0.03,0.0,0.05,0.29,0.122,3600,0.0,0.0,0,33,86400,33.06,8.333333333333649e-06,1.666666666666645e-05,1983600.0000000258,33060.00000000043,551.0000000000072,0,0.0,0,0.0,1,1,0,0,8.333333333333334e-06,3967200.0,1102.0,0.0,0.0,0,MEDIUM,LOW
VEH_003,68b89b2d4f65cd554d7512ab,2025-11-30 07:00:00,ON,7.78,21702.15,32.59,32.0,31.1,681.0,-0.36,37,9.83,0.0,1303.45,555910.6100000002,0.46999999999999886,7.780000000002474,16.553191489367006,0,0.0,9.83,0.36,0.37,0.363,3600,0.0,13.39829,0,33,90000,32.59,0.00013055555555555523,3.41269841269841e-05,954962.7906976753,15916.046511627921,265.26744186046534,0,0.43891336971084977,0,16.553191489367006,0,0,0,0,0.0027305555555555555,11935.300101729401,3.315361139369278,0.06041131105396522,0.946319018404908,0,MEDIUM,LOW
VEH_003,68b89b2d4f65cd554d7512ab,2025-11-30 08:00:00,ON,9.96,21712.11,31.99,32.1,37.4,682.0,0.18,49,10.49,0.0,1304.05,555910.6100000002,0.600000000000005,9.959999999999127,16.599999999998406,0,0.0,10.49,0.18,0.49,0.273,3600,0.0,13.35377,0,33,93600,31.99,0.00016666666666666804,5.6746031746031864e-05,563739.8601398589,9395.664335664314,156.59440559440526,0,0.5618993781900116,0,16.599999999998406,0,0,0,0,0.002913888888888889,10978.455672068636,3.0495710200190658,0.060240963855427467,0.8865030674846626,0,MEDIUM,LOW
VEH_003,68b89b2d4f65cd554d7512ab,2025-11-30 09:00:00,ON,10.91,21723.02,31.34,31.8,40.7,683.0,0.12,15,10.77,0.0,1304.7,555910.6100000002,0.6499999999999986,10.909999999999854,16.784615384615197,0,0.0,10.77,0.12,0.15,0.129,3600,0.0,12.159329999999999,0,33,97200,31.34,0.00018055555555555517,8.134920634920637e-05,385252.6829268292,6420.878048780487,107.01463414634145,0,0.6154941983989439,0,16.784615384615197,0,0,0,0,0.0029916666666666663,10475.766016713093,2.909935004642526,0.05957836846929489,0.11809815950920245,0,MEDIUM,LOW
VEH_003,68b89b2d4f65cd554d7512ab,2025-11-30 10:00:00,ON,17.55,21740.57,30.29,31.5,39.4,684.0,0.06,44,12.76,0.0,1305.75,555910.6100000002,1.0500000000000007,17.549999999999272,16.71428571428501,0,0.0,12.76,0.06,0.44,0.174,3600,0.0,14.980239999999998,0,33,100800,30.29,0.00029166666666666685,0.00011428571428571438,265037.49999999977,4417.291666666662,73.62152777777771,0,0.9900937838589517,0,16.71428571428501,0,0,0,0,0.0035444444444444442,8545.76802507837,2.3738244514106586,0.05982905982906235,0.2062883435582822,0,MEDIUM,LOW
VEH_003,68b89b2d4f65cd554d7512ab,2025-11-30 11:00:00,ON,14.47,21755.04,29.42,31.6,39.0,685.0,-0.48,22,11.84,0.0,1306.62,555910.6100000002,0.8699999999999974,14.470000000001164,16.632183908047363,0,0.0,11.84,0.48,0.22,0.40199999999999997,3600,0.0,16.59968,0,33,104400,29.42,0.00024166666666666596,0.00014761904761904755,199296.77419354848,3321.612903225808,55.36021505376347,0,0.8163337351818107,0,16.632183908047363,0,0,0,0,0.003288888888888889,8945.27027027027,2.4847972972972974,0.060124395300616966,0.7929447852760736,0,MEDIUM,LOW
VEH_003,68b89b2d4f65cd554d7512ab,2025-11-30 12:00:00,ON,20.67,21775.7,28.18,31.2,43.6,686.0,0.25,16,13.7,0.0,1307.86,555910.6100000002,1.240000000000002,20.659999999999854,16.661290322580502,0,0.0,13.7,0.25,0.16,0.22299999999999998,3600,0.0,16.7551,0,33,108000,28.18,0.000344444444444445,0.00019484126984126997,144630.5498981669,2410.5091649694486,40.175152749490806,0,1.1655463005428288,0,16.661290322580502,0,0,0,0,0.0038055555555555555,7404.963503649635,2.056934306569343,0.060019361084221234,0.5966257668711656,0,MEDIUM,LOW
VEH_003,68b89b2d4f65cd554d7512ab,2025-11-30 13:00:00,ON,21.59,21797.29,26.88,30.9,37.2,687.0,-0.19,41,13.98,0.0,1309.16,555910.6100000002,1.3000000000000007,21.590000000000146,16.60769230769241,0,0.0,13.98,0.19,0.41,0.25599999999999995,3600,0.0,17.558880000000002,0,33,111600,26.88,0.0003611111111111113,0.00024523809523809535,109607.7669902912,1826.7961165048534,30.446601941747556,0,1.218012808747339,0,16.60769230769241,0,0,0,0,0.0038833333333333333,6921.888412017167,1.9227467811158796,0.06021306160259342,0.8696319018404908,0,MEDIUM,LOW
VEH_003,68b89b2d4f65cd554d7512ab,2025-11-30 14:00:00,ON,20.93,21818.22,25.63,32.0,39.3,688.0,-0.11,11,13.78,0.0,1310.41,555910.6100000002,1.25,20.93000000000029,16.744000000000234,0,0.0,13.78,0.11,0.11,0.11,3600,0.0,15.2958,0,33,115200,25.63,0.00034722222222222224,0.00027619047619047637,92798.2758620689,1546.6379310344817,25.777298850574695,0,1.1807785126022226,0,16.744000000000234,0,0,0,0,0.0038277777777777776,6695.791001451379,1.8599419448476053,0.0597228858098415,0.15184049079754602,0,MEDIUM,LOW
VEH_003,68b89b2d4f65cd554d7512ab,2025-11-30 15:00:00,ON,26.79,21845.01,24.02,31.7,45.5,689.0,0.18,5,15.54,0.0,1312.02,555910.6100000002,1.6099999999999994,26.789999999997235,16.63975155279332,0,0.0,15.54,0.18,0.05,0.14100000000000001,3600,0.0,17.73114,0,33,118800,24.02,0.00044722222222222206,0.0003162698412698412,75947.8042659975,1265.796737766625,21.09661229611042,0,1.51137392989058,0,16.63975155279332,0,0,0,0,0.004316666666666667,5564.478764478765,1.5456885456885459,0.06009705113849069,0.7530674846625767,0,HIGH,LOW
VEH_003,68b89b2d4f65cd554d7512ab,2025-11-30 16:00:00,ON,26.85,21871.86,34.14,31.6,41.2,690.0,0.33,43,15.56,0.0,1313.63,555910.6100000002,0.0,26.850000000002183,0.0,0,0.0,15.56,0.33,0.43,0.36,3600,0.0,21.1616,1,34,0,34.14,0.0,0.00029047619047619045,117531.14754098363,1958.8524590163938,32.64754098360656,0,1.5147588659040523,0,0.0,0,0,0,0,0.004322222222222222,7898.714652956299,2.1940874035989717,0.0,0.02223926380368098,0,MEDIUM,LOW
VEH_003,68b89b2d4f65cd554d7512ab,2025-11-30 17:00:00,ON,22.46,21894.32,32.79,31.5,43.2,691.0,-0.04,28,14.24,0.0,1314.98,555910.6100000002,1.3500000000000014,22.459999999999127,16.63703703703637,0,0.0,14.24,0.04,0.28,0.112,3600,0.0,15.834880000000002,0,34,3600,32.79,0.0003750000000000004,0.0003023809523809524,108439.37007874015,1807.3228346456692,30.122047244094485,0,1.267094380938582,0,16.63703703703637,0,0,0,0,0.003955555555555556,8289.606741573032,2.3026685393258424,0.06010685663401843,0.7653374233128835,0,MEDIUM,LOW
VEH_003,68b89b2d4f65cd554d7512ab,2025-11-30 18:00:00,ON,20.79,21915.11,31.54,31.3,41.6,692.0,0.13,17,13.74,0.0,1316.23,555910.6100000002,1.25,20.790000000000873,16.632000000000698,0,0.0,13.74,0.13,0.17,0.14200000000000002,3600,0.0,15.69108,0,34,7200,31.54,0.00034722222222222224,0.00031746031746031757,99350.99999999996,1655.8499999999992,27.59749999999999,0,1.1728803285714715,0,16.632000000000698,0,0,0,0,0.0038166666666666666,8263.755458515283,2.295487627365356,0.0601250601250576,0.7944785276073619,0,MEDIUM,LOW
VEH_003,68b89b2d4f65cd554d7512ab,2025-11-30 19:00:00,ON,12.82,21927.93,30.77,31.9,36.7,693.0,-0.11,42,11.35,0.0,1317.0,555910.6100000002,0.7699999999999996,12.819999999999709,16.649350649350282,0,0.0,11.35,0.11,0.42,0.203,3600,0.0,13.65405,0,34,10800,30.77,0.00021388888888888876,0.00029880952380952384,102975.29880478086,1716.254980079681,28.604249667994683,0,0.7232479948189173,0,16.649350649350282,0,0,0,0,0.003152777777777778,9759.647577092512,2.711013215859031,0.060062402496101175,0.6886503067484663,0,MEDIUM,LOW
VEH_003,68b89b2d4f65cd554d7512ab,2025-11-30 20:00:00,ON,18.01,21945.94,29.69,31.5,41.5,694.0,0.02,23,12.9,0.0,1318.08,555910.6100000002,1.0799999999999983,18.0099999999984,16.67592592592447,0,0.0,12.9,0.02,0.23,0.083,3600,0.0,13.9707,0,34,14400,29.69,0.00029999999999999954,0.00029007936507936507,102351.2995896033,1705.8549931600548,28.430916552667583,0,1.0160449599600498,0,16.67592592592447,0,0,0,0,0.0035833333333333333,8285.581395348838,2.3015503875968992,0.059966685174908066,0.44631901840490795,0,MEDIUM,LOW
VEH_003,68b89b2d4f65cd554d7512ab,2025-11-30 21:00:00,ON,17.83,21963.77,28.62,32.1,42.4,695.0,-0.31,29,12.85,0.0,1319.15,555910.6100000002,1.0700000000000003,17.830000000001746,16.663551401870787,0,0.0,12.85,0.31,0.29,0.304,3600,0.0,16.7564,0,34,18000,28.62,0.0002972222222222223,0.0002829365079365079,101153.43618513325,1685.8906030855542,28.09817671809257,0,1.0058901519206593,0,16.663551401870787,0,0,0,0,0.0035694444444444445,8018.054474708171,2.227237354085603,0.06001121704991001,0.5766871165644172,0,MEDIUM,LOW
VEH_003,68b89b2d4f65cd554d7512ab,2025-11-30 22:00:00,ON,17.55,21981.32,27.57,32.7,40.8,696.0,0.4,35,12.76,0.0,1320.2,555910.6100000002,1.0500000000000007,17.549999999999272,16.71428571428501,0,0.0,12.76,0.4,0.35,0.38499999999999995,3600,0.0,17.6726,0,34,21600,27.57,0.00029166666666666685,0.0002607142857142857,105747.94520547945,1762.4657534246576,29.374429223744293,0,0.9900937838589517,0,16.71428571428501,0,0,0,0,0.0035444444444444442,7778.369905956113,2.1606583072100314,0.05982905982906235,0.2062883435582822,0,MEDIUM,LOW
VEH_003,68b89b2d4f65cd554d7512ab,2025-11-30 23:00:00,ON,19.38,22000.71,26.41,32.7,41.1,697.0,0.33,5,13.31,0.0,1321.36,555910.6100000002,1.1600000000000001,19.389999999999418,16.715517241378805,0,0.0,13.31,0.33,0.05,0.246,3600,0.0,16.58426,0,34,25200,26.41,0.0003222222222222223,0.00030674603174603174,86097.28331177232,1434.954721862872,23.915912031047867,0,1.0938984882635494,0,16.715517241378805,0,0,0,0,0.0036972222222222224,7143.200601051841,1.9842223891810669,0.05982465188241542,0.19938650306748465,0,MEDIUM,LOW
