vehicleId,driverId,timestamp,engineState,speed_mph,odometer_miles,fuelLevel_pct,fuelTemperature_C,engineOilPressure_psi,engineHours_hr,longitudinalAcceleration_ms2,brakePosition_pct,fuelRate_L_per_hr,idleFuelConsumed_L,fuelIntegrated_L,totalFuelConsumedLiters,fuel_drop_pct,distance_miles,miles_per_fuel_pct,is_idle,fuel_consumed_idle_L,fuel_consumed_moving_L,acceleration_abs,brake_intensity,driver_aggressiveness,engine_on_duration_sec,speed_bucket,fuel_rate_eff,refill_event,fuel_cycle,time_since_refill_sec,fuel_pct_remaining,fuel_burn_pct_per_sec,fuel_burn_pct_per_sec_smooth,fuel_time_to_empty_sec,fuel_time_to_empty_min,fuel_time_to_empty_hr,fuel_theft_flag,expected_fuel_drop,sudden_drop_trip_flag,fuel_efficiency_miles_per_pct,low_efficiency_flag,idle_fuel_flag,fuel_sensor_tamper_flag,fuel_leak_flag,consumption_rate_L_per_sec,fuel_time_to_empty_sec_v2,fuel_time_to_empty_hr_v2,fuel_per_mile,driver_fuel_efficiency_score,fuel_overheat_flag,fuel_level_alert,fuel_time_to_empty_alert
VEH_002,68b89b2d4f65cd554d7512ab,2025-11-01 00:00:00,ON,47.99,47.99,82.12,39.6,50.8,1.0,-0.34,10,21.9,0.0,2.88,473438.98999999976,-0.0,0.0,0.0,0,0.0,21.9,0.34,0.1,0.268,3600,1.0,27.769199999999998,0,0,0,82.12,-0.0,-0.0,0.0,0.0,0.0,0,0.0,0,0.0,0,0,0,0,0.006083333333333333,13499.178082191782,3.749771689497717,0.0,0.0,0,LOW,LOW
VEH_002,68b89b2d4f65cd554d7512ab,2025-11-01 01:00:00,ON,47.34,95.33,79.28,39.2,48.8,2.0,0.15,1,21.7,0.0,5.72,473438.98999999976,2.8400000000000034,47.339999999999996,16.669014084507022,0,0.0,21.7,0.15,0.01,0.108,3600,1.0,24.0436,0,0,3600,79.28,0.0007888888888888899,0.00039444444444444493,200991.5492957744,3349.8591549295734,55.83098591549289,0,2.710591307493462,0,16.669014084507022,0,0,0,0,0.006027777777777778,13152.442396313365,3.653456221198157,0.05999155048584714,0.501466275659824,0,LOW,LOW
VEH_002,68b89b2d4f65cd554d7512ab,2025-11-01 02:00:00,ON,50.89,146.23,76.23,39.2,49.8,3.0,-0.1,27,22.77,0.0,8.77,473438.98999999976,3.049999999999997,50.89999999999999,16.688524590163947,0,0.0,22.77,0.1,0.27,0.151,3600,1.0,26.20827,0,0,7200,76.23,0.0008472222222222214,0.0005453703703703704,139776.57045840408,2329.609507640068,38.826825127334466,0,2.9144296060713395,0,16.688524590163947,0,0,0,0,0.006325,12052.17391304348,3.3478260869565224,0.05992141453831037,0.32697947214076245,0,LOW,LOW
VEH_002,68b89b2d4f65cd554d7512ab,2025-11-01 03:00:00,ON,58.47,204.7,72.72,39.1,52.9,4.0,0.12,43,25.04,0.0,12.28,473438.98999999976,3.510000000000005,58.47,16.658119658119634,0,0.0,25.04,0.12,0.43,0.213,3600,1.0,30.37352,0,0,10800,72.72,0.0009750000000000015,0.0006527777777777782,111400.85106382972,1856.6808510638286,30.94468085106381,0,3.3478722802945238,0,16.658119658119634,0,0,0,0,0.006955555555555555,10454.952076677317,2.904153354632588,0.06003078501795801,0.5953079178885631,0,LOW,LOW
VEH_002,68b89b2d4f65cd554d7512ab,2025-11-01 04:00:00,ON,58.7,263.4,69.2,38.9,53.6,5.0,0.11,20,25.11,0.0,15.8,473438.98999999976,3.519999999999996,58.69999999999999,16.676136363636378,0,0.0,25.11,0.11,0.2,0.137,3600,1.0,28.550069999999998,0,0,14400,69.2,0.0009777777777777766,0.0007177777777777779,96408.66873065014,1606.8111455108358,26.780185758513927,0,3.361041608573431,0,16.676136363636378,0,0,0,0,0.006974999999999999,9921.14695340502,2.7558741537236164,0.05996592844974441,0.43841642228739003,0,LOW,LOW
VEH_002,68b89b2d4f65cd554d7512ab,2025-11-01 05:00:00,ON,57.91,321.31,65.72,38.1,55.9,6.0,-0.48,1,24.87,0.0,19.28,473438.98999999976,3.480000000000004,57.910000000000025,16.640804597701138,0,0.0,24.87,0.48,0.01,0.33899999999999997,3600,1.0,33.30093,0,0,18000,65.72,0.0009666666666666678,0.0007592592592592595,86558.04878048778,1442.634146341463,24.043902439024382,0,3.3158078288328365,0,16.640804597701138,0,0,0,0,0.006908333333333334,9513.148371531965,2.6425412143144347,0.06009324814367126,0.7140762463343109,0,LOW,LOW
VEH_002,68b89b2d4f65cd554d7512ab,2025-11-01 06:00:00,ON,60.86,382.16,62.07,37.7,53.6,7.0,-0.0,46,25.76,0.0,22.93,473438.98999999976,3.6499999999999986,60.85000000000002,16.67123287671234,0,0.0,25.76,0.0,0.46,0.138,3600,1.0,29.31488,0,0,21600,62.07,0.0010138888888888884,0.0007956349206349208,78013.16708229425,1300.2194513715708,21.67032418952618,0,3.4841461990067017,0,16.67123287671234,0,0,0,0,0.007155555555555556,8674.378881987577,2.409549689440994,0.059983566146261255,0.47947214076246336,0,LOW,LOW
VEH_002,68b89b2d4f65cd554d7512ab,2025-11-01 07:00:00,ON,55.63,437.79,58.73,37.9,50.6,8.0,-0.07,41,24.19,0.0,26.27,473438.98999999976,3.3400000000000034,55.629999999999995,16.65568862275447,0,0.0,24.19,0.07,0.41,0.172,3600,1.0,28.35068,0,0,25200,58.73,0.0009277777777777788,0.0009281746031746035,63274.732791791335,1054.5788798631888,17.576314664386484,0,3.185259705024531,0,16.65568862275447,0,0,0,0,0.0067194444444444446,8740.305911533691,2.427862753203803,0.060039547007010675,0.6070381231671554,0,LOW,LOW
VEH_002,68b89b2d4f65cd554d7512ab,2025-11-01 08:00:00,ON,56.71,494.51,55.33,37.8,55.7,9.0,-0.1,35,24.51,0.0,29.67,473438.98999999976,3.3999999999999986,56.71999999999997,16.682352941176468,0,0.0,24.51,0.1,0.35,0.175,3600,1.0,28.799250000000004,0,0,28800,55.33,0.000944444444444444,0.0009503968253968255,58217.78705636742,970.296450939457,16.171607515657616,0,3.247670869476745,0,16.682352941176468,0,0,0,0,0.006808333333333334,8126.805385556915,2.2574459404324765,0.05994358251057828,0.37976539589442815,0,LOW,LOW
VEH_002,68b89b2d4f65cd554d7512ab,2025-11-01 09:00:00,ON,58.28,552.79,51.83,37.8,52.5,10.0,-0.11,17,24.98,0.0,33.17,473438.98999999976,3.5,58.27999999999997,16.651428571428564,0,0.0,24.98,0.11,0.17,0.128,3600,1.0,28.177440000000004,0,0,32400,51.83,0.0009722222222222222,0.0009682539682539683,53529.344262295075,892.1557377049179,14.869262295081965,0,3.3369932699771634,0,16.651428571428564,0,0,0,0,0.006938888888888889,7469.495596477181,2.074859887910328,0.06005490734385727,0.6480938416422287,0,LOW,LOW
VEH_002,68b89b2d4f65cd554d7512ab,2025-11-01 10:00:00,ON,58.91,611.7,48.3,37.8,54.5,11.0,-0.22,28,25.17,0.0,36.7,473438.98999999976,3.530000000000001,58.91000000000008,16.68838526912183,0,0.0,25.17,0.22,0.28,0.238,3600,1.0,31.16046,0,0,36000,48.3,0.000980555555555556,0.0009690476190476192,49842.75184275184,830.7125307125306,13.845208845208843,0,3.3730657778715694,0,16.68838526912183,0,0,0,0,0.006991666666666667,6908.224076281286,1.9189511323003572,0.059921914785265595,0.3313782991202346,0,LOW,LOW
VEH_002,68b89b2d4f65cd554d7512ab,2025-11-01 11:00:00,ON,63.75,675.45,44.47,38.1,57.1,12.0,0.23,32,26.62,0.0,40.53,473438.98999999976,3.8299999999999983,63.75,16.644908616187998,0,0.0,26.62,0.23,0.32,0.257,3600,1.0,33.46134000000001,0,0,39600,44.47,0.0010638888888888885,0.0009813492063492065,45315.163768701976,755.2527294783663,12.587545491306104,0,3.650194251219016,0,16.644908616187998,0,0,0,0,0.007394444444444445,6013.974455296769,1.670548459804658,0.06007843137254899,0.6964809384164223,0,MEDIUM,LOW
VEH_002,68b89b2d4f65cd554d7512ab,2025-11-01 12:00:00,ON,65.45,740.9,40.55,38.3,56.1,13.0,0.35,11,27.13,0.0,44.45,473438.98999999976,3.9200000000000017,65.44999999999993,16.696428571428548,0,0.0,27.13,0.35,0.11,0.27799999999999997,3600,1.0,34.67214,0,0,43200,40.55,0.0010888888888888895,0.0009988095238095238,40598.33134684148,676.6388557806913,11.277314263011522,0,3.747532764584853,0,16.696428571428548,0,0,0,0,0.007536111111111111,5380.759307040177,1.4946553630667159,0.059893048128342334,0.2829912023460411,0,MEDIUM,MEDIUM
VEH_002,68b89b2d4f65cd554d7512ab,2025-11-01 13:00:00,ON,62.74,803.64,36.78,38.8,52.4,14.0,0.14,26,26.32,0.0,48.22,473438.98999999976,3.769999999999996,62.74000000000001,16.64190981432363,0,0.0,26.32,0.14,0.26,0.176,3600,1.0,30.95232,0,0,46800,36.78,0.001047222222222221,0.0010035714285714285,36649.1103202847,610.8185053380784,10.180308422301305,0,3.5923637226898997,0,16.64190981432363,0,0,0,0,0.007311111111111111,5030.699088145897,1.3974164133738602,0.06008925725215167,0.7126099706744868,0,MEDIUM,MEDIUM
VEH_002,68b89b2d4f65cd554d7512ab,2025-11-01 14:00:00,ON,63.72,867.36,32.96,39.0,56.8,15.0,-0.26,13,26.62,0.0,52.04,473438.98999999976,3.8200000000000003,63.72000000000003,16.680628272251315,0,0.0,26.62,0.26,0.13,0.221,3600,1.0,32.50302000000001,0,0,50400,32.96,0.0010611111111111112,0.0010226190476190476,32230.966239813737,537.1827706635623,8.953046177726039,0,3.648476512747856,0,16.680628272251315,0,0,0,0,0.007394444444444445,4457.40045078888,1.2381667918858001,0.05994978028876332,0.39296187683284456,0,MEDIUM,MEDIUM
VEH_002,68b89b2d4f65cd554d7512ab,2025-11-01 15:00:00,ON,63.62,930.98,29.14,39.0,54.1,16.0,-0.19,31,26.59,0.0,55.86,473438.98999999976,3.8200000000000003,63.620000000000005,16.654450261780106,0,0.0,26.59,0.19,0.31,0.22599999999999998,3600,1.0,32.59934,0,0,54000,29.14,0.0010611111111111112,0.0010392857142857142,28038.487972508596,467.30813287514326,7.7884688812523875,0,3.6427507178439815,0,16.654450261780106,0,0,0,0,0.007386111111111111,3945.2425723956376,1.0959007145543438,0.06004401131719585,0.6158357771260997,0,MEDIUM,MEDIUM
VEH_002,68b89b2d4f65cd554d7512ab,2025-11-01 16:00:00,ON,66.75,997.72,25.14,38.4,56.3,17.0,0.44,6,27.52,0.0,59.86,473438.98999999976,4.0,66.74000000000001,16.685000000000002,0,0.0,27.52,0.44,0.06,0.326,3600,1.0,36.49152,0,0,57600,25.14,0.0011111111111111111,0.001059126984126984,23736.530535781196,395.60884226301994,6.593480704383666,0,3.8213955188448185,0,16.685000000000002,0,0,0,0,0.007644444444444444,3288.6627906976746,0.9135174418604651,0.05993407252022774,0.36070381231671556,0,MEDIUM,MEDIUM
VEH_002,68b89b2d4f65cd554d7512ab,2025-11-01 17:00:00,ON,63.38,1061.11,21.33,38.6,57.7,18.0,0.37,27,26.52,0.0,63.67,473438.98999999976,3.8100000000000023,63.38999999999987,16.63779527559051,0,0.0,26.52,0.37,0.27,0.34,3600,1.0,35.5368,0,0,61200,21.33,0.0010583333333333339,0.0010702380952380952,19930.144605116795,332.1690767519466,5.536151279199109,0,3.6295813895650664,0,16.63779527559051,0,0,0,0,0.007366666666666666,2895.475113122172,0.8042986425339367,0.060104117368670294,0.7331378299120235,0,HIGH,MEDIUM
VEH_002,68b89b2d4f65cd554d7512ab,2025-11-01 18:00:00,ON,58.88,1119.99,17.8,38.3,52.5,19.0,-0.14,32,25.16,0.0,67.2,473438.98999999976,3.5299999999999976,58.88000000000011,16.67988668555245,0,0.0,25.16,0.14,0.32,0.194,3600,1.0,30.04104,0,0,64800,17.8,0.0009805555555555548,0.0010583333333333332,16818.89763779528,280.3149606299213,4.6719160104986885,0,3.371348039400409,0,16.67988668555245,0,0,0,0,0.006988888888888889,2546.899841017488,0.7074721780604134,0.05995244565217376,0.39882697947214074,0,HIGH,MEDIUM
VEH_002,68b89b2d4f65cd554d7512ab,2025-11-01 19:00:00,ON,55.23,1175.22,46.54,38.0,51.0,20.0,0.03,36,24.07,0.0,70.51,473438.98999999976,0.0,55.23000000000002,0.0,0,0.0,24.07,0.03,0.36,0.129,3600,1.0,27.17503,1,1,0,46.54,0.0,0.0009027777777777776,51552.00000000001,859.2000000000002,14.320000000000002,0,3.1623565254090407,0,0.0,0,0,0,0,0.006686111111111111,6960.697964270877,1.9335272122974658,0.0,0.018328445747800588,0,LOW,LOW
VEH_002,68b89b2d4f65cd554d7512ab,2025-11-01 20:00:00,ON,58.31,1233.53,43.04,37.7,51.9,21.0,-0.28,23,24.99,0.0,74.01,473438.98999999976,3.5,58.309999999999945,16.659999999999986,0,0.0,24.99,0.28,0.23,0.265,3600,1.0,31.612350000000003,0,1,3600,43.04,0.0009722222222222222,0.0008920634920634921,48247.68683274021,804.1281138790035,13.402135231316725,0,3.338711008448324,0,16.659999999999986,0,0,0,0,0.006941666666666666,6200.240096038416,1.7222889155662267,0.06002400960384159,0.5806451612903226,0,MEDIUM,LOW
VEH_002,68b89b2d4f65cd554d7512ab,2025-11-01 21:00:00,ON,61.56,1295.09,39.35,37.0,54.2,22.0,-0.22,16,25.97,0.0,77.71,473438.98999999976,3.6899999999999977,61.559999999999945,16.68292682926829,0,0.0,25.97,0.22,0.16,0.202,3600,1.0,31.215939999999996,0,1,7200,39.35,0.0010249999999999994,0.0008869047619047617,44367.78523489934,739.4630872483224,12.32438478747204,0,3.524799342824195,0,16.68292682926829,0,0,0,0,0.007213888888888889,5454.755487100501,1.5152098575279171,0.059941520467836275,0.37683284457478006,0,MEDIUM,LOW
VEH_002,68b89b2d4f65cd554d7512ab,2025-11-01 22:00:00,ON,57.83,1352.92,35.88,36.9,52.5,23.0,0.13,1,24.85,0.0,81.18,473438.98999999976,3.469999999999999,57.830000000000155,16.665706051873247,0,0.0,24.85,0.13,0.01,0.094,3600,1.0,27.185900000000004,0,1,10800,35.88,0.0009638888888888886,0.0008730158730158728,41098.9090909091,684.9818181818184,11.41636363636364,0,3.3112271929097457,0,16.665706051873247,0,0,0,0,0.0069027777777777785,5197.907444668008,1.4438631790744467,0.060003458412588445,0.532258064516129,0,MEDIUM,MEDIUM
VEH_002,68b89b2d4f65cd554d7512ab,2025-11-01 23:00:00,ON,58.32,1411.25,32.38,36.6,53.6,24.0,-0.13,16,25.0,0.0,84.67,473438.98999999976,3.5,58.32999999999993,16.665714285714266,0,0.0,25.0,0.13,0.16,0.139,3600,1.0,28.475,0,1,14400,32.38,0.0009722222222222222,0.000853174603174603,37952.37209302327,632.5395348837211,10.542325581395351,0,3.3398561674290974,0,16.665714285714266,0,0,0,0,0.006944444444444444,4662.72,1.2952000000000001,0.06000342876735821,0.530791788856305,0,MEDIUM,MEDIUM
VEH_002,68b89b2d4f65cd554d7512ab,2025-11-02 00:00:00,ON,61.98,1473.22,28.66,36.9,59.8,25.0,-0.41,32,26.09,0.0,88.39,473438.98999999976,3.7200000000000024,61.97000000000003,16.658602150537632,0,0.0,26.09,0.41,0.32,0.383,3600,1.0,36.08247,0,1,18000,28.66,0.001033333333333334,0.0008496031746031745,33733.39560952826,562.2232601588044,9.370387669313406,0,3.548275101930079,0,16.658602150537632,0,0,0,0,0.007247222222222223,3954.6186278267533,1.0985051743963203,0.06002904631273198,0.5879765395894428,0,MEDIUM,MEDIUM
VEH_002,68b89b2d4f65cd554d7512ab,2025-11-02 01:00:00,ON,56.39,1529.61,25.27,36.7,54.8,26.0,-0.28,25,24.42,0.0,91.78,473438.98999999976,3.3900000000000006,56.38999999999987,16.634218289085506,0,0.0,24.42,0.28,0.25,0.271,3600,1.0,31.03782,0,1,21600,25.27,0.0009416666666666668,0.000844047619047619,29939.069111424542,498.98448519040903,8.316408086506817,0,3.228775746293959,0,16.634218289085506,0,0,0,0,0.006783333333333334,3725.307125307125,1.0348075348075347,0.06011704202872865,0.7478005865102639,0,MEDIUM,MEDIUM
VEH_002,68b89b2d4f65cd554d7512ab,2025-11-02 02:00:00,ON,56.58,1586.19,21.88,36.9,50.4,27.0,-0.11,17,24.47,0.0,95.17,473438.98999999976,3.3900000000000006,56.580000000000155,16.690265486725707,0,0.0,24.47,0.11,0.17,0.128,3600,1.0,27.60216,0,1,25200,21.88,0.0009416666666666668,0.0009785714285714287,22359.124087591237,372.65206812652065,6.210867802108677,0,3.2396547566113334,0,16.690265486725707,0,0,0,0,0.006797222222222222,3218.9619942787085,0.8941561095218635,0.059915164369034844,0.3196480938416422,0,HIGH,MEDIUM
VEH_002,68b89b2d4f65cd554d7512ab,2025-11-02 03:00:00,ON,61.98,1648.18,18.16,37.0,50.8,28.0,0.2,6,26.1,0.0,98.89,473438.98999999976,3.719999999999999,61.99000000000001,16.663978494623663,0,0.0,26.1,0.2,0.06,0.15799999999999997,3600,1.0,30.2238,0,1,28800,18.16,0.001033333333333333,0.0009873015873015872,18393.5691318328,306.5594855305466,5.109324758842444,0,3.5494202609108525,0,16.663978494623663,0,0,0,0,0.00725,2504.8275862068963,0.6957854406130267,0.060009678980480693,0.5527859237536656,0,HIGH,MEDIUM
VEH_002,68b89b2d4f65cd554d7512ab,2025-11-02 04:00:00,ON,64.54,1712.72,14.29,36.9,54.7,29.0,0.4,36,26.86,0.0,102.76,473438.98999999976,3.870000000000001,64.53999999999996,16.677002583979313,0,0.0,26.86,0.4,0.36,0.38799999999999996,3600,1.0,37.281679999999994,0,1,32400,14.29,0.0010750000000000002,0.0009944444444444445,14369.832402234635,239.4972067039106,3.991620111731843,0,3.6954280309596106,0,16.677002583979313,0,0,0,0,0.007461111111111111,1915.2643335815337,0.5320178704393149,0.05996281375890925,0.4222873900293255,0,HIGH,MEDIUM
VEH_002,68b89b2d4f65cd554d7512ab,2025-11-02 05:00:00,ON,70.67,1783.39,10.05,36.9,57.3,30.0,-0.1,32,28.7,0.0,107.0,473438.98999999976,4.239999999999998,70.67000000000007,16.6674528301887,0,0.0,28.7,0.1,0.32,0.16599999999999998,3600,2.0,33.4642,0,1,36000,10.05,0.0011777777777777774,0.001025,9804.878048780487,163.41463414634146,2.7235772357723573,0,4.04641925856703,0,16.6674528301887,0,0,0,0,0.007972222222222223,1260.6271777003485,0.3501742160278746,0.05999716994481384,0.5161290322580645,0,HIGH,HIGH
VEH_002,68b89b2d4f65cd554d7512ab,2025-11-02 06:00:00,ON,72.94,1856.33,5.67,37.0,56.0,31.0,-0.49,45,29.38,0.0,111.38,473438.98999999976,4.380000000000001,72.93999999999983,16.65296803652964,0,0.0,29.38,0.49,0.45,0.478,3600,2.0,43.42364,0,1,39600,5.67,0.001216666666666667,0.0010599206349206352,5349.457132160238,89.1576188693373,1.485960314488955,0,4.176394802884932,0,16.65296803652964,0,0,0,0,0.00816111111111111,694.7583390061267,0.19298842750170186,0.06004935563476846,0.6334310850439883,0,HIGH,HIGH
VEH_002,68b89b2d4f65cd554d7512ab,2025-11-02 07:00:00,ON,73.72,1930.04,1.25,36.6,60.0,32.0,-0.17,19,29.62,0.0,115.8,473438.98999999976,4.42,73.71000000000004,16.676470588235304,0,0.0,29.62,0.17,0.19,0.176,3600,2.0,34.83312,0,1,43200,1.25,0.0012277777777777777,0.0010876984126984128,1149.2156147391463,19.15359357898577,0.3192265596497629,0,4.220483423644766,0,16.676470588235304,0,0,0,0,0.008227777777777778,151.92437542201213,0.04220121539500337,0.05996472663139327,0.43255131964809385,0,HIGH,HIGH
VEH_002,68b89b2d4f65cd554d7512ab,2025-11-02 08:00:00,ON,71.58,2001.63,0.0,37.5,57.7,33.0,-0.25,29,28.97,0.0,120.1,473438.98999999976,1.25,71.59000000000015,57.27200000000012,0,0.0,28.97,0.25,0.29,0.262,3600,2.0,36.56014,0,1,46800,0.0,0.00034722222222222224,0.0010027777777777776,0.0,0.0,0.0,0,4.099096571682665,0,57.27200000000012,0,0,0,0,0.008047222222222221,0.0,0.0,0.017460539181449887,0.039589442815249266,0,HIGH,HIGH
VEH_002,68b89b2d4f65cd554d7512ab,2025-11-02 09:00:00,OFF,0.0,2001.63,0.0,37.5,2.9,33.0,-0.01,4,0.0,0.0,120.1,473438.98999999976,-0.0,0.0,0.0,0,0.0,0.0,0.01,0.04,0.019,0,0.0,0.0,0,1,50400,0.0,-0.0,0.0008682539682539683,0.0,0.0,0.0,0,0.0,0,0.0,0,0,0,0,0.0,0.0,0.0,0.0,0.0,0,HIGH,
VEH_002,68b89b2d4f65cd554d7512ab,2025-11-02 10:00:00,ON,0.0,2001.63,44.98,38.1,25.7,33.0,0.27,16,0.0,0.03,120.1,473438.98999999976,0.0,0.0,0.0,1,0.03,0.0,0.27,0.16,0.237,3600,0.0,0.0,1,2,0,44.98,0.0,0.0007206349206349206,62417.18061674009,1040.2863436123348,17.338105726872246,0,0.0,0,0.0,0,0,0,0,8.333333333333334e-06,5397599.999999999,1499.333333333333,0.0,0.0,0,MEDIUM,LOW
VEH_002,68b89b2d4f65cd554d7512ab,2025-11-02 11:00:00,ON,7.91,2009.54,44.5,38.4,36.6,34.0,0.25,36,9.87,0.0,120.57,473438.98999999976,0.4799999999999969,7.9099999999998545,16.479166666666472,0,0.0,9.87,0.25,0.36,0.283,3600,0.0,12.663209999999998,0,2,3600,44.5,0.00013333333333333247,0.0005861111111111109,75924.17061611377,1265.4028436018962,21.090047393364937,0,0.45291037689634334,0,16.479166666666472,0,0,0,0,0.0027416666666666666,16231.003039513678,4.508611955420466,0.06068268015170742,0.9706744868035191,0,MEDIUM,LOW
VEH_002,68b89b2d4f65cd554d7512ab,2025-11-02 12:00:00,ON,14.77,2024.3,43.62,38.2,41.6,35.0,-0.11,22,11.93,0.0,121.46,473438.98999999976,0.8800000000000026,14.759999999999991,16.772727272727213,0,0.0,11.93,0.11,0.22,0.14300000000000002,3600,0.0,13.63599,0,2,7200,43.62,0.00024444444444444513,0.00045277777777777775,96338.65030674847,1605.6441717791413,26.76073619631902,0,0.8451273278116493,0,16.772727272727213,0,0,0,0,0.003313888888888889,13162.782900251466,3.656328583403185,0.05962059620596227,0.10557184750733138,0,MEDIUM,LOW
VEH_002,68b89b2d4f65cd554d7512ab,2025-11-02 13:00:00,ON,11.06,2035.37,42.95,37.6,34.4,36.0,0.34,2,10.82,0.0,122.12,473438.98999999976,0.6699999999999946,11.069999999999936,16.52238805970153,0,0.0,10.82,0.34,0.02,0.244,3600,0.0,13.46008,0,2,10800,42.95,0.0001861111111111096,0.00030555555555555533,140563.63636363647,2342.7272727272743,39.045454545454575,0,0.6338454958587337,0,16.52238805970153,0,0,0,0,0.0030055555555555556,14290.203327171905,3.969500924214418,0.06052393857271892,0.9530791788856305,0,MEDIUM,LOW
VEH_002,68b89b2d4f65cd554d7512ab,2025-11-02 14:00:00,ON,12.18,2047.55,42.22,37.7,35.9,37.0,0.38,16,11.15,0.0,122.85,473438.98999999976,0.730000000000004,12.180000000000064,16.68493150684931,0,0.0,11.15,0.38,0.16,0.31399999999999995,3600,0.0,14.651100000000001,0,2,14400,42.22,0.00020277777777777888,0.00015912698412698403,265322.6932668331,4422.044887780551,73.70074812967586,0,0.697401819291731,0,16.68493150684931,0,0,0,0,0.003097222222222222,13631.569506726457,3.7865470852017937,0.05993431855500822,0.36363636363636365,0,MEDIUM,LOW
VEH_002,68b89b2d4f65cd554d7512ab,2025-11-02 15:00:00,ON,17.76,2065.31,41.15,37.8,45.0,38.0,-0.2,25,12.83,0.0,123.92,473438.98999999976,1.0700000000000003,17.75999999999999,16.59813084112148,0,0.0,12.83,0.2,0.25,0.21499999999999997,3600,0.0,15.588449999999998,0,2,18000,41.15,0.0002972222222222223,0.0001519841269841269,270751.9582245432,4512.53263707572,75.20887728459533,0,1.0169011749278383,0,16.59813084112148,0,0,0,0,0.003563888888888889,11546.375681995323,3.2073265783320344,0.06024774774774779,0.8665689149560117,0,MEDIUM,LOW
VEH_002,68b89b2d4f65cd554d7512ab,2025-11-02 16:00:00,ON,22.72,2088.03,39.79,38.1,51.7,39.0,0.3,0,14.32,0.0,125.28,473438.98999999976,1.3599999999999994,22.720000000000255,16.70588235294137,0,0.0,14.32,0.3,0.0,0.21,3600,0.0,17.3272,0,2,21600,39.79,0.0003777777777777776,0.00020595238095238086,193200.0000000001,3220.0000000000014,53.66666666666669,0,1.3009006021599527,0,16.70588235294137,0,0,0,0,0.003977777777777778,10003.072625698323,2.778631284916201,0.05985915492957677,0.25219941348973607,0,MEDIUM,LOW
VEH_002,68b89b2d4f65cd554d7512ab,2025-11-02 17:00:00,ON,15.86,2103.89,38.84,37.4,45.0,40.0,0.17,24,12.26,0.0,126.23,473438.98999999976,0.9499999999999957,15.859999999999673,16.694736842104994,0,0.0,12.26,0.17,0.24,0.191,3600,0.0,14.60166,0,2,25200,38.84,0.0002638888888888877,0.00024365079365079337,159408.4690553748,2656.80781758958,44.280130293159665,0,0.9081110717542338,0,16.694736842104994,0,0,0,0,0.0034055555555555553,11404.893964110932,3.1680261011419257,0.059899117276167424,0.2932551319648094,0,MEDIUM,LOW
VEH_002,68b89b2d4f65cd554d7512ab,2025-11-02 18:00:00,ON,10.34,2114.23,38.22,37.3,39.7,41.0,-0.46,14,10.6,0.0,126.85,473438.98999999976,0.6200000000000045,10.340000000000146,16.677419354838822,0,0.0,10.6,0.46,0.14,0.364,3600,0.0,14.458399999999997,0,2,28800,38.22,0.00017222222222222348,0.0002492063492063493,153366.87898089166,2556.1146496815277,42.60191082802546,0,0.592047193060473,0,16.677419354838822,0,0,0,0,0.0029444444444444444,12980.377358490567,3.6056603773584905,0.05996131528046381,0.42008797653958946,0,MEDIUM,LOW
VEH_002,68b89b2d4f65cd554d7512ab,2025-11-02 19:00:00,ON,8.1,2122.33,37.73,37.0,39.2,42.0,0.12,3,9.93,0.0,127.34,473438.98999999976,0.490000000000002,8.099999999999909,16.530612244897707,0,0.0,9.93,0.12,0.03,0.09299999999999999,3600,0.0,10.853489999999999,0,2,32400,37.73,0.00013611111111111167,0.00023373015873015874,161425.46689303903,2690.424448217317,44.84040747028862,0,0.4637893872137051,0,16.530612244897707,0,0,0,0,0.002758333333333333,13678.549848942597,3.7995971802618325,0.06049382716049475,0.9457478005865103,0,MEDIUM,LOW
VEH_002,68b89b2d4f65cd554d7512ab,2025-11-02 20:00:00,ON,13.57,2135.9,36.92,36.7,40.3,43.0,-0.37,49,11.57,0.0,128.15,473438.98999999976,0.8099999999999952,13.570000000000164,16.753086419753387,0,0.0,11.57,0.37,0.49,0.406,3600,0.0,16.26742,0,2,36000,36.92,0.00022499999999999867,0.0002392857142857143,154292.5373134328,2571.5422885572134,42.85903814262023,0,0.776990368455571,0,16.753086419753387,0,0,0,0,0.003213888888888889,11487.640449438202,3.191011235955056,0.05969049373618168,0.13636363636363635,0,MEDIUM,LOW
VEH_002,68b89b2d4f65cd554d7512ab,2025-11-02 21:00:00,ON,13.83,2149.74,36.09,36.5,35.2,44.0,-0.42,36,11.65,0.0,128.98,473438.98999999976,0.8299999999999983,13.83999999999969,16.674698795180383,0,0.0,11.65,0.42,0.36,0.40199999999999997,3600,0.0,16.333299999999998,0,2,39600,36.09,0.00023055555555555508,0.00024325396825396808,148363.4584013052,2472.72430668842,41.212071778140334,0,0.7924500146960008,0,16.674698795180383,0,0,0,0,0.003236111111111111,11152.27467811159,3.0978540772532193,0.05997109826589717,0.45161290322580644,0,MEDIUM,LOW
VEH_002,68b89b2d4f65cd554d7512ab,2025-11-02 22:00:00,ON,8.78,2158.52,35.56,36.3,38.1,45.0,0.42,46,10.14,0.0,129.51,473438.98999999976,0.5300000000000011,8.7800000000002,16.5660377358494,0,0.0,10.14,0.42,0.46,0.432,3600,0.0,14.520480000000001,0,2,43200,35.56,0.00014722222222222255,0.0002218253968253967,160306.2611806799,2671.771019677998,44.529516994633305,0,0.502724792560058,0,16.5660377358494,0,0,0,0,0.002816666666666667,12624.852071005917,3.506903353057199,0.06036446469248167,0.9149560117302052,0,MEDIUM,LOW
VEH_002,68b89b2d4f65cd554d7512ab,2025-11-02 23:00:00,ON,4.79,2163.31,35.27,35.8,38.8,46.0,0.45,38,8.94,0.0,129.8,473438.98999999976,0.28999999999999915,4.789999999999964,16.517241379310267,0,0.0,8.94,0.45,0.38,0.429,3600,0.0,12.77526,0,2,46800,35.27,8.055555555555531e-05,0.00017936507936507922,196638.0530973453,3277.300884955755,54.62168141592925,0,0.27426557589551304,0,16.517241379310267,0,0,0,0,0.002483333333333333,14202.684563758392,3.9451901565995535,0.06054279749478107,0.9560117302052786,0,MEDIUM,LOW
VEH_002,68b89b2d4f65cd554d7512ab,2025-11-03 00:00:00,ON,7.3,2170.61,34.84,35.9,35.8,47.0,-0.34,21,9.69,0.0,130.24,473438.98999999976,0.4299999999999997,7.300000000000182,16.976744186046947,0,0.0,9.69,0.34,0.21,0.301,3600,0.0,12.606689999999999,0,2,50400,34.84,0.00011944444444444437,0.00015873015873015873,219492.00000000003,3658.2000000000003,60.970000000000006,0,0.417983027982737,0,16.976744186046947,0,0,0,0,0.0026916666666666664,12943.653250773996,3.5954592363261098,0.05890410958903959,0.05278592375366569,0,MEDIUM,LOW
VEH_002,68b89b2d4f65cd554d7512ab,2025-11-03 01:00:00,ON,0.0,2170.61,34.81,35.8,21.0,48.0,-0.01,38,0.0,0.03,130.27,473438.98999999976,0.030000000000001137,0.0,0.0,1,0.03,0.0,0.01,0.38,0.121,3600,0.0,0.0,0,2,54000,34.81,8.333333333333649e-06,0.0001353174603174602,257246.9208211146,4287.448680351909,71.45747800586517,0,0.0,0,0.0,1,1,0,0,8.333333333333334e-06,4177200.0,1160.3333333333333,0.0,0.0,0,MEDIUM,LOW
VEH_002,68b89b2d4f65cd554d7512ab,2025-11-03 02:00:00,ON,0.0,2170.61,34.78,36.5,20.5,49.0,0.45,35,0.0,0.03,130.3,473438.98999999976,0.030000000000001137,0.0,0.0,1,0.03,0.0,0.45,0.35,0.42,3600,0.0,0.0,0,2,57600,34.78,8.333333333333649e-06,0.0001170634920634919,297103.72881355975,4951.728813559329,82.52881355932215,0,0.0,0,0.0,1,1,0,0,8.333333333333334e-06,4173600.0,1159.3333333333333,0.0,0.0,0,MEDIUM,LOW
VEH_002,68b89b2d4f65cd554d7512ab,2025-11-03 03:00:00,ON,0.0,2170.61,34.75,37.0,26.6,50.0,-0.34,23,0.0,0.03,130.33,473438.98999999976,0.030000000000001137,0.0,0.0,1,0.03,0.0,0.34,0.23,0.307,3600,0.0,0.0,0,2,61200,34.75,8.333333333333649e-06,8.611111111111117e-05,403548.3870967739,6725.806451612898,112.0967741935483,0,0.0,0,0.0,1,1,0,0,8.333333333333334e-06,4170000.0,1158.3333333333333,0.0,0.0,0,MEDIUM,LOW
VEH_002,68b89b2d4f65cd554d7512ab,2025-11-03 04:00:00,ON,7.1,2177.72,34.32,37.0,40.2,51.0,0.18,34,9.63,0.0,130.75,473438.98999999976,0.4299999999999997,7.109999999999673,16.534883720929482,0,0.0,9.63,0.18,0.34,0.228,3600,0.0,11.82564,0,2,64800,34.32,0.00011944444444444437,7.023809523809535e-05,488623.7288135585,8143.728813559309,135.72881355932182,0,0.4071040176653492,0,16.534883720929482,0,0,0,0,0.0026750000000000003,12829.906542056073,3.563862928348909,0.06047819971870879,0.9428152492668622,0,MEDIUM,LOW
VEH_002,68b89b2d4f65cd554d7512ab,2025-11-03 05:00:00,ON,9.39,2187.11,33.76,37.2,37.6,52.0,0.46,9,10.32,0.0,131.32,473438.98999999976,0.5600000000000023,9.390000000000327,16.76785714285766,0,0.0,10.32,0.46,0.09,0.34900000000000003,3600,0.0,13.92168,0,2,68400,33.76,0.00015555555555555619,7.14285714285716e-05,472639.99999999884,7877.333333333314,131.28888888888858,0,0.5376521414736903,0,16.76785714285766,0,0,0,0,0.0028666666666666667,11776.744186046511,3.2713178294573644,0.059637912673054606,0.11143695014662756,0,MEDIUM,LOW
VEH_002,68b89b2d4f65cd554d7512ab,2025-11-03 06:00:00,ON,4.7,2191.81,33.47,37.4,35.4,53.0,0.12,22,8.91,0.0,131.6,473438.98999999976,0.28999999999999915,4.699999999999818,16.20689655172356,0,0.0,8.91,0.12,0.22,0.15,3600,0.0,10.2465,0,2,72000,33.47,8.055555555555531e-05,7.14285714285716e-05,468579.9999999989,7809.666666666648,130.1611111111108,0,0.26911236048201903,0,16.20689655172356,0,0,0,0,0.002475,13523.232323232322,3.7564534231200892,0.061702127659576674,0.9897360703812317,0,MEDIUM,LOW
VEH_002,68b89b2d4f65cd554d7512ab,2025-11-03 07:00:00,ON,0.0,2191.81,33.44,37.4,20.2,54.0,0.31,40,0.0,0.03,131.63,473438.98999999976,0.030000000000001137,0.0,0.0,1,0.03,0.0,0.31,0.4,0.33699999999999997,3600,0.0,0.0,0,2,75600,33.44,8.333333333333649e-06,5.555555555555578e-05,601919.9999999976,10031.99999999996,167.19999999999933,0,0.0,0,0.0,1,1,0,0,8.333333333333334e-06,4012799.9999999995,1114.6666666666665,0.0,0.0,0,MEDIUM,LOW
VEH_002,68b89b2d4f65cd554d7512ab,2025-11-03 08:00:00,ON,0.0,2191.81,33.41,37.6,25.5,55.0,-0.08,23,0.0,0.03,131.66,473438.98999999976,0.030000000000001137,0.0,0.0,1,0.03,0.0,0.08,0.23,0.125,3600,0.0,0.0,0,2,79200,33.41,8.333333333333649e-06,5.555555555555578e-05,601379.9999999974,10022.999999999958,167.0499999999993,0,0.0,0,0.0,1,1,0,0,8.333333333333334e-06,4009199.9999999995,1113.6666666666665,0.0,0.0,0,MEDIUM,LOW
VEH_002,68b89b2d4f65cd554d7512ab,2025-11-03 09:00:00,ON,4.91,2196.72,33.12,37.6,39.7,56.0,-0.16,31,8.97,0.0,131.95,473438.98999999976,0.28999999999999915,4.9099999999998545,16.931034482758168,0,0.0,8.97,0.16,0.31,0.205,3600,0.0,10.808850000000001,0,2,82800,33.12,8.055555555555531e-05,6.587301587301602e-05,502785.54216867354,8379.759036144558,139.66265060240931,0,0.28113652978015435,0,16.931034482758168,0,0,0,0,0.0024916666666666668,13292.307692307691,3.692307692307692,0.05906313645621339,0.05865102639296188,0,MEDIUM,LOW
VEH_002,68b89b2d4f65cd554d7512ab,2025-11-03 10:00:00,ON,10.64,2207.37,32.48,37.3,37.3,57.0,0.4,19,10.69,0.0,132.59,473438.98999999976,0.6400000000000006,10.650000000000091,16.640625000000128,0,0.0,10.69,0.4,0.19,0.33699999999999997,3600,0.0,14.29253,0,2,86400,32.48,0.00017777777777777795,9.00793650793652e-05,360570.9251101316,6009.515418502194,100.1585903083699,0,0.6097971572624762,0,16.640625000000128,0,0,0,0,0.0029694444444444443,10938.072965388214,3.038353601496726,0.060093896713614564,0.7155425219941349,0,MEDIUM,LOW
VEH_002,68b89b2d4f65cd554d7512ab,2025-11-03 11:00:00,ON,15.87,2223.23,31.53,37.4,40.8,58.0,0.45,18,12.26,0.0,133.54,473438.98999999976,0.9499999999999957,15.860000000000127,16.69473684210547,0,0.0,12.26,0.45,0.18,0.369,3600,0.0,16.78394,0,2,90000,31.53,0.0002638888888888877,0.00011071428571428568,284787.09677419363,4746.451612903227,79.10752688172046,0,0.9081110717542599,0,16.69473684210547,0,0,0,0,0.0034055555555555553,9258.401305057097,2.571778140293638,0.05989911727616571,0.29178885630498536,0,MEDIUM,LOW
VEH_002,68b89b2d4f65cd554d7512ab,2025-11-03 12:00:00,ON,15.76,2238.99,30.58,37.4,42.7,59.0,-0.29,22,12.23,0.0,134.49,473438.98999999976,0.9500000000000028,15.759999999999764,16.589473684210226,0,0.0,12.23,0.29,0.22,0.269,3600,0.0,15.519870000000003,0,2,93600,30.58,0.0002638888888888897,0.00012619047619047617,242332.07547169813,4038.8679245283024,67.31446540880503,0,0.9023852768503661,0,16.589473684210226,0,0,0,0,0.0033972222222222225,9001.471790678657,2.5004088307440715,0.060279187817259966,0.8878299120234604,0,MEDIUM,LOW
VEH_002,68b89b2d4f65cd554d7512ab,2025-11-03 13:00:00,ON,20.26,2259.25,29.37,38.2,45.9,60.0,0.47,8,13.58,0.0,135.7,473438.98999999976,1.2099999999999973,20.26000000000022,16.74380165289278,0,0.0,13.58,0.47,0.08,0.353,3600,0.0,18.37374,0,2,97200,29.37,0.0003361111111111104,0.0001626984126984126,180518.0487804879,3008.634146341465,50.143902439024416,0,1.1600460475246757,0,16.74380165289278,0,0,0,0,0.0037722222222222224,7785.861561119293,2.162739322533137,0.05972359328726477,0.15835777126099707,0,MEDIUM,LOW
VEH_002,68b89b2d4f65cd554d7512ab,2025-11-03 14:00:00,ON,24.44,2283.69,27.9,38.4,43.3,61.0,-0.43,49,14.83,0.0,137.17,473438.98999999976,1.4700000000000024,24.440000000000055,16.625850340136065,0,0.0,14.83,0.43,0.49,0.44799999999999995,3600,0.0,21.47384,0,2,100800,27.9,0.000408333333333334,0.00021984126984126982,126909.74729241878,2115.1624548736463,35.25270758122744,0,1.3993842745065561,0,16.625850340136065,0,0,0,0,0.004119444444444445,6772.757923128792,1.8813216453135533,0.0601472995090016,0.7873900293255132,0,MEDIUM,LOW
VEH_002,68b89b2d4f65cd554d7512ab,2025-11-03 15:00:00,ON,30.71,2314.4,26.06,38.2,45.7,62.0,0.36,21,16.71,0.0,139.01,473438.98999999976,1.8399999999999999,30.710000000000036,16.69021739130437,0,0.0,16.71,0.36,0.21,0.315,3600,1.0,21.97365,0,2,104400,26.06,0.0005111111111111111,0.0002916666666666666,89348.57142857145,1489.1428571428576,24.819047619047623,0,1.7583916149793901,0,16.69021739130437,0,0,0,0,0.004641666666666667,5614.362657091561,1.5595451825254336,0.059915337023770686,0.32111436950146627,0,MEDIUM,LOW
VEH_002,68b89b2d4f65cd554d7512ab,2025-11-03 16:00:00,ON,35.72,2350.11,23.92,37.6,44.5,63.0,-0.42,43,18.21,0.0,141.16,473438.98999999976,2.139999999999997,35.710000000000036,16.686915887850507,0,0.0,18.21,0.42,0.43,0.423,3600,1.0,25.912830000000003,0,2,108000,23.92,0.0005944444444444437,0.00036507936507936494,65520.00000000003,1092.0000000000005,18.200000000000006,0,2.0446813601730387,0,16.686915887850507,0,0,0,0,0.005058333333333334,4728.830313014827,1.313563975837452,0.05992719126295141,0.3416422287390029,0,HIGH,MEDIUM
VEH_002,68b89b2d4f65cd554d7512ab,2025-11-03 17:00:00,ON,36.65,2386.76,21.72,38.1,46.4,64.0,-0.49,27,18.5,0.0,143.36,473438.98999999976,2.200000000000003,36.65000000000009,16.659090909090928,0,0.0,18.5,0.49,0.27,0.424,3600,1.0,26.343999999999998,0,2,111600,21.72,0.0006111111111111119,0.00042698412698412687,50868.401486988856,847.8066914498143,14.13011152416357,0,2.0985038322694476,0,16.659090909090928,0,0,0,0,0.005138888888888889,4226.594594594594,1.1740540540540538,0.06002728512960429,0.5850439882697948,0,HIGH,MEDIUM
VEH_002,68b89b2d4f65cd554d7512ab,2025-11-03 18:00:00,ON,37.79,2424.56,19.45,37.7,48.2,65.0,0.18,27,18.84,0.0,145.62,473438.98999999976,2.2699999999999996,37.79999999999973,16.65198237885451,0,0.0,18.84,0.18,0.27,0.20700000000000002,3600,1.0,22.73988,0,2,115200,19.45,0.0006305555555555554,0.00047936507936507944,40574.50331125827,676.2417218543045,11.270695364238408,0,2.1643504736639656,0,16.65198237885451,0,0,0,0,0.005233333333333333,3716.5605095541405,1.0323779193205946,0.060052910052910476,0.6451612903225806,0,HIGH,MEDIUM
VEH_002,68b89b2d4f65cd554d7512ab,2025-11-03 19:00:00,ON,45.19,2469.75,16.74,38.0,48.3,66.0,0.46,43,21.06,0.0,148.33,473438.98999999976,2.710000000000001,45.190000000000055,16.67527675276754,0,0.0,21.06,0.46,0.43,0.451,3600,1.0,30.55806,0,2,118800,16.74,0.000752777777777778,0.0005492063492063493,30480.34682080924,508.0057803468207,8.466763005780345,0,2.5874867170601967,0,16.67527675276754,0,0,0,0,0.005849999999999999,2861.5384615384614,0.7948717948717948,0.05996901969462265,0.44281524926686217,0,HIGH,MEDIUM
VEH_002,68b89b2d4f65cd554d7512ab,2025-11-03 20:00:00,ON,52.83,2522.58,13.57,38.2,53.6,67.0,-0.42,46,23.35,0.0,151.5,473438.98999999976,3.169999999999998,52.82999999999993,16.665615141955822,0,0.0,23.35,0.42,0.46,0.432,3600,1.0,33.4372,0,2,122400,13.57,0.000880555555555555,0.000626984126984127,21643.291139240504,360.7215189873417,6.012025316455696,0,3.024937447716084,0,16.665615141955822,0,0,0,0,0.006486111111111112,2092.1627408993572,0.5811563169164882,0.060003785727806215,0.533724340175953,0,HIGH,MEDIUM
VEH_002,68b89b2d4f65cd554d7512ab,2025-11-03 21:00:00,ON,54.91,2577.49,10.27,37.8,54.3,68.0,-0.45,11,23.97,0.0,154.8,473438.98999999976,3.3000000000000007,54.909999999999854,16.63939393939389,0,0.0,23.97,0.45,0.11,0.348,3600,1.0,32.31155999999999,0,2,126000,10.27,0.0009166666666666669,0.0006996031746031745,14679.750425411232,244.6625070901872,4.07770845150312,0,3.1440339817166376,0,16.63939393939389,0,0,0,0,0.006658333333333333,1542.4280350438048,0.4284522319566125,0.060098342742669994,0.7199413489736071,0,HIGH,HIGH
VEH_002,68b89b2d4f65cd554d7512ab,2025-11-03 22:00:00,ON,62.24,2639.73,6.54,37.9,52.0,69.0,0.15,7,26.17,0.0,158.53,473438.98999999976,3.7299999999999995,62.24000000000024,16.686327077748054,0,0.0,26.17,0.15,0.07,0.126,3600,1.0,29.46742,0,2,129600,6.54,0.001036111111111111,0.0007746031746031746,8443.032786885246,140.7172131147541,2.3452868852459017,0,3.563734748170548,0,16.686327077748054,0,0,0,0,0.007269444444444445,899.6560947649981,0.24990447076805503,0.05992930591259617,0.3489736070381232,0,HIGH,HIGH
VEH_002,68b89b2d4f65cd554d7512ab,2025-11-03 23:00:00,ON,59.9,2699.63,2.95,37.7,48.9,70.0,0.31,27,25.47,0.0,162.13,473438.98999999976,3.59,59.90000000000009,16.685236768802255,0,0.0,25.47,0.31,0.27,0.298,3600,1.0,33.06006,0,2,133200,2.95,0.0009972222222222223,0.0008321428571428571,3545.0643776824036,59.084406294706724,0.9847401049117788,0,3.4297511474199123,0,16.685236768802255,0,0,0,0,0.007075,416.96113074204953,0.11582253631723598,0.05993322203672779,0.3592375366568915,0,HIGH,HIGH
VEH_002,68b89b2d4f65cd554d7512ab,2025-11-04 00:00:00,ON,56.23,2755.86,32.29,37.8,52.3,71.0,0.08,24,24.37,0.0,165.5,473438.98999999976,0.0,56.23000000000002,0.0,0,0.0,24.37,0.08,0.24,0.128,3600,1.0,27.489360000000005,1,3,0,32.29,0.0,0.0007448412698412697,43351.51838039426,722.5253063399043,12.042088438998405,0,3.2196144744477704,0,0.0,0,0,0,0,0.006769444444444445,4769.963069347558,1.3249897414854328,0.0,0.018328445747800588,0,MEDIUM,MEDIUM
VEH_002,68b89b2d4f65cd554d7512ab,2025-11-04 01:00:00,ON,54.93,2810.79,28.99,38.1,55.1,72.0,0.49,48,23.98,0.0,168.8,473438.98999999976,3.3000000000000007,54.929999999999836,16.64545454545449,0,0.0,23.98,0.49,0.48,0.487,3600,1.0,35.658260000000006,0,3,3600,28.99,0.0009166666666666669,0.0007857142857142856,36896.36363636364,614.939393939394,10.2489898989899,0,3.1451791406974112,0,16.64545454545449,0,0,0,0,0.006661111111111112,4352.126772310258,1.2089241034195162,0.06007646095030057,0.6906158357771262,0,MEDIUM,MEDIUM
VEH_002,68b89b2d4f65cd554d7512ab,2025-11-04 02:00:00,ON,52.95,2863.74,25.81,37.9,52.2,73.0,-0.44,40,23.39,0.0,171.97,473438.98999999976,3.1799999999999997,52.94999999999982,16.65094339622636,0,0.0,23.39,0.44,0.4,0.428,3600,1.0,33.40092,0,3,7200,25.81,0.0008833333333333333,0.0008043650793650793,32087.41983226443,534.7903305377405,8.913172175629008,0,3.0318084016007254,0,16.65094339622636,0,0,0,0,0.006497222222222223,3972.4668661821283,1.1034630183839245,0.06005665722379624,0.6539589442815249,0,MEDIUM,MEDIUM
VEH_002,68b89b2d4f65cd554d7512ab,2025-11-04 03:00:00,ON,51.59,2915.33,22.72,38.4,51.8,74.0,0.5,37,22.98,0.0,175.07,473438.98999999976,3.09,51.590000000000146,16.69579288025895,0,0.0,22.98,0.5,0.37,0.46099999999999997,3600,1.0,33.57378,0,3,10800,22.72,0.0008583333333333333,0.0008011904761904762,28357.80089153046,472.630014858841,7.877166914314016,0,2.953937590908072,0,16.69579288025895,0,0,0,0,0.006383333333333334,3559.268929503916,0.9886858137510878,0.059895328552044796,0.2844574780058651,0,HIGH,MEDIUM
VEH_002,68b89b2d4f65cd554d7512ab,2025-11-04 04:00:00,ON,58.2,2973.53,19.23,38.5,51.6,75.0,-0.26,8,24.96,0.0,178.56,473438.98999999976,3.4899999999999984,58.20000000000027,16.676217765043067,0,0.0,24.96,0.26,0.08,0.206,3600,1.0,30.10176,0,3,14400,19.23,0.000969444444444444,0.0008087301587301588,23778.01766437684,396.30029440628067,6.605004906771344,0,3.3324126340540823,0,16.676217765043067,0,0,0,0,0.006933333333333334,2773.557692307692,0.7704326923076922,0.059965635738831305,0.436950146627566,0,HIGH,MEDIUM
VEH_002,68b89b2d4f65cd554d7512ab,2025-11-04 05:00:00,ON,52.27,3025.8,16.09,39.0,53.1,76.0,0.12,27,23.18,0.0,181.7,473438.98999999976,3.1400000000000006,52.26999999999998,16.646496815286614,0,0.0,23.18,0.12,0.27,0.16499999999999998,3600,1.0,27.0047,0,3,18000,16.09,0.0008722222222222224,0.0007853174603174604,20488.52956038403,341.4754926730672,5.691258211217787,0,2.9928729962543987,0,16.646496815286614,0,0,0,0,0.006438888888888889,2498.878343399482,0.6941328731665228,0.06007269944518848,0.6818181818181818,0,HIGH,MEDIUM
VEH_002,68b89b2d4f65cd554d7512ab,2025-11-04 06:00:00,ON,48.57,3074.37,68.12,38.6,53.4,77.0,-0.19,0,22.07,0.0,184.61,473438.98999999976,0.0,48.56999999999971,0.0,0,0.0,22.07,0.19,0.0,0.13299999999999998,3600,1.0,25.00531,1,4,0,68.12,0.0,0.0006428571428571429,105964.44444444444,1766.074074074074,29.434567901234566,0,2.781018584811083,0,0.0,0,0,0,0,0.006130555555555556,11111.554145899412,3.0865428183053925,0.0,0.018328445747800588,0,LOW,LOW
VEH_002,68b89b2d4f65cd554d7512ab,2025-11-04 07:00:00,ON,49.4,3123.76,65.16,38.6,53.0,78.0,-0.1,47,22.32,0.0,187.58,473438.98999999976,2.960000000000008,49.39000000000033,16.685810810810878,0,0.0,22.32,0.1,0.47,0.21099999999999997,3600,1.0,27.029519999999998,0,4,3600,65.16,0.0008222222222222244,0.0007603174603174606,85701.04384133608,1428.3507306889346,23.805845511482246,0,2.827970103022877,0,16.685810810810878,0,0,0,0,0.0062,10509.677419354839,2.9193548387096775,0.05993116015387707,0.3533724340175953,0,LOW,LOW
VEH_002,68b89b2d4f65cd554d7512ab,2025-11-04 08:00:00,ON,49.08,3172.84,62.21,38.6,53.8,79.0,0.14,10,22.22,0.0,190.52,473438.98999999976,2.9499999999999957,49.07999999999993,16.63728813559322,0,0.0,22.22,0.14,0.1,0.128,3600,1.0,25.06416,0,4,7200,62.21,0.0008194444444444433,0.0007464285714285715,83343.54066985645,1389.0590111642741,23.15098351940457,0,2.810220138820848,0,16.63728813559322,0,0,0,0,0.006172222222222222,10079.02790279028,2.7997299729972998,0.06010594947025265,0.7360703812316716,0,LOW,LOW
VEH_002,68b89b2d4f65cd554d7512ab,2025-11-04 09:00:00,ON,44.48,3217.33,59.54,38.5,44.6,80.0,-0.06,33,20.85,0.0,193.19,473438.98999999976,2.6700000000000017,44.48999999999978,16.662921348314516,0,0.0,20.85,0.06,0.33,0.14100000000000001,3600,1.0,23.78985,0,4,10800,59.54,0.0007416666666666672,0.0007261904761904764,81989.50819672129,1366.4918032786882,22.774863387978137,0,2.5474061527330703,0,16.662921348314516,0,0,0,0,0.005791666666666667,10280.287769784172,2.8556354916067144,0.060013486176669247,0.5571847507331378,0,LOW,LOW
VEH_002,68b89b2d4f65cd554d7512ab,2025-11-04 10:00:00,ON,42.06,3259.38,57.02,39.0,46.9,81.0,0.12,16,20.12,0.0,195.71,473438.98999999976,2.519999999999996,42.05000000000018,16.686507936508036,0,0.0,20.12,0.12,0.16,0.132,3600,1.0,22.775840000000002,0,4,14400,57.02,0.0006999999999999989,0.0007035714285714286,81043.65482233503,1350.7275803722505,22.512126339537506,0,2.4076967570785928,0,16.686507936508036,0,0,0,0,0.005588888888888889,10202.385685884692,2.833996023856859,0.059928656361474084,0.34750733137829914,0,LOW,LOW
VEH_002,68b89b2d4f65cd554d7512ab,2025-11-04 11:00:00,ON,49.25,3308.63,54.06,39.6,50.4,82.0,-0.24,23,22.27,0.0,198.67,473438.98999999976,2.960000000000001,49.25,16.63851351351351,0,0.0,22.27,0.24,0.23,0.237,3600,1.0,27.547990000000002,0,4,18000,54.06,0.0008222222222222225,0.0006825396825396827,79204.18604651162,1320.0697674418602,22.001162790697673,0,2.819953990157436,0,16.63851351351351,0,0,0,0,0.006186111111111111,8738.931297709923,2.427480916030534,0.06010152284263961,0.7236070381231672,0,LOW,LOW
VEH_002,68b89b2d4f65cd554d7512ab,2025-11-04 12:00:00,ON,41.98,3350.62,51.55,39.9,45.2,83.0,0.08,10,20.09,0.0,201.19,473438.98999999976,2.510000000000005,41.98999999999978,16.729083665338525,0,0.0,20.09,0.08,0.1,0.086,3600,1.0,21.81774,0,4,21600,51.55,0.0006972222222222236,0.0006575396825396828,78398.31019915506,1306.6385033192512,21.777308388654184,0,2.404261280136246,0,16.729083665338525,0,0,0,0,0.005580555555555556,9237.431557989048,2.5659532105525136,0.05977613717551841,0.18621700879765396,0,LOW,LOW
VEH_002,68b89b2d4f65cd554d7512ab,2025-11-04 13:00:00,ON,35.2,3385.81,49.43,39.7,46.9,84.0,-0.32,24,18.06,0.0,203.3,473438.98999999976,2.1199999999999974,35.190000000000055,16.59905660377363,0,0.0,18.06,0.32,0.24,0.296,3600,1.0,23.40576,0,4,25200,49.43,0.0005888888888888881,0.0007416666666666667,66647.19101123595,1110.7865168539324,18.51310861423221,0,2.0149072266729,0,16.59905660377363,0,0,0,0,0.005016666666666667,9853.156146179403,2.7369878183831675,0.06024438761011634,0.8651026392961877,0,LOW,LOW
VEH_002,68b89b2d4f65cd554d7512ab,2025-11-04 14:00:00,ON,41.55,3427.36,46.94,39.3,45.5,85.0,-0.31,18,19.96,0.0,205.79,473438.98999999976,2.490000000000002,41.55000000000018,16.686746987951867,0,0.0,19.96,0.31,0.18,0.271,3600,1.0,25.36916,0,4,28800,46.94,0.0006916666666666673,0.000723015873015873,64922.50274423711,1082.0417124039518,18.03402854006586,0,2.379067782559228,0,16.686746987951867,0,0,0,0,0.005544444444444445,8466.132264529057,2.351703406813627,0.0599277978339348,0.34310850439882695,0,LOW,LOW
VEH_002,68b89b2d4f65cd554d7512ab,2025-11-04 15:00:00,ON,46.69,3474.05,44.14,39.5,49.0,86.0,0.05,4,21.51,0.0,208.59,473438.98999999976,2.799999999999997,46.690000000000055,16.675000000000036,0,0.0,21.51,0.05,0.04,0.047,3600,1.0,22.52097,0,4,32400,44.14,0.000777777777777777,0.000717063492063492,61556.61317100166,1025.9435528500278,17.099059214167127,0,2.6733736406182915,0,16.675000000000036,0,0,0,0,0.005975,7387.44769874477,2.0520688052068805,0.059970014992503616,0.44868035190615835,0,MEDIUM,LOW
VEH_002,68b89b2d4f65cd554d7512ab,2025-11-04 16:00:00,ON,46.07,3520.12,41.38,39.4,49.5,87.0,0.19,8,21.32,0.0,211.36,473438.98999999976,2.759999999999998,46.06999999999971,16.692028985507154,0,0.0,21.32,0.19,0.08,0.15699999999999997,3600,1.0,24.66724,0,4,36000,41.38,0.0007666666666666661,0.0007206349206349205,57421.58590308372,957.026431718062,15.950440528634365,0,2.637873712214259,0,16.692028985507154,0,0,0,0,0.005922222222222222,6987.242026266417,1.9409005628517826,0.059908834382461806,0.30791788856304986,0,MEDIUM,LOW
VEH_002,68b89b2d4f65cd554d7512ab,2025-11-04 17:00:00,ON,39.54,3559.66,39.0,38.5,44.3,88.0,-0.12,16,19.36,0.0,213.73,473438.98999999976,2.3800000000000026,39.539999999999964,16.613445378151226,0,0.0,19.36,0.12,0.16,0.132,3600,1.0,21.91552,0,4,39600,39.0,0.0006611111111111118,0.0007150793650793653,54539.40066592673,908.9900110987788,15.149833518312981,0,2.263979304991369,0,16.613445378151226,0,0,0,0,0.005377777777777777,7252.06611570248,2.0144628099173554,0.06019221041982814,0.8299120234604106,0,MEDIUM,LOW
VEH_002,68b89b2d4f65cd554d7512ab,2025-11-04 18:00:00,ON,35.97,3595.64,36.84,38.6,44.9,89.0,-0.13,21,18.29,0.0,215.89,473438.98999999976,2.1599999999999966,35.98000000000002,16.657407407407444,0,0.0,18.29,0.13,0.21,0.154,3600,1.0,21.106659999999998,0,4,43200,36.84,0.0005999999999999991,0.0006833333333333333,53912.19512195123,898.5365853658537,14.975609756097564,0,2.0601410064134944,0,16.657407407407444,0,0,0,0,0.005080555555555555,7251.175505740844,2.0142154182613456,0.06003335186214551,0.5967741935483871,0,MEDIUM,LOW
VEH_002,68b89b2d4f65cd554d7512ab,2025-11-04 19:00:00,ON,31.75,3627.39,34.94,38.3,44.3,90.0,-0.35,6,17.03,0.0,217.79,473438.98999999976,1.9000000000000057,31.75,16.710526315789423,0,0.0,17.03,0.35,0.06,0.26299999999999996,3600,1.0,21.50889,0,4,46800,34.94,0.0005277777777777794,0.0006591269841269841,53009.51234196267,883.4918723660445,14.724864539434074,0,1.817939881979667,0,16.710526315789423,0,0,0,0,0.0047305555555555556,7386.02466236054,2.051673517322372,0.05984251968503955,0.23313782991202345,0,MEDIUM,LOW
VEH_002,68b89b2d4f65cd554d7512ab,2025-11-04 20:00:00,ON,34.75,3662.13,32.85,38.4,42.9,91.0,-0.4,36,17.92,0.0,219.88,473438.98999999976,2.0899999999999963,34.74000000000024,16.622009569378132,0,0.0,17.92,0.4,0.36,0.38799999999999996,3600,1.0,24.87296,0,4,50400,32.85,0.0005805555555555545,0.0006579365079365079,49928.82991556092,832.1471652593486,13.869119420989145,0,1.9891411496054823,0,16.622009569378132,0,0,0,0,0.004977777777777778,6599.330357142857,1.8331473214285714,0.06016119746689643,0.7991202346041055,0,MEDIUM,LOW
VEH_002,68b89b2d4f65cd554d7512ab,2025-11-04 21:00:00,ON,29.66,3691.8,31.07,37.7,44.5,92.0,-0.27,12,16.4,0.0,221.66,473438.98999999976,1.7800000000000011,29.670000000000073,16.668539325842726,0,0.0,16.4,0.27,0.12,0.225,3600,0.0,20.09,0,4,54000,31.07,0.0004944444444444448,0.0006297619047619047,49336.10586011343,822.2684310018905,13.704473850031508,0,1.6988433479791134,0,16.668539325842726,0,0,0,0,0.004555555555555555,6820.243902439025,1.8945121951219515,0.0599932591843612,0.5073313782991202,0,MEDIUM,LOW
VEH_002,68b89b2d4f65cd554d7512ab,2025-11-04 22:00:00,ON,31.16,3722.96,29.21,37.4,42.6,93.0,0.04,33,16.85,0.0,223.53,473438.98999999976,1.8599999999999994,31.159999999999854,16.752688172042937,0,0.0,16.85,0.04,0.33,0.127,3600,1.0,18.98995,0,4,57600,29.21,0.0005166666666666665,0.0005924603174603174,49302.880107166784,821.7146684527797,13.695244474212995,0,1.784157692046808,0,16.752688172042937,0,0,0,0,0.004680555555555556,6240.712166172107,1.7335311572700296,0.05969191270860103,0.1378299120234604,0,MEDIUM,LOW
VEH_002,68b89b2d4f65cd554d7512ab,2025-11-04 23:00:00,ON,32.08,3755.04,27.28,37.4,41.2,94.0,-0.26,44,17.13,0.0,225.45,473438.98999999976,1.9299999999999997,32.07999999999993,16.62176165803105,0,0.0,17.13,0.26,0.44,0.314,3600,1.0,22.50882,0,4,61200,27.28,0.000536111111111111,0.0005595238095238096,48755.744680851065,812.5957446808511,13.543262411347518,0,1.8368350051624436,0,16.62176165803105,0,0,0,0,0.004758333333333333,5733.099824868652,1.5925277291301811,0.060162094763092394,0.8005865102639296,0,MEDIUM,LOW
VEH_002,68b89b2d4f65cd554d7512ab,2025-11-05 00:00:00,ON,29.37,3784.41,38.9,36.9,43.7,95.0,-0.44,8,16.31,0.0,227.21,473438.98999999976,0.0,29.36999999999989,0.0,0,0.0,16.31,0.44,0.08,0.332,3600,0.0,21.72492,1,5,0,38.9,0.0,0.00046507936507936504,83641.63822525597,1394.027303754266,23.233788395904437,0,1.6816659632674842,0,0.0,0,0,0,0,0.004530555555555555,8586.143470263643,2.385039852851012,0.0,0.018328445747800588,0,MEDIUM,LOW
VEH_002,68b89b2d4f65cd554d7512ab,2025-11-05 01:00:00,ON,22.65,3807.06,37.54,36.0,43.1,96.0,0.37,5,14.3,0.0,228.57,473438.98999999976,1.3599999999999994,22.65000000000009,16.654411764705955,0,0.0,14.3,0.37,0.05,0.274,3600,0.0,18.2182,0,5,3600,37.54,0.0003777777777777776,0.00043333333333333337,86630.76923076922,1443.8461538461536,24.064102564102562,0,1.2968925457272322,0,16.654411764705955,0,0,0,0,0.0039722222222222225,9450.629370629369,2.625174825174825,0.06004415011037501,0.6173020527859238,0,MEDIUM,LOW
VEH_002,68b89b2d4f65cd554d7512ab,2025-11-05 02:00:00,ON,30.25,3837.32,35.72,36.0,45.9,97.0,0.04,25,16.58,0.0,230.39,473438.98999999976,1.8200000000000003,30.26000000000022,16.626373626373745,0,0.0,16.58,0.04,0.25,0.103,3600,1.0,18.28774,0,5,7200,35.72,0.0005055555555555556,0.00043015873015872996,83039.11439114394,1383.985239852399,23.06642066420665,0,1.7326255379119722,0,16.626373626373745,0,0,0,0,0.0046055555555555554,7755.850422195416,2.1544028950542824,0.0601454064771972,0.782991202346041,0,MEDIUM,LOW
VEH_002,68b89b2d4f65cd554d7512ab,2025-11-05 03:00:00,ON,26.73,3864.05,34.12,36.3,41.4,98.0,0.01,48,15.52,0.0,231.99,473438.98999999976,1.6000000000000014,26.730000000000018,16.706249999999997,0,0.0,15.52,0.01,0.48,0.151,3600,0.0,17.86352,0,5,10800,34.12,0.00044444444444444485,0.0004107142857142858,83074.78260869563,1384.5797101449273,23.076328502415453,0,1.530504977805245,0,16.706249999999997,0,0,0,0,0.004311111111111111,7914.432989690721,2.1984536082474224,0.059857837635615425,0.24780058651026393,0,MEDIUM,LOW
VEH_002,68b89b2d4f65cd554d7512ab,2025-11-05 04:00:00,ON,27.21,3891.26,32.49,35.6,43.5,99.0,0.43,12,15.66,0.0,233.63,473438.98999999976,1.6299999999999955,27.210000000000036,16.6932515337424,0,0.0,15.66,0.43,0.12,0.33699999999999997,3600,0.0,20.93742,0,5,14400,32.49,0.0004527777777777765,0.00040476190476190457,80269.41176470593,1337.8235294117655,22.297058823529426,0,1.5579887933438363,0,16.6932515337424,0,0,0,0,0.00435,7468.96551724138,2.0747126436781613,0.05990444689452382,0.3020527859237537,0,MEDIUM,LOW
VEH_002,68b89b2d4f65cd554d7512ab,2025-11-05 05:00:00,ON,27.73,3918.99,30.82,35.2,42.2,100.0,0.18,16,15.82,0.0,235.29,473438.98999999976,1.6700000000000017,27.729999999999563,16.604790419161397,0,0.0,15.82,0.18,0.16,0.174,3600,0.0,18.57268,0,5,18000,30.82,0.0004638888888888894,0.0003972222222222221,77588.81118881122,1293.1468531468536,21.55244755244756,0,1.5877629268439486,0,16.604790419161397,0,0,0,0,0.004394444444444445,7013.400758533501,1.948166877370417,0.06022358456545359,0.8563049853372434,0,MEDIUM,LOW
VEH_002,68b89b2d4f65cd554d7512ab,2025-11-05 06:00:00,ON,21.6,3940.59,29.53,35.5,41.2,101.0,0.35,43,13.98,0.0,236.59,473438.98999999976,1.2899999999999991,21.600000000000364,16.74418604651192,0,0.0,13.98,0.35,0.43,0.374,3600,0.0,19.208520000000004,0,5,21600,29.53,0.0003583333333333331,0.00037182539682539676,79418.99679829244,1323.6499466382074,22.060832443970124,0,1.2367716992365816,0,16.74418604651192,0,0,0,0,0.0038833333333333333,7604.2918454935625,2.1123032904148786,0.05972222222222118,0.15395894428152493,0,MEDIUM,LOW
VEH_002,68b89b2d4f65cd554d7512ab,2025-11-05 07:00:00,ON,20.14,3960.73,28.32,35.6,40.0,102.0,0.43,21,13.54,0.0,237.79,473438.98999999976,1.2100000000000009,20.139999999999873,16.64462809917344,0,0.0,13.54,0.43,0.21,0.364,3600,0.0,18.468559999999997,0,5,25200,28.32,0.00033611111111111135,0.0004198412698412698,67454.06427221173,1124.2344045368623,18.73724007561437,0,1.1531750936400083,0,16.64462809917344,0,0,0,0,0.003761111111111111,7529.689807976367,2.0915805022156575,0.06007944389275117,0.6979472140762464,0,MEDIUM,LOW
VEH_002,68b89b2d4f65cd554d7512ab,2025-11-05 08:00:00,ON,12.91,3973.64,27.54,35.1,40.9,103.0,0.33,36,11.37,0.0,238.57,473438.98999999976,0.7800000000000011,12.909999999999854,16.55128205128184,0,0.0,11.37,0.33,0.36,0.33899999999999997,3600,0.0,15.224429999999998,0,5,28800,27.54,0.00021666666666666698,0.0003968253968253968,69400.8,1156.68,19.278000000000002,0,0.7392001220899916,0,16.55128205128184,0,0,0,0,0.0031583333333333333,8719.788918205804,2.422163588390501,0.06041828040278931,0.9296187683284457,0,MEDIUM,LOW
VEH_002,68b89b2d4f65cd554d7512ab,2025-11-05 09:00:00,ON,17.94,3991.57,26.47,35.3,42.8,104.0,-0.11,39,12.88,0.0,239.64,473438.98999999976,1.0700000000000003,17.93000000000029,16.75700934579466,0,0.0,12.88,0.11,0.39,0.194,3600,0.0,15.37872,0,5,32400,26.47,0.0002972222222222223,0.00036706349206349205,72112.86486486487,1201.8810810810812,20.03135135135135,0,1.0266350262644397,0,16.75700934579466,0,0,0,0,0.003577777777777778,7398.447204968944,2.0551242236024843,0.05967651979921823,0.12609970674486803,0,MEDIUM,LOW
VEH_002,68b89b2d4f65cd554d7512ab,2025-11-05 10:00:00,ON,17.17,4008.74,25.44,35.2,42.1,105.0,-0.06,32,12.65,0.0,240.67,473438.98999999976,1.0299999999999976,17.169999999999618,16.669902912621026,0,0.0,12.65,0.06,0.32,0.138,3600,0.0,14.3957,0,5,36000,25.44,0.00028611111111111046,0.00034444444444444437,73858.06451612906,1230.9677419354844,20.51612903225807,0,0.9831189849949665,0,16.669902912621026,0,0,0,0,0.003513888888888889,7239.841897233202,2.0110671936758893,0.0599883517763553,0.4912023460410557,0,MEDIUM,LOW
VEH_002,68b89b2d4f65cd554d7512ab,2025-11-05 11:00:00,ON,12.89,4021.63,24.66,36.1,41.3,106.0,0.12,5,11.37,0.0,241.45,473438.98999999976,0.7800000000000011,12.890000000000327,16.52564102564142,0,0.0,11.37,0.12,0.05,0.09899999999999999,3600,0.0,12.495629999999998,0,5,39600,24.66,0.00021666666666666698,0.00031071428571428575,79365.5172413793,1322.7586206896551,22.04597701149425,0,0.7380549631092441,0,16.52564102564142,0,0,0,0,0.0031583333333333333,7807.915567282322,2.1688654353562007,0.060512024825444634,0.9501466275659824,0,HIGH,LOW
VEH_002,68b89b2d4f65cd554d7512ab,2025-11-05 12:00:00,ON,19.92,4041.55,23.47,36.1,42.1,107.0,0.12,29,13.48,0.0,242.64,473438.98999999976,1.1900000000000013,19.920000000000073,16.73949579831937,0,0.0,13.48,0.12,0.29,0.17099999999999999,3600,0.0,15.78508,0,5,43200,23.47,0.0003305555555555559,0.00029166666666666675,80468.5714285714,1341.1428571428567,22.352380952380948,0,1.1405783448514992,0,16.73949579831937,0,0,0,0,0.0037444444444444448,6267.952522255192,1.7410979228486645,0.05973895582329302,0.16715542521994134,0,HIGH,LOW
VEH_002,68b89b2d4f65cd554d7512ab,2025-11-05 13:00:00,ON,26.23,4067.78,21.9,36.0,40.5,108.0,0.24,3,15.37,0.0,244.22,473438.98999999976,1.5700000000000003,26.230000000000018,16.70700636942676,0,0.0,15.37,0.24,0.03,0.177,3600,0.0,18.09049,0,5,46800,21.9,0.0004361111111111112,0.00030277777777777784,72330.27522935778,1205.504587155963,20.09174311926605,0,1.5018760032858802,0,16.70700636942676,0,0,0,0,0.004269444444444445,5129.472999349381,1.4248536109303835,0.05985512771635529,0.24486803519061584,0,HIGH,MEDIUM
VEH_002,68b89b2d4f65cd554d7512ab,2025-11-05 14:00:00,ON,27.34,4095.12,20.26,35.6,46.1,109.0,-0.39,35,15.7,0.0,245.86,473438.98999999976,1.639999999999997,27.33999999999969,16.670731707316914,0,0.0,15.7,0.39,0.35,0.37799999999999995,3600,0.0,21.6346,0,5,50400,20.26,0.00045555555555555475,0.0003198412698412698,63343.92059553351,1055.7320099255585,17.59553349875931,0,1.5654323267188515,0,16.670731707316914,0,0,0,0,0.004361111111111111,4645.605095541402,1.2904458598726116,0.05998536942209274,0.48533724340175954,0,HIGH,MEDIUM
VEH_002,68b89b2d4f65cd554d7512ab,2025-11-05 15:00:00,ON,26.66,4121.78,18.66,35.4,40.8,110.0,-0.09,44,15.5,0.0,247.46,473438.98999999976,1.6000000000000014,26.659999999999854,16.662499999999895,0,0.0,15.5,0.09,0.44,0.195,3600,0.0,18.5225,0,5,54000,18.66,0.00044444444444444485,0.0003523809523809524,52954.05405405405,882.5675675675676,14.70945945945946,0,1.5264969213725246,0,16.662499999999895,0,0,0,0,0.0043055555555555555,4333.935483870968,1.2038709677419355,0.060015003750938115,0.5630498533724341,0,HIGH,MEDIUM
VEH_002,68b89b2d4f65cd554d7512ab,2025-11-05 16:00:00,ON,30.18,4151.95,16.85,36.6,40.3,111.0,-0.15,10,16.55,0.0,249.27,473438.98999999976,1.8099999999999987,30.170000000000073,16.66850828729287,0,0.0,16.55,0.15,0.1,0.135,3600,1.0,18.78425,0,5,57600,16.85,0.0005027777777777774,0.00038174603174603167,44139.29313929315,735.6548856548858,12.260914760914764,0,1.7274723224984783,0,16.66850828729287,0,0,0,0,0.004597222222222222,3665.256797583082,1.0181268882175227,0.0599933708982431,0.5087976539589443,0,HIGH,MEDIUM
VEH_002,68b89b2d4f65cd554d7512ab,2025-11-05 17:00:00,ON,37.52,4189.47,14.59,36.7,48.8,112.0,0.41,39,18.76,0.0,251.52,473438.98999999976,2.2600000000000016,37.52000000000044,16.601769911504608,0,0.0,18.76,0.41,0.39,0.40399999999999997,3600,1.0,26.33904,0,5,61200,14.59,0.0006277777777777782,0.00043055555555555566,33886.45161290322,564.774193548387,9.41290322580645,0,2.148318247933162,0,16.601769911504608,0,0,0,0,0.005211111111111112,2799.786780383795,0.7777185501066097,0.0602345415778245,0.8592375366568915,0,HIGH,MEDIUM
VEH_002,68b89b2d4f65cd554d7512ab,2025-11-05 18:00:00,ON,37.62,4227.09,54.78,36.1,47.0,113.0,0.2,36,18.78,0.0,253.78,473438.98999999976,0.0,37.61999999999989,0.0,0,0.0,18.78,0.2,0.36,0.248,3600,1.0,23.437440000000002,1,6,0,54.78,0.0,0.00039960317460317464,137085.99801390266,2284.7666335650442,38.07944389275074,0,2.154044042837004,0,0.0,0,0,0,0,0.005216666666666667,10500.958466453672,2.9169329073482424,0.0,0.018328445747800588,0,LOW,LOW
VEH_002,68b89b2d4f65cd554d7512ab,2025-11-05 19:00:00,ON,40.93,4268.02,52.32,36.4,52.5,114.0,-0.08,28,19.78,0.0,256.23,473438.98999999976,2.460000000000001,40.93000000000029,16.638211382113933,0,0.0,19.78,0.08,0.28,0.14,3600,1.0,22.549200000000003,0,6,3600,52.32,0.0006833333333333335,0.00045,116266.66666666667,1937.7777777777778,32.2962962962963,0,2.343567854155222,0,16.638211382113933,0,0,0,0,0.005494444444444445,9522.345803842263,2.645096056622851,0.06010261421939857,0.7302052785923754,0,LOW,LOW
VEH_002,68b89b2d4f65cd554d7512ab,2025-11-05 20:00:00,ON,34.6,4302.62,50.25,37.0,44.2,115.0,-0.31,22,17.88,0.0,258.31,473438.98999999976,2.0700000000000003,34.599999999999454,16.71497584541036,0,0.0,17.88,0.31,0.22,0.28300000000000003,3600,1.0,22.940039999999996,0,6,7200,50.25,0.0005750000000000001,0.00046984126984126986,106951.0135135135,1782.5168918918919,29.708614864864863,0,1.9811250367400153,0,16.71497584541036,0,0,0,0,0.004966666666666666,10117.44966442953,2.8104026845637584,0.05982658959537667,0.218475073313783,0,LOW,LOW
VEH_002,68b89b2d4f65cd554d7512ab,2025-11-05 21:00:00,ON,41.33,4343.95,47.77,36.8,54.3,116.0,-0.1,8,19.9,0.0,260.79,473438.98999999976,2.479999999999997,41.32999999999993,16.665322580645153,0,0.0,19.9,0.1,0.08,0.094,3600,1.0,21.7706,0,6,10800,47.77,0.000688888888888888,0.0005031746031746032,94937.22397476342,1582.2870662460568,26.37145110410095,0,2.366471033770693,0,16.665322580645153,0,0,0,0,0.005527777777777777,8641.809045226131,2.4005025125628143,0.060004839099927446,0.5381231671554252,0,LOW,LOW
VEH_002,68b89b2d4f65cd554d7512ab,2025-11-05 22:00:00,ON,45.24,4389.19,45.05,37.0,50.3,117.0,-0.39,24,21.07,0.0,263.5,473438.98999999976,2.720000000000006,45.23999999999978,16.632352941176354,0,0.0,21.07,0.39,0.24,0.345,3600,1.0,28.33915,0,6,14400,45.05,0.0007555555555555572,0.0005476190476190478,82265.21739130432,1371.0869565217388,22.851449275362313,0,2.590349614512118,0,16.632352941176354,0,0,0,0,0.005852777777777778,7697.1998101566205,2.1381110583768392,0.06012378426171572,0.7609970674486803,0,LOW,LOW
VEH_002,68b89b2d4f65cd554d7512ab,2025-11-05 23:00:00,ON,51.06,4440.25,41.99,37.5,47.1,118.0,0.42,42,22.82,0.0,266.56,473438.98999999976,3.059999999999995,51.0600000000004,16.68627450980408,0,0.0,22.82,0.42,0.42,0.42,3600,1.0,32.404399999999995,0,6,18000,41.99,0.0008499999999999987,0.0005972222222222222,70308.83720930234,1171.8139534883724,19.530232558139538,0,2.92359087791756,0,16.68627450980408,0,0,0,0,0.006338888888888889,6624.189307624891,1.8400525854513585,0.05992949471210284,0.35043988269794724,0,MEDIUM,LOW
VEH_002,68b89b2d4f65cd554d7512ab,2025-11-06 00:00:00,ON,43.58,4483.83,39.38,36.4,45.6,119.0,-0.47,32,20.57,0.0,269.18,473438.98999999976,2.6099999999999994,43.57999999999993,16.697318007662812,0,0.0,20.57,0.47,0.32,0.42499999999999993,3600,1.0,29.312249999999995,0,6,21600,39.38,0.0007249999999999998,0.000611111111111111,64440.000000000015,1074.0000000000002,17.900000000000006,0,2.4953014191078347,0,16.697318007662812,0,0,0,0,0.005713888888888889,6891.9786096256685,1.914438502673797,0.05988985773290509,0.2785923753665689,0,MEDIUM,LOW
VEH_002,68b89b2d4f65cd554d7512ab,2025-11-06 01:00:00,ON,41.38,4525.21,36.89,36.5,47.3,120.0,-0.41,39,19.91,0.0,271.66,473438.98999999976,2.490000000000002,41.38000000000011,16.61847389558236,0,0.0,19.91,0.41,0.39,0.40399999999999997,3600,1.0,27.95364,0,6,25200,36.89,0.0006916666666666673,0.000709920634920635,51963.555058692,866.0592509782,14.434320849636666,0,2.36933393122264,0,16.61847389558236,0,0,0,0,0.005530555555555556,6670.21597187343,1.8528377699648417,0.06017399710004822,0.8108504398826979,0,MEDIUM,LOW
VEH_002,68b89b2d4f65cd554d7512ab,2025-11-06 02:00:00,ON,41.42,4566.63,34.41,36.1,46.0,121.0,0.4,31,19.92,0.0,274.15,473438.98999999976,2.480000000000004,41.42000000000007,16.701612903225808,0,0.0,19.92,0.4,0.31,0.373,3600,1.0,27.350160000000002,0,6,28800,34.41,0.00068888888888889,0.0007107142857142859,48416.08040201003,806.9346733668339,13.448911222780565,0,2.371624249184187,0,16.701612903225808,0,0,0,0,0.005533333333333334,6218.67469879518,1.7274096385542168,0.059874456784162235,0.2624633431085044,0,MEDIUM,LOW
VEH_002,68b89b2d4f65cd554d7512ab,2025-11-06 03:00:00,ON,40.91,4607.53,31.95,36.3,48.5,122.0,-0.21,46,19.77,0.0,276.6,473438.98999999976,2.4599999999999973,40.899999999999636,16.626016260162473,0,0.0,19.77,0.21,0.46,0.28500000000000003,3600,1.0,25.40445,0,6,32400,31.95,0.0006833333333333326,0.0007261904761904763,43996.721311475405,733.27868852459,12.221311475409834,0,2.341850115684023,0,16.626016260162473,0,0,0,0,0.005491666666666666,5817.905918057663,1.6160849772382397,0.060146699266504136,0.7859237536656891,0,MEDIUM,LOW
VEH_002,68b89b2d4f65cd554d7512ab,2025-11-06 04:00:00,ON,41.35,4648.88,29.47,36.8,51.9,123.0,-0.4,7,19.9,0.0,279.08,473438.98999999976,2.4800000000000004,41.350000000000364,16.673387096774338,0,0.0,19.9,0.4,0.07,0.301,3600,1.0,25.889899999999997,0,6,36000,29.47,0.0006888888888888891,0.0007261904761904763,40581.63934426229,676.3606557377047,11.272677595628412,0,2.3676161927514925,0,16.673387096774338,0,0,0,0,0.005527777777777777,5331.256281407035,1.4809045226130653,0.05997581620314338,0.4604105571847507,0,MEDIUM,MEDIUM
VEH_002,68b89b2d4f65cd554d7512ab,2025-11-06 05:00:00,ON,47.14,4696.02,26.64,36.8,51.8,124.0,-0.09,22,21.64,0.0,281.91,473438.98999999976,2.8299999999999983,47.14000000000033,16.657243816254542,0,0.0,21.64,0.09,0.22,0.129,3600,1.0,24.43156,0,6,39600,26.64,0.0007861111111111107,0.0007305555555555555,36465.39923954373,607.7566539923955,10.129277566539924,0,2.6991397176857355,0,16.657243816254542,0,0,0,0,0.006011111111111111,4431.792975970425,1.231053604436229,0.060033941450996574,0.5997067448680352,0,MEDIUM,MEDIUM
VEH_002,68b89b2d4f65cd554d7512ab,2025-11-06 06:00:00,ON,54.8,4750.82,23.36,36.3,55.2,125.0,-0.25,22,23.94,0.0,285.2,473438.98999999976,3.280000000000001,54.79999999999927,16.707317073170504,0,0.0,23.94,0.25,0.22,0.241,3600,1.0,29.709540000000004,0,6,43200,23.36,0.0009111111111111115,0.0007392857142857144,31598.067632850238,526.634460547504,8.777241009125065,0,3.137735607322344,0,16.707317073170504,0,0,0,0,0.0066500000000000005,3512.7819548872176,0.9757727652464493,0.059854014598540964,0.2434017595307918,0,HIGH,MEDIUM
VEH_002,68b89b2d4f65cd554d7512ab,2025-11-06 07:00:00,ON,57.55,4808.38,46.98,35.4,51.7,126.0,0.15,46,24.77,0.0,288.65,473438.98999999976,0.0,57.5600000000004,0.0,0,0.0,24.77,0.15,0.46,0.243,3600,1.0,30.789109999999997,1,7,0,46.98,0.0,0.0006357142857142858,73901.1235955056,1231.6853932584268,20.528089887640444,0,3.2957675466693024,0,0.0,0,0,0,0,0.0068805555555555556,6827.937020589422,1.8966491723859507,0.0,0.018328445747800588,0,LOW,LOW
VEH_002,68b89b2d4f65cd554d7512ab,2025-11-06 08:00:00,ON,61.08,4869.46,43.32,35.6,54.1,127.0,0.31,15,25.83,0.0,292.32,473438.98999999976,3.6599999999999966,61.07999999999993,16.68852459016393,0,0.0,25.83,0.31,0.15,0.262,3600,1.0,32.59746,0,7,3600,43.32,0.0010166666666666657,0.0006821428571428571,63505.75916230367,1058.4293193717278,17.640488656195465,0,3.497315527285604,0,16.68852459016393,0,0,0,0,0.007175,6037.630662020906,1.6771196283391405,0.05992141453831043,0.3284457478005865,0,MEDIUM,LOW
VEH_002,68b89b2d4f65cd554d7512ab,2025-11-06 09:00:00,ON,59.44,4928.9,39.75,35.6,55.1,128.0,-0.49,6,25.33,0.0,295.88,473438.98999999976,3.5700000000000003,59.4399999999996,16.64985994397748,0,0.0,25.33,0.49,0.06,0.361,3600,1.0,34.474129999999995,0,7,7200,39.75,0.0009916666666666667,0.0007253968253968252,54797.59299781183,913.2932166301972,15.221553610503285,0,3.4034124908620687,0,16.64985994397748,0,0,0,0,0.007036111111111111,5649.427556257402,1.5692854322937229,0.06006056527590889,0.6612903225806451,0,MEDIUM,LOW
VEH_002,68b89b2d4f65cd554d7512ab,2025-11-06 10:00:00,ON,63.21,4992.11,35.96,35.5,55.6,129.0,0.2,0,26.46,0.0,299.68,473438.98999999976,3.789999999999999,63.210000000000036,16.678100263852254,0,0.0,26.46,0.2,0.0,0.13999999999999999,3600,1.0,30.164399999999997,0,7,10800,35.96,0.0010527777777777775,0.000778174603174603,46210.708822029585,770.1784803671598,12.83630800611933,0,3.6192749587381043,0,16.678100263852254,0,0,0,0,0.007350000000000001,4892.517006802721,1.3590325018896448,0.05995886726783732,0.4120234604105572,0,MEDIUM,MEDIUM
VEH_002,68b89b2d4f65cd554d7512ab,2025-11-06 11:00:00,ON,68.29,5060.41,31.86,35.8,59.6,130.0,-0.23,4,27.99,0.0,303.77,473438.98999999976,4.100000000000001,68.30000000000018,16.65853658536589,0,0.0,27.99,0.23,0.04,0.17300000000000001,3600,1.0,32.83227,0,7,14400,31.86,0.0011388888888888894,0.0008424603174603173,37817.80499293453,630.2967498822421,10.504945831370703,0,3.9107179193452466,0,16.65853658536589,0,0,0,0,0.007775,4097.749196141479,1.1382636655948553,0.06002928257686663,0.5894428152492669,0,MEDIUM,MEDIUM
VEH_002,68b89b2d4f65cd554d7512ab,2025-11-06 12:00:00,ON,65.82,5126.22,27.91,35.1,54.7,131.0,0.47,43,27.24,0.0,307.72,473438.98999999976,3.9499999999999993,65.8100000000004,16.66075949367099,0,0.0,27.24,0.47,0.43,0.45799999999999996,3600,1.0,39.71592,0,7,18000,27.91,0.001097222222222222,0.0008869047619047618,31468.993288590606,524.48322147651,8.741387024608501,0,3.768145626238822,0,16.66075949367099,0,0,0,0,0.007566666666666666,3688.5462555066083,1.024596182085169,0.06002127336271046,0.5762463343108505,0,MEDIUM,MEDIUM
VEH_002,68b89b2d4f65cd554d7512ab,2025-11-06 13:00:00,ON,60.06,5186.28,24.31,35.3,54.1,132.0,-0.07,16,25.52,0.0,311.33,473438.98999999976,3.6000000000000014,60.05999999999949,16.683333333333184,0,0.0,25.52,0.07,0.16,0.097,3600,1.0,27.99544,0,7,21600,24.31,0.0010000000000000005,0.0008996031746031745,27023.026025584473,450.38376709307454,7.506396118217909,0,3.4389124192660745,0,16.683333333333184,0,0,0,0,0.0070888888888888885,3429.310344827586,0.9525862068965517,0.05994005994006047,0.37390029325513197,0,HIGH,MEDIUM
VEH_002,68b89b2d4f65cd554d7512ab,2025-11-06 14:00:00,ON,56.36,5242.64,20.93,35.4,51.1,133.0,0.33,3,24.41,0.0,314.71,473438.98999999976,3.379999999999999,56.36000000000058,16.67455621301793,0,0.0,24.41,0.33,0.03,0.24,3600,1.0,30.2684,0,7,25200,20.93,0.0009388888888888886,0.0010337301587301586,20247.06333973129,337.45105566218814,5.624184261036469,0,3.2270580078228375,0,16.67455621301793,0,0,0,0,0.006780555555555555,3086.7677181483,0.8574354772634166,0.059971611071681405,0.4530791788856305,0,HIGH,MEDIUM
VEH_002,68b89b2d4f65cd554d7512ab,2025-11-06 15:00:00,ON,50.47,5293.11,17.9,35.2,53.1,134.0,0.03,41,22.64,0.0,317.74,473438.98999999976,3.030000000000001,50.469999999999345,16.656765676567435,0,0.0,22.64,0.03,0.41,0.144,3600,1.0,25.90016,0,7,28800,17.9,0.000841666666666667,0.0010087301587301588,17745.082612116443,295.7513768686074,4.9291896144767895,0,2.8898086879846487,0,16.656765676567435,0,0,0,0,0.006288888888888889,2846.2897526501765,0.7906360424028268,0.06003566475133823,0.6011730205278593,0,HIGH,MEDIUM
VEH_002,68b89b2d4f65cd554d7512ab,2025-11-06 16:00:00,ON,51.7,5344.81,14.8,35.4,50.0,135.0,-0.49,20,23.01,0.0,320.84,473438.98999999976,3.099999999999998,51.70000000000073,16.677419354838957,0,0.0,23.01,0.49,0.2,0.40299999999999997,3600,1.0,32.283030000000004,0,7,32400,14.8,0.0008611111111111106,0.000990079365079365,14948.296593186375,249.13827655310624,4.1523046092184375,0,2.9602359653023655,0,16.677419354838957,0,0,0,0,0.006391666666666667,2315.514993481095,0.6431986093003043,0.059961315280463334,0.41642228739002934,0,HIGH,MEDIUM
VEH_002,68b89b2d4f65cd554d7512ab,2025-11-06 17:00:00,ON,47.92,5392.73,11.92,35.6,49.7,136.0,0.07,16,21.87,0.0,323.71,473438.98999999976,2.880000000000001,47.91999999999916,16.638888888888594,0,0.0,21.87,0.07,0.16,0.097,3600,1.0,23.99139,0,7,36000,11.92,0.0008000000000000003,0.000953968253968254,12495.174708818635,208.25291181364392,3.4708818635607317,0,2.7438009179358778,0,16.638888888888594,0,0,0,0,0.0060750000000000005,1962.139917695473,0.5450388660265203,0.060100166944909245,0.7214076246334311,0,HIGH,MEDIUM
VEH_002,68b89b2d4f65cd554d7512ab,2025-11-06 18:00:00,ON,46.62,5439.34,9.13,36.6,50.9,137.0,-0.42,35,21.49,0.0,326.51,473438.98999999976,2.789999999999999,46.61000000000058,16.70609318996437,0,0.0,21.49,0.42,0.35,0.39899999999999997,3600,1.0,30.06451,0,7,39600,9.13,0.0007749999999999998,0.000901984126984127,10122.129344478664,168.70215574131106,2.811702595688518,0,2.6687930046952233,0,16.70609318996437,0,0,0,0,0.005969444444444444,1529.4555607259192,0.4248487668683109,0.05985839948508827,0.24926686217008798,0,HIGH,HIGH
VEH_002,68b89b2d4f65cd554d7512ab,2025-11-06 19:00:00,ON,50.95,5490.3,6.07,36.3,51.5,138.0,0.11,33,22.79,0.0,329.57,473438.98999999976,3.0600000000000005,50.960000000000036,16.65359477124184,0,0.0,22.79,0.11,0.33,0.176,3600,1.0,26.801039999999997,0,7,43200,6.07,0.0008500000000000002,0.0008666666666666666,7003.846153846154,116.73076923076924,1.9455128205128207,0,2.917865083013666,0,16.65359477124184,0,0,0,0,0.006330555555555555,958.8415971917508,0.2663448881088197,0.060047095761381446,0.6231671554252199,0,HIGH,HIGH
VEH_002,68b89b2d4f65cd554d7512ab,2025-11-06 20:00:00,ON,49.3,5539.59,3.11,36.4,51.2,139.0,-0.34,42,22.29,0.0,332.53,473438.98999999976,2.9600000000000004,49.289999999999964,16.652027027027014,0,0.0,22.29,0.34,0.42,0.364,3600,1.0,30.403559999999995,0,7,46800,3.11,0.0008222222222222223,0.0008412698412698413,3696.7924528301883,61.61320754716981,1.02688679245283,0,2.822244308118983,0,16.652027027027014,0,0,0,0,0.0061916666666666665,502.2880215343203,0.1395244504262001,0.06005274903631574,0.6436950146627566,0,HIGH,HIGH
VEH_002,68b89b2d4f65cd554d7512ab,2025-11-06 21:00:00,ON,54.84,5594.44,0.0,35.8,49.0,140.0,-0.09,42,23.95,0.0,335.82,473438.98999999976,3.11,54.849999999999454,17.636655948552878,0,0.0,23.95,0.09,0.42,0.189,3600,1.0,28.47655,0,7,50400,0.0,0.0008638888888888889,0.0008305555555555555,0.0,0.0,0.0,0,3.140598504774291,0,17.636655948552878,0,0,0,0,0.006652777777777777,0.0,0.0,0.056700091157703386,0.045454545454545456,0,HIGH,HIGH
VEH_002,68b89b2d4f65cd554d7512ab,2025-11-06 22:00:00,OFF,0.0,5594.44,0.0,35.2,0.0,140.0,0.47,37,0.0,0.0,335.82,473438.98999999976,-0.0,0.0,0.0,0,0.0,0.0,0.47,0.37,0.43999999999999995,0,0.0,0.0,0,7,54000,0.0,-0.0,0.0007103174603174603,0.0,0.0,0.0,0,0.0,0,0.0,0,0,0,0,0.0,0.0,0.0,0.0,0.0,0,HIGH,
VEH_002,68b89b2d4f65cd554d7512ab,2025-11-06 23:00:00,OFF,0.0,5594.44,0.0,34.7,2.7,140.0,0.37,7,0.0,0.0,335.82,473438.98999999976,-0.0,0.0,0.0,0,0.0,0.0,0.37,0.07,0.28,0,0.0,0.0,0,7,57600,0.0,-0.0,0.0005873015873015874,0.0,0.0,0.0,0,0.0,0,0.0,0,0,0,0,0.0,0.0,0.0,0.0,0.0,0,HIGH,
VEH_002,68b89b2d4f65cd554d7512ab,2025-11-07 00:00:00,OFF,0.0,5594.44,0.0,34.6,4.9,140.0,0.4,11,0.0,0.0,335.82,473438.98999999976,-0.0,0.0,0.0,0,0.0,0.0,0.4,0.11,0.31299999999999994,0,0.0,0.0,0,7,61200,0.0,-0.0,0.000473015873015873,0.0,0.0,0.0,0,0.0,0,0.0,0,0,0,0,0.0,0.0,0.0,0.0,0.0,0,HIGH,
VEH_002,68b89b2d4f65cd554d7512ab,2025-11-07 01:00:00,ON,0.0,5594.44,59.63,34.8,21.8,140.0,0.07,6,0.0,0.03,335.82,473438.98999999976,0.0,0.0,0.0,1,0.03,0.0,0.07,0.06,0.067,3600,0.0,0.0,1,8,0,59.63,0.0,0.00036230158730158734,164586.63745892662,2743.1106243154436,45.7185104052574,0,0.0,0,0.0,0,0,0,0,8.333333333333334e-06,7155600.0,1987.6666666666667,0.0,0.0,0,LOW,LOW
VEH_002,68b89b2d4f65cd554d7512ab,2025-11-07 02:00:00,ON,0.0,5594.44,59.6,34.9,23.0,141.0,0.42,49,0.0,0.03,335.85,473438.98999999976,0.030000000000001137,0.0,0.0,1,0.03,0.0,0.42,0.49,0.44099999999999995,3600,0.0,0.0,0,8,3600,59.6,8.333333333333649e-06,0.00024206349206349213,246216.39344262288,4103.606557377048,68.3934426229508,0,0.0,0,0.0,1,1,0,0,8.333333333333334e-06,7152000.0,1986.6666666666667,0.0,0.0,0,LOW,LOW
VEH_002,68b89b2d4f65cd554d7512ab,2025-11-07 03:00:00,ON,0.0,5594.44,59.57,35.4,26.4,142.0,0.15,23,0.0,0.03,335.88,473438.98999999976,0.030000000000001137,0.0,0.0,1,0.03,0.0,0.15,0.23,0.174,3600,0.0,0.0,0,8,7200,59.57,8.333333333333649e-06,0.0001257936507936509,473553.3123028387,7892.555205047312,131.54258675078853,0,0.0,0,0.0,1,1,0,0,8.333333333333334e-06,7148400.0,1985.6666666666667,0.0,0.0,0,LOW,LOW
VEH_002,68b89b2d4f65cd554d7512ab,2025-11-07 04:00:00,ON,0.0,5594.44,59.54,34.3,20.8,143.0,0.2,39,0.0,0.03,335.91,473438.98999999976,0.030000000000001137,0.0,0.0,1,0.03,0.0,0.2,0.39,0.257,3600,0.0,0.0,0,8,10800,59.54,8.333333333333649e-06,3.5714285714287065e-06,16671199.999999369,277853.33333332284,4630.888888888713,0,0.0,0,0.0,1,1,0,0,8.333333333333334e-06,7144800.0,1984.6666666666667,0.0,0.0,0,LOW,LOW
VEH_002,68b89b2d4f65cd554d7512ab,2025-11-07 05:00:00,ON,0.0,5594.44,59.51,34.9,25.4,144.0,0.16,12,0.0,0.03,335.94,473438.98999999976,0.030000000000001137,0.0,0.0,1,0.03,0.0,0.16,0.12,0.148,3600,0.0,0.0,0,8,14400,59.51,8.333333333333649e-06,4.761904761904942e-06,12497099.999999527,208284.9999999921,3471.416666666535,0,0.0,0,0.0,1,1,0,0,8.333333333333334e-06,7141199.999999999,1983.6666666666665,0.0,0.0,0,LOW,LOW
VEH_002,68b89b2d4f65cd554d7512ab,2025-11-07 06:00:00,ON,2.01,5596.45,59.39,35.0,32.3,145.0,-0.48,41,8.1,0.0,336.06,473438.98999999976,0.11999999999999744,2.0100000000002183,16.750000000002178,0,0.0,8.1,0.48,0.41,0.45899999999999996,3600,0.0,11.8179,0,8,18000,59.39,3.3333333333332623e-05,9.523809523809601e-06,6235949.99999995,103932.49999999916,1732.2083333333194,0,0.11508847756785913,0,16.750000000002178,0,0,0,0,0.00225,26395.55555555556,7.332098765432099,0.059701492537305674,0.14002932551319647,0,LOW,LOW
VEH_002,68b89b2d4f65cd554d7512ab,2025-11-07 07:00:00,ON,9.86,5606.31,71.58,35.2,39.7,146.0,-0.43,45,10.46,0.0,336.65,473438.98999999976,0.0,9.860000000000582,0.0,0,0.0,10.46,0.43,0.45,0.436,3600,0.0,15.020560000000001,1,9,0,71.58,0.0,9.523809523809601e-06,7515899.9999999385,125264.99999999898,2087.7499999999827,0,0.5645633775219079,0,0.0,0,0,0,0,0.0029055555555555558,24635.564053537284,6.84321223709369,0.0,0.018328445747800588,0,LOW,LOW
VEH_002,68b89b2d4f65cd554d7512ab,2025-11-07 08:00:00,ON,7.47,5613.78,71.13,35.1,36.0,147.0,-0.02,15,9.74,0.0,337.1,473438.98999999976,0.45000000000000284,7.469999999999345,16.59999999999844,0,0.0,9.74,0.02,0.15,0.059,3600,0.0,10.31466,0,9,3600,71.13,0.0001250000000000008,2.7380952380952573e-05,2597791.3043478075,43296.52173913013,721.6086956521688,0,0.4277168793192731,0,16.59999999999844,0,0,0,0,0.0027055555555555557,26290.349075975355,7.302874743326488,0.06024096385542735,0.8636363636363636,0,LOW,LOW
VEH_002,68b89b2d4f65cd554d7512ab,2025-11-07 09:00:00,ON,13.45,5627.23,70.32,35.7,35.0,148.0,0.24,29,11.53,0.0,337.9,473438.98999999976,0.8100000000000023,13.449999999999818,16.604938271604667,0,0.0,11.53,0.24,0.29,0.255,3600,0.0,14.470149999999999,0,9,7200,70.32,0.00022500000000000064,5.833333333333357e-05,1205485.7142857092,20091.428571428485,334.85714285714147,0,0.7701194145709036,0,16.604938271604667,0,0,0,0,0.0032027777777777775,21955.941023417174,6.098872506504771,0.06022304832713853,0.8533724340175953,0,LOW,LOW
VEH_002,68b89b2d4f65cd554d7512ab,2025-11-07 10:00:00,ON,5.5,5632.73,69.99,35.0,32.1,149.0,0.35,17,9.15,0.0,338.23,473438.98999999976,0.3299999999999983,5.5,16.666666666666753,0,0.0,9.15,0.35,0.17,0.296,3600,0.0,11.858400000000001,0,9,10800,69.99,9.16666666666662e-05,7.023809523809536e-05,996467.7966101676,16607.79661016946,276.796610169491,0,0.31491871971301316,0,16.666666666666753,0,0,0,0,0.002541666666666667,27537.049180327864,7.649180327868851,0.05999999999999969,0.5175953079178885,0,LOW,LOW
VEH_002,68b89b2d4f65cd554d7512ab,2025-11-07 11:00:00,ON,1.24,5633.98,69.92,34.9,35.3,150.0,-0.12,23,7.87,0.0,338.31,473438.98999999976,0.06999999999999318,1.25,17.8571428571446,0,0.0,7.87,0.12,0.23,0.153,3600,0.0,9.074110000000001,0,9,14400,69.92,1.9444444444442548e-05,7.182539682539664e-05,973471.8232044225,16224.530386740375,270.40883977900626,0,0.07157243629841209,0,17.8571428571446,0,0,0,0,0.0021861111111111113,31983.735705209656,8.884371029224905,0.05599999999999454,0.04252199413489736,0,LOW,LOW
VEH_002,68b89b2d4f65cd554d7512ab,2025-11-07 12:00:00,ON,0.0,5633.98,69.89,35.0,29.6,151.0,0.3,36,0.0,0.03,338.34,473438.98999999976,0.030000000000001137,0.0,0.0,1,0.03,0.0,0.3,0.36,0.318,3600,0.0,0.0,0,9,18000,69.89,8.333333333333649e-06,7.182539682539662e-05,973054.1436464116,16217.569060773527,270.29281767955877,0,0.0,0,0.0,1,1,0,0,8.333333333333334e-06,8386800.0,2329.6666666666665,0.0,0.0,0,LOW,LOW
VEH_002,68b89b2d4f65cd554d7512ab,2025-11-07 13:00:00,ON,0.0,5633.98,69.86,35.4,29.4,152.0,-0.03,12,0.0,0.03,338.37,473438.98999999976,0.030000000000001137,0.0,0.0,1,0.03,0.0,0.03,0.12,0.056999999999999995,3600,0.0,0.0,0,9,21600,69.86,8.333333333333649e-06,6.82539682539682e-05,1023530.2325581403,17058.83720930234,284.3139534883723,0,0.0,0,0.0,1,1,0,0,8.333333333333334e-06,8383199.999999999,2328.6666666666665,0.0,0.0,0,LOW,LOW
VEH_002,68b89b2d4f65cd554d7512ab,2025-11-07 14:00:00,ON,7.83,5641.8,69.39,35.3,37.2,153.0,-0.1,28,9.85,0.0,338.84,473438.98999999976,0.46999999999999886,7.8200000000006185,16.63829787234178,0,0.0,9.85,0.1,0.28,0.154,3600,0.0,11.3669,0,9,25200,69.39,0.00013055555555555523,8.690476190476181e-05,798460.2739726036,13307.671232876726,221.79452054794544,0,0.4477571614829014,0,16.63829787234178,0,0,0,0,0.002736111111111111,25360.812182741116,7.044670050761421,0.06010230179027643,0.7258064516129032,0,LOW,LOW
VEH_002,68b89b2d4f65cd554d7512ab,2025-11-07 15:00:00,ON,10.22,5652.02,68.78,35.3,38.9,154.0,-0.27,33,10.57,0.0,339.45,473438.98999999976,0.6099999999999994,10.220000000000255,16.754098360656172,0,0.0,10.57,0.27,0.33,0.28800000000000003,3600,0.0,13.61416,0,9,28800,68.78,0.0001694444444444443,9.325396825396803e-05,737555.7446808529,12292.59574468088,204.87659574468134,0,0.5851762391758318,0,16.754098360656172,0,0,0,0,0.002936111111111111,23425.54399243141,6.507095553453169,0.0596868884540102,0.13343108504398826,0,LOW,LOW
VEH_002,68b89b2d4f65cd554d7512ab,2025-11-07 16:00:00,ON,8.37,5660.39,68.27,36.3,38.8,155.0,0.13,22,10.01,0.0,339.95,473438.98999999976,0.5100000000000051,8.36999999999989,16.411764705881975,0,0.0,10.01,0.13,0.22,0.157,3600,0.0,11.58157,0,9,32400,68.27,0.00014166666666666809,8.134920634920623e-05,839221.4634146353,13987.024390243922,233.11707317073203,0,0.4792490334541611,0,16.411764705881975,0,0,0,0,0.0027805555555555556,24552.64735264735,6.82017982017982,0.06093189964157847,0.9765395894428153,0,LOW,LOW
VEH_002,68b89b2d4f65cd554d7512ab,2025-11-07 17:00:00,ON,14.51,5674.9,67.4,36.5,38.6,156.0,0.26,16,11.85,0.0,340.82,473438.98999999976,0.8699999999999903,14.509999999999309,16.67816091953962,0,0.0,11.85,0.26,0.16,0.22999999999999998,3600,0.0,14.5755,0,9,36000,67.4,0.00024166666666666398,0.00010277777777777735,655783.7837837866,10929.729729729775,182.16216216216293,0,0.830812840551928,0,16.67816091953962,0,0,0,0,0.0032916666666666667,20475.949367088608,5.687763713080169,0.059958649207445334,0.41055718475073316,0,LOW,LOW
VEH_002,68b89b2d4f65cd554d7512ab,2025-11-07 18:00:00,ON,8.97,5683.87,66.87,36.0,36.4,157.0,-0.28,46,10.19,0.0,341.36,473438.98999999976,0.5300000000000011,8.970000000000255,16.924528301887236,0,0.0,10.19,0.28,0.46,0.334,3600,0.0,13.59346,0,9,39600,66.87,0.00014722222222222255,0.00012103174603174592,552499.6721311482,9208.32786885247,153.47213114754115,0,0.5136038028774197,0,16.924528301887236,0,0,0,0,0.0028305555555555553,23624.337585868503,6.5623159960745845,0.0590858416945358,0.06158357771260997,0,LOW,LOW
VEH_002,68b89b2d4f65cd554d7512ab,2025-11-07 19:00:00,ON,1.53,5685.4,66.77,36.3,29.9,158.0,-0.23,28,7.96,0.0,341.45,473438.98999999976,0.10000000000000853,1.5299999999997453,15.29999999999615,0,0.0,7.96,0.23,0.28,0.245,3600,0.0,9.910200000000001,0,9,43200,66.77,2.7777777777780147e-05,0.000123809523809524,539296.1538461529,8988.269230769216,149.80448717948693,0,0.08760466202924182,0,15.29999999999615,0,0,0,0,0.002211111111111111,30197.487437185926,8.388190954773869,0.06535947712419946,0.998533724340176,0,LOW,LOW
VEH_002,68b89b2d4f65cd554d7512ab,2025-11-07 20:00:00,ON,7.75,5693.14,66.31,35.9,38.8,159.0,0.05,33,9.82,0.0,341.92,473438.98999999976,0.45999999999999375,7.740000000000691,16.826086956523472,0,0.0,9.82,0.05,0.33,0.134,3600,0.0,11.135879999999998,0,9,46800,66.31,0.00012777777777777603,0.00014087301587301576,470707.60563380324,7845.1267605633875,130.75211267605644,0,0.4431765255598072,0,16.826086956523472,0,0,0,0,0.0027277777777777778,24309.164969450103,6.7525458248472505,0.0594315245477975,0.08651026392961877,0,LOW,LOW
VEH_002,68b89b2d4f65cd554d7512ab,2025-11-07 21:00:00,ON,6.28,5699.43,65.93,36.4,33.5,160.0,0.22,25,9.38,0.0,342.3,473438.98999999976,0.37999999999999545,6.289999999999964,16.55263157894747,0,0.0,9.38,0.22,0.25,0.22899999999999998,3600,0.0,11.528020000000001,0,9,50400,65.93,0.0001055555555555543,0.00013730158730158705,480183.81502890267,8003.063583815045,133.38439306358407,0,0.3601524994536075,0,16.55263157894747,0,0,0,0,0.002605555555555556,25303.62473347548,7.028784648187633,0.06041335453100122,0.9281524926686217,0,LOW,LOW
VEH_002,68b89b2d4f65cd554d7512ab,2025-11-07 22:00:00,ON,6.8,5706.23,65.52,36.1,39.4,161.0,0.07,39,9.54,0.0,342.7,473438.98999999976,0.4100000000000108,6.799999999999272,16.585365853656324,0,0.0,9.54,0.07,0.39,0.16599999999999998,3600,0.0,11.123639999999998,0,9,54000,65.52,0.00011388888888889189,0.00012936507936507958,506473.619631901,8441.226993865017,140.68711656441693,0,0.3893540534633201,0,16.585365853656324,0,0,0,0,0.0026499999999999996,24724.528301886796,6.867924528301888,0.06029411764706687,0.9002932551319648,0,LOW,LOW
VEH_002,68b89b2d4f65cd554d7512ab,2025-11-07 23:00:00,ON,9.65,5715.88,64.95,36.1,33.9,162.0,0.38,18,10.4,0.0,343.28,473438.98999999976,0.5699999999999932,9.650000000000546,16.92982456140467,0,0.0,10.4,0.38,0.18,0.31999999999999995,3600,0.0,13.727999999999998,0,9,57600,64.95,0.00015833333333333143,0.00013174603174603147,492993.97590361553,8216.566265060259,136.94277108433764,0,0.5525392082237726,0,16.92982456140467,0,0,0,0,0.002888888888888889,22482.692307692305,6.245192307692307,0.05906735751294932,0.060117302052785926,0,LOW,LOW
VEH_002,68b89b2d4f65cd554d7512ab,2025-11-08 00:00:00,ON,15.54,5731.43,64.01,36.3,38.3,163.0,-0.34,12,12.16,0.0,344.22,473438.98999999976,0.9399999999999977,15.550000000000182,16.542553191489596,0,0.0,12.16,0.34,0.12,0.27399999999999997,3600,0.0,15.49184,0,9,61200,64.01,0.00026111111111111045,0.00013452380952380956,475826.5486725663,7930.442477876105,132.17404129793508,0,0.8903611075522567,0,16.542553191489596,0,0,0,0,0.0033777777777777777,18950.328947368424,5.263980263157896,0.06045016077170333,0.9325513196480938,0,LOW,LOW
VEH_002,68b89b2d4f65cd554d7512ab,2025-11-08 01:00:00,ON,20.94,5752.36,62.76,36.1,44.2,164.0,0.12,37,13.78,0.0,345.47,473438.98999999976,1.250000000000007,20.92999999999938,16.74399999999941,0,0.0,13.78,0.12,0.37,0.195,3600,0.0,16.4671,0,9,64800,62.76,0.0003472222222222242,0.00016309523809523836,384805.83941605774,6413.430656934296,106.89051094890493,0,1.1984088733805764,0,16.74399999999941,0,0,0,0,0.0038277777777777776,16395.936139332367,4.554426705370102,0.05972288580984444,0.15689149560117302,0,LOW,LOW
VEH_002,68b89b2d4f65cd554d7512ab,2025-11-08 02:00:00,ON,15.96,5768.32,61.8,36.5,42.6,165.0,-0.49,31,12.29,0.0,346.43,473438.98999999976,0.9600000000000009,15.960000000000036,16.625000000000025,0,0.0,12.29,0.49,0.31,0.43599999999999994,3600,0.0,17.648439999999997,0,9,68400,61.8,0.0002666666666666669,0.00019722222222222217,313352.1126760564,5222.535211267606,87.04225352112678,0,0.9138368666581276,0,16.625000000000025,0,0,0,0,0.0034138888888888886,18102.522375915378,5.028478437754272,0.06015037593984954,0.7888563049853372,0,LOW,LOW
VEH_002,68b89b2d4f65cd554d7512ab,2025-11-08 03:00:00,ON,13.32,5781.65,61.0,36.5,37.4,166.0,0.32,13,11.5,0.0,347.23,473438.98999999976,0.7999999999999972,13.329999999999927,16.66249999999997,0,0.0,11.5,0.32,0.13,0.26299999999999996,3600,0.0,14.5245,0,9,72000,61.0,0.00022222222222222142,0.0002107142857142858,289491.5254237287,4824.858757062145,80.41431261770241,0,0.7632484606862623,0,16.66249999999997,0,0,0,0,0.0031944444444444446,19095.652173913044,5.304347826086957,0.06001500375093785,0.5615835777126099,0,LOW,LOW
VEH_002,68b89b2d4f65cd554d7512ab,2025-11-08 04:00:00,ON,17.43,5799.08,59.95,36.7,42.1,167.0,-0.38,33,12.73,0.0,348.27,473438.98999999976,1.0499999999999972,17.43000000000029,16.60000000000032,0,0.0,12.73,0.38,0.33,0.365,3600,0.0,17.376450000000002,0,9,75600,59.95,0.0002916666666666659,0.00023730158730158745,252632.10702341123,4210.535117056854,70.1755852842809,0,0.9980060517450747,0,16.60000000000032,0,0,0,0,0.0035361111111111114,16953.652788688138,4.709347996857816,0.06024096385542052,0.8607038123167156,0,LOW,LOW
VEH_002,68b89b2d4f65cd554d7512ab,2025-11-08 05:00:00,ON,19.58,5818.65,58.78,36.0,40.3,168.0,0.26,9,13.37,0.0,349.45,473438.98999999976,1.1700000000000017,19.56999999999971,16.726495726495454,0,0.0,13.37,0.26,0.09,0.209,3600,0.0,16.16433,0,9,79200,58.78,0.0003250000000000005,0.0002674603174603172,219770.91988130583,3662.8486646884307,61.047477744807175,0,1.1205380626879229,0,16.726495726495454,0,0,0,0,0.0037138888888888885,15827.07554225879,4.396409872849664,0.05978538579458452,0.1935483870967742,0,LOW,LOW
VEH_002,68b89b2d4f65cd554d7512ab,2025-11-08 06:00:00,ON,18.49,5837.15,57.67,36.0,37.8,169.0,0.25,21,13.05,0.0,350.56,473438.98999999976,1.1099999999999994,18.5,16.666666666666675,0,0.0,13.05,0.25,0.21,0.238,3600,0.0,16.1559,0,9,82800,57.67,0.0003083333333333332,0.00028888888888888893,199626.92307692306,3327.1153846153843,55.45192307692307,0,1.0592720572164989,0,16.666666666666675,0,0,0,0,0.003625,15908.965517241379,4.419157088122605,0.05999999999999997,0.5219941348973607,0,LOW,LOW
VEH_002,68b89b2d4f65cd554d7512ab,2025-11-08 07:00:00,ON,25.49,5862.63,56.14,35.9,42.5,170.0,0.21,21,15.15,0.0,352.09,473438.98999999976,1.5300000000000011,25.480000000000473,16.653594771242126,0,0.0,15.15,0.21,0.21,0.21,3600,0.0,18.3315,0,9,86400,56.14,0.0004250000000000003,0.00031230158730158753,179762.1346886911,2996.0355781448516,49.93392630241419,0,1.458932541506859,0,16.653594771242126,0,0,0,0,0.004208333333333333,13340.198019801981,3.7056105610561056,0.060047095761380405,0.6217008797653959,0,LOW,LOW
VEH_002,68b89b2d4f65cd554d7512ab,2025-11-08 08:00:00,ON,28.82,5891.46,54.41,35.7,42.5,171.0,0.15,11,16.15,0.0,353.82,473438.98999999976,1.730000000000004,28.829999999999927,16.664739884392983,0,0.0,16.15,0.15,0.11,0.138,3600,0.0,18.3787,0,9,90000,54.41,0.00048055555555555666,0.0003313492063492064,164207.42514970058,2736.7904191616763,45.613173652694606,0,1.6507466707865721,0,16.664739884392983,0,0,0,0,0.004486111111111111,12128.544891640866,3.369040247678018,0.0600069372181758,0.5454545454545454,0,LOW,LOW
VEH_002,68b89b2d4f65cd554d7512ab,2025-11-08 09:00:00,ON,21.22,5912.67,53.14,36.5,41.3,172.0,0.27,22,13.87,0.0,355.09,473438.98999999976,1.269999999999996,21.210000000000036,16.700787401574885,0,0.0,13.87,0.27,0.22,0.255,3600,0.0,17.40685,0,9,93600,53.14,0.0003527777777777767,0.00034365079365079355,154633.71824480375,2577.228637413396,42.9538106235566,0,1.2144410991114583,0,16.700787401574885,0,0,0,0,0.0038527777777777775,13792.64599855804,3.8312905551550114,0.05987741631305959,0.2653958944281525,0,LOW,LOW
VEH_002,68b89b2d4f65cd554d7512ab,2025-11-08 10:00:00,ON,20.35,5933.03,51.92,35.7,38.3,173.0,0.29,28,13.61,0.0,356.31,473438.98999999976,1.2199999999999989,20.359999999999673,16.68852459016368,0,0.0,13.61,0.29,0.28,0.287,3600,0.0,17.51607,0,9,97200,51.92,0.0003388888888888886,0.00036031746031746023,144095.15418502205,2401.585903083701,40.02643171806168,0,1.1657718424285173,0,16.68852459016368,0,0,0,0,0.0037805555555555552,13733.431300514329,3.8148420279206467,0.05992141453831132,0.32991202346041054,0,LOW,LOW
VEH_002,68b89b2d4f65cd554d7512ab,2025-11-08 11:00:00,ON,17.13,5950.15,50.89,35.6,38.5,174.0,-0.37,2,12.64,0.0,357.34,473438.98999999976,1.0300000000000011,17.11999999999989,16.621359223300846,0,0.0,12.64,0.37,0.02,0.265,3600,0.0,15.989600000000003,0,9,100800,50.89,0.00028611111111111144,0.0003595238095238096,141548.3443708609,2359.1390728476817,39.31898454746136,0,0.9802560875430457,0,16.621359223300846,0,0,0,0,0.003511111111111111,14493.987341772152,4.0261075949367084,0.06016355140186961,0.8035190615835777,0,LOW,LOW
VEH_002,68b89b2d4f65cd554d7512ab,2025-11-08 12:00:00,ON,24.34,5974.49,49.43,35.9,44.2,175.0,-0.08,19,14.8,0.0,358.8,473438.98999999976,1.4600000000000009,24.340000000000146,16.67123287671242,0,0.0,14.8,0.08,0.19,0.11299999999999999,3600,0.0,16.4724,0,9,104400,49.43,0.0004055555555555558,0.00037103174603174606,133223.10160427805,2220.3850267379676,37.00641711229946,0,1.3936584796026885,0,16.67123287671242,0,0,0,0,0.004111111111111111,12023.513513513513,3.339864864864865,0.05998356614626098,0.4780058651026393,0,LOW,LOW
VEH_002,68b89b2d4f65cd554d7512ab,2025-11-08 13:00:00,ON,22.7,5997.19,48.07,35.8,42.0,176.0,0.39,14,14.31,0.0,360.16,473438.98999999976,1.3599999999999994,22.699999999999818,16.691176470588108,0,0.0,14.31,0.39,0.14,0.31499999999999995,3600,0.0,18.81765,0,9,108000,48.07,0.0003777777777777776,0.00038095238095238107,126183.74999999996,2103.062499999999,35.051041666666656,0,1.2997554431791531,0,16.691176470588108,0,0,0,0,0.003975,12093.08176100629,3.3591893780573026,0.05991189427312821,0.312316715542522,0,LOW,LOW
VEH_002,68b89b2d4f65cd554d7512ab,2025-11-08 14:00:00,ON,26.63,6023.83,46.47,35.9,44.3,177.0,0.06,43,15.49,0.0,361.76,473438.98999999976,1.6000000000000014,26.640000000000327,16.65000000000019,0,0.0,15.49,0.06,0.43,0.17099999999999999,3600,0.0,18.13879,0,9,111600,46.47,0.00044444444444444485,0.00038373015873015883,121100.72388831434,2018.3453981385724,33.63908996897621,0,1.5253517623917772,0,16.65000000000019,0,0,0,0,0.004302777777777778,10800.0,3.0,0.06006006006005937,0.6598240469208211,0,LOW,LOW
VEH_002,68b89b2d4f65cd554d7512ab,2025-11-08 15:00:00,ON,26.21,6050.03,44.9,36.2,43.9,178.0,0.28,14,15.36,0.0,363.33,473438.98999999976,1.5700000000000003,26.199999999999818,16.687898089171856,0,0.0,15.36,0.28,0.14,0.23800000000000002,3600,0.0,19.01568,0,9,115200,44.9,0.0004361111111111112,0.00037738095238095234,118977.91798107256,1982.9652996845427,33.04942166140904,0,1.500158264814707,0,16.687898089171856,0,0,0,0,0.004266666666666667,10523.4375,2.9231770833333335,0.05992366412213783,0.3357771260997067,0,MEDIUM,LOW
VEH_002,68b89b2d4f65cd554d7512ab,2025-11-08 16:00:00,ON,25.46,6075.5,43.37,36.1,44.2,179.0,0.47,19,15.14,0.0,364.86,473438.98999999976,1.5300000000000011,25.470000000000255,16.647058823529566,0,0.0,15.14,0.47,0.19,0.38599999999999995,3600,0.0,20.98404,0,9,118800,43.37,0.0004250000000000003,0.00038769841269841284,111865.30194472871,1864.4216990788118,31.073694984646863,0,1.4583599620164591,0,16.647058823529566,0,0,0,0,0.004205555555555556,10312.54953764861,2.864597093791281,0.060070671378091314,0.6774193548387096,0,MEDIUM,LOW
VEH_002,68b89b2d4f65cd554d7512ab,2025-11-08 17:00:00,ON,30.21,6105.71,41.56,36.0,42.7,180.0,-0.3,21,16.56,0.0,366.67,473438.98999999976,1.8099999999999952,30.210000000000036,16.690607734806694,0,0.0,16.56,0.3,0.21,0.273,3600,1.0,21.08088,0,9,122400,41.56,0.0005027777777777765,0.0004111111111111111,101091.8918918919,1684.8648648648648,28.08108108108108,0,1.7297626404600253,0,16.690607734806694,0,0,0,0,0.0046,9034.782608695652,2.5096618357487923,0.05991393578285313,0.31671554252199413,0,MEDIUM,LOW
VEH_002,68b89b2d4f65cd554d7512ab,2025-11-08 18:00:00,ON,31.52,6137.23,39.66,36.7,43.7,181.0,-0.49,17,16.96,0.0,368.56,473438.98999999976,1.9000000000000057,31.519999999999527,16.589473684210226,0,0.0,16.96,0.49,0.17,0.39399999999999996,3600,1.0,23.64224,0,9,126000,39.66,0.0005277777777777794,0.00044563492063492077,88996.61620658946,1483.276936776491,24.721282279608182,0,1.8047705537007321,0,16.589473684210226,0,0,0,0,0.004711111111111111,8418.396226415094,2.338443396226415,0.060279187817259966,0.8878299120234604,0,MEDIUM,LOW
VEH_002,68b89b2d4f65cd554d7512ab,2025-11-08 19:00:00,ON,34.41,6171.63,37.6,36.0,48.0,182.0,0.26,37,17.82,0.0,370.63,473438.98999999976,2.059999999999995,34.400000000000546,16.699029126213897,0,0.0,17.82,0.26,0.37,0.293,3600,1.0,23.041259999999998,0,9,129600,37.6,0.0005722222222222209,0.0004694444444444443,80094.67455621304,1334.9112426035506,22.24852071005918,0,1.9696734469323318,0,16.699029126213897,0,0,0,0,0.00495,7595.959595959595,2.109988776655443,0.05988372093023147,0.2697947214076246,0,MEDIUM,LOW
VEH_002,68b89b2d4f65cd554d7512ab,2025-11-08 20:00:00,ON,40.93,6212.57,35.14,36.5,47.0,183.0,-0.02,27,19.78,0.0,373.08,473438.98999999976,2.460000000000001,40.9399999999996,16.64227642276406,0,0.0,19.78,0.02,0.27,0.095,3600,1.0,21.659100000000002,0,9,133200,35.14,0.0006833333333333335,0.0005130952380952381,68486.3109048724,1141.4385150812066,19.023975251353445,0,2.3441404336455696,0,16.64227642276406,0,0,0,0,0.005494444444444445,6395.551061678462,1.7765419615773506,0.06008793356130984,0.7096774193548387,0,MEDIUM,LOW
VEH_002,68b89b2d4f65cd554d7512ab,2025-11-08 21:00:00,ON,44.17,6256.74,47.39,36.5,46.6,184.0,-0.15,32,20.75,0.0,375.73,473438.98999999976,0.0,44.17000000000007,0.0,0,0.0,20.75,0.15,0.32,0.201,3600,1.0,24.92075,1,10,0,47.39,0.0,0.0004496031746031745,105404.06001765227,1756.7343336275378,29.278905560458963,0,2.5290836090406934,0,0.0,0,0,0,0,0.005763888888888889,8221.87951807229,2.2838554216867473,0.0,0.018328445747800588,0,LOW,LOW
VEH_002,68b89b2d4f65cd554d7512ab,2025-11-08 22:00:00,ON,49.36,6306.11,44.43,36.5,52.0,185.0,0.32,41,22.31,0.0,378.7,473438.98999999976,2.960000000000001,49.36999999999989,16.679054054054014,0,0.0,22.31,0.32,0.41,0.347,3600,1.0,30.051569999999998,0,10,3600,44.43,0.0008222222222222225,0.0005047619047619047,88021.69811320756,1467.0283018867926,24.450471698113212,0,2.8268249440420776,0,16.679054054054014,0,0,0,0,0.006197222222222222,7169.341102644554,1.9914836396234872,0.05995543852542044,0.4032258064516129,0,MEDIUM,LOW
VEH_002,68b89b2d4f65cd554d7512ab,2025-11-08 23:00:00,ON,44.04,6350.15,41.79,36.1,52.3,186.0,-0.47,5,20.71,0.0,381.34,473438.98999999976,2.6400000000000006,44.039999999999964,16.681818181818166,0,0.0,20.71,0.47,0.05,0.344,3600,1.0,27.834239999999998,0,10,7200,41.79,0.0007333333333333334,0.0005488095238095237,76146.63774403473,1269.1106290672456,21.151843817787423,0,2.5216400756656525,0,16.681818181818166,0,0,0,0,0.005752777777777778,7264.316755190729,2.017865765330758,0.05994550408719352,0.3841642228739003,0,MEDIUM,LOW
VEH_002,68b89b2d4f65cd554d7512ab,2025-11-09 00:00:00,ON,45.91,6396.06,39.03,36.5,52.5,187.0,0.16,15,21.27,0.0,384.09,473438.98999999976,2.759999999999998,45.910000000000764,16.63405797101478,0,0.0,21.27,0.16,0.15,0.15699999999999997,3600,1.0,24.60939,0,10,10800,39.03,0.0007666666666666661,0.0005865079365079365,66546.41407307172,1109.106901217862,18.485115020297698,0,2.6287124403681226,0,16.63405797101478,0,0,0,0,0.005908333333333333,6605.923836389281,1.834978843441467,0.0601176214332379,0.750733137829912,0,MEDIUM,LOW
VEH_002,68b89b2d4f65cd554d7512ab,2025-11-09 01:00:00,ON,46.67,6442.73,36.23,36.7,50.6,188.0,-0.25,12,21.5,0.0,386.89,473438.98999999976,2.8000000000000043,46.66999999999916,16.667857142856818,0,0.0,21.5,0.25,0.12,0.211,3600,1.0,26.0365,0,10,14400,36.23,0.0007777777777777789,0.0006222222222222221,58226.78571428572,970.4464285714287,16.174107142857142,0,2.6722284816374655,0,16.667857142856818,0,0,0,0,0.0059722222222222225,6066.418604651162,1.6851162790697674,0.05999571459181604,0.5131964809384164,0,MEDIUM,LOW
VEH_002,68b89b2d4f65cd554d7512ab,2025-11-09 02:00:00,ON,46.34,6489.07,33.45,37.6,53.7,189.0,0.37,31,21.4,0.0,389.67,473438.98999999976,2.779999999999994,46.340000000000146,16.669064748201528,0,0.0,21.4,0.37,0.31,0.352,3600,1.0,28.932799999999997,0,10,18000,33.45,0.0007722222222222206,0.0006507936507936507,51398.780487804885,856.6463414634147,14.277439024390246,0,2.653333358454741,0,16.669064748201528,0,0,0,0,0.005944444444444444,5627.1028037383185,1.563084112149533,0.059991368148467526,0.5,0,MEDIUM,LOW
VEH_002,68b89b2d4f65cd554d7512ab,2025-11-09 03:00:00,ON,46.31,6535.38,30.67,37.5,49.6,190.0,-0.3,34,21.39,0.0,392.45,473438.98999999976,2.780000000000001,46.3100000000004,16.6582733812951,0,0.0,21.39,0.3,0.34,0.312,3600,1.0,28.06368,0,10,21600,30.67,0.0007722222222222225,0.0006634920634920634,46225.11961722489,770.4186602870815,12.840311004784692,0,2.651615619983594,0,16.6582733812951,0,0,0,0,0.005941666666666667,5161.851332398317,1.4338475923328657,0.06003023105160823,0.592375366568915,0,MEDIUM,MEDIUM
VEH_002,68b89b2d4f65cd554d7512ab,2025-11-09 04:00:00,ON,41.84,6577.22,28.16,37.6,47.2,191.0,0.46,23,20.05,0.0,394.96,473438.98999999976,2.5100000000000016,41.840000000000146,16.669322709163396,0,0.0,20.05,0.46,0.23,0.391,3600,1.0,27.88955,0,10,25200,28.16,0.0006972222222222227,0.0007630952380952381,36902.34009360374,615.0390015600624,10.25065002600104,0,2.3956725877804574,0,16.669322709163396,0,0,0,0,0.005569444444444445,5056.1596009975065,1.404488778054863,0.05999043977055432,0.49853372434017595,0,MEDIUM,MEDIUM
VEH_002,68b89b2d4f65cd554d7512ab,2025-11-09 05:00:00,ON,40.65,6617.87,25.72,37.7,48.3,192.0,-0.06,33,19.69,0.0,397.4,473438.98999999976,2.4400000000000013,40.649999999999636,16.659836065573614,0,0.0,19.69,0.06,0.33,0.14100000000000001,3600,1.0,22.46629,0,10,28800,25.72,0.0006777777777777781,0.0007424603174603174,34641.58204168894,577.3597006948156,9.622661678246928,0,2.3275356284243403,0,16.659836065573614,0,0,0,0,0.005469444444444445,4702.4885728796335,1.3062468257998983,0.06002460024600303,0.5821114369501467,0,MEDIUM,MEDIUM
VEH_002,68b89b2d4f65cd554d7512ab,2025-11-09 06:00:00,ON,40.44,6658.31,23.3,38.1,43.6,193.0,0.09,11,19.63,0.0,399.83,473438.98999999976,2.419999999999998,40.44000000000051,16.710743801653116,0,0.0,19.63,0.09,0.11,0.096,3600,1.0,21.51448,0,10,32400,23.3,0.0006722222222222217,0.0007337301587301586,31755.54353704706,529.2590589507843,8.820984315846404,0,2.315511459126257,0,16.710743801653116,0,0,0,0,0.005452777777777778,4273.051451859399,1.1869587366276109,0.05984174085064213,0.23020527859237536,0,HIGH,MEDIUM
VEH_002,68b89b2d4f65cd554d7512ab,2025-11-09 07:00:00,ON,38.58,6696.88,20.98,37.9,48.9,194.0,-0.09,29,19.07,0.0,402.14,473438.98999999976,2.3200000000000003,38.56999999999971,16.624999999999872,0,0.0,19.07,0.09,0.29,0.15,3600,1.0,21.9305,0,10,36000,20.98,0.0006444444444444446,0.0007162698412698413,29290.637119113573,488.17728531855954,8.13628808864266,0,2.208439094423787,0,16.624999999999872,0,0,0,0,0.005297222222222222,3960.5663345568955,1.1001573151546933,0.060150375939850086,0.7903225806451613,0,HIGH,MEDIUM
VEH_002,68b89b2d4f65cd554d7512ab,2025-11-09 08:00:00,ON,33.45,6730.34,18.98,37.6,46.3,195.0,-0.01,46,17.54,0.0,404.15,473438.98999999976,2.0,33.460000000000036,16.730000000000018,0,0.0,17.54,0.01,0.46,0.14500000000000002,3600,1.0,20.083299999999998,0,10,39600,18.98,0.0005555555555555556,0.0006845238095238095,27727.30434782609,462.12173913043483,7.702028985507248,0,1.9158509748358967,0,16.730000000000018,0,0,0,0,0.004872222222222222,3895.553021664766,1.0820980615735463,0.05977286312014339,0.18475073313782991,0,HIGH,MEDIUM
VEH_002,68b89b2d4f65cd554d7512ab,2025-11-09 09:00:00,ON,34.94,6765.27,16.88,37.5,46.6,196.0,-0.19,27,17.98,0.0,406.25,473438.98999999976,2.1000000000000014,34.93000000000029,16.63333333333346,0,0.0,17.98,0.19,0.27,0.21399999999999997,3600,1.0,21.82772,0,10,43200,16.88,0.0005833333333333337,0.0006575396825396826,25671.454435727213,427.8575739287869,7.130959565479782,0,2.000020159922844,0,16.63333333333346,0,0,0,0,0.004994444444444445,3379.755283648498,0.9388209121245827,0.060120240480961464,0.7551319648093842,0,HIGH,MEDIUM
VEH_002,68b89b2d4f65cd554d7512ab,2025-11-09 10:00:00,ON,31.07,6796.34,15.01,37.2,43.5,197.0,0.47,46,16.82,0.0,408.11,473438.98999999976,1.8699999999999992,31.06999999999971,16.61497326203194,0,0.0,16.82,0.47,0.46,0.46699999999999997,3600,1.0,24.674940000000003,0,10,46800,15.01,0.0005194444444444442,0.0006214285714285715,24154.022988505745,402.5670498084291,6.709450830140485,0,1.7790044766333142,0,16.61497326203194,0,0,0,0,0.004672222222222223,3212.604042806183,0.8923900118906064,0.06018667524943729,0.8255131964809385,0,HIGH,MEDIUM
VEH_002,68b89b2d4f65cd554d7512ab,2025-11-09 11:00:00,ON,26.82,6823.17,13.41,37.4,48.3,198.0,-0.35,4,15.55,0.0,409.72,473438.98999999976,1.5999999999999996,26.829999999999927,16.768749999999958,0,0.0,15.55,0.35,0.04,0.25699999999999995,3600,0.0,19.54635,0,10,50400,13.41,0.00044444444444444436,0.0005853174603174604,22910.64406779661,381.84406779661015,6.364067796610169,0,1.536230772709113,0,16.768749999999958,0,0,0,0,0.004319444444444444,3104.565916398714,0.862379421221865,0.05963473723443921,0.10850439882697947,0,HIGH,MEDIUM
VEH_002,68b89b2d4f65cd554d7512ab,2025-11-09 12:00:00,ON,22.8,6845.97,12.04,37.1,44.2,199.0,-0.03,48,14.34,0.0,411.09,473438.98999999976,1.370000000000001,22.800000000000182,16.64233576642348,0,0.0,14.34,0.03,0.48,0.16499999999999998,3600,0.0,16.7061,0,10,54000,12.04,0.00038055555555555586,0.0005428571428571429,22178.94736842105,369.6491228070175,6.160818713450292,0,1.305481238083047,0,16.64233576642348,0,0,0,0,0.0039833333333333335,3022.5941422594137,0.8396094839609483,0.060087719298245176,0.7082111436950147,0,HIGH,MEDIUM
VEH_002,68b89b2d4f65cd554d7512ab,2025-11-09 13:00:00,ON,26.09,6872.06,10.47,37.6,41.9,200.0,0.49,8,15.33,0.0,412.65,473438.98999999976,1.5699999999999985,26.090000000000146,16.617834394904566,0,0.0,15.33,0.49,0.08,0.367,3600,0.0,20.95611,0,10,57600,10.47,0.0004361111111111107,0.0005091269841269842,20564.614185502727,342.7435697583788,5.712392829306313,0,1.4938598904204654,0,16.617834394904566,0,0,0,0,0.004258333333333334,2458.7084148727986,0.6829745596868885,0.06017631276351053,0.8152492668621701,0,HIGH,MEDIUM
VEH_002,68b89b2d4f65cd554d7512ab,2025-11-09 14:00:00,ON,26.59,6898.64,8.88,37.6,45.1,201.0,-0.18,48,15.48,0.0,414.25,473438.98999999976,1.5899999999999999,26.579999999999927,16.71698113207543,0,0.0,15.48,0.18,0.48,0.27,3600,0.0,19.6596,0,10,61200,8.88,0.00044166666666666665,0.00048015873015873014,18493.884297520664,308.23140495867773,5.137190082644629,0,1.5219162854494304,0,16.71698113207543,0,0,0,0,0.0043,2065.1162790697676,0.5736434108527132,0.05981941309255095,0.20674486803519063,0,HIGH,MEDIUM
VEH_002,68b89b2d4f65cd554d7512ab,2025-11-09 15:00:00,ON,27.94,6926.59,7.2,37.6,39.9,202.0,0.02,22,15.88,0.0,415.93,473438.98999999976,1.6800000000000006,27.949999999999818,16.63690476190465,0,0.0,15.88,0.02,0.22,0.08,3600,0.0,17.1504,0,10,64800,7.2,0.0004666666666666668,0.0004674603174603175,15402.376910016977,256.7062818336163,4.278438030560271,0,1.6003596756324838,0,16.63690476190465,0,0,0,0,0.004411111111111111,1632.241813602015,0.4534005037783375,0.06010733452593959,0.7375366568914956,0,HIGH,HIGH
VEH_002,68b89b2d4f65cd554d7512ab,2025-11-09 16:00:00,ON,30.61,6957.2,36.52,37.8,42.2,203.0,0.17,49,16.68,0.0,417.76,473438.98999999976,0.0,30.609999999999673,0.0,0,0.0,16.68,0.17,0.49,0.266,3600,1.0,21.11688,1,11,0,36.52,0.0,0.0003841269841269841,95072.7272727273,1584.545454545455,26.409090909090914,0,1.7526658200754963,0,0.0,0,0,0,0,0.004633333333333333,7882.0143884892095,2.1894484412470026,0.0,0.018328445747800588,0,MEDIUM,LOW
VEH_002,68b89b2d4f65cd554d7512ab,2025-11-09 17:00:00,ON,25.63,6982.82,34.98,38.1,45.0,204.0,0.48,42,15.19,0.0,419.3,473438.98999999976,1.5400000000000063,25.61999999999989,16.636363636363498,0,0.0,15.19,0.48,0.42,0.46199999999999997,3600,0.0,22.20778,0,11,3600,34.98,0.0004277777777777795,0.00037103174603174627,94277.64705882347,1571.2941176470579,26.18823529411763,0,1.4669486543722479,0,16.636363636363498,0,0,0,0,0.004219444444444444,8290.190915075707,2.302830809743252,0.060109289617486836,0.7404692082111437,0,MEDIUM,LOW
VEH_002,68b89b2d4f65cd554d7512ab,2025-11-09 18:00:00,ON,28.56,7011.38,33.27,37.6,44.4,205.0,-0.47,7,16.07,0.0,421.01,473438.98999999976,1.7099999999999937,28.5600000000004,16.701754385965206,0,0.0,16.07,0.47,0.07,0.35,3600,0.0,21.6945,0,11,7200,33.27,0.00047499999999999826,0.00037539682539682533,88626.21564482032,1477.1035940803386,24.61839323467231,0,1.6352870245461422,0,16.701754385965206,0,0,0,0,0.004463888888888889,7453.142501555695,2.070317361543249,0.059873949579830874,0.26099706744868034,0,MEDIUM,LOW
VEH_002,68b89b2d4f65cd554d7512ab,2025-11-09 19:00:00,ON,33.29,7044.67,31.27,38.0,47.5,206.0,-0.15,1,17.49,0.0,423.01,473438.98999999976,2.0000000000000036,33.289999999999964,16.644999999999953,0,0.0,17.49,0.15,0.01,0.108,3600,1.0,19.37892,0,11,10800,31.27,0.0005555555555555565,0.00040039682539682545,78097.52229930623,1301.625371655104,21.693756194251733,0,1.9061171234993086,0,16.644999999999953,0,0,0,0,0.0048583333333333326,6436.363636363637,1.787878787878788,0.06007810153199176,0.6935483870967742,0,MEDIUM,LOW
VEH_002,68b89b2d4f65cd554d7512ab,2025-11-09 20:00:00,ON,41.28,7085.94,28.8,38.7,50.4,207.0,0.28,12,19.88,0.0,425.49,473438.98999999976,2.469999999999999,41.26999999999953,16.708502024291313,0,0.0,19.88,0.28,0.12,0.232,3600,1.0,24.49216,0,11,14400,28.8,0.0006861111111111108,0.0004361111111111112,66038.21656050955,1100.6369426751592,18.343949044585987,0,2.363035556828346,0,16.708502024291313,0,0,0,0,0.005522222222222222,5215.291750503019,1.4486921529175054,0.05984976980857832,0.23900293255131966,0,MEDIUM,MEDIUM
VEH_002,68b89b2d4f65cd554d7512ab,2025-11-09 21:00:00,ON,37.9,7123.84,26.52,38.6,49.1,208.0,0.38,22,18.87,0.0,427.76,473438.98999999976,2.280000000000001,37.900000000000546,16.62280701754409,0,0.0,18.87,0.38,0.22,0.33199999999999996,3600,1.0,25.134839999999997,0,11,18000,26.52,0.0006333333333333336,0.0004634920634920637,57217.808219178056,953.630136986301,15.893835616438349,0,2.1700762685678856,0,16.62280701754409,0,0,0,0,0.005241666666666667,5059.459459459459,1.4054054054054053,0.0601583113456456,0.7961876832844574,0,MEDIUM,MEDIUM
VEH_002,68b89b2d4f65cd554d7512ab,2025-11-09 22:00:00,ON,36.86,7160.7,24.31,38.6,46.1,209.0,-0.18,11,18.56,0.0,429.97,473438.98999999976,2.210000000000001,36.85999999999967,16.678733031674053,0,0.0,18.56,0.18,0.11,0.159,3600,1.0,21.511039999999998,0,11,21600,24.31,0.0006138888888888891,0.0004845238095238097,50172.97297297295,836.2162162162159,13.936936936936931,0,2.1105280015675567,0,16.678733031674053,0,0,0,0,0.005155555555555556,4715.301724137931,1.3098060344827587,0.05995659251220891,0.40615835777126097,0,HIGH,MEDIUM
VEH_002,68b89b2d4f65cd554d7512ab,2025-11-09 23:00:00,ON,38.62,7199.33,21.99,38.6,52.6,210.0,0.05,34,19.09,0.0,432.29,473438.98999999976,2.3200000000000003,38.63000000000011,16.650862068965562,0,0.0,19.09,0.05,0.34,0.137,3600,1.0,21.70533,0,11,25200,21.99,0.0006444444444444446,0.0005765873015873017,38138.19683413626,635.6366139022709,10.593943565037849,0,2.2118745713661334,0,16.650862068965562,0,0,0,0,0.005302777777777778,4146.883184913567,1.151911995809324,0.06005695055656209,0.656158357771261,0,HIGH,MEDIUM
VEH_002,68b89b2d4f65cd554d7512ab,2025-11-10 00:00:00,ON,34.26,7233.58,19.94,39.0,48.4,211.0,-0.04,2,17.78,0.0,434.35,473438.98999999976,2.049999999999997,34.25,16.707317073170756,0,0.0,17.78,0.04,0.02,0.033999999999999996,3600,1.0,18.384520000000002,0,11,28800,19.94,0.0005694444444444436,0.0005968253968253966,33410.10638297874,556.835106382979,9.280585106382983,0,1.9610847545764911,0,16.707317073170756,0,0,0,0,0.004938888888888889,4037.3453318335205,1.1214848143982001,0.05985401459854006,0.24193548387096775,0,HIGH,MEDIUM
VEH_002,68b89b2d4f65cd554d7512ab,2025-11-10 01:00:00,ON,34.94,7268.52,17.84,39.6,41.8,212.0,-0.02,42,17.98,0.0,436.44,473438.98999999976,2.1000000000000014,34.94000000000051,16.63809523809547,0,0.0,17.98,0.02,0.42,0.14,3600,1.0,20.497200000000003,0,11,32400,17.84,0.0005833333333333337,0.0006123015873015875,29135.968891769273,485.5994815294879,8.09332469215813,0,2.0005927394132437,0,16.63809523809547,0,0,0,0,0.004994444444444445,3571.968854282536,0.9922135706340378,0.06010303377218005,0.7316715542521994,0,HIGH,MEDIUM
VEH_002,68b89b2d4f65cd554d7512ab,2025-11-10 02:00:00,ON,39.17,7307.69,15.49,39.7,49.1,213.0,-0.26,10,19.25,0.0,438.79,473438.98999999976,2.3499999999999996,39.16999999999916,16.668085106382627,0,0.0,19.25,0.26,0.1,0.212,3600,1.0,23.331,0,11,36000,15.49,0.0006527777777777777,0.0006261904761904761,24736.88212927757,412.2813688212928,6.8713561470215465,0,2.2427938638469933,0,16.668085106382627,0,0,0,0,0.005347222222222222,2896.831168831169,0.8046753246753248,0.05999489405157135,0.5117302052785924,0,HIGH,MEDIUM
VEH_002,68b89b2d4f65cd554d7512ab,2025-11-10 03:00:00,ON,37.26,7344.95,13.26,39.8,47.6,214.0,0.02,45,18.68,0.0,441.03,473438.98999999976,2.2300000000000004,37.26000000000022,16.708520179372293,0,0.0,18.68,0.02,0.45,0.14900000000000002,3600,1.0,21.46332,0,11,39600,13.26,0.0006194444444444446,0.0006166666666666666,21502.702702702703,358.3783783783784,5.972972972972973,0,2.13343118118308,0,16.708520179372293,0,0,0,0,0.005188888888888889,2555.460385438972,0.7098501070663811,0.05984970477724067,0.2375366568914956,0,HIGH,MEDIUM
VEH_002,68b89b2d4f65cd554d7512ab,2025-11-10 04:00:00,ON,34.17,7379.12,11.21,39.4,49.5,215.0,-0.23,3,17.75,0.0,443.08,473438.98999999976,2.049999999999999,34.17000000000007,16.668292682926875,0,0.0,17.75,0.23,0.03,0.17,3600,1.0,20.7675,0,11,43200,11.21,0.0005694444444444441,0.0006075396825396825,18451.46962769432,307.52449379490537,5.125408229915089,0,1.956504118653397,0,16.668292682926875,0,0,0,0,0.004930555555555555,2273.577464788733,0.631549295774648,0.05999414691249618,0.5102639296187683,0,HIGH,MEDIUM
VEH_002,68b89b2d4f65cd554d7512ab,2025-11-10 05:00:00,ON,39.34,7418.46,8.85,39.7,45.9,216.0,-0.2,48,19.3,0.0,445.44,473438.98999999976,2.360000000000001,39.340000000000146,16.669491525423783,0,0.0,19.3,0.2,0.48,0.284,3600,1.0,24.781200000000002,0,11,46800,8.85,0.0006555555555555559,0.0006134920634920635,14425.614489003881,240.4269081500647,4.007115135834411,0,2.2525277151836334,0,16.669491525423783,0,0,0,0,0.005361111111111112,1650.7772020725386,0.45854922279792737,0.05998983223182492,0.4970674486803519,0,HIGH,HIGH
VEH_002,68b89b2d4f65cd554d7512ab,2025-11-10 06:00:00,ON,40.42,7458.88,6.42,39.9,48.2,217.0,-0.46,41,19.63,0.0,447.86,473438.98999999976,2.4299999999999997,40.42000000000007,16.63374485596711,0,0.0,19.63,0.46,0.41,0.445,3600,1.0,28.36535,0,11,50400,6.42,0.0006749999999999999,0.0006178571428571429,10390.751445086706,173.1791907514451,2.886319845857418,0,2.3143663001454575,0,16.63374485596711,0,0,0,0,0.005452777777777778,1177.3815588385125,0.3270504330106979,0.060118753092528336,0.7521994134897361,0,HIGH,HIGH
VEH_002,68b89b2d4f65cd554d7512ab,2025-11-10 07:00:00,ON,34.22,7493.1,63.51,40.4,52.1,218.0,0.29,14,17.77,0.0,449.92,473438.98999999976,0.0,34.220000000000255,0.0,0,0.0,17.77,0.29,0.14,0.245,3600,1.0,22.12365,1,12,0,63.51,0.0,0.0005365079365079365,118376.62721893491,1972.9437869822484,32.88239644970414,0,1.9593670161053438,0,0.0,0,0,0,0,0.004936111111111111,12866.404051772652,3.574001125492403,0.0,0.018328445747800588,0,LOW,LOW
VEH_002,68b89b2d4f65cd554d7512ab,2025-11-10 08:00:00,ON,35.99,7529.09,61.35,40.6,49.1,219.0,0.4,15,18.3,0.0,452.08,473438.98999999976,2.1599999999999966,35.98999999999978,16.662037037036963,0,0.0,18.3,0.4,0.15,0.32499999999999996,3600,1.0,24.2475,0,12,3600,61.35,0.0005999999999999991,0.0005388888888888888,113845.3608247423,1897.4226804123716,31.623711340206192,0,2.0607135859038683,0,16.662037037036963,0,0,0,0,0.005083333333333334,12068.852459016392,3.3524590163934422,0.06001667129758293,0.5659824046920822,0,LOW,LOW
VEH_002,68b89b2d4f65cd554d7512ab,2025-11-10 09:00:00,ON,36.9,7565.99,59.13,40.5,49.2,220.0,0.35,38,18.57,0.0,454.29,473438.98999999976,2.219999999999999,36.899999999999636,16.621621621621465,0,0.0,18.57,0.35,0.38,0.359,3600,1.0,25.23663,0,12,7200,59.13,0.0006166666666666664,0.0005337301587301586,110786.31970260225,1846.4386617100376,30.773977695167293,0,2.112818319529104,0,16.621621621621465,0,0,0,0,0.005158333333333333,11463.004846526655,3.184168012924071,0.060162601626016825,0.8020527859237536,0,LOW,LOW
VEH_002,68b89b2d4f65cd554d7512ab,2025-11-10 10:00:00,ON,39.58,7605.57,56.76,40.1,45.3,221.0,0.09,46,19.37,0.0,456.66,473438.98999999976,2.3700000000000045,39.57999999999993,16.70042194092821,0,0.0,19.37,0.09,0.46,0.201,3600,1.0,23.263370000000002,0,12,10800,56.76,0.0006583333333333346,0.0005392857142857143,105250.33112582781,1754.1721854304635,29.236203090507725,0,2.2662696229529162,0,16.70042194092821,0,0,0,0,0.005380555555555556,10549.096541042849,2.9303045947341246,0.05987872662961114,0.2668621700879765,0,LOW,LOW
VEH_002,68b89b2d4f65cd554d7512ab,2025-11-10 11:00:00,ON,35.34,7640.91,54.64,41.0,52.2,222.0,-0.32,36,18.1,0.0,458.78,473438.98999999976,2.1199999999999974,35.340000000000146,16.669811320754807,0,0.0,18.1,0.32,0.36,0.33199999999999996,3600,1.0,24.109199999999998,0,12,14400,54.64,0.0005888888888888881,0.000542063492063492,100800.00000000001,1680.0000000000002,28.000000000000004,0,2.023495919028715,0,16.669811320754807,0,0,0,0,0.005027777777777779,10867.624309392264,3.01878453038674,0.05998868138087121,0.49266862170087977,0,LOW,LOW
VEH_002,68b89b2d4f65cd554d7512ab,2025-11-10 12:00:00,ON,37.61,7678.53,52.38,40.2,42.9,223.0,-0.11,24,18.78,0.0,461.04,473438.98999999976,2.259999999999998,37.61999999999989,16.64601769911501,0,0.0,18.78,0.11,0.24,0.149,3600,1.0,21.57822,0,12,18000,52.38,0.0006277777777777772,0.0005380952380952379,97343.36283185845,1622.3893805309742,27.03982300884957,0,2.154044042837004,0,16.64601769911501,0,0,0,0,0.005216666666666667,10040.894568690095,2.789137380191693,0.060074428495481245,0.6847507331378299,0,LOW,LOW
VEH_002,68b89b2d4f65cd554d7512ab,2025-11-10 13:00:00,ON,45.42,7723.95,49.66,40.3,47.2,224.0,-0.07,38,21.13,0.0,463.77,473438.98999999976,2.720000000000006,45.42000000000007,16.698529411764696,0,0.0,21.13,0.07,0.38,0.16299999999999998,3600,1.0,24.574189999999998,0,12,21600,49.66,0.0007555555555555572,0.0005496031746031747,90356.10108303248,1505.9350180505414,25.098916967509023,0,2.6006560453391057,0,16.698529411764696,0,0,0,0,0.0058694444444444445,8460.766682442025,2.3502129673450067,0.05988551298987234,0.27419354838709675,0,LOW,LOW
VEH_002,68b89b2d4f65cd554d7512ab,2025-11-10 14:00:00,ON,49.01,7772.96,46.72,41.0,52.9,225.0,0.1,37,22.2,0.0,466.71,473438.98999999976,2.9399999999999977,49.01000000000022,16.67006802721097,0,0.0,22.2,0.1,0.37,0.181,3600,1.0,26.2182,0,12,25200,46.72,0.0008166666666666661,0.0006662698412698412,70121.7391304348,1168.6956521739132,19.478260869565222,0,2.8062120823881536,0,16.67006802721097,0,0,0,0,0.006166666666666667,7576.216216216216,2.1045045045045043,0.05998775760048938,0.4897360703812317,0,LOW,LOW
VEH_002,68b89b2d4f65cd554d7512ab,2025-11-10 15:00:00,ON,50.27,7823.23,43.7,40.8,48.0,226.0,-0.15,3,22.58,0.0,469.72,473438.98999999976,3.019999999999996,50.26999999999953,16.645695364238275,0,0.0,22.58,0.15,0.03,0.11399999999999999,3600,1.0,25.154119999999995,0,12,28800,43.7,0.0008388888888888878,0.0007003968253968254,62393.20113314448,1039.886685552408,17.3314447592068,0,2.878357098176913,0,16.645695364238275,0,0,0,0,0.006272222222222222,6967.227635075289,1.9353410097431358,0.0600755918042575,0.6876832844574781,0,MEDIUM,LOW
VEH_002,68b89b2d4f65cd554d7512ab,2025-11-10 16:00:00,ON,49.34,7872.57,40.74,40.5,49.1,227.0,0.14,7,22.3,0.0,472.68,473438.98999999976,2.960000000000001,49.340000000000146,16.668918918918962,0,0.0,22.3,0.14,0.07,0.11900000000000001,3600,1.0,24.9537,0,12,32400,40.74,0.0008222222222222225,0.0007297619047619048,55826.42740619902,930.4404567699837,15.507340946166394,0,2.82510720557093,0,16.668918918918962,0,0,0,0,0.006194444444444444,6576.860986547085,1.8269058295964127,0.05999189298743397,0.5029325513196481,0,MEDIUM,LOW
VEH_002,68b89b2d4f65cd554d7512ab,2025-11-10 17:00:00,ON,55.43,7928.0,37.41,40.6,49.4,228.0,0.17,22,24.13,0.0,476.01,473438.98999999976,3.3300000000000054,55.43000000000029,16.645645645645708,0,0.0,24.13,0.17,0.22,0.185,3600,1.0,28.59405,0,12,36000,37.41,0.0009250000000000015,0.0007678571428571429,48719.99999999999,811.9999999999999,13.533333333333331,0,3.173808115216802,0,16.645645645645708,0,0,0,0,0.006702777777777777,5581.2681309573145,1.550352258599254,0.06007577124300898,0.6891495601173021,0,MEDIUM,LOW
VEH_002,68b89b2d4f65cd554d7512ab,2025-11-10 18:00:00,ON,53.48,7981.48,34.2,40.1,46.8,229.0,0.08,35,23.54,0.0,479.22,473438.98999999976,3.2099999999999937,53.47999999999956,16.660436137071546,0,0.0,23.54,0.08,0.35,0.16099999999999998,3600,1.0,27.32994,0,12,39600,34.2,0.000891666666666665,0.0008111111111111111,42164.38356164384,702.7397260273973,11.712328767123289,0,3.0621551145912376,0,16.660436137071546,0,0,0,0,0.006538888888888888,5230.246389124894,1.4528462192013596,0.06002243829468998,0.5777126099706745,0,MEDIUM,MEDIUM
VEH_002,68b89b2d4f65cd554d7512ab,2025-11-10 19:00:00,ON,60.87,8042.34,30.55,39.8,53.2,230.0,-0.08,15,25.76,0.0,482.87,473438.98999999976,3.650000000000002,60.86000000000058,16.673972602739877,0,0.0,25.76,0.08,0.15,0.10099999999999999,3600,1.0,28.36176,0,12,43200,30.55,0.0010138888888888895,0.0008662698412698414,35266.14750343563,587.7691250572606,9.796152084287677,0,3.484718778497121,0,16.673972602739877,0,0,0,0,0.007155555555555556,4269.409937888199,1.1859472049689441,0.059973710154452305,0.4560117302052786,0,MEDIUM,MEDIUM
VEH_002,68b89b2d4f65cd554d7512ab,2025-11-10 20:00:00,ON,52.89,8095.23,27.38,39.3,45.7,231.0,-0.38,39,23.37,0.0,486.04,473438.98999999976,3.1700000000000017,52.88999999999942,16.684542586750595,0,0.0,23.37,0.38,0.39,0.38299999999999995,3600,1.0,32.32071,0,12,46800,27.38,0.0008805555555555561,0.0008841269841269841,30968.402154398565,516.1400359066428,8.602333931777379,0,3.028372924658379,0,16.684542586750595,0,0,0,0,0.006491666666666667,4217.715019255455,1.1715875053487377,0.05993571563622682,0.3680351906158358,0,MEDIUM,MEDIUM
VEH_002,68b89b2d4f65cd554d7512ab,2025-11-10 21:00:00,ON,45.21,8140.44,24.67,39.1,51.1,232.0,-0.41,21,21.06,0.0,488.76,473438.98999999976,2.7099999999999973,45.210000000000036,16.682656826568294,0,0.0,21.06,0.41,0.21,0.35,3600,1.0,28.431,0,12,50400,24.67,0.000752777777777777,0.0008749999999999999,28194.285714285717,469.904761904762,7.831746031746032,0,2.5886318760409703,0,16.682656826568294,0,0,0,0,0.005849999999999999,4217.0940170940175,1.1714150047483383,0.059942490599424796,0.3782991202346041,0,HIGH,MEDIUM
VEH_002,68b89b2d4f65cd554d7512ab,2025-11-10 22:00:00,ON,38.63,8179.07,22.35,38.7,48.3,233.0,0.21,13,19.09,0.0,491.07,473438.98999999976,2.3200000000000003,38.63000000000011,16.650862068965562,0,0.0,19.09,0.21,0.13,0.186,3600,1.0,22.640739999999997,0,12,54000,22.35,0.0006444444444444446,0.0008472222222222223,26380.32786885246,439.672131147541,7.327868852459017,0,2.2118745713661334,0,16.650862068965562,0,0,0,0,0.005302777777777778,4214.7721320062865,1.1707700366684128,0.06005695055656209,0.656158357771261,0,HIGH,MEDIUM
VEH_002,68b89b2d4f65cd554d7512ab,2025-11-10 23:00:00,ON,32.52,8211.59,20.4,38.9,41.3,234.0,-0.26,0,17.25,0.0,493.03,473438.98999999976,1.9500000000000028,32.52000000000044,16.676923076923277,0,0.0,17.25,0.26,0.0,0.182,3600,1.0,20.389499999999998,0,12,57600,20.4,0.0005416666666666675,0.0008071428571428572,25274.33628318584,421.23893805309734,7.020648967551622,0,1.8620285027395138,0,16.676923076923277,0,0,0,0,0.004791666666666666,4257.391304347826,1.182608695652174,0.059963099630995595,0.4237536656891496,0,HIGH,MEDIUM
VEH_002,68b89b2d4f65cd554d7512ab,2025-11-11 00:00:00,ON,29.4,8241.0,18.63,38.4,45.2,235.0,0.42,42,16.32,0.0,494.79,473438.98999999976,1.7699999999999996,29.409999999999854,16.61581920903947,0,0.0,16.32,0.42,0.42,0.42,3600,0.0,23.1744,0,12,61200,18.63,0.0004916666666666665,0.0007452380952380951,24998.722044728438,416.6453674121406,6.94408945686901,0,1.6839562812290312,0,16.61581920903947,0,0,0,0,0.004533333333333334,4109.558823529411,1.1415441176470587,0.06018361101666128,0.8211143695014663,0,HIGH,MEDIUM
VEH_002,68b89b2d4f65cd554d7512ab,2025-11-11 01:00:00,ON,30.6,8271.59,16.8,39.4,38.3,236.0,0.04,44,16.68,0.0,496.63,473438.98999999976,1.8299999999999983,30.590000000000146,16.715846994535614,0,0.0,16.68,0.04,0.44,0.16,3600,1.0,19.348799999999997,0,12,64800,16.8,0.0005083333333333329,0.0006904761904761907,24331.034482758616,405.5172413793103,6.758620689655171,0,1.751520661094749,0,16.715846994535614,0,0,0,0,0.004633333333333333,3625.89928057554,1.0071942446043167,0.059823471722784884,0.2126099706744868,0,HIGH,MEDIUM
VEH_002,68b89b2d4f65cd554d7512ab,2025-11-11 02:00:00,ON,28.69,8300.28,15.08,39.4,45.4,237.0,-0.2,8,16.11,0.0,498.35,473438.98999999976,1.7200000000000006,28.69000000000051,16.680232558139824,0,0.0,16.11,0.2,0.08,0.16399999999999998,3600,0.0,18.752039999999997,0,12,68400,15.08,0.000477777777777778,0.0006138888888888889,24564.705882352944,409.4117647058824,6.8235294117647065,0,1.6427305579211833,0,16.680232558139824,0,0,0,0,0.004475,3369.832402234637,0.936064556176288,0.05995120250958418,0.3944281524926686,0,HIGH,MEDIUM
VEH_002,68b89b2d4f65cd554d7512ab,2025-11-11 03:00:00,ON,25.85,8326.13,58.14,39.7,44.9,238.0,0.08,32,15.25,0.0,499.9,473438.98999999976,0.0,25.849999999998545,0.0,0,0.0,15.25,0.08,0.32,0.152,3600,0.0,17.567999999999998,1,13,0,58.14,0.0,0.00048809523809523805,119116.09756097563,1985.268292682927,33.087804878048786,0,1.4801179826510786,0,0.0,0,0,0,0,0.0042361111111111115,13724.852459016392,3.812459016393442,0.0,0.018328445747800588,0,LOW,LOW
VEH_002,68b89b2d4f65cd554d7512ab,2025-11-11 04:00:00,ON,32.61,8358.74,56.18,39.7,48.7,239.0,-0.33,2,17.28,0.0,501.85,473438.98999999976,1.9600000000000009,32.61000000000058,16.637755102041105,0,0.0,17.28,0.33,0.02,0.237,3600,1.0,21.375360000000004,0,13,3600,56.18,0.0005444444444444447,0.0004583333333333335,122574.54545454541,2042.9090909090903,34.04848484848484,0,1.8671817181530077,0,16.637755102041105,0,0,0,0,0.0048000000000000004,11704.166666666666,3.2511574074074074,0.060104262496165774,0.7346041055718475,0,LOW,LOW
VEH_002,68b89b2d4f65cd554d7512ab,2025-11-11 05:00:00,ON,39.86,8398.6,53.79,39.9,45.5,240.0,-0.02,3,19.46,0.0,504.25,473438.98999999976,2.3900000000000006,39.86000000000058,16.677824267782665,0,0.0,19.46,0.02,0.03,0.023,3600,1.0,19.90758,0,13,7200,53.79,0.0006638888888888891,0.0004611111111111113,116653.01204819272,1944.2168674698785,32.40361445783131,0,2.282301848683798,0,16.677824267782665,0,0,0,0,0.005405555555555556,9950.87358684481,2.764131551901336,0.05995985950827812,0.4149560117302053,0,LOW,LOW
VEH_002,68b89b2d4f65cd554d7512ab,2025-11-11 06:00:00,ON,34.02,8432.62,51.75,40.1,46.9,241.0,-0.07,12,17.71,0.0,506.29,473438.98999999976,2.039999999999999,34.02000000000044,16.676470588235514,0,0.0,17.71,0.07,0.12,0.08499999999999999,3600,1.0,19.21535,0,13,10800,51.75,0.0005666666666666664,0.00046468253968253966,111366.35354397951,1856.1058923996584,30.935098206660975,0,1.9479154262976084,0,16.676470588235514,0,0,0,0,0.004919444444444445,10519.480519480518,2.9220779220779214,0.059964726631392504,0.4310850439882698,0,LOW,LOW
VEH_002,68b89b2d4f65cd554d7512ab,2025-11-11 07:00:00,ON,41.0,8473.62,49.29,40.1,49.6,242.0,-0.5,42,19.8,0.0,508.75,473438.98999999976,2.460000000000001,41.0,16.66666666666666,0,0.0,19.8,0.5,0.42,0.476,3600,1.0,29.224800000000002,0,13,14400,49.29,0.0006833333333333335,0.0004920634920634921,100169.99999999999,1669.4999999999998,27.824999999999996,0,2.3475759105879166,0,16.66666666666666,0,0,0,0,0.0055000000000000005,8961.81818181818,2.489393939393939,0.06000000000000002,0.5234604105571847,0,LOW,LOW
VEH_002,68b89b2d4f65cd554d7512ab,2025-11-11 08:00:00,ON,42.92,8516.54,46.71,39.9,47.9,243.0,-0.44,10,20.38,0.0,511.32,473438.98999999976,2.5799999999999983,42.92000000000007,16.635658914728722,0,0.0,20.38,0.44,0.1,0.33799999999999997,3600,1.0,27.268440000000002,0,13,18000,46.71,0.0007166666666666662,0.0005218253968253968,89512.69961977187,1491.8783269961978,24.864638783269964,0,2.4575111727422816,0,16.635658914728722,0,0,0,0,0.005661111111111111,8251.030421982336,2.2919528949950934,0.0601118359739048,0.7434017595307918,0,LOW,LOW
VEH_002,68b89b2d4f65cd554d7512ab,2025-11-11 09:00:00,ON,46.98,8563.53,43.9,40.5,48.2,244.0,-0.33,20,21.6,0.0,514.14,473438.98999999976,2.8100000000000023,46.98999999999978,16.72241992882553,0,0.0,21.6,0.33,0.2,0.291,3600,1.0,27.8856,0,13,21600,43.9,0.0007805555555555561,0.0005650793650793651,77688.202247191,1294.8033707865168,21.58005617977528,0,2.6905510253298948,0,16.72241992882553,0,0,0,0,0.006,7316.666666666666,2.0324074074074074,0.05979995743775304,0.20087976539589442,0,MEDIUM,LOW
VEH_002,68b89b2d4f65cd554d7512ab,2025-11-11 10:00:00,ON,40.93,8604.45,41.44,39.8,48.5,245.0,-0.44,3,19.78,0.0,516.6,473438.98999999976,2.460000000000001,40.92000000000007,16.63414634146344,0,0.0,19.78,0.44,0.03,0.317,3600,1.0,26.05026,0,13,25200,41.44,0.0006833333333333335,0.0006626984126984127,62532.215568862266,1042.2035928143712,17.37005988023952,0,2.342995274664822,0,16.63414634146344,0,0,0,0,0.005494444444444445,7542.163801820019,2.095045500505561,0.060117302052785836,0.749266862170088,0,MEDIUM,LOW
VEH_002,68b89b2d4f65cd554d7512ab,2025-11-11 11:00:00,ON,43.06,8647.51,38.86,39.6,47.0,246.0,0.16,37,20.42,0.0,519.18,473438.98999999976,2.5799999999999983,43.05999999999949,16.68992248061997,0,0.0,20.42,0.16,0.37,0.22299999999999998,3600,1.0,24.97366,0,13,28800,38.86,0.0007166666666666662,0.0006873015873015873,56539.953810623556,942.3325635103926,15.70554272517321,0,2.46552728560767,0,16.68992248061997,0,0,0,0,0.005672222222222223,6850.9304603330065,1.9030362389813906,0.059916395726893376,0.3225806451612903,0,MEDIUM,LOW
VEH_002,68b89b2d4f65cd554d7512ab,2025-11-11 12:00:00,ON,41.88,8689.39,36.34,39.4,44.7,247.0,-0.13,27,20.06,0.0,521.69,473438.98999999976,2.519999999999996,41.8799999999992,16.61904761904733,0,0.0,20.06,0.13,0.27,0.172,3600,1.0,23.510319999999997,0,13,32400,36.34,0.0006999999999999989,0.0006924603174603173,52479.54154727796,874.6590257879659,14.577650429799432,0,2.3979629057419527,0,16.61904761904733,0,0,0,0,0.0055722222222222215,6521.635094715854,1.8115653040877373,0.06017191977077469,0.8093841642228738,0,MEDIUM,LOW
VEH_002,68b89b2d4f65cd554d7512ab,2025-11-11 13:00:00,ON,41.58,8730.97,33.85,39.3,47.4,248.0,0.29,20,19.97,0.0,524.19,473438.98999999976,2.490000000000002,41.57999999999993,16.69879518072285,0,0.0,19.97,0.29,0.2,0.263,3600,1.0,25.222109999999997,0,13,36000,33.85,0.0006916666666666673,0.0007103174603174604,47654.74860335195,794.2458100558658,13.237430167597765,0,2.380785521030375,0,16.69879518072285,0,0,0,0,0.005547222222222222,6102.153229844768,1.695042563845769,0.05988455988456004,0.27126099706744866,0,MEDIUM,LOW
VEH_002,68b89b2d4f65cd554d7512ab,2025-11-11 14:00:00,ON,45.75,8776.71,31.1,38.9,46.8,249.0,0.05,20,21.22,0.0,526.93,473438.98999999976,2.75,45.73999999999978,16.632727272727195,0,0.0,21.22,0.05,0.2,0.095,3600,1.0,23.235899999999997,0,13,39600,31.1,0.0007638888888888889,0.0007218253968253968,43085.21165475536,718.0868609125894,11.968114348543155,0,2.6189785890314825,0,16.632727272727195,0,0,0,0,0.005894444444444444,5276.154571159284,1.4655984919886902,0.06012243113248826,0.7580645161290323,0,MEDIUM,MEDIUM
VEH_002,68b89b2d4f65cd554d7512ab,2025-11-11 15:00:00,ON,51.26,8827.97,28.03,38.9,49.9,250.0,0.24,39,22.88,0.0,530.01,473438.98999999976,3.0700000000000003,51.26000000000022,16.697068403908865,0,0.0,22.88,0.24,0.39,0.285,3600,1.0,29.400799999999997,0,13,43200,28.03,0.0008527777777777778,0.0007412698412698412,37813.490364025696,630.2248394004283,10.503747323340471,0,2.935042467725295,0,16.697068403908865,0,0,0,0,0.006355555555555555,4410.314685314685,1.2250874125874127,0.05989075302379999,0.28005865102639294,0,MEDIUM,MEDIUM
VEH_002,68b89b2d4f65cd554d7512ab,2025-11-11 16:00:00,ON,56.23,8884.2,24.66,38.5,53.8,251.0,-0.37,16,24.37,0.0,533.38,473438.98999999976,3.370000000000001,56.23000000000138,16.685459940653224,0,0.0,24.37,0.37,0.16,0.307,3600,1.0,31.851589999999998,0,13,46800,24.66,0.0009361111111111114,0.0007634920634920634,32298.9604989605,538.3160083160084,8.971933471933472,0,3.2196144744478485,0,16.685459940653224,0,0,0,0,0.006769444444444445,3642.8395568321703,1.0118998768978251,0.059932420416146506,0.35777126099706746,0,HIGH,MEDIUM
VEH_002,68b89b2d4f65cd554d7512ab,2025-11-11 17:00:00,ON,58.77,8942.96,21.13,38.4,52.9,252.0,0.43,39,25.13,0.0,536.91,473438.98999999976,3.530000000000001,58.7599999999984,16.64589235127433,0,0.0,25.13,0.43,0.39,0.418,3600,1.0,35.634339999999995,0,13,50400,21.13,0.000980555555555556,0.0008059523809523809,26217.429837518463,436.95716395864105,7.2826193993106845,0,3.364477085515664,0,16.64589235127433,0,0,0,0,0.006980555555555555,3026.979705531238,0.8408276959808995,0.060074880871342703,0.6862170087976539,0,HIGH,MEDIUM
VEH_002,68b89b2d4f65cd554d7512ab,2025-11-11 18:00:00,ON,58.15,9001.11,17.64,38.3,53.9,253.0,0.11,22,24.94,0.0,540.4,473438.98999999976,3.4899999999999984,58.150000000001455,16.661891117478934,0,0.0,24.94,0.11,0.22,0.14300000000000002,3600,1.0,28.506420000000002,0,13,54000,17.64,0.000969444444444444,0.0008420634920634919,20948.53911404336,349.14231856738934,5.819038642789822,0,3.3295497366022135,0,16.661891117478934,0,0,0,0,0.006927777777777778,2546.271050521251,0.7072975140336808,0.06001719690455565,0.5689149560117303,0,HIGH,MEDIUM
VEH_002,68b89b2d4f65cd554d7512ab,2025-11-11 19:00:00,ON,58.44,9059.56,14.13,38.6,52.7,254.0,-0.42,42,25.03,0.0,543.9,473438.98999999976,3.51,58.44999999999891,16.652421652421342,0,0.0,25.03,0.42,0.42,0.42,3600,1.0,35.5426,0,13,57600,14.13,0.000975,0.0008813492063492065,16032.237730751911,267.2039621791985,4.453399369653309,0,3.3467271213136867,0,16.652421652421342,0,0,0,0,0.006952777777777778,2032.281262485018,0.564522572912505,0.06005132591959051,0.6407624633431085,0,HIGH,MEDIUM
VEH_002,68b89b2d4f65cd554d7512ab,2025-11-11 20:00:00,ON,60.99,9120.54,10.47,38.7,48.0,255.0,-0.04,35,25.8,0.0,547.56,473438.98999999976,3.66,60.98000000000138,16.661202185792728,0,0.0,25.8,0.04,0.35,0.133,3600,1.0,29.2314,0,13,61200,10.47,0.0010166666666666668,0.0009277777777777779,11285.029940119759,188.0838323353293,3.134730538922155,0,3.491589732381814,0,16.661202185792728,0,0,0,0,0.007166666666666667,1460.9302325581396,0.40581395348837207,0.060019678583140654,0.5718475073313783,0,HIGH,HIGH
VEH_002,68b89b2d4f65cd554d7512ab,2025-11-11 21:00:00,ON,58.58,9179.13,6.96,38.7,56.3,256.0,-0.23,37,25.08,0.0,551.08,473438.98999999976,3.5100000000000007,58.58999999999833,16.692307692307214,0,0.0,25.08,0.23,0.37,0.272,3600,1.0,31.90176,0,13,64800,6.96,0.0009750000000000002,0.0009579365079365081,7265.617232808615,121.09362054681024,2.018227009113504,0,3.3547432341790753,0,16.692307692307214,0,0,0,0,0.006966666666666666,999.043062200957,0.27751196172248804,0.059907834101384214,0.3064516129032258,0,HIGH,HIGH
VEH_002,68b89b2d4f65cd554d7512ab,2025-11-11 22:00:00,ON,51.91,9231.03,3.85,39.0,49.1,257.0,-0.43,24,23.07,0.0,554.19,473438.98999999976,3.11,51.900000000001455,16.688102893891145,0,0.0,23.07,0.43,0.24,0.373,3600,1.0,31.67511,0,13,68400,3.85,0.0008638888888888889,0.0009595238095238096,4012.4069478908186,66.87344913151364,1.1145574855252274,0,2.971687555110153,0,16.688102893891145,0,0,0,0,0.006408333333333334,600.780234070221,0.16688339835283916,0.0599229287090542,0.33284457478005863,0,HIGH,HIGH
VEH_002,68b89b2d4f65cd554d7512ab,2025-11-11 23:00:00,ON,52.39,9283.42,69.76,38.7,49.8,258.0,0.48,12,23.22,0.0,557.34,473438.98999999976,0.0,52.38999999999942,0.0,0,0.0,23.22,0.48,0.12,0.37199999999999994,3600,1.0,31.857839999999996,1,14,0,69.76,0.0,0.0008257936507936509,84476.3094666026,1407.9384911100433,23.46564151850072,0,2.999743950139014,0,0.0,0,0,0,0,0.00645,10815.503875968992,3.004306632213609,0.0,0.018328445747800588,0,LOW,LOW
VEH_002,68b89b2d4f65cd554d7512ab,2025-11-12 00:00:00,ON,53.71,9337.13,66.53,39.0,53.6,259.0,0.16,10,23.61,0.0,560.56,473438.98999999976,3.230000000000004,53.70999999999913,16.62848297213593,0,0.0,23.61,0.16,0.1,0.142,3600,1.0,26.962619999999998,0,14,3600,66.53,0.0008972222222222233,0.0008138888888888891,81743.34470989759,1362.3890784982932,22.70648464163822,0,3.0753244428701203,0,16.62848297213593,0,0,0,0,0.0065583333333333335,10144.345616264294,2.8178737822956372,0.060137776950289636,0.7741935483870968,0,LOW,LOW
VEH_002,68b89b2d4f65cd554d7512ab,2025-11-12 01:00:00,ON,46.41,9383.54,63.75,39.3,50.1,260.0,-0.4,39,21.42,0.0,563.34,473438.98999999976,2.780000000000001,46.41000000000167,16.69424460431714,0,0.0,21.42,0.4,0.39,0.39699999999999996,3600,1.0,29.923740000000002,0,14,7200,63.75,0.0007722222222222225,0.000785714285714286,81136.36363636362,1352.272727272727,22.537878787878782,0,2.6573414148875396,0,16.69424460431714,0,0,0,0,0.00595,10714.285714285714,2.976190476190476,0.05990088343029306,0.29472140762463345,0,LOW,LOW
VEH_002,68b89b2d4f65cd554d7512ab,2025-11-12 02:00:00,ON,45.32,9428.87,61.03,38.9,54.3,261.0,0.44,29,21.1,0.0,566.06,473438.98999999976,2.719999999999999,45.32999999999993,16.66544117647057,0,0.0,21.1,0.44,0.29,0.395,3600,1.0,29.434500000000003,0,14,10800,61.03,0.0007555555555555552,0.0007543650793650796,80902.47238295632,1348.3745397159387,22.472908995265644,0,2.5955028299256115,0,16.66544117647057,0,0,0,0,0.005861111111111111,10412.701421800948,2.8924170616113747,0.06000441208912427,0.5366568914956011,0,LOW,LOW
VEH_002,68b89b2d4f65cd554d7512ab,2025-11-12 03:00:00,ON,52.18,9481.04,57.9,38.5,50.5,262.0,0.49,31,23.15,0.0,569.19,473438.98999999976,3.1300000000000026,52.17000000000007,16.667731629392982,0,0.0,23.15,0.49,0.31,0.43599999999999994,3600,1.0,33.243399999999994,0,14,14400,57.9,0.0008694444444444451,0.0007333333333333336,78954.54545454543,1315.9090909090905,21.931818181818173,0,2.987147201350531,0,16.667731629392982,0,0,0,0,0.006430555555555555,9003.887688984882,2.5010799136069117,0.059996166379145066,0.5146627565982405,0,LOW,LOW
VEH_002,68b89b2d4f65cd554d7512ab,2025-11-12 04:00:00,ON,49.25,9530.29,54.94,38.5,51.1,263.0,0.14,20,22.27,0.0,572.15,473438.98999999976,2.960000000000001,49.25,16.63851351351351,0,0.0,22.27,0.14,0.2,0.158,3600,1.0,25.788659999999997,0,14,18000,54.94,0.0008222222222222225,0.0007115079365079367,77216.28555493584,1286.9380925822638,21.4489682097044,0,2.819953990157436,0,16.63851351351351,0,0,0,0,0.006186111111111111,8881.185451279749,2.4669959586888193,0.06010152284263961,0.7236070381231672,0,LOW,LOW
VEH_002,68b89b2d4f65cd554d7512ab,2025-11-12 05:00:00,ON,56.9,9587.19,51.53,37.8,49.5,264.0,-0.45,21,24.57,0.0,575.56,473438.98999999976,3.4099999999999966,56.899999999999636,16.686217008797563,0,0.0,24.57,0.45,0.21,0.378,3600,1.0,33.85746,0,14,21600,51.53,0.0009472222222222213,0.0007234126984126987,71231.81568842565,1187.1969281404274,19.786615469007124,0,3.2579773003036974,0,16.686217008797563,0,0,0,0,0.006825,7550.18315018315,2.097273097273097,0.059929701230228796,0.3519061583577713,0,LOW,LOW
VEH_002,68b89b2d4f65cd554d7512ab,2025-11-12 06:00:00,ON,60.95,9648.14,47.87,37.9,58.4,265.0,-0.39,20,25.79,0.0,579.22,473438.98999999976,3.6600000000000037,60.94999999999891,16.65300546448056,0,0.0,25.79,0.39,0.2,0.33299999999999996,3600,1.0,34.37807,0,14,25200,47.87,0.0010166666666666677,0.000868650793650794,55108.45134764731,918.4741891274551,15.307903152124252,0,3.4898719939105107,0,16.65300546448056,0,0,0,0,0.007163888888888889,6682.124854594804,1.856145792943001,0.06004922067268366,0.6319648093841642,0,LOW,LOW
VEH_002,68b89b2d4f65cd554d7512ab,2025-11-12 07:00:00,ON,64.57,9712.71,44.0,38.0,55.3,266.0,0.34,12,26.87,0.0,583.09,473438.98999999976,3.8699999999999974,64.56999999999971,16.68475452196376,0,0.0,26.87,0.34,0.12,0.27399999999999997,3600,1.0,34.23238,0,14,28800,44.0,0.0010749999999999994,0.0008940476190476191,49214.38082556591,820.2396804260985,13.670661340434975,0,3.697145769430758,0,16.68475452196376,0,0,0,0,0.007463888888888889,5895.050241905471,1.637513956084853,0.05993495431314875,0.36656891495601174,0,MEDIUM,LOW
VEH_002,68b89b2d4f65cd554d7512ab,2025-11-12 08:00:00,ON,63.18,9775.89,40.21,37.4,56.4,267.0,-0.39,22,26.45,0.0,586.88,473438.98999999976,3.789999999999999,63.18000000000029,16.67018469657,0,0.0,26.45,0.39,0.22,0.33899999999999997,3600,1.0,35.41655,0,14,32400,40.21,0.0010527777777777775,0.0009341269841269841,43045.53950722175,717.4256584536959,11.957094307561597,0,3.6175572202669573,0,16.67018469657,0,0,0,0,0.007347222222222222,5472.816635160681,1.520226843100189,0.05998733776511525,0.48826979472140764,0,MEDIUM,LOW
VEH_002,68b89b2d4f65cd554d7512ab,2025-11-12 09:00:00,ON,66.2,9842.09,36.24,38.0,54.1,268.0,-0.04,15,27.36,0.0,590.86,473438.98999999976,3.969999999999999,66.20000000000073,16.67506297229238,0,0.0,27.36,0.04,0.15,0.073,3600,1.0,29.35728,0,14,36000,36.24,0.0011027777777777774,0.0009837301587301585,36839.37071399759,613.9895118999598,10.233158531665996,0,3.7904762263639458,0,16.67506297229238,0,0,0,0,0.0076,4768.421052631579,1.324561403508772,0.05996978851963679,0.44574780058651026,0,MEDIUM,MEDIUM
VEH_002,68b89b2d4f65cd554d7512ab,2025-11-12 10:00:00,ON,71.19,9913.28,31.96,38.2,55.1,269.0,0.38,33,28.86,0.0,595.13,473438.98999999976,4.280000000000001,71.19000000000051,16.633177570093572,0,0.0,28.86,0.38,0.33,0.365,3600,2.0,39.3939,0,14,39600,31.96,0.0011888888888888893,0.0010293650793650791,31048.265227447966,517.4710871241327,8.624518118735546,0,4.076193392067194,0,16.633177570093572,0,0,0,0,0.008016666666666667,3986.6943866943866,1.1074151074151073,0.06012080348363493,0.7565982404692082,0,MEDIUM,MEDIUM
VEH_002,68b89b2d4f65cd554d7512ab,2025-11-12 11:00:00,ON,66.46,9979.74,27.98,37.9,52.8,270.0,-0.14,12,27.44,0.0,599.11,473438.98999999976,3.9800000000000004,66.45999999999913,16.698492462311336,0,0.0,27.44,0.14,0.12,0.134,3600,1.0,31.11696,0,14,43200,27.98,0.0011055555555555556,0.0010698412698412697,26153.412462908014,435.89020771513356,7.264836795252227,0,3.8053632931139236,0,16.698492462311336,0,0,0,0,0.007622222222222223,3670.8454810495623,1.0196793002915452,0.05988564550105406,0.2756598240469208,0,MEDIUM,MEDIUM
VEH_002,68b89b2d4f65cd554d7512ab,2025-11-12 12:00:00,ON,67.08,10046.82,23.95,38.1,56.7,271.0,-0.49,33,27.62,0.0,603.14,473438.98999999976,4.030000000000001,67.07999999999993,16.64516129032256,0,0.0,27.62,0.49,0.33,0.44199999999999995,3600,1.0,39.82804,0,14,46800,23.95,0.0011194444444444448,0.0010944444444444445,21883.248730964464,364.72081218274104,6.078680203045685,0,3.840863221517982,0,16.64516129032256,0,0,0,0,0.007672222222222223,3121.650977552498,0.8671252715423605,0.06007751937984504,0.6920821114369502,0,HIGH,MEDIUM
VEH_002,68b89b2d4f65cd554d7512ab,2025-11-12 13:00:00,ON,71.21,10118.03,19.68,38.2,57.0,272.0,0.0,3,28.86,0.0,607.41,473438.98999999976,4.27,71.21000000000095,16.676814988290623,0,0.0,28.86,0.0,0.03,0.009,3600,2.0,29.119739999999997,0,14,50400,19.68,0.001186111111111111,0.0011186507936507936,17592.621496984746,293.2103582830791,4.886839304717985,0,4.077338551047994,0,16.676814988290623,0,0,0,0,0.008016666666666667,2454.8856548856547,0.6819126819126818,0.059963488274118,0.4252199413489736,0,HIGH,MEDIUM
VEH_002,68b89b2d4f65cd554d7512ab,2025-11-12 14:00:00,ON,69.38,10187.41,15.52,38.7,55.5,273.0,0.16,39,28.31,0.0,611.57,473438.98999999976,4.16,69.3799999999992,16.67788461538442,0,0.0,28.31,0.16,0.39,0.22899999999999998,3600,1.0,34.79299,0,14,54000,15.52,0.0011555555555555555,0.0011301587301587302,13732.58426966292,228.876404494382,3.8146067415730336,0,3.9725565043070183,0,16.67788461538442,0,0,0,0,0.007863888888888889,1973.578240904274,0.548216178028965,0.0599596425482855,0.41348973607038125,0,HIGH,MEDIUM
VEH_002,68b89b2d4f65cd554d7512ab,2025-11-12 15:00:00,ON,64.23,10251.65,56.67,38.6,54.0,274.0,-0.1,6,26.77,0.0,615.43,473438.98999999976,0.0,64.23999999999978,0.0,0,0.0,26.77,0.1,0.06,0.088,3600,1.0,29.125760000000003,1,15,0,56.67,0.0,0.0009797619047619047,57840.58323207777,964.0097205346295,16.06682867557716,0,3.678250646247981,0,0.0,0,0,0,0,0.007436111111111111,7620.918939110945,2.116921927530818,0.0,0.018328445747800588,0,LOW,LOW
VEH_002,68b89b2d4f65cd554d7512ab,2025-11-12 16:00:00,ON,63.93,10315.58,52.83,38.1,55.3,275.0,0.06,3,26.68,0.0,619.26,473438.98999999976,3.8400000000000034,63.93000000000029,16.64843750000006,0,0.0,26.68,0.06,0.03,0.051,3600,1.0,28.04068,0,15,3600,52.83,0.0010666666666666676,0.0009746031746031749,54206.67752442995,903.4446254071659,15.057410423452763,0,3.6605006820460044,0,16.64843750000006,0,0,0,0,0.007411111111111111,7128.485757121439,1.980134932533733,0.06006569685593596,0.6686217008797654,0,LOW,LOW
VEH_002,68b89b2d4f65cd554d7512ab,2025-11-12 17:00:00,ON,56.78,10372.35,49.43,37.8,56.8,276.0,-0.48,18,24.53,0.0,622.67,473438.98999999976,3.3999999999999986,56.77000000000044,16.69705882352955,0,0.0,24.53,0.48,0.18,0.38999999999999996,3600,1.0,34.0967,0,15,7200,49.43,0.000944444444444444,0.0009396825396825398,52602.87162162161,876.7145270270269,14.61190878378378,0,3.2505337669287084,0,16.69705882352955,0,0,0,0,0.006813888888888889,7254.300856094577,2.0150835711373825,0.059890787387704286,0.28152492668621704,0,LOW,LOW
VEH_002,68b89b2d4f65cd554d7512ab,2025-11-12 18:00:00,ON,56.75,10429.1,46.02,38.5,52.3,277.0,0.28,37,24.52,0.0,626.08,473438.98999999976,3.4099999999999966,56.75,16.64222873900295,0,0.0,24.52,0.28,0.37,0.307,3600,1.0,32.04764,0,15,10800,46.02,0.0009472222222222213,0.0009170634920634919,50181.91259195155,836.3652098658591,13.939420164430986,0,3.2493886079479086,0,16.64222873900295,0,0,0,0,0.006811111111111111,6756.606851549756,1.876835236541599,0.06008810572687218,0.7111436950146628,0,LOW,LOW
VEH_002,68b89b2d4f65cd554d7512ab,2025-11-12 19:00:00,ON,52.1,10481.2,42.9,38.3,45.5,278.0,-0.38,48,23.13,0.0,629.2,473438.98999999976,3.1200000000000045,52.100000000000364,16.69871794871804,0,0.0,23.13,0.38,0.48,0.4099999999999999,3600,1.0,32.613299999999995,0,15,14400,42.9,0.0008666666666666679,0.000880952380952381,48697.29729729729,811.6216216216216,13.527027027027026,0,2.9831391449178364,0,16.69871794871804,0,0,0,0,0.006425,6677.04280155642,1.8547341115434501,0.05988483685220696,0.2727272727272727,0,MEDIUM,LOW
VEH_002,68b89b2d4f65cd554d7512ab,2025-11-12 20:00:00,ON,51.05,10532.25,39.83,38.4,54.7,279.0,0.5,44,22.81,0.0,632.27,473438.98999999976,3.0700000000000003,51.04999999999927,16.628664495113767,0,0.0,22.81,0.5,0.44,0.482,3600,1.0,33.80442,0,15,18000,39.83,0.0008527777777777778,0.0008333333333333335,47795.999999999985,796.5999999999998,13.276666666666662,0,2.923018298427108,0,16.628664495113767,0,0,0,0,0.006336111111111111,6286.1902674265675,1.7461639631740464,0.06013712047012819,0.7727272727272727,0,MEDIUM,LOW
VEH_002,68b89b2d4f65cd554d7512ab,2025-11-12 21:00:00,ON,45.82,10578.08,37.08,38.7,50.7,280.0,0.49,10,21.25,0.0,635.01,473438.98999999976,2.75,45.82999999999993,16.66545454545452,0,0.0,21.25,0.49,0.1,0.373,3600,1.0,29.17625,0,15,21600,37.08,0.0007638888888888889,0.0007773809523809525,47698.62174578866,794.9770290964776,13.24961715160796,0,2.6241318044449766,0,16.66545454545452,0,0,0,0,0.005902777777777778,6281.788235294118,1.7449411764705882,0.06000436395374219,0.5351906158357771,0,MEDIUM,LOW
VEH_002,68b89b2d4f65cd554d7512ab,2025-11-12 22:00:00,ON,49.66,10627.74,34.1,38.3,51.4,281.0,-0.33,42,22.4,0.0,637.99,473438.98999999976,2.979999999999997,49.659999999999854,16.66442953020131,0,0.0,22.4,0.33,0.42,0.357,3600,1.0,30.3968,0,15,25200,34.1,0.0008277777777777769,0.0008956349206349207,38073.54895879486,634.5591493132476,10.575985821887462,0,2.843429749263307,0,16.66442953020131,0,0,0,0,0.006222222222222222,5480.357142857143,1.5223214285714286,0.060008054772452794,0.5498533724340176,0,MEDIUM,LOW
VEH_002,68b89b2d4f65cd554d7512ab,2025-11-12 23:00:00,ON,42.05,10669.79,31.58,38.3,43.4,282.0,0.44,41,20.12,0.0,640.52,473438.98999999976,2.520000000000003,42.05000000000109,16.68650793650835,0,0.0,20.12,0.44,0.41,0.431,3600,1.0,28.79172,0,15,28800,31.58,0.0007000000000000009,0.0008432539682539682,37450.16470588235,624.1694117647058,10.402823529411764,0,2.407696757078645,0,16.68650793650835,0,0,0,0,0.005588888888888889,5650.497017892644,1.569582504970179,0.05992865636147295,0.3460410557184751,0,MEDIUM,LOW
VEH_002,68b89b2d4f65cd554d7512ab,2025-11-13 00:00:00,ON,47.7,10717.49,28.72,38.4,46.4,283.0,-0.06,4,21.81,0.0,643.38,473438.98999999976,2.8599999999999994,47.69999999999891,16.6783216783213,0,0.0,21.81,0.06,0.04,0.05399999999999999,3600,1.0,22.98774,0,15,32400,28.72,0.0007944444444444443,0.0008218253968253969,34946.595847416706,582.4432641236118,9.70738773539353,0,2.7312041691473428,0,16.6783216783213,0,0,0,0,0.006058333333333333,4740.577716643741,1.3168271435121504,0.05995807127882736,0.4090909090909091,0,MEDIUM,MEDIUM
VEH_002,68b89b2d4f65cd554d7512ab,2025-11-13 01:00:00,ON,50.99,10768.48,25.66,37.3,50.2,284.0,-0.49,23,22.8,0.0,646.44,473438.98999999976,3.0599999999999987,50.98999999999978,16.663398692810393,0,0.0,22.8,0.49,0.23,0.412,3600,1.0,32.193599999999996,0,15,36000,25.66,0.0008499999999999996,0.0008079365079365082,31759.9214145383,529.3320235756383,8.822200392927305,0,2.919582821484813,0,16.663398692810393,0,0,0,0,0.006333333333333333,4051.5789473684213,1.1254385964912281,0.060011767013140066,0.5557184750733137,0,MEDIUM,MEDIUM
VEH_002,68b89b2d4f65cd554d7512ab,2025-11-13 02:00:00,ON,43.9,10812.38,23.03,36.9,49.6,285.0,-0.05,12,20.67,0.0,649.07,473438.98999999976,2.629999999999999,43.899999999999636,16.692015209125344,0,0.0,20.67,0.05,0.12,0.071,3600,1.0,22.13757,0,15,39600,23.03,0.0007305555555555553,0.0007884920634920633,29207.649723200815,486.7941620533469,8.11323603422245,0,2.5136239628002115,0,16.692015209125344,0,0,0,0,0.0057416666666666675,4011.030478955007,1.1141751330430574,0.05990888382687975,0.3093841642228739,0,HIGH,MEDIUM
VEH_002,68b89b2d4f65cd554d7512ab,2025-11-13 03:00:00,ON,40.19,10852.58,20.61,36.8,47.9,286.0,0.06,20,19.56,0.0,651.48,473438.98999999976,2.4200000000000017,40.20000000000073,16.611570247934175,0,0.0,19.56,0.06,0.2,0.102,3600,1.0,21.55512,0,15,43200,20.61,0.0006722222222222227,0.0007626984126984127,27022.476586888657,450.3746097814776,7.5062434963579605,0,2.3017695513569745,0,16.611570247934175,0,0,0,0,0.0054333333333333326,3793.2515337423315,1.053680981595092,0.06019900497512333,0.8372434017595308,0,HIGH,MEDIUM
VEH_002,68b89b2d4f65cd554d7512ab,2025-11-13 04:00:00,ON,40.71,10893.29,18.17,36.6,48.3,287.0,0.06,6,19.71,0.0,653.93,473438.98999999976,2.4399999999999977,40.710000000000946,16.6844262295086,0,0.0,19.71,0.06,0.06,0.06,3600,1.0,20.8926,0,15,46800,18.17,0.0006777777777777771,0.0007503968253968253,24213.855103120048,403.56425171866744,6.726070861977791,0,2.330971105366739,0,16.6844262295086,0,0,0,0,0.005475,3318.721461187215,0.9218670725520042,0.059936133628099755,0.3709677419354839,0,HIGH,MEDIUM
VEH_002,68b89b2d4f65cd554d7512ab,2025-11-13 05:00:00,ON,39.01,10932.3,15.83,36.6,46.9,288.0,0.48,4,19.2,0.0,656.27,473438.98999999976,2.3400000000000016,39.0099999999984,16.670940170939474,0,0.0,19.2,0.48,0.04,0.348,3600,1.0,25.881599999999995,0,15,50400,15.83,0.0006500000000000004,0.0007250000000000001,21834.48275862069,363.90804597701145,6.0651340996168575,0,2.2336325920007525,0,16.670940170939474,0,0,0,0,0.005333333333333333,2968.125,0.8244791666666667,0.05998461932837984,0.4838709677419355,0,HIGH,MEDIUM
VEH_002,68b89b2d4f65cd554d7512ab,2025-11-13 06:00:00,ON,41.48,10973.77,13.34,37.6,48.2,289.0,-0.15,40,19.94,0.0,658.76,473438.98999999976,2.49,41.470000000001164,16.654618473896047,0,0.0,19.94,0.15,0.4,0.22499999999999998,3600,1.0,24.426500000000004,0,15,54000,13.34,0.0006916666666666667,0.0007238095238095238,18430.263157894737,307.17105263157896,5.119517543859649,0,2.374487146636186,0,16.654618473896047,0,0,0,0,0.005538888888888889,2408.4252758274824,0.6690070210631895,0.0600434048709894,0.6143695014662757,0,HIGH,MEDIUM
VEH_002,68b89b2d4f65cd554d7512ab,2025-11-13 07:00:00,ON,33.83,11007.6,11.31,37.7,46.7,290.0,0.48,33,17.65,0.0,660.79,473438.98999999976,2.0299999999999994,33.82999999999993,16.66502463054184,0,0.0,17.65,0.48,0.33,0.43499999999999994,3600,1.0,25.327749999999998,0,15,57600,11.31,0.0005638888888888887,0.0006908730158730157,16370.591614014938,272.84319356691566,4.547386559448594,0,1.9370364159802205,0,16.66502463054184,0,0,0,0,0.004902777777777778,2306.8555240793203,0.6407932011331445,0.060005911912503804,0.5425219941348973,0,HIGH,MEDIUM
VEH_002,68b89b2d4f65cd554d7512ab,2025-11-13 08:00:00,ON,32.29,11039.89,9.37,38.5,41.7,291.0,0.35,9,17.19,0.0,662.72,473438.98999999976,1.9400000000000013,32.289999999999054,16.64432989690672,0,0.0,17.19,0.35,0.09,0.27199999999999996,3600,1.0,21.86568,0,15,61200,9.37,0.0005388888888888892,0.0006464285714285713,14495.027624309392,241.58379373848987,4.026396562308165,0,1.8488591744605267,0,16.64432989690672,0,0,0,0,0.004775000000000001,1962.3036649214655,0.5450843513670738,0.06008052028491973,0.6994134897360704,0,HIGH,MEDIUM
VEH_002,68b89b2d4f65cd554d7512ab,2025-11-13 09:00:00,ON,26.94,11066.84,7.76,38.7,37.5,292.0,0.15,21,15.58,0.0,664.34,473438.98999999976,1.6099999999999994,26.950000000000728,16.739130434783068,0,0.0,15.58,0.15,0.21,0.16799999999999998,3600,0.0,18.19744,0,15,64800,7.76,0.00044722222222222206,0.000605952380952381,12806.286836935167,213.43811394891947,3.5573018991486576,0,1.5431017265938063,0,16.739130434783068,0,0,0,0,0.004327777777777778,1793.0680359435173,0.4980744544287548,0.05974025974025811,0.16862170087976538,0,HIGH,HIGH
VEH_002,68b89b2d4f65cd554d7512ab,2025-11-13 10:00:00,ON,23.59,11090.43,6.34,38.3,37.0,293.0,0.37,25,14.58,0.0,665.76,473438.98999999976,1.42,23.590000000000146,16.61267605633813,0,0.0,14.58,0.37,0.25,0.334,3600,0.0,19.449720000000003,0,15,68400,6.34,0.00039444444444444444,0.0005662698412698413,11196.075683251574,186.60126138752625,3.1100210231254373,0,1.3507150178236411,0,16.61267605633813,0,0,0,0,0.00405,1565.432098765432,0.4348422496570645,0.06019499788045745,0.8328445747800587,0,HIGH,HIGH
VEH_002,68b89b2d4f65cd554d7512ab,2025-11-13 11:00:00,ON,20.88,11111.31,5.09,38.3,40.6,294.0,-0.05,27,13.76,0.0,667.01,473438.98999999976,1.25,20.8799999999992,16.70399999999936,0,0.0,13.76,0.05,0.27,0.11599999999999999,3600,0.0,15.356160000000001,0,15,72000,5.09,0.00034722222222222224,0.0005190476190476192,9806.422018348621,163.44036697247702,2.7240061162079505,0,1.1955459759286295,0,16.70399999999936,0,0,0,0,0.003822222222222222,1331.6860465116279,0.3699127906976744,0.05986590038314406,0.2565982404692082,0,HIGH,HIGH
VEH_002,68b89b2d4f65cd554d7512ab,2025-11-13 12:00:00,ON,25.23,11136.54,45.53,38.5,45.1,295.0,0.04,34,15.07,0.0,668.52,473438.98999999976,0.0,25.230000000001382,0.0,0,0.0,15.07,0.04,0.34,0.13,3600,0.0,17.0291,1,16,0,45.53,0.0,0.0004261904761904762,106830.16759776536,1780.5027932960895,29.675046554934823,0,1.4446180542472287,0,0.0,0,0,0,0,0.004186111111111111,10876.443264764433,3.0212342402123427,0.0,0.018328445747800588,0,LOW,LOW
VEH_002,68b89b2d4f65cd554d7512ab,2025-11-13 13:00:00,ON,18.92,11155.45,44.4,38.4,39.8,296.0,0.28,10,13.17,0.0,669.66,473438.98999999976,1.1300000000000026,18.909999999999854,16.734513274336116,0,0.0,13.17,0.28,0.1,0.226,3600,0.0,16.14642,0,16,3600,44.4,0.0003138888888888896,0.0003722222222222223,119283.5820895522,1988.0597014925368,33.13432835820895,0,1.0827478163223696,0,16.734513274336116,0,0,0,0,0.0036583333333333333,12136.674259681093,3.37129840546697,0.05975674246430519,0.17595307917888564,0,MEDIUM,LOW
VEH_002,68b89b2d4f65cd554d7512ab,2025-11-13 14:00:00,ON,14.18,11169.63,43.55,38.9,41.7,297.0,0.08,20,11.75,0.0,670.51,473438.98999999976,0.8500000000000014,14.179999999998472,16.682352941174646,0,0.0,11.75,0.08,0.2,0.11599999999999999,3600,0.0,13.113000000000001,0,16,7200,43.55,0.0002361111111111115,0.0003253968253968255,133836.5853658536,2230.60975609756,37.176829268292664,0,0.8119177173690992,0,16.682352941174646,0,0,0,0,0.003263888888888889,13342.978723404254,3.706382978723404,0.05994358251058484,0.3812316715542522,0,MEDIUM,LOW
VEH_002,68b89b2d4f65cd554d7512ab,2025-11-13 15:00:00,ON,11.17,11180.8,42.88,38.6,31.6,298.0,0.06,1,10.85,0.0,671.18,473438.98999999976,0.6699999999999946,11.170000000000073,16.67164179104502,0,0.0,10.85,0.06,0.01,0.045,3600,0.0,11.338249999999999,0,16,10800,42.88,0.0001861111111111096,0.0002749999999999999,155927.2727272728,2598.78787878788,43.31313131313133,0,0.6395712907626145,0,16.67164179104502,0,0,0,0,0.003013888888888889,14227.46543778802,3.9520737327188944,0.059982094897044785,0.4736070381231672,0,MEDIUM,LOW
VEH_002,68b89b2d4f65cd554d7512ab,2025-11-13 16:00:00,ON,8.24,11189.05,42.38,39.1,36.9,299.0,0.48,32,9.97,0.0,671.67,473438.98999999976,0.5,8.25,16.5,0,0.0,9.97,0.48,0.32,0.43199999999999994,3600,0.0,14.27704,0,16,14400,42.38,0.0001388888888888889,0.0002309523809523809,183501.03092783512,3058.350515463919,50.97250859106531,0,0.47237807956951977,0,16.5,0,0,0,0,0.0027694444444444446,15302.708124373119,4.250752256770311,0.06060606060606061,0.9618768328445748,0,MEDIUM,LOW
VEH_002,68b89b2d4f65cd554d7512ab,2025-11-13 17:00:00,ON,9.81,11198.86,41.79,39.3,41.5,300.0,0.32,36,10.44,0.0,672.26,473438.98999999976,0.5900000000000034,9.81000000000131,16.62711864406992,0,0.0,10.44,0.32,0.36,0.33199999999999996,3600,0.0,13.906079999999998,0,16,18000,41.79,0.00016388888888888985,0.0001980158730158731,211043.68737474942,3517.394789579157,58.62324649298595,0,0.561700480070013,0,16.62711864406992,0,0,0,0,0.0029,14410.344827586208,4.002873563218391,0.060142711518850624,0.7800586510263929,0,MEDIUM,LOW
VEH_002,68b89b2d4f65cd554d7512ab,2025-11-13 18:00:00,ON,8.86,11207.72,41.26,38.9,37.8,301.0,0.47,44,10.16,0.0,672.79,473438.98999999976,0.5300000000000011,8.859999999998763,16.7169811320731,0,0.0,10.16,0.47,0.44,0.46099999999999997,3600,0.0,14.843759999999998,0,16,21600,41.26,0.00014722222222222255,0.00016944444444444458,243501.63934426208,4058.360655737701,67.63934426229503,0,0.507305428483074,0,16.7169811320731,0,0,0,0,0.002822222222222222,14619.685039370079,4.061023622047244,0.05981941309255927,0.20821114369501467,0,MEDIUM,LOW
VEH_002,68b89b2d4f65cd554d7512ab,2025-11-13 19:00:00,ON,16.6,11224.32,40.27,39.5,37.5,302.0,0.38,30,12.48,0.0,673.79,473438.98999999976,0.9899999999999949,16.600000000000364,16.767676767677223,0,0.0,12.48,0.38,0.3,0.356,3600,0.0,16.92288,0,16,25200,40.27,0.00027499999999999855,0.00020873015873015864,192928.51711026626,3215.475285171104,53.59125475285174,0,0.9504819540429333,0,16.767676767677223,0,0,0,0,0.003466666666666667,11616.346153846154,3.2267628205128207,0.059638554216865855,0.11363636363636363,0,MEDIUM,LOW
VEH_002,68b89b2d4f65cd554d7512ab,2025-11-13 20:00:00,ON,19.1,11243.42,39.12,39.7,39.7,303.0,-0.12,34,13.23,0.0,674.94,473438.98999999976,1.1500000000000057,19.100000000000364,16.60869565217415,0,0.0,13.23,0.12,0.34,0.186,3600,0.0,15.69078,0,16,28800,39.12,0.00031944444444444604,0.0002095238095238096,186709.09090909082,3111.8181818181806,51.86363636363634,0,1.0936268266397575,0,16.60869565217415,0,0,0,0,0.0036750000000000003,10644.897959183672,2.956916099773242,0.06020942408376878,0.8460410557184751,0,MEDIUM,LOW
VEH_002,68b89b2d4f65cd554d7512ab,2025-11-13 21:00:00,ON,14.1,11257.52,38.27,39.9,43.9,304.0,-0.19,10,11.73,0.0,675.78,473438.98999999976,0.8499999999999943,14.100000000000364,16.588235294118185,0,0.0,11.73,0.19,0.1,0.16299999999999998,3600,0.0,13.641990000000002,0,16,32400,38.27,0.00023611111111110952,0.00020952380952380927,182652.27272727297,3044.2045454545496,50.73674242424249,0,0.8073370814461092,0,16.588235294118185,0,0,0,0,0.0032583333333333336,11745.268542199488,3.2625745950554133,0.06028368794326045,0.8929618768328446,0,MEDIUM,LOW
VEH_002,68b89b2d4f65cd554d7512ab,2025-11-13 22:00:00,ON,20.52,11278.04,37.04,40.0,43.3,305.0,0.38,29,13.66,0.0,677.01,473438.98999999976,1.230000000000004,20.520000000000437,16.682926829268595,0,0.0,13.66,0.38,0.29,0.353,3600,0.0,18.48198,0,16,36000,37.04,0.0003416666666666678,0.0002317460317460319,159830.13698630125,2663.835616438354,44.39726027397257,0,1.1749331142747579,0,16.682926829268595,0,0,0,0,0.0037944444444444445,9761.639824304539,2.711566617862372,0.05994152046783518,0.375366568914956,0,MEDIUM,LOW
VEH_002,68b89b2d4f65cd554d7512ab,2025-11-13 23:00:00,ON,15.3,11293.34,36.12,39.8,39.2,306.0,-0.36,40,12.09,0.0,677.93,473438.98999999976,0.9200000000000017,15.299999999999272,16.630434782607875,0,0.0,12.09,0.36,0.4,0.372,3600,0.0,16.58748,0,16,39600,36.12,0.000255555555555556,0.0002484126984126986,145403.19488817878,2423.3865814696464,40.38977635782744,0,0.8760466202925222,0,16.630434782607875,0,0,0,0,0.0033583333333333334,10755.33498759305,2.987593052109181,0.06013071895425134,0.7683284457478006,0,MEDIUM,LOW
VEH_002,68b89b2d4f65cd554d7512ab,2025-11-14 00:00:00,ON,19.14,11312.48,34.98,39.7,45.8,307.0,0.24,43,13.24,0.0,679.08,473438.98999999976,1.1400000000000006,19.139999999999418,16.78947368421001,0,0.0,13.24,0.24,0.43,0.297,3600,0.0,17.17228,0,16,43200,34.98,0.0003166666666666668,0.00027023809523809536,129441.40969162989,2157.3568281938315,35.95594713656386,0,1.0959171446012526,0,16.78947368421001,0,0,0,0,0.0036777777777777776,9511.178247734138,2.6419939577039275,0.05956112852664761,0.09824046920821114,0,MEDIUM,LOW
VEH_002,68b89b2d4f65cd554d7512ab,2025-11-14 01:00:00,ON,18.68,11331.15,33.86,39.0,41.8,308.0,-0.17,39,13.1,0.0,680.2,473438.98999999976,1.1199999999999974,18.670000000000073,16.66964285714296,0,0.0,13.1,0.17,0.39,0.236,3600,0.0,16.1916,0,16,46800,33.86,0.0003111111111111104,0.0002936507936507936,115307.02702702706,1921.7837837837842,32.02972972972974,0,1.069005908553087,0,16.66964285714296,0,0,0,0,0.003638888888888889,9305.03816793893,2.5847328244274808,0.05998928762720906,0.4941348973607038,0,MEDIUM,LOW
VEH_002,68b89b2d4f65cd554d7512ab,2025-11-14 02:00:00,ON,10.74,11341.89,33.21,38.7,40.5,309.0,-0.28,14,10.72,0.0,680.84,473438.98999999976,0.6499999999999986,10.739999999999782,16.523076923076623,0,0.0,10.72,0.28,0.14,0.23800000000000002,3600,0.0,13.271360000000001,0,16,50400,33.21,0.00018055555555555517,0.00028015873015873027,118539.94334277615,1975.6657223796026,32.927762039660045,0,0.6149503726759441,0,16.523076923076623,0,0,0,0,0.002977777777777778,11152.611940298508,3.09794776119403,0.06052141527001972,0.9516129032258065,0,MEDIUM,LOW
VEH_002,68b89b2d4f65cd554d7512ab,2025-11-14 03:00:00,ON,6.14,11348.03,32.84,38.5,38.2,310.0,0.37,38,9.34,0.0,681.21,473438.98999999976,0.36999999999999744,6.140000000001237,16.594594594598053,0,0.0,9.34,0.37,0.38,0.373,3600,0.0,12.82382,0,16,54000,32.84,0.00010277777777777706,0.000249206349206349,131778.34394904473,2196.305732484079,36.60509554140131,0,0.351563807097871,0,16.594594594598053,0,0,0,0,0.0025944444444444444,12657.815845824412,3.516059957173448,0.06026058631920569,0.8797653958944281,0,MEDIUM,LOW
VEH_002,68b89b2d4f65cd554d7512ab,2025-11-14 04:00:00,ON,11.06,11359.09,32.18,38.6,40.6,311.0,-0.5,26,10.82,0.0,681.88,473438.98999999976,0.6600000000000037,11.05999999999949,16.75757575757489,0,0.0,10.82,0.5,0.26,0.428,3600,0.0,15.45096,0,16,57600,32.18,0.00018333333333333437,0.0002416666666666668,133158.6206896551,2219.310344827585,36.98850574712642,0,0.633272916368321,0,16.75757575757489,0,0,0,0,0.0030055555555555556,10706.839186691312,2.974121996303142,0.059674502712480475,0.12463343108504399,0,MEDIUM,LOW
VEH_002,68b89b2d4f65cd554d7512ab,2025-11-14 05:00:00,ON,9.29,11368.38,31.62,38.8,35.5,312.0,-0.09,13,10.29,0.0,682.43,473438.98999999976,0.5599999999999987,9.289999999999054,16.589285714284063,0,0.0,10.29,0.09,0.13,0.10200000000000001,3600,0.0,11.33958,0,16,61200,31.62,0.0001555555555555552,0.000215079365079365,147015.49815498161,2450.2583025830268,40.83763837638378,0,0.5319263465697445,0,16.589285714284063,0,0,0,0,0.002858333333333333,11062.390670553938,3.072886297376094,0.06027987082885422,0.8900293255131965,0,MEDIUM,LOW
VEH_002,68b89b2d4f65cd554d7512ab,2025-11-14 06:00:00,ON,8.96,11377.34,64.51,38.6,38.8,313.0,0.47,2,10.19,0.0,682.97,473438.98999999976,0.0,8.960000000000946,0.0,0,0.0,10.19,0.47,0.02,0.33499999999999996,3600,0.0,13.603649999999998,1,17,0,64.51,0.0,0.0001785714285714284,361256.00000000035,6020.933333333339,100.34888888888898,0,0.513031223387072,0,0.0,0,0,0,0,0.0028305555555555553,22790.57899901865,6.330716388616292,0.0,0.018328445747800588,0,LOW,LOW
VEH_002,68b89b2d4f65cd554d7512ab,2025-11-14 07:00:00,ON,13.02,11390.36,63.73,38.4,41.3,314.0,-0.22,46,11.41,0.0,683.75,473438.98999999976,0.7800000000000082,13.020000000000437,16.692307692308077,0,0.0,11.41,0.22,0.46,0.29200000000000004,3600,0.0,14.74172,0,17,3600,63.73,0.00021666666666666896,0.00016428571428571447,387921.73913043435,6465.362318840573,107.75603864734288,0,0.7454984964842852,0,16.692307692308077,0,0,0,0,0.0031694444444444443,20107.624890446976,5.585451358457493,0.05990783410138111,0.30498533724340177,0,LOW,LOW
VEH_002,68b89b2d4f65cd554d7512ab,2025-11-14 08:00:00,ON,12.22,11402.58,63.0,38.1,37.9,315.0,-0.43,16,11.17,0.0,684.49,473438.98999999976,0.7299999999999969,12.219999999999345,16.739726027396436,0,0.0,11.17,0.43,0.16,0.349,3600,0.0,15.06833,0,17,7200,63.0,0.0002027777777777769,0.00014880952380952396,423359.9999999996,7055.999999999994,117.59999999999988,0,0.6996921372532391,0,16.739726027396436,0,0,0,0,0.0031027777777777777,20304.386750223814,5.640107430617726,0.05973813420622226,0.1656891495601173,0,LOW,LOW
VEH_002,68b89b2d4f65cd554d7512ab,2025-11-14 09:00:00,ON,8.09,11410.67,62.51,38.0,37.5,316.0,-0.2,10,9.93,0.0,684.97,473438.98999999976,0.490000000000002,8.090000000000146,16.51020408163288,0,0.0,9.93,0.2,0.1,0.16999999999999998,3600,0.0,11.618099999999998,0,17,10800,62.51,0.00013611111111111167,0.00014246031746031773,438788.8579387178,7313.147632311963,121.88579387186606,0,0.46321680772333135,0,16.51020408163288,0,0,0,0,0.002758333333333333,22662.23564954683,6.295065458207453,0.06056860321384341,0.9574780058651027,0,LOW,LOW
VEH_002,68b89b2d4f65cd554d7512ab,2025-11-14 10:00:00,ON,1.28,11411.95,62.44,37.9,37.3,317.0,0.1,3,7.88,0.0,685.05,473438.98999999976,0.07000000000000028,1.2800000000006548,18.285714285723568,0,0.0,7.88,0.1,0.03,0.07899999999999999,3600,0.0,8.502519999999999,0,17,14400,62.44,1.9444444444444523e-05,0.00013055555555555593,478263.8297872326,7971.06382978721,132.85106382978685,0,0.07329017476961147,0,18.285714285723568,0,0,0,0,0.0021888888888888887,28525.8883248731,7.923857868020305,0.054687499999972244,0.04105571847507331,0,LOW,LOW
VEH_002,68b89b2d4f65cd554d7512ab,2025-11-14 11:00:00,ON,7.31,11419.27,62.0,37.6,36.4,318.0,-0.16,15,9.69,0.0,685.49,473438.98999999976,0.4399999999999977,7.319999999999709,16.63636363636306,0,0.0,9.69,0.16,0.15,0.15699999999999997,3600,0.0,11.21133,0,17,18000,62.0,0.0001222222222222216,0.00012182539682539697,508925.08143322414,8482.084690553736,141.3680781758956,0,0.41912818696348453,0,16.63636363636306,0,0,0,0,0.0026916666666666664,23034.055727554183,6.398348813209496,0.06010928961748842,0.7419354838709677,0,LOW,LOW
VEH_002,68b89b2d4f65cd554d7512ab,2025-11-14 12:00:00,ON,3.15,11422.41,61.81,37.9,36.2,319.0,-0.44,19,8.44,0.0,685.67,473438.98999999976,0.18999999999999773,3.139999999999418,16.526315789470818,0,0.0,8.44,0.44,0.19,0.365,3600,0.0,11.5206,0,17,21600,61.81,5.277777777777715e-05,0.00010714285714285726,576893.3333333327,9614.888888888878,160.24814814814798,0,0.17978995998157782,0,16.526315789470818,0,0,0,0,0.002344444444444444,26364.45497630332,7.323459715639811,0.06050955414013788,0.9486803519061584,0,LOW,LOW
VEH_002,68b89b2d4f65cd554d7512ab,2025-11-14 13:00:00,ON,0.0,11422.41,61.78,38.3,24.9,320.0,0.24,8,0.0,0.03,685.7,473438.98999999976,0.030000000000001137,0.0,0.0,1,0.03,0.0,0.24,0.08,0.19199999999999998,3600,0.0,0.0,0,17,25200,61.78,8.333333333333649e-06,0.00010833333333333348,570276.9230769223,9504.615384615372,158.4102564102562,0,0.0,0,0.0,1,1,0,0,8.333333333333334e-06,7413600.0,2059.3333333333335,0.0,0.0,0,LOW,LOW
VEH_002,68b89b2d4f65cd554d7512ab,2025-11-14 14:00:00,ON,6.55,11428.97,61.39,38.7,38.3,321.0,0.38,0,9.47,0.0,686.1,473438.98999999976,0.39000000000000057,6.559999999999491,16.82051282051149,0,0.0,9.47,0.38,0.0,0.26599999999999996,3600,0.0,11.989020000000002,0,17,28800,61.39,0.00010833333333333349,9.285714285714271e-05,661123.0769230779,11018.717948717966,183.64529914529942,0,0.37561214569403745,0,16.82051282051149,0,0,0,0,0.0026305555555555557,23337.27560718057,6.482576557550159,0.059451219512199824,0.09090909090909091,0,LOW,LOW
VEH_002,68b89b2d4f65cd554d7512ab,2025-11-14 15:00:00,ON,0.0,11428.97,61.36,38.5,29.1,322.0,-0.04,14,0.0,0.03,686.13,473438.98999999976,0.030000000000001137,0.0,0.0,1,0.03,0.0,0.04,0.14,0.07,3600,0.0,0.0,0,17,32400,61.36,8.333333333333649e-06,6.50793650793651e-05,942848.7804878046,15714.146341463409,261.90243902439016,0,0.0,0,0.0,1,1,0,0,8.333333333333334e-06,7363200.0,2045.3333333333333,0.0,0.0,0,LOW,LOW
VEH_002,68b89b2d4f65cd554d7512ab,2025-11-14 16:00:00,ON,1.63,11430.6,61.26,38.6,35.2,323.0,0.11,37,7.99,0.0,686.23,473438.98999999976,0.10000000000000142,1.6300000000010186,16.300000000009955,0,0.0,7.99,0.11,0.37,0.188,3600,0.0,9.49212,0,17,36000,61.26,2.7777777777778172e-05,4.9603174603174596e-05,1235001.6,20583.36,343.05600000000004,0,0.09333045693318769,0,16.300000000009955,0,0,0,0,0.0022194444444444445,27601.501877346684,7.667083854818523,0.06134969325149627,0.9838709677419355,0,LOW,LOW
VEH_002,68b89b2d4f65cd554d7512ab,2025-11-14 17:00:00,ON,3.1,11433.7,61.07,39.0,33.4,324.0,0.01,27,8.43,0.0,686.41,473438.98999999976,0.18999999999999773,3.100000000000364,16.31578947368632,0,0.0,8.43,0.01,0.27,0.088,3600,0.0,9.17184,0,17,39600,61.07,5.277777777777715e-05,5.436507936507926e-05,1123331.3868613162,18722.189781021934,312.0364963503656,0,0.1774996420200828,0,16.31578947368632,0,0,0,0,0.0023416666666666664,26079.715302491106,7.2443653618030845,0.061290322580637234,0.9809384164222874,0,LOW,LOW
VEH_002,68b89b2d4f65cd554d7512ab,2025-11-14 18:00:00,ON,0.0,11433.7,61.04,39.3,27.9,325.0,0.47,43,0.0,0.03,686.44,473438.98999999976,0.030000000000001137,0.0,0.0,1,0.03,0.0,0.47,0.43,0.45799999999999996,3600,0.0,0.0,0,17,43200,61.04,8.333333333333649e-06,3.8095238095238126e-05,1602299.9999999986,26704.999999999978,445.083333333333,0,0.0,0,0.0,1,1,0,0,8.333333333333334e-06,7324800.0,2034.6666666666667,0.0,0.0,0,LOW,LOW
VEH_002,68b89b2d4f65cd554d7512ab,2025-11-14 19:00:00,ON,7.21,11440.9,60.61,39.9,38.8,326.0,0.01,22,9.66,0.0,686.87,473438.98999999976,0.4299999999999997,7.199999999998909,16.7441860465091,0,0.0,9.66,0.01,0.22,0.07300000000000001,3600,0.0,10.36518,0,17,46800,60.61,0.00011944444444444437,4.7619047619047736e-05,1272809.999999997,21213.49999999995,353.5583333333325,0,0.41225723307879114,0,16.7441860465091,0,0,0,0,0.0026833333333333336,22587.57763975155,6.274327122153209,0.05972222222223124,0.15542521994134897,0,LOW,LOW
VEH_002,68b89b2d4f65cd554d7512ab,2025-11-14 20:00:00,ON,5.72,11446.62,60.27,40.0,35.6,327.0,0.41,18,9.22,0.0,687.22,473438.98999999976,0.3399999999999963,5.720000000001164,16.823529411768313,0,0.0,9.22,0.41,0.18,0.34099999999999997,3600,0.0,12.36402,0,17,50400,60.27,9.444444444444341e-05,5.9920634920634835e-05,1005830.4635761605,16763.841059602673,279.3973509933779,0,0.32751546850160035,0,16.823529411768313,0,0,0,0,0.0025611111111111112,23532.754880694145,6.536876355748373,0.0594405594405467,0.08797653958944282,0,LOW,LOW
VEH_002,68b89b2d4f65cd554d7512ab,2025-11-14 21:00:00,ON,2.15,11448.77,60.14,39.4,35.5,328.0,0.11,44,8.14,0.0,687.35,473438.98999999976,0.13000000000000256,2.149999999999636,16.538461538458414,0,0.0,8.14,0.11,0.44,0.20900000000000002,3600,0.0,9.841260000000002,0,17,54000,60.14,3.611111111111182e-05,4.96031746031746e-05,1212422.4,20207.039999999997,336.784,0,0.12310459043324795,0,16.538461538458414,0,0,0,0,0.0022611111111111113,26597.542997542994,7.388206388206387,0.06046511627908119,0.9398826979472141,0,LOW,LOW
VEH_002,68b89b2d4f65cd554d7512ab,2025-11-14 22:00:00,ON,1.74,11450.51,60.03,39.8,41.5,329.0,0.35,48,8.02,0.0,687.45,473438.98999999976,0.10999999999999943,1.7399999999997817,15.818181818179916,0,0.0,8.02,0.35,0.48,0.38899999999999996,3600,0.0,11.13978,0,17,57600,60.03,3.05555555555554e-05,5.277777777777771e-05,1137410.526315791,18956.842105263186,315.94736842105306,0,0.09962883132737713,0,15.818181818179916,0,0,0,0,0.0022277777777777777,26946.134663341647,7.485037406483791,0.0632183908046053,0.9926686217008798,0,LOW,LOW
VEH_002,68b89b2d4f65cd554d7512ab,2025-11-14 23:00:00,ON,0.0,11450.51,60.0,40.2,25.7,330.0,0.01,42,0.0,0.03,687.48,473438.98999999976,0.030000000000001137,0.0,0.0,1,0.03,0.0,0.01,0.42,0.133,3600,0.0,0.0,0,17,61200,60.0,8.333333333333649e-06,4.999999999999992e-05,1200000.0000000019,20000.000000000033,333.3333333333338,0,0.0,0,0.0,1,1,0,0,8.333333333333334e-06,7200000.0,2000.0,0.0,0.0,0,LOW,LOW
VEH_002,68b89b2d4f65cd554d7512ab,2025-11-15 00:00:00,ON,0.0,11450.51,59.97,40.0,28.2,331.0,-0.22,16,0.0,0.03,687.51,473438.98999999976,0.030000000000001137,0.0,0.0,1,0.03,0.0,0.22,0.16,0.202,3600,0.0,0.0,0,17,64800,59.97,8.333333333333649e-06,4.365079365079371e-05,1373858.18181818,22897.636363636335,381.6272727272722,0,0.0,0,0.0,1,1,0,0,8.333333333333334e-06,7196399.999999999,1998.9999999999998,0.0,0.0,0,LOW,LOW
VEH_002,68b89b2d4f65cd554d7512ab,2025-11-15 01:00:00,ON,0.0,11450.51,59.94,40.4,24.9,332.0,0.2,18,0.0,0.03,687.54,473438.98999999976,0.030000000000001137,0.0,0.0,1,0.03,0.0,0.2,0.18,0.19399999999999998,3600,0.0,0.0,0,17,68400,59.94,8.333333333333649e-06,4.36507936507937e-05,1373170.9090909073,22886.181818181787,381.4363636363631,0,0.0,0,0.0,1,1,0,0,8.333333333333334e-06,7192799.999999999,1997.9999999999998,0.0,0.0,0,LOW,LOW
VEH_002,68b89b2d4f65cd554d7512ab,2025-11-15 02:00:00,ON,0.0,11450.51,59.91,40.4,21.7,333.0,-0.11,18,0.0,0.03,687.57,473438.98999999976,0.030000000000001137,0.0,0.0,1,0.03,0.0,0.11,0.18,0.131,3600,0.0,0.0,0,17,72000,59.91,8.333333333333649e-06,2.7777777777777888e-05,2156759.999999991,35945.999999999854,599.0999999999975,0,0.0,0,0.0,1,1,0,0,8.333333333333334e-06,7189199.999999999,1996.9999999999998,0.0,0.0,0,LOW,LOW
VEH_002,68b89b2d4f65cd554d7512ab,2025-11-15 03:00:00,ON,0.0,11450.51,59.88,40.7,23.1,334.0,0.32,38,0.0,0.03,687.6,473438.98999999976,0.02999999999999403,0.0,0.0,1,0.03,0.0,0.32,0.38,0.33799999999999997,3600,0.0,0.0,0,17,75600,59.88,8.333333333331675e-06,1.54761904761905e-05,3869169.230769225,64486.15384615375,1074.7692307692291,0,0.0,0,0.0,1,1,0,0,8.333333333333334e-06,7185600.0,1996.0,0.0,0.0,0,LOW,LOW
VEH_002,68b89b2d4f65cd554d7512ab,2025-11-15 04:00:00,ON,7.26,11457.77,59.45,41.3,39.3,335.0,-0.46,19,9.68,0.0,688.04,473438.98999999976,0.4299999999999997,7.260000000000218,16.88372093023308,0,0.0,9.68,0.46,0.19,0.379,3600,0.0,13.34872,0,17,79200,59.45,0.00011944444444444437,2.7380952380952292e-05,2171217.391304355,36186.95652173925,603.1159420289875,0,0.4156927100211899,0,16.88372093023308,0,0,0,0,0.0026888888888888887,22109.504132231406,6.141528925619835,0.059228650137739224,0.06598240469208211,0,LOW,LOW
VEH_002,68b89b2d4f65cd554d7512ab,2025-11-15 05:00:00,ON,10.25,11468.02,58.83,41.6,36.1,336.0,-0.13,18,10.57,0.0,688.65,473438.98999999976,0.6200000000000045,10.25,16.532258064516007,0,0.0,10.57,0.13,0.18,0.145,3600,0.0,12.10265,0,17,82800,58.83,0.00017222222222222348,4.7619047619047736e-05,1235429.999999997,20590.49999999995,343.17499999999916,0,0.5868939776469791,0,16.532258064516007,0,0,0,0,0.002936111111111111,20036.70766319773,5.565752128666036,0.06048780487804922,0.9442815249266863,0,LOW,LOW
VEH_002,68b89b2d4f65cd554d7512ab,2025-11-15 06:00:00,ON,11.79,11479.82,58.12,40.7,38.2,337.0,-0.18,40,11.04,0.0,689.36,473438.98999999976,0.7100000000000009,11.799999999999272,16.61971830985811,0,0.0,11.04,0.18,0.4,0.246,3600,0.0,13.75584,0,17,86400,58.12,0.00019722222222222247,7.460317460317471e-05,779055.319148935,12984.255319148917,216.40425531914863,0,0.6756437986569684,0,16.61971830985811,0,0,0,0,0.0030666666666666663,18952.17391304348,5.2644927536231885,0.06016949152542751,0.8064516129032258,0,LOW,LOW
VEH_002,68b89b2d4f65cd554d7512ab,2025-11-15 07:00:00,ON,18.86,11498.67,56.99,41.0,38.2,338.0,0.09,9,13.16,0.0,690.49,473438.98999999976,1.1299999999999955,18.850000000000364,16.68141592920393,0,0.0,13.16,0.09,0.09,0.09,3600,0.0,14.344400000000002,0,17,90000,56.99,0.00031388888888888764,0.00011825396825396814,481928.8590604032,8032.14765100672,133.86912751677866,0,1.079312339380075,0,16.68141592920393,0,0,0,0,0.0036555555555555556,15589.969604863223,4.330547112462006,0.05994694960212062,0.3870967741935484,0,LOW,LOW
VEH_002,68b89b2d4f65cd554d7512ab,2025-11-15 08:00:00,ON,18.89,11517.57,55.86,41.6,42.0,339.0,0.24,28,13.17,0.0,691.62,473438.98999999976,1.1300000000000026,18.899999999999636,16.7256637168138,0,0.0,13.17,0.24,0.28,0.252,3600,0.0,16.48884,0,17,93600,55.86,0.0003138888888888896,0.00016190476190476184,345017.64705882367,5750.294117647061,95.83823529411768,0,1.08217523683197,0,16.7256637168138,0,0,0,0,0.0036583333333333333,15269.248291571754,4.241457858769931,0.05978835978836108,0.19501466275659823,0,LOW,LOW
VEH_002,68b89b2d4f65cd554d7512ab,2025-11-15 09:00:00,ON,11.96,11529.52,55.14,41.1,34.5,340.0,-0.01,44,11.09,0.0,692.34,473438.98999999976,0.7199999999999989,11.950000000000728,16.59722222222326,0,0.0,11.09,0.01,0.44,0.139,3600,0.0,12.63151,0,17,97200,55.14,0.00019999999999999968,0.00018928571428571413,291305.6603773587,4855.094339622646,80.91823899371076,0,0.6842324910128612,0,16.59722222222326,0,0,0,0,0.0030805555555555556,17899.36880072137,4.9720468890892695,0.06025104602510084,0.8709677419354839,0,LOW,LOW
VEH_002,68b89b2d4f65cd554d7512ab,2025-11-15 10:00:00,ON,10.35,11539.87,54.52,40.9,36.8,341.0,-0.03,23,10.6,0.0,692.96,473438.98999999976,0.6199999999999974,10.350000000000364,16.69354838709743,0,0.0,10.6,0.03,0.23,0.09,3600,0.0,11.554,0,17,100800,54.52,0.0001722222222222215,0.00021269841269841268,256325.3731343284,4272.089552238806,71.20149253731344,0,0.5926197725508728,0,16.69354838709743,0,0,0,0,0.0029444444444444444,18516.22641509434,5.143396226415095,0.059903381642509725,0.30058651026392963,0,LOW,LOW
VEH_002,68b89b2d4f65cd554d7512ab,2025-11-15 11:00:00,ON,12.78,11552.65,53.75,41.1,37.4,342.0,0.17,8,11.33,0.0,693.73,473438.98999999976,0.7700000000000031,12.779999999998836,16.597402597401018,0,0.0,11.33,0.17,0.08,0.143,3600,0.0,12.950190000000001,0,17,104400,53.75,0.00021388888888888976,0.00022619047619047632,237631.57894736828,3960.5263157894715,66.00877192982452,0,0.7317565887148985,0,16.597402597401018,0,0,0,0,0.0031472222222222223,17078.55251544572,4.744042365401589,0.06025039123631246,0.8695014662756598,0,LOW,LOW
VEH_002,68b89b2d4f65cd554d7512ab,2025-11-15 12:00:00,ON,9.68,11562.34,53.17,41.8,41.5,343.0,0.32,27,10.41,0.0,694.31,473438.98999999976,0.5799999999999983,9.69000000000051,16.706896551725066,0,0.0,10.41,0.32,0.27,0.305,3600,0.0,13.585049999999999,0,17,108000,53.17,0.00016111111111111062,0.00022460317460317445,236728.6219081274,3945.4770318021233,65.75795053003539,0,0.5548295261853197,0,16.706896551725066,0,0,0,0,0.0028916666666666665,18387.319884726225,5.107588856868396,0.05985552115582743,0.24633431085043989,0,LOW,LOW
VEH_002,68b89b2d4f65cd554d7512ab,2025-11-15 13:00:00,ON,10.95,11573.29,52.52,41.7,38.2,344.0,0.03,33,10.79,0.0,694.97,473438.98999999976,0.6499999999999986,10.950000000000728,16.846153846155,0,0.0,10.79,0.03,0.33,0.12,3600,0.0,12.0848,0,17,111600,52.52,0.00018055555555555517,0.00022222222222222202,236340.00000000023,3939.000000000004,65.65000000000006,0,0.6269745419741315,0,16.846153846155,0,0,0,0,0.002997222222222222,17522.89156626506,4.867469879518072,0.05936073059360323,0.07917888563049853,0,LOW,LOW
VEH_002,68b89b2d4f65cd554d7512ab,2025-11-15 14:00:00,ON,5.62,11578.91,52.18,41.6,34.3,345.0,-0.47,17,9.19,0.0,695.3,473438.98999999976,0.3400000000000034,5.619999999998981,16.529411764702722,0,0.0,9.19,0.47,0.17,0.37999999999999995,3600,0.0,12.682199999999998,0,17,115200,52.18,9.444444444444539e-05,0.000190873015873016,273375.4677754676,4556.257796257793,75.9376299376299,0,0.3217896735976024,0,16.529411764702722,0,0,0,0,0.0025527777777777775,20440.478781284008,5.677910772578891,0.06049822064058097,0.9472140762463344,0,LOW,LOW
VEH_002,68b89b2d4f65cd554d7512ab,2025-11-15 15:00:00,ON,7.81,11586.72,51.71,41.4,37.1,346.0,-0.19,37,9.84,0.0,695.77,473438.98999999976,0.46999999999999886,7.809999999999491,16.617021276594702,0,0.0,9.84,0.19,0.37,0.244,3600,0.0,12.24096,0,17,118800,51.71,0.00013055555555555523,0.0001646825396825396,313998.0722891568,5233.3012048192795,87.221686746988,0,0.44718458199244954,0,16.617021276594702,0,0,0,0,0.0027333333333333333,18918.29268292683,5.255081300813008,0.06017925736235973,0.8181818181818182,0,LOW,LOW
VEH_002,68b89b2d4f65cd554d7512ab,2025-11-15 16:00:00,ON,13.37,11600.09,50.91,41.1,39.9,347.0,0.06,30,11.51,0.0,696.58,473438.98999999976,0.8000000000000043,13.3700000000008,16.71250000000091,0,0.0,11.51,0.06,0.3,0.132,3600,0.0,13.02932,0,17,122400,50.91,0.0002222222222222234,0.00016785714285714301,303293.61702127627,5054.893617021271,84.24822695035452,0,0.7655387786478615,0,16.71250000000091,0,0,0,0,0.003197222222222222,15923.197219808862,4.423110338835795,0.05983545250560631,0.22434017595307917,0,LOW,LOW
VEH_002,68b89b2d4f65cd554d7512ab,2025-11-15 17:00:00,ON,16.38,11616.47,49.93,41.6,38.9,348.0,0.01,10,12.41,0.0,697.56,473438.98999999976,0.9799999999999969,16.3799999999992,16.71428571428495,0,0.0,12.41,0.01,0.1,0.037,3600,0.0,12.869169999999999,0,17,126000,49.93,0.00027222222222222133,0.00018214285714285728,274125.4901960782,4568.7581699346365,76.14596949891062,0,0.9378852052543462,0,16.71428571428495,0,0,0,0,0.003447222222222222,14484.12570507655,4.023368251410153,0.05982905982906256,0.21994134897360704,0,LOW,LOW
VEH_002,68b89b2d4f65cd554d7512ab,2025-11-15 18:00:00,ON,10.55,11627.02,49.29,41.6,33.9,349.0,-0.19,14,10.67,0.0,698.19,473438.98999999976,0.6400000000000006,10.550000000001091,16.48437500000169,0,0.0,10.67,0.19,0.14,0.175,3600,0.0,12.53725,0,17,129600,49.29,0.00017777777777777795,0.000176984126984127,278499.5515695067,4641.659192825112,77.36098654708519,0,0.6040713623586604,0,16.48437500000169,0,0,0,0,0.0029638888888888887,16630.17806935333,4.619493908153703,0.06066350710899852,0.969208211143695,0,LOW,LOW
VEH_002,68b89b2d4f65cd554d7512ab,2025-11-15 19:00:00,ON,10.36,11637.38,48.67,41.0,37.2,350.0,-0.13,34,10.61,0.0,698.81,473438.98999999976,0.6199999999999974,10.359999999998763,16.709677419352914,0,0.0,10.61,0.13,0.34,0.193,3600,0.0,12.65773,0,17,133200,48.67,0.0001722222222222215,0.00017857142857142857,272552.0,4542.533333333334,75.7088888888889,0,0.5931923520411685,0,16.709677419352914,0,0,0,0,0.002947222222222222,16513.854853911405,4.58718190386428,0.05984555984556674,0.23460410557184752,0,LOW,LOW
VEH_002,68b89b2d4f65cd554d7512ab,2025-11-15 20:00:00,ON,16.57,11653.95,47.68,41.5,36.3,351.0,-0.16,3,12.47,0.0,699.81,473438.98999999976,0.990000000000002,16.570000000001528,16.737373737375247,0,0.0,12.47,0.16,0.03,0.12099999999999998,3600,0.0,13.97887,0,17,136800,47.68,0.00027500000000000056,0.00019206349206349221,248251.23966942128,4137.520661157021,68.95867768595035,0,0.9487642155718381,0,16.737373737375247,0,0,0,0,0.003463888888888889,13764.87570168404,3.8235765838011226,0.05974652987325955,0.17155425219941348,0,LOW,LOW
VEH_002,68b89b2d4f65cd554d7512ab,2025-11-15 21:00:00,ON,24.25,11678.2,46.22,40.9,39.4,352.0,-0.25,22,14.78,0.0,701.26,473438.98999999976,1.4600000000000009,24.25,16.60958904109588,0,0.0,14.78,0.25,0.22,0.241,3600,0.0,18.34198,0,17,140400,46.22,0.0004055555555555558,0.00023650793650793655,195426.84563758384,3257.114093959731,54.28523489932885,0,1.3885052641891944,0,16.60958904109588,0,0,0,0,0.004105555555555555,11257.916102841678,3.1271989174560217,0.060206185567010344,0.844574780058651,0,LOW,LOW
VEH_002,68b89b2d4f65cd554d7512ab,2025-11-15 22:00:00,ON,23.3,11701.5,44.82,40.9,40.3,353.0,-0.44,45,14.49,0.0,702.66,473438.98999999976,1.3999999999999986,23.299999999999272,16.64285714285664,0,0.0,14.49,0.44,0.45,0.443,3600,0.0,20.90907,0,17,144000,44.82,0.0003888888888888885,0.00027341269841269845,163928.01161103047,2732.1335268505077,45.5355587808418,0,1.3341102126023596,0,16.64285714285664,0,0,0,0,0.004025,11135.403726708075,3.0931677018633543,0.06008583690987306,0.7067448680351907,0,MEDIUM,LOW
VEH_002,68b89b2d4f65cd554d7512ab,2025-11-15 23:00:00,ON,26.14,11727.64,43.25,40.7,43.6,354.0,-0.33,23,15.34,0.0,704.23,473438.98999999976,1.5700000000000003,26.139999999999418,16.649681528662047,0,0.0,15.34,0.33,0.23,0.3,3600,0.0,19.942,0,17,147600,43.25,0.0004361111111111112,0.00030396825396825387,142284.59530026113,2371.4099216710188,39.52349869451698,0,1.4967227878723601,0,16.649681528662047,0,0,0,0,0.004261111111111111,10149.93481095176,2.819426336375489,0.06006120887528826,0.6627565982404692,0,MEDIUM,LOW
VEH_002,68b89b2d4f65cd554d7512ab,2025-11-16 00:00:00,ON,34.13,11761.78,41.21,41.2,44.4,355.0,0.28,34,17.74,0.0,706.28,473438.98999999976,2.039999999999999,34.14000000000124,16.735294117647673,0,0.0,17.74,0.28,0.34,0.29800000000000004,3600,1.0,23.026519999999998,0,17,151200,41.21,0.0005666666666666664,0.000346031746031746,119093.11926605506,1984.8853211009177,33.081422018348626,0,1.9547863801823018,0,16.735294117647673,0,0,0,0,0.0049277777777777775,8362.795941375423,2.322998872604284,0.05975395430579746,0.17302052785923755,0,MEDIUM,LOW
VEH_002,68b89b2d4f65cd554d7512ab,2025-11-16 01:00:00,ON,40.22,11801.99,38.79,41.4,44.5,356.0,-0.1,27,19.57,0.0,708.69,473438.98999999976,2.4200000000000017,40.20999999999913,16.61570247933847,0,0.0,19.57,0.1,0.27,0.151,3600,1.0,22.52507,0,17,154800,38.79,0.0006722222222222227,0.00041666666666666664,93096.0,1551.6,25.86,0,2.30234213084727,0,16.61570247933847,0,0,0,0,0.005436111111111111,7135.615738375063,1.982115482881962,0.06018403382243358,0.8225806451612904,0,MEDIUM,LOW
VEH_002,68b89b2d4f65cd554d7512ab,2025-11-16 02:00:00,ON,45.86,11847.86,36.04,41.6,50.0,357.0,0.1,44,21.26,0.0,711.44,473438.98999999976,2.75,45.8700000000008,16.68000000000029,0,0.0,21.26,0.1,0.44,0.202,3600,1.0,25.55452,0,17,158400,36.04,0.0007638888888888889,0.0005011904761904764,71908.7885985748,1198.4798099762468,19.974663499604112,0,2.626422122406576,0,16.68000000000029,0,0,0,0,0.005905555555555556,6102.728127939792,1.6952022577610533,0.05995203836930351,0.3966275659824047,0,MEDIUM,LOW
VEH_002,68b89b2d4f65cd554d7512ab,2025-11-16 03:00:00,ON,45.2,11893.05,33.33,41.2,47.4,358.0,0.18,40,21.06,0.0,714.15,473438.98999999976,2.710000000000001,45.18999999999869,16.67527675276704,0,0.0,21.06,0.18,0.4,0.246,3600,1.0,26.240759999999998,0,17,162000,33.33,0.000752777777777778,0.0005694444444444446,58530.731707317056,975.512195121951,16.25853658536585,0,2.5874867170601186,0,16.67527675276704,0,0,0,0,0.005849999999999999,5697.4358974358975,1.5826210826210827,0.05996901969462446,0.4442815249266862,0,MEDIUM,LOW
VEH_002,68b89b2d4f65cd554d7512ab,2025-11-16 04:00:00,ON,51.23,11944.28,30.26,41.2,52.0,359.0,-0.02,31,22.87,0.0,717.23,473438.98999999976,3.0699999999999967,51.23000000000138,16.68729641693858,0,0.0,22.87,0.02,0.31,0.107,3600,1.0,25.31709,0,17,165600,30.26,0.0008527777777777768,0.0006333333333333332,47778.94736842107,796.3157894736845,13.271929824561408,0,2.9333247292542,0,16.68729641693858,0,0,0,0,0.006352777777777778,4763.270660253607,1.3231307389593354,0.059925824712081084,0.33724340175953077,0,MEDIUM,MEDIUM
VEH_002,68b89b2d4f65cd554d7512ab,2025-11-16 05:00:00,ON,51.1,11995.38,27.19,41.2,57.7,360.0,-0.06,26,22.83,0.0,720.29,473438.98999999976,3.0700000000000003,51.099999999998545,16.64495114006467,0,0.0,22.83,0.06,0.26,0.12,3600,1.0,25.5696,0,17,169200,27.19,0.0008527777777777778,0.0006996031746031746,38864.889393079975,647.748156551333,10.795802609188883,0,2.9258811958790027,0,16.64495114006467,0,0,0,0,0.0063416666666666665,4287.516425755585,1.1909767849321071,0.060078277886498783,0.6950146627565983,0,MEDIUM,MEDIUM
VEH_002,68b89b2d4f65cd554d7512ab,2025-11-16 06:00:00,ON,51.28,12046.66,24.11,41.6,54.0,361.0,0.26,3,22.88,0.0,723.37,473438.98999999976,3.080000000000002,51.280000000000655,16.64935064935085,0,0.0,22.88,0.26,0.03,0.191,3600,1.0,27.25008,0,17,172800,24.11,0.000855555555555556,0.0007595238095238095,31743.573667711596,529.0595611285266,8.81765935214211,0,2.936187626706095,0,16.64935064935085,0,0,0,0,0.006355555555555555,3793.531468531469,1.0537587412587412,0.060062402496099114,0.6642228739002932,0,HIGH,MEDIUM
VEH_002,68b89b2d4f65cd554d7512ab,2025-11-16 07:00:00,ON,56.19,12102.85,20.74,41.4,49.1,362.0,-0.26,37,24.36,0.0,726.74,473438.98999999976,3.370000000000001,56.19000000000051,16.673590504451184,0,0.0,24.36,0.26,0.37,0.293,3600,1.0,31.497479999999996,0,17,176400,20.74,0.0009361111111111114,0.0008123015873015873,25532.3888617489,425.53981436248165,7.092330239374694,0,3.2173241564862494,0,16.673590504451184,0,0,0,0,0.0067666666666666665,3065.024630541872,0.8513957307060755,0.05997508453461418,0.45894428152492667,0,HIGH,MEDIUM
VEH_002,68b89b2d4f65cd554d7512ab,2025-11-16 08:00:00,ON,52.28,12155.13,17.61,41.8,53.1,363.0,0.26,21,23.18,0.0,729.88,473438.98999999976,3.129999999999999,52.279999999998836,16.702875399360657,0,0.0,23.18,0.26,0.21,0.245,3600,1.0,28.8591,0,17,180000,17.61,0.0008694444444444442,0.0008404761904761904,20952.40793201133,349.20679886685554,5.820113314447592,0,2.9934455757447203,0,16.702875399360657,0,0,0,0,0.006438888888888889,2734.943917169974,0.7597066436583262,0.05986993114001662,0.25806451612903225,0,HIGH,MEDIUM
VEH_002,68b89b2d4f65cd554d7512ab,2025-11-16 09:00:00,ON,55.29,12210.41,14.29,41.5,49.8,364.0,0.3,23,24.09,0.0,733.19,473438.98999999976,3.3200000000000003,55.280000000000655,16.65060240963875,0,0.0,24.09,0.3,0.23,0.279,3600,1.0,30.81111,0,17,183600,14.29,0.0009222222222222223,0.000863095238095238,16556.689655172413,275.9448275862069,4.599080459770115,0,3.1652194228610133,0,16.65060240963875,0,0,0,0,0.006691666666666667,2135.491905354919,0.5931921959319219,0.06005788712011507,0.658357771260997,0,HIGH,MEDIUM
VEH_002,68b89b2d4f65cd554d7512ab,2025-11-16 10:00:00,ON,59.01,12269.43,10.75,40.9,53.1,365.0,0.13,14,25.2,0.0,736.74,473438.98999999976,3.539999999999999,59.02000000000044,16.672316384180917,0,0.0,25.2,0.13,0.14,0.133,3600,1.0,28.5516,0,17,187200,10.75,0.000983333333333333,0.000896031746031746,11997.342781222322,199.95571302037203,3.3325952170062005,0,3.37936415226585,0,16.672316384180917,0,0,0,0,0.007,1535.7142857142858,0.4265873015873016,0.05997966790918287,0.46920821114369504,0,HIGH,HIGH
VEH_002,68b89b2d4f65cd554d7512ab,2025-11-16 11:00:00,ON,53.3,12322.73,7.55,40.8,53.1,366.0,0.11,39,23.49,0.0,739.93,473438.98999999976,3.2,53.29999999999927,16.656249999999773,0,0.0,23.49,0.11,0.39,0.194,3600,1.0,28.04706,0,17,190800,7.55,0.0008888888888888889,0.0009011904761904762,8377.8071334214,139.63011889035667,2.327168648172611,0,3.05184868376425,0,16.656249999999773,0,0,0,0,0.0065249999999999996,1157.088122605364,0.3214133673903789,0.060037523452158424,0.6041055718475073,0,HIGH,HIGH
VEH_002,68b89b2d4f65cd554d7512ab,2025-11-16 12:00:00,ON,51.69,12374.41,4.45,41.0,56.4,367.0,0.08,31,23.01,0.0,743.03,473438.98999999976,3.0999999999999996,51.68000000000029,16.67096774193558,0,0.0,23.01,0.08,0.31,0.149,3600,1.0,26.43849,0,17,194400,4.45,0.000861111111111111,0.0009023809523809524,4931.398416886544,82.18997361477572,1.3698328935795954,0,2.9590908063215657,0,16.67096774193558,0,0,0,0,0.006391666666666667,696.219035202086,0.1933941764450239,0.05998452012383867,0.48240469208211145,0,HIGH,HIGH
VEH_002,68b89b2d4f65cd554d7512ab,2025-11-16 13:00:00,ON,44.84,12419.26,1.76,41.3,49.0,368.0,0.29,15,20.95,0.0,745.73,473438.98999999976,2.6900000000000004,44.850000000000364,16.67286245353173,0,0.0,20.95,0.29,0.15,0.248,3600,1.0,26.145599999999998,0,17,198000,1.76,0.0007472222222222224,0.0008869047619047618,1984.4295302013425,33.07382550335571,0.5512304250559285,0,2.5680190143870463,0,16.67286245353173,0,0,0,0,0.005819444444444444,302.43436754176616,0.08400954653937949,0.05997770345596385,0.4633431085043988,0,HIGH,HIGH
VEH_002,68b89b2d4f65cd554d7512ab,2025-11-16 14:00:00,ON,44.5,12463.75,51.3,41.0,46.2,369.0,0.36,2,20.85,0.0,748.4,473438.98999999976,0.0,44.48999999999978,0.0,0,0.0,20.85,0.36,0.02,0.258,3600,1.0,26.229300000000002,1,18,0,51.3,0.0,0.000753174603174603,68111.69652265543,1135.1949420442572,18.91991570073762,0,2.5474061527330703,0,0.0,0,0,0,0,0.005791666666666667,8857.55395683453,2.4604316546762584,0.0,0.018328445747800588,0,LOW,LOW
VEH_002,68b89b2d4f65cd554d7512ab,2025-11-16 15:00:00,ON,49.35,12513.1,48.34,41.2,52.5,370.0,-0.18,38,22.31,0.0,751.36,473438.98999999976,2.9599999999999937,49.350000000000364,16.672297297297455,0,0.0,22.31,0.18,0.38,0.24,3600,1.0,27.664399999999997,0,18,3600,48.34,0.0008222222222222205,0.0007464285714285712,64761.72248803831,1079.362041467305,17.989367357788417,0,2.8256797850613298,0,16.672297297297455,0,0,0,0,0.006197222222222222,7800.268937696102,2.1667413715822503,0.05997973657548069,0.4706744868035191,0,LOW,LOW
VEH_002,68b89b2d4f65cd554d7512ab,2025-11-16 16:00:00,ON,44.97,12558.07,45.64,41.1,49.2,371.0,-0.14,24,20.99,0.0,754.05,473438.98999999976,2.700000000000003,44.969999999999345,16.655555555555296,0,0.0,20.99,0.14,0.24,0.16999999999999998,3600,1.0,24.558299999999996,0,18,7200,45.64,0.0007500000000000008,0.0007218253968253966,63228.58713578892,1053.809785596482,17.563496426608033,0,2.5748899682716355,0,16.655555555555296,0,0,0,0,0.005830555555555555,7827.727489280611,2.174368747022392,0.060040026684457244,0.6085043988269795,0,LOW,LOW
VEH_002,68b89b2d4f65cd554d7512ab,2025-11-16 17:00:00,ON,38.93,12597.01,43.31,41.2,39.6,372.0,0.09,7,19.18,0.0,756.39,473438.98999999976,2.3299999999999983,38.94000000000051,16.71244635193156,0,0.0,19.18,0.09,0.07,0.084,3600,1.0,20.79112,0,18,10800,43.31,0.0006472222222222218,0.0006738095238095236,64276.32508833925,1071.272084805654,17.8545347467609,0,2.2296245355681625,0,16.71244635193156,0,0,0,0,0.005327777777777778,8129.092805005214,2.258081334723671,0.059835644581406465,0.22580645161290322,0,MEDIUM,LOW
VEH_002,68b89b2d4f65cd554d7512ab,2025-11-16 18:00:00,ON,39.81,12636.81,40.92,41.3,41.1,373.0,-0.27,23,19.44,0.0,758.78,473438.98999999976,2.3900000000000006,39.79999999999927,16.652719665271658,0,0.0,19.44,0.27,0.23,0.258,3600,1.0,24.455520000000003,0,18,14400,40.92,0.0006638888888888891,0.0006416666666666665,63771.428571428594,1062.8571428571433,17.714285714285722,0,2.2788663717413993,0,16.652719665271658,0,0,0,0,0.0054,7577.777777777777,2.1049382716049383,0.06005025125628252,0.6348973607038123,0,MEDIUM,LOW
VEH_002,68b89b2d4f65cd554d7512ab,2025-11-16 19:00:00,ON,36.45,12673.26,38.73,42.0,47.0,374.0,-0.1,30,18.43,0.0,760.97,473438.98999999976,2.190000000000005,36.45000000000073,16.64383561643865,0,0.0,18.43,0.1,0.3,0.15999999999999998,3600,1.0,21.3788,0,18,18000,38.73,0.0006083333333333346,0.0006055555555555556,63957.79816513761,1065.9633027522934,17.766055045871557,0,2.087052242461738,0,16.64383561643865,0,0,0,0,0.005119444444444445,7565.274009766684,2.1014650027129678,0.060082304526747905,0.7023460410557185,0,MEDIUM,LOW
VEH_002,68b89b2d4f65cd554d7512ab,2025-11-16 20:00:00,ON,33.0,12706.26,36.75,42.2,43.7,375.0,-0.22,37,17.4,0.0,762.95,473438.98999999976,1.9799999999999969,33.0,16.666666666666693,0,0.0,17.4,0.22,0.37,0.265,3600,1.0,22.011,0,18,21600,36.75,0.0005499999999999992,0.0005773809523809523,63649.484536082484,1060.8247422680413,17.68041237113402,0,1.889512318278079,0,16.666666666666693,0,0,0,0,0.004833333333333333,7603.44827586207,2.1120689655172415,0.05999999999999991,0.5205278592375366,0,MEDIUM,LOW
VEH_002,68b89b2d4f65cd554d7512ab,2025-11-16 21:00:00,ON,39.33,12745.59,34.39,42.2,48.5,376.0,-0.42,27,19.3,0.0,765.31,473438.98999999976,2.3599999999999994,39.32999999999993,16.66525423728811,0,0.0,19.3,0.42,0.27,0.375,3600,1.0,26.5375,0,18,25200,34.39,0.0006555555555555554,0.0006710317460317459,51249.4382022472,854.1573033707866,14.235955056179778,0,2.2519551356932337,0,16.66525423728811,0,0,0,0,0.005361111111111112,6414.715025906735,1.781865284974093,0.06000508517670999,0.5395894428152492,0,MEDIUM,LOW
VEH_002,68b89b2d4f65cd554d7512ab,2025-11-16 22:00:00,ON,32.96,12778.55,32.42,42.1,44.1,377.0,0.29,14,17.39,0.0,767.28,473438.98999999976,1.9699999999999989,32.95999999999913,16.730964467004643,0,0.0,17.39,0.29,0.14,0.245,3600,1.0,21.650550000000003,0,18,28800,32.42,0.000547222222222222,0.0006317460317460318,51318.090452261305,855.3015075376884,14.25502512562814,0,1.88722200031648,0,16.730964467004643,0,0,0,0,0.004830555555555556,6711.443358251869,1.8642898217366302,0.059769417475729704,0.18328445747800587,0,MEDIUM,LOW
VEH_002,68b89b2d4f65cd554d7512ab,2025-11-16 23:00:00,ON,40.05,12818.59,30.01,42.5,48.0,378.0,-0.38,22,19.51,0.0,769.69,473438.98999999976,2.41,40.04000000000087,16.614107883817788,0,0.0,19.51,0.38,0.22,0.33199999999999996,3600,1.0,25.98732,0,18,32400,30.01,0.0006694444444444445,0.0006202380952380952,48384.64491362764,806.4107485604607,13.440179142674346,0,2.292608279510786,0,16.614107883817788,0,0,0,0,0.005419444444444445,5537.467965146079,1.5381855458739109,0.06018981018980888,0.8269794721407625,0,MEDIUM,LOW
VEH_002,68b89b2d4f65cd554d7512ab,2025-11-17 00:00:00,ON,39.95,12858.54,27.62,42.7,48.8,379.0,0.17,32,19.48,0.0,772.08,473438.98999999976,2.3900000000000006,39.95000000000073,16.71548117154842,0,0.0,19.48,0.17,0.32,0.215,3600,1.0,23.668200000000002,0,18,36000,27.62,0.0006638888888888891,0.0006226190476190477,44360.994263862325,739.3499043977055,12.322498406628423,0,2.287455064097292,0,16.71548117154842,0,0,0,0,0.005411111111111111,5104.312114989733,1.417864476386037,0.0598247809762192,0.2155425219941349,0,MEDIUM,MEDIUM
VEH_002,68b89b2d4f65cd554d7512ab,2025-11-17 01:00:00,ON,36.4,12894.94,25.43,42.4,52.0,380.0,0.5,16,18.42,0.0,774.27,473438.98999999976,2.1900000000000013,36.399999999999636,16.62100456620987,0,0.0,18.42,0.5,0.16,0.39799999999999996,3600,1.0,25.751160000000002,0,18,39600,25.43,0.0006083333333333337,0.0006146825396825398,41370.94899935441,689.5158166559069,11.491930277598447,0,2.0841893450097393,0,16.62100456620987,0,0,0,0,0.005116666666666667,4970.032573289902,1.3805646036916395,0.060164835164835805,0.8049853372434017,0,MEDIUM,MEDIUM
VEH_002,68b89b2d4f65cd554d7512ab,2025-11-17 02:00:00,ON,34.16,12929.1,23.38,42.2,42.1,381.0,-0.45,40,17.75,0.0,776.32,473438.98999999976,2.0500000000000007,34.159999999999854,16.663414634146264,0,0.0,17.75,0.45,0.4,0.435,3600,1.0,25.47125,0,18,43200,23.38,0.0005694444444444447,0.000609126984126984,38382.801302931606,639.7133550488601,10.661889250814335,0,1.9559315391629972,0,16.663414634146264,0,0,0,0,0.004930555555555555,4741.859154929578,1.3171830985915494,0.06001170960187381,0.5542521994134897,0,HIGH,MEDIUM
VEH_002,68b89b2d4f65cd554d7512ab,2025-11-17 03:00:00,ON,29.14,12958.24,21.63,41.3,42.0,382.0,0.37,21,16.24,0.0,778.06,473438.98999999976,1.75,29.139999999999418,16.651428571428237,0,0.0,16.24,0.37,0.21,0.322,3600,0.0,21.469279999999998,0,18,46800,21.63,0.0004861111111111111,0.0006000000000000001,36049.99999999999,600.8333333333333,10.013888888888888,0,1.6684966349885493,0,16.651428571428237,0,0,0,0,0.004511111111111111,4794.827586206897,1.331896551724138,0.06005490734385844,0.6495601173020528,0,HIGH,MEDIUM
VEH_002,68b89b2d4f65cd554d7512ab,2025-11-17 04:00:00,ON,24.59,12982.84,20.16,41.8,40.8,383.0,0.15,17,14.88,0.0,779.54,473438.98999999976,1.4699999999999989,24.600000000000364,16.73469387755128,0,0.0,14.88,0.15,0.17,0.156,3600,0.0,17.20128,0,18,50400,20.16,0.00040833333333333303,0.0005646825396825397,35701.47575544624,595.024595924104,9.917076598735067,0,1.4085455463527707,0,16.73469387755128,0,0,0,0,0.0041333333333333335,4877.419354838709,1.3548387096774193,0.05975609756097468,0.1744868035190616,0,HIGH,MEDIUM
VEH_002,68b89b2d4f65cd554d7512ab,2025-11-17 05:00:00,ON,28.38,13011.22,18.46,41.7,43.0,384.0,0.08,20,16.02,0.0,781.24,473438.98999999976,1.6999999999999993,28.3799999999992,16.69411764705836,0,0.0,16.02,0.08,0.2,0.11599999999999999,3600,0.0,17.878320000000002,0,18,54000,18.46,0.000472222222222222,0.0005539682539682539,33323.20916905445,555.3868194842408,9.256446991404014,0,1.6249805937191022,0,16.69411764705836,0,0,0,0,0.00445,4148.314606741574,1.1523096129837704,0.059901338971108074,0.2961876832844575,0,HIGH,MEDIUM
VEH_002,68b89b2d4f65cd554d7512ab,2025-11-17 06:00:00,ON,24.98,13036.2,16.96,42.5,42.9,385.0,-0.23,9,15.0,0.0,782.74,473438.98999999976,1.5,24.980000000001382,16.653333333334256,0,0.0,15.0,0.23,0.09,0.188,3600,0.0,17.82,0,18,57600,16.96,0.0004166666666666667,0.0005178571428571429,32750.344827586203,545.83908045977,9.097318007662833,0,1.4303035669875463,0,16.653333333334256,0,0,0,0,0.004166666666666667,4070.4,1.1306666666666667,0.060048038430741274,0.6275659824046921,0,HIGH,MEDIUM
VEH_002,68b89b2d4f65cd554d7512ab,2025-11-17 07:00:00,ON,17.22,13053.42,15.92,42.1,39.8,386.0,-0.1,16,12.67,0.0,783.78,473438.98999999976,1.040000000000001,17.219999999999345,16.557692307691664,0,0.0,12.67,0.1,0.16,0.118,3600,0.0,14.165059999999999,0,18,61200,15.92,0.00028888888888888915,0.00046428571428571433,34289.230769230766,571.4871794871794,9.524786324786325,0,0.9859818824468873,0,16.557692307691664,0,0,0,0,0.0035194444444444444,4523.441199684294,1.2565114443567482,0.060394889663184695,0.9222873900293255,0,HIGH,MEDIUM
VEH_002,68b89b2d4f65cd554d7512ab,2025-11-17 08:00:00,ON,23.72,13077.14,14.5,41.0,42.1,387.0,0.26,27,14.61,0.0,785.2,473438.98999999976,1.42,23.719999999999345,16.704225352112214,0,0.0,14.61,0.26,0.27,0.263,3600,0.0,18.452429999999996,0,18,64800,14.5,0.00039444444444444444,0.0004337301587301587,33430.92406221409,557.1820677035682,9.286367795059471,0,1.3581585511986303,0,16.704225352112214,0,0,0,0,0.004058333333333333,3572.8952772073926,0.9924709103353868,0.059865092748736894,0.25513196480938416,0,HIGH,MEDIUM
VEH_002,68b89b2d4f65cd554d7512ab,2025-11-17 09:00:00,ON,19.99,13097.13,13.3,40.8,39.3,388.0,-0.12,40,13.5,0.0,786.4,473438.98999999976,1.1999999999999993,19.98999999999978,16.65833333333316,0,0.0,13.5,0.12,0.4,0.204,3600,0.0,16.253999999999998,0,18,68400,13.3,0.00033333333333333316,0.0004,33250.0,554.1666666666666,9.23611111111111,0,1.1445864012841935,0,16.65833333333316,0,0,0,0,0.00375,3546.666666666667,0.9851851851851853,0.06003001500750437,0.5909090909090909,0,HIGH,MEDIUM
VEH_002,68b89b2d4f65cd554d7512ab,2025-11-17 10:00:00,ON,13.91,13111.04,43.33,40.9,39.6,389.0,-0.15,11,11.67,0.0,787.23,473438.98999999976,0.0,13.910000000001673,0.0,0,0.0,11.67,0.15,0.11,0.138,3600,0.0,13.280459999999998,1,19,0,43.33,0.0,0.00033055555555555556,131082.35294117648,2184.7058823529414,36.411764705882355,0,0.7964580711288255,0,0.0,0,0,0,0,0.0032416666666666666,13366.580976863754,3.7129391602399315,0.0,0.018328445747800588,0,MEDIUM,LOW
VEH_002,68b89b2d4f65cd554d7512ab,2025-11-17 11:00:00,ON,5.94,13116.98,42.98,41.5,37.3,390.0,0.35,8,9.28,0.0,787.59,473438.98999999976,0.3500000000000014,5.93999999999869,16.97142857142476,0,0.0,9.28,0.35,0.08,0.26899999999999996,3600,0.0,11.776319999999998,0,19,3600,42.98,9.722222222222262e-05,0.00028611111111111117,150221.35922330094,2503.689320388349,41.72815533980582,0,0.34011221728997926,0,16.97142857142476,0,0,0,0,0.002577777777777778,16673.275862068964,4.631465517241379,0.05892255892257215,0.054252199413489736,0,MEDIUM,LOW
VEH_002,68b89b2d4f65cd554d7512ab,2025-11-17 12:00:00,ON,6.69,13123.67,42.57,41.5,33.2,391.0,-0.29,3,9.51,0.0,787.99,473438.98999999976,0.4099999999999966,6.690000000000509,16.317073170733085,0,0.0,9.51,0.29,0.03,0.212,3600,0.0,11.526119999999999,0,19,7200,42.57,0.00011388888888888794,0.00023492063492063487,181210.13513513518,3020.1689189189196,50.33614864864866,0,0.38305567906913063,0,16.317073170733085,0,0,0,0,0.0026416666666666667,16114.826498422713,4.47634069400631,0.06128550074737898,0.9794721407624634,0,MEDIUM,LOW
VEH_002,68b89b2d4f65cd554d7512ab,2025-11-17 13:00:00,ON,13.08,13136.75,41.79,41.8,39.5,392.0,-0.03,22,11.42,0.0,788.77,473438.98999999976,0.7800000000000011,13.079999999999927,16.769230769230653,0,0.0,11.42,0.03,0.22,0.087,3600,0.0,12.41354,0,19,10800,41.79,0.00021666666666666698,0.00020634920634920632,202520.76923076925,3375.3461538461543,56.25576923076924,0,0.7489339734265799,0,16.769230769230653,0,0,0,0,0.003172222222222222,13173.730297723292,3.659369527145359,0.0596330275229362,0.10703812316715543,0,MEDIUM,LOW
VEH_002,68b89b2d4f65cd554d7512ab,2025-11-17 14:00:00,ON,15.83,13152.57,40.84,42.1,45.3,393.0,0.14,31,12.25,0.0,789.72,473438.98999999976,0.9499999999999957,15.819999999999709,16.652631578947137,0,0.0,12.25,0.14,0.31,0.191,3600,0.0,14.58975,0,19,14400,40.84,0.0002638888888888877,0.00020277777777777755,201402.73972602765,3356.7123287671275,55.94520547945213,0,0.9058207537926867,0,16.652631578947137,0,0,0,0,0.0034027777777777776,12001.95918367347,3.3338775510204086,0.060050568900127256,0.6363636363636364,0,MEDIUM,LOW
VEH_002,68b89b2d4f65cd554d7512ab,2025-11-17 15:00:00,ON,9.04,13161.61,40.3,42.2,36.2,394.0,-0.36,25,10.21,0.0,790.27,473438.98999999976,0.5400000000000063,9.040000000000873,16.740740740742165,0,0.0,10.21,0.36,0.25,0.327,3600,0.0,13.548670000000001,0,19,18000,40.3,0.00015000000000000175,0.00016785714285714285,240085.1063829787,4001.4184397163117,66.6903073286052,0,0.5176118593101662,0,16.740740740742165,0,0,0,0,0.0028361111111111113,14209.598432908911,3.9471106758080308,0.05973451327433121,0.1627565982404692,0,MEDIUM,LOW
VEH_002,68b89b2d4f65cd554d7512ab,2025-11-17 16:00:00,ON,14.59,13176.2,39.42,42.0,39.6,395.0,0.41,30,11.88,0.0,791.14,473438.98999999976,0.8799999999999955,14.590000000000146,16.579545454545705,0,0.0,11.88,0.41,0.3,0.377,3600,0.0,16.35876,0,19,21600,39.42,0.0002444444444444432,0.00015515873015873002,254062.40409207184,4234.373401534531,70.57289002557552,0,0.8353934764750742,0,16.579545454545705,0,0,0,0,0.0033000000000000004,11945.454545454544,3.318181818181818,0.060315284441397304,0.9032258064516129,0,MEDIUM,LOW
VEH_002,68b89b2d4f65cd554d7512ab,2025-11-17 17:00:00,ON,17.38,13193.58,38.38,42.2,39.8,396.0,-0.03,46,12.71,0.0,792.18,473438.98999999976,1.0399999999999991,17.3799999999992,16.711538461537707,0,0.0,12.71,0.03,0.46,0.159,3600,0.0,14.730890000000002,0,19,25200,38.38,0.00028888888888888866,0.00019642857142857127,195389.0909090911,3256.484848484851,54.27474747474752,0,0.9951431542930758,0,16.711538461537707,0,0,0,0,0.003530555555555556,10870.81038552321,3.019669551534225,0.059838895281935964,0.2287390029325513,0,MEDIUM,LOW
VEH_002,68b89b2d4f65cd554d7512ab,2025-11-17 18:00:00,ON,10.35,13203.92,37.76,42.3,38.2,397.0,-0.27,32,10.6,0.0,792.81,473438.98999999976,0.6200000000000045,10.340000000000146,16.677419354838822,0,0.0,10.6,0.27,0.32,0.28500000000000003,3600,0.0,13.621,0,19,28800,37.76,0.00017222222222222348,0.0002071428571428571,182289.65517241383,3038.16091954023,50.636015325670506,0,0.592047193060473,0,16.677419354838822,0,0,0,0,0.0029444444444444444,12824.150943396226,3.562264150943396,0.05996131528046381,0.42008797653958946,0,MEDIUM,LOW
VEH_002,68b89b2d4f65cd554d7512ab,2025-11-17 19:00:00,ON,17.67,13221.6,36.7,42.7,45.6,398.0,-0.42,37,12.8,0.0,793.87,473438.98999999976,1.0599999999999952,17.68000000000029,16.679245283019217,0,0.0,12.8,0.42,0.37,0.40499999999999997,3600,0.0,17.984,0,19,32400,36.7,0.0002944444444444431,0.00023293650793650782,157553.66269165257,2625.8943781942094,43.76490630323683,0,1.0123205390047572,0,16.679245283019217,0,0,0,0,0.0035555555555555557,10321.875,2.8671875,0.05995475113122046,0.4002932551319648,0,MEDIUM,LOW
VEH_002,68b89b2d4f65cd554d7512ab,2025-11-17 20:00:00,ON,24.53,13246.13,35.23,42.7,42.2,399.0,0.06,5,14.86,0.0,795.34,473438.98999999976,1.470000000000006,24.529999999998836,16.687074829931113,0,0.0,14.86,0.06,0.05,0.056999999999999995,3600,0.0,15.707019999999998,0,19,36000,35.23,0.000408333333333335,0.0002603174603174604,135334.75609756092,2255.579268292682,37.592987804878035,0,1.404537489919972,0,16.687074829931113,0,0,0,0,0.004127777777777778,8534.858681022879,2.370794078061911,0.05992662046474014,0.34017595307917886,0,MEDIUM,LOW
VEH_002,68b89b2d4f65cd554d7512ab,2025-11-17 21:00:00,ON,23.66,13269.79,33.81,42.1,43.5,400.0,-0.26,5,14.6,0.0,796.76,473438.98999999976,1.4199999999999946,23.660000000001673,16.661971830987156,0,0.0,14.6,0.26,0.05,0.197,3600,0.0,17.476200000000002,0,19,39600,33.81,0.0003944444444444429,0.000278968253968254,121196.58605974395,2019.9431009957325,33.66571834992887,0,1.3547230742564398,0,16.661971830987156,0,0,0,0,0.004055555555555555,8336.712328767124,2.3157534246575344,0.06001690617074785,0.5674486803519062,0,MEDIUM,LOW
VEH_002,68b89b2d4f65cd554d7512ab,2025-11-17 22:00:00,ON,17.4,13287.19,32.76,42.3,41.8,401.0,0.02,11,12.72,0.0,797.8,473438.98999999976,1.0500000000000043,17.399999999999636,16.571428571428157,0,0.0,12.72,0.02,0.11,0.047,3600,0.0,13.31784,0,19,43200,32.76,0.00029166666666666783,0.0002992063492063492,109489.65517241378,1824.8275862068963,30.413793103448274,0,0.9962883132738753,0,16.571428571428157,0,0,0,0,0.0035333333333333336,9271.698113207545,2.575471698113207,0.060344827586208405,0.9120234604105572,0,MEDIUM,LOW
VEH_002,68b89b2d4f65cd554d7512ab,2025-11-17 23:00:00,ON,13.56,13300.75,31.95,42.2,39.7,402.0,0.48,3,11.57,0.0,798.61,473438.98999999976,0.8099999999999987,13.55999999999949,16.74074074074014,0,0.0,11.57,0.48,0.03,0.345,3600,0.0,15.56165,0,19,46800,31.95,0.00022499999999999964,0.00029642857142857156,107783.13253012043,1796.385542168674,29.939759036144565,0,0.7764177889651451,0,16.74074074074014,0,0,0,0,0.003213888888888889,9941.227312013829,2.7614520311149526,0.05973451327433843,0.16422287390029325,0,MEDIUM,LOW
VEH_002,68b89b2d4f65cd554d7512ab,2025-11-18 00:00:00,ON,18.83,13319.57,30.82,42.0,38.8,403.0,0.45,33,13.15,0.0,799.74,473438.98999999976,1.129999999999999,18.81999999999971,16.654867256636926,0,0.0,13.15,0.45,0.33,0.41400000000000003,3600,0.0,18.5941,0,19,50400,30.82,0.0003138888888888886,0.0003000000000000001,102733.3333333333,1712.2222222222217,28.537037037037027,0,1.0775946009088757,0,16.654867256636926,0,0,0,0,0.003652777777777778,8437.414448669202,2.3437262357414452,0.060042507970245296,0.6129032258064516,0,MEDIUM,LOW
VEH_002,68b89b2d4f65cd554d7512ab,2025-11-18 01:00:00,ON,22.94,13342.52,29.44,42.6,39.8,404.0,0.14,38,14.38,0.0,801.12,473438.98999999976,1.379999999999999,22.950000000000728,16.630434782609235,0,0.0,14.38,0.14,0.38,0.212,3600,0.0,17.42856,0,19,54000,29.44,0.0003833333333333331,0.00033015873015873,89169.23076923081,1486.1538461538469,24.76923076923078,0,1.3140699304388876,0,16.630434782609235,0,0,0,0,0.0039944444444444446,7370.236439499305,2.047287899860918,0.06013071895424642,0.7668621700879765,0,MEDIUM,LOW
VEH_002,68b89b2d4f65cd554d7512ab,2025-11-18 02:00:00,ON,27.44,13369.96,27.8,42.9,44.3,405.0,0.34,35,15.73,0.0,802.77,473438.98999999976,1.6400000000000006,27.43999999999869,16.731707317072367,0,0.0,15.73,0.34,0.35,0.34299999999999997,3600,0.0,21.12539,0,19,57600,27.8,0.0004555555555555557,0.00035317460317460324,78714.60674157302,1311.9101123595503,21.86516853932584,0,1.571158121622667,0,16.731707317072367,0,0,0,0,0.004369444444444445,6362.364907819453,1.7673235855054037,0.05976676384839937,0.18035190615835778,0,MEDIUM,LOW
VEH_002,68b89b2d4f65cd554d7512ab,2025-11-18 03:00:00,ON,25.16,13395.12,26.29,43.4,39.7,406.0,-0.18,1,15.05,0.0,804.28,473438.98999999976,1.5100000000000016,25.160000000001673,16.66225165563023,0,0.0,15.05,0.18,0.01,0.129,3600,0.0,16.99145,0,19,61200,26.29,0.0004194444444444449,0.00035476190476190465,74106.0402684564,1235.10067114094,20.585011185682333,0,1.4406099978145344,0,16.66225165563023,0,0,0,0,0.004180555555555555,6288.637873754153,1.746843853820598,0.060015898251188436,0.5645161290322581,0,MEDIUM,LOW
VEH_002,68b89b2d4f65cd554d7512ab,2025-11-18 04:00:00,ON,25.39,13420.51,24.76,43.6,41.5,407.0,0.39,44,15.12,0.0,805.8,473438.98999999976,1.5299999999999976,25.389999999999418,16.59477124182971,0,0.0,15.12,0.39,0.44,0.40499999999999997,3600,0.0,21.2436,0,19,64800,24.76,0.0004249999999999993,0.0003591269841269842,68944.9723756906,1149.0828729281768,19.151381215469613,0,1.453779326093313,0,16.59477124182971,0,0,0,0,0.0042,5895.238095238096,1.637566137566138,0.06025994486018246,0.8782991202346041,0,HIGH,LOW
VEH_002,68b89b2d4f65cd554d7512ab,2025-11-18 05:00:00,ON,19.29,13439.8,23.61,43.0,37.7,408.0,0.25,34,13.29,0.0,806.96,473438.98999999976,1.1500000000000021,19.289999999999054,16.773913043477407,0,0.0,13.29,0.25,0.34,0.277,3600,0.0,16.971330000000002,0,19,68400,23.61,0.00031944444444444506,0.00036309523809523804,65024.26229508197,1083.737704918033,18.062295081967214,0,1.104505836957041,0,16.773913043477407,0,0,0,0,0.0036916666666666664,6395.48532731377,1.7765237020316027,0.05961638154484492,0.10410557184750734,0,HIGH,LOW
VEH_002,68b89b2d4f65cd554d7512ab,2025-11-18 06:00:00,ON,12.21,13452.01,22.87,42.4,41.9,409.0,-0.08,0,11.16,0.0,807.69,473438.98999999976,0.7399999999999984,12.210000000000946,16.500000000001315,0,0.0,11.16,0.08,0.0,0.055999999999999994,3600,0.0,11.78496,0,19,72000,22.87,0.00020555555555555512,0.00036031746031746023,63471.8061674009,1057.8634361233483,17.631057268722472,0,0.6991195577629434,0,16.500000000001315,0,0,0,0,0.0031,7377.41935483871,2.049283154121864,0.060606060606055785,0.9604105571847508,0,HIGH,LOW
VEH_002,68b89b2d4f65cd554d7512ab,2025-11-18 07:00:00,ON,8.06,13460.07,22.39,41.6,37.6,410.0,-0.28,40,9.92,0.0,808.17,473438.98999999976,0.4800000000000004,8.05999999999949,16.79166666666559,0,0.0,9.92,0.28,0.4,0.316,3600,0.0,13.05472,0,19,75600,22.39,0.00013333333333333345,0.00033452380952380957,66930.96085409253,1115.5160142348755,18.591933570581258,0,0.46149906925213197,0,16.79166666666559,0,0,0,0,0.0027555555555555554,8125.403225806453,2.2570564516129035,0.05955334987593434,0.0967741935483871,0,HIGH,LOW
VEH_002,68b89b2d4f65cd554d7512ab,2025-11-18 08:00:00,ON,3.72,13463.78,22.17,41.2,33.4,411.0,-0.07,10,8.61,0.0,808.4,473438.98999999976,0.21999999999999886,3.710000000000946,16.86363636364075,0,0.0,8.61,0.07,0.1,0.079,3600,0.0,9.290189999999999,0,19,79200,22.17,6.11111111111108e-05,0.0002884920634920635,76847.86795048144,1280.7977991746907,21.346629986244842,0,0.21242699093374123,0,16.86363636364075,0,0,0,0,0.0023916666666666665,9269.686411149827,2.574912891986063,0.05929919137464765,0.0718475073313783,0,HIGH,LOW
VEH_002,68b89b2d4f65cd554d7512ab,2025-11-18 09:00:00,ON,4.73,13468.51,21.88,41.5,36.0,412.0,-0.07,6,8.92,0.0,808.68,473438.98999999976,0.2900000000000027,4.729999999999563,16.31034482758455,0,0.0,8.92,0.07,0.06,0.067,3600,0.0,9.51764,0,19,82800,21.88,8.05555555555563e-05,0.00023492063492063498,93137.83783783781,1552.2972972972968,25.871621621621614,0,0.27083009895316634,0,16.31034482758455,0,0,0,0,0.002477777777777778,8830.4932735426,2.4529147982062773,0.06131078224102103,0.9824046920821115,0,HIGH,LOW
VEH_002,68b89b2d4f65cd554d7512ab,2025-11-18 10:00:00,ON,10.26,13478.78,21.27,41.6,34.7,413.0,-0.24,47,10.58,0.0,809.3,473438.98999999976,0.6099999999999994,10.270000000000437,16.836065573771222,0,0.0,10.58,0.24,0.47,0.30899999999999994,3600,0.0,13.849219999999999,0,19,86400,21.27,0.0001694444444444443,0.0001992063492063492,106773.70517928287,1779.5617529880478,29.659362549800797,0,0.5880391366277787,0,16.836065573771222,0,0,0,0,0.002938888888888889,7237.429111531191,2.010396975425331,0.05939629990262644,0.08211143695014662,0,HIGH,LOW
VEH_002,68b89b2d4f65cd554d7512ab,2025-11-18 11:00:00,ON,7.57,13486.34,20.81,41.7,37.4,414.0,-0.09,23,9.77,0.0,809.75,473438.98999999976,0.46000000000000085,7.559999999999491,16.434782608694515,0,0.0,9.77,0.09,0.23,0.132,3600,0.0,11.05964,0,19,90000,20.81,0.000127777777777778,0.00015674603174603186,132762.5316455695,2212.708860759492,36.8784810126582,0,0.4328700947327671,0,16.434782608694515,0,0,0,0,0.002713888888888889,7667.963152507676,2.1299897645854653,0.06084656084656506,0.9736070381231672,0,HIGH,LOW
VEH_002,68b89b2d4f65cd554d7512ab,2025-11-18 12:00:00,ON,12.8,13499.14,20.05,41.9,37.4,415.0,0.32,33,11.34,0.0,810.52,473438.98999999976,0.759999999999998,12.799999999999272,16.84210526315698,0,0.0,11.34,0.32,0.33,0.32299999999999995,3600,0.0,15.00282,0,19,93600,20.05,0.00021111111111111057,0.00014126984126984122,141926.9662921349,2365.449438202248,39.424157303370805,0,0.732901747695698,0,16.84210526315698,0,0,0,0,0.00315,6365.079365079365,1.7680776014109347,0.05937500000000322,0.08064516129032258,0,HIGH,LOW
VEH_002,68b89b2d4f65cd554d7512ab,2025-11-18 13:00:00,ON,18.81,13517.95,18.92,42.4,39.6,416.0,-0.37,40,13.14,0.0,811.65,473438.98999999976,1.129999999999999,18.81000000000131,16.646017699116218,0,0.0,13.14,0.37,0.4,0.379,3600,0.0,18.120060000000002,0,19,97200,18.92,0.0003138888888888886,0.00015674603174603173,120704.8101265823,2011.7468354430384,33.52911392405064,0,1.07702202141858,0,16.646017699116218,0,0,0,0,0.00365,5183.561643835616,1.4398782343987824,0.060074428495476895,0.6832844574780058,0,HIGH,MEDIUM
VEH_002,68b89b2d4f65cd554d7512ab,2025-11-18 14:00:00,ON,10.81,13528.76,18.27,42.4,36.5,417.0,-0.2,2,10.74,0.0,812.3,473438.98999999976,0.6500000000000021,10.80999999999949,16.630769230768394,0,0.0,10.74,0.2,0.02,0.146,3600,0.0,12.30804,0,19,100800,18.27,0.00018055555555555614,0.00016349206349206355,111748.54368932034,1862.475728155339,31.041262135922317,0,0.6189584291086385,0,16.630769230768394,0,0,0,0,0.0029833333333333335,6124.022346368714,1.701117318435754,0.06012950971323152,0.7653958944281525,0,HIGH,LOW
VEH_002,68b89b2d4f65cd554d7512ab,2025-11-18 15:00:00,ON,16.93,13545.7,17.25,42.0,43.1,418.0,0.14,40,12.58,0.0,813.31,473438.98999999976,1.0199999999999996,16.94000000000051,16.607843137255408,0,0.0,12.58,0.14,0.4,0.218,3600,0.0,15.32244,0,19,104400,17.25,0.0002833333333333332,0.00019523809523809533,88353.65853658532,1472.5609756097554,24.542682926829258,0,0.9699496567161098,0,16.607843137255408,0,0,0,0,0.0034944444444444446,4936.406995230524,1.3712241653418122,0.06021251475796747,0.8475073313782991,0,HIGH,MEDIUM
VEH_002,68b89b2d4f65cd554d7512ab,2025-11-18 16:00:00,ON,22.51,13568.21,15.9,41.6,45.0,419.0,0.32,13,14.25,0.0,814.66,473438.98999999976,1.3499999999999996,22.5099999999984,16.67407407407289,0,0.0,14.25,0.32,0.13,0.26299999999999996,3600,0.0,17.99775,0,19,108000,15.9,0.0003749999999999999,0.00023730158730158726,67003.34448160537,1116.722408026756,18.612040133779267,0,1.2888764328617133,0,16.67407407407289,0,0,0,0,0.003958333333333334,4016.8421052631575,1.1157894736842104,0.05997334517992428,0.45454545454545453,0,HIGH,MEDIUM
VEH_002,68b89b2d4f65cd554d7512ab,2025-11-18 17:00:00,ON,16.51,13584.72,14.91,41.2,41.9,420.0,0.04,7,12.45,0.0,815.65,473438.98999999976,0.9900000000000002,16.51000000000022,16.676767676767895,0,0.0,12.45,0.04,0.07,0.049,3600,0.0,13.060049999999999,0,19,111600,14.91,0.00027500000000000007,0.0002523809523809524,59077.35849056604,984.622641509434,16.410377358490567,0,0.9453287386294393,0,16.676767676767895,0,0,0,0,0.0034583333333333332,4311.32530120482,1.1975903614457832,0.05996365838885446,0.42668621700879766,0,HIGH,MEDIUM
VEH_002,68b89b2d4f65cd554d7512ab,2025-11-18 18:00:00,ON,19.09,13603.81,13.77,40.9,42.2,421.0,0.08,10,13.23,0.0,816.8,473438.98999999976,1.1400000000000006,19.090000000000146,16.74561403508784,0,0.0,13.23,0.08,0.1,0.086,3600,0.0,14.367780000000002,0,19,115200,13.77,0.0003166666666666668,0.00027936507936507935,49290.34090909091,821.5056818181819,13.691761363636365,0,1.0930542471493576,0,16.74561403508784,0,0,0,0,0.0036750000000000003,3746.938775510204,1.0408163265306123,0.059717129387113245,0.15249266862170088,0,HIGH,MEDIUM
VEH_002,68b89b2d4f65cd554d7512ab,2025-11-18 19:00:00,ON,21.15,13624.96,12.5,40.7,39.3,422.0,0.06,48,13.84,0.0,818.07,473438.98999999976,1.2699999999999996,21.149999999999636,16.653543307086334,0,0.0,13.84,0.06,0.48,0.186,3600,0.0,16.41424,0,19,118800,12.5,0.00035277777777777765,0.00029960317460317465,41721.85430463575,695.3642384105958,11.589403973509931,0,1.2110056221691117,0,16.653543307086334,0,0,0,0,0.0038444444444444446,3251.4450867052024,0.9031791907514451,0.06004728132387808,0.624633431085044,0,HIGH,MEDIUM
VEH_002,68b89b2d4f65cd554d7512ab,2025-11-18 20:00:00,ON,21.37,13646.33,11.22,40.8,43.0,423.0,0.21,5,13.91,0.0,819.35,473438.98999999976,1.2799999999999994,21.3700000000008,16.695312500000632,0,0.0,13.91,0.21,0.05,0.16199999999999998,3600,0.0,16.16342,0,19,122400,11.22,0.00035555555555555536,0.00030555555555555555,36720.0,612.0,10.2,0,1.2236023709576989,0,16.695312500000632,0,0,0,0,0.003863888888888889,2903.8102084831057,0.8066139468008627,0.05989705194197246,0.28885630498533726,0,HIGH,MEDIUM
VEH_002,68b89b2d4f65cd554d7512ab,2025-11-18 21:00:00,ON,28.1,13674.43,9.53,41.2,45.9,424.0,-0.3,12,15.93,0.0,821.04,473438.98999999976,1.6900000000000013,28.100000000000364,16.627218934911447,0,0.0,15.93,0.3,0.12,0.246,3600,0.0,19.848779999999998,0,19,126000,9.53,0.0004694444444444448,0.00034682539682539686,27477.803203661322,457.9633867276887,7.632723112128145,0,1.6089483679883245,0,16.627218934911447,0,0,0,0,0.004425,2153.6723163841807,0.5982423101067169,0.06014234875444766,0.7785923753665689,0,HIGH,MEDIUM
VEH_002,68b89b2d4f65cd554d7512ab,2025-11-18 22:00:00,ON,23.52,13697.95,8.12,40.9,44.2,425.0,-0.06,0,14.56,0.0,822.45,473438.98999999976,1.4100000000000001,23.520000000000437,16.680851063830094,0,0.0,14.56,0.06,0.0,0.041999999999999996,3600,0.0,15.171520000000001,0,19,129600,8.12,0.0003916666666666667,0.00036230158730158734,22412.267250821464,373.53778751369106,6.225629791894851,0,1.3467069613909468,0,16.680851063830094,0,0,0,0,0.004044444444444444,2007.6923076923076,0.5576923076923077,0.05994897959183563,0.39002932551319647,0,HIGH,MEDIUM
VEH_002,68b89b2d4f65cd554d7512ab,2025-11-18 23:00:00,ON,20.51,13718.46,6.89,41.4,40.4,426.0,0.3,32,13.65,0.0,823.68,473438.98999999976,1.2299999999999995,20.5099999999984,16.674796747966184,0,0.0,13.65,0.3,0.32,0.306,3600,0.0,17.826900000000002,0,19,133200,6.89,0.00034166666666666655,0.00035753968253968263,19270.58823529411,321.1764705882352,5.352941176470587,0,1.1743605347842538,0,16.674796747966184,0,0,0,0,0.0037916666666666667,1817.142857142857,0.5047619047619047,0.059970745977576574,0.4501466275659824,0,HIGH,MEDIUM
VEH_002,68b89b2d4f65cd554d7512ab,2025-11-19 00:00:00,ON,28.03,13746.49,5.21,41.5,44.2,427.0,0.47,18,15.91,0.0,825.36,473438.98999999976,1.6799999999999997,28.030000000000655,16.6845238095242,0,0.0,15.91,0.47,0.18,0.38299999999999995,3600,0.0,22.00353,0,19,136800,5.21,0.0004666666666666666,0.00038492063492063497,13535.257731958762,225.58762886597935,3.759793814432989,0,1.60494031155563,0,16.6845238095242,0,0,0,0,0.004419444444444445,1178.8812067881836,0.32746700188560657,0.0599357830895455,0.36950146627565983,0,HIGH,HIGH
VEH_002,68b89b2d4f65cd554d7512ab,2025-11-19 01:00:00,ON,26.91,13773.4,3.59,42.1,43.9,428.0,0.18,43,15.57,0.0,826.97,473438.98999999976,1.62,26.909999999999854,16.611111111111022,0,0.0,15.57,0.18,0.43,0.255,3600,0.0,19.54035,0,19,140400,3.59,0.00045000000000000004,0.0004039682539682539,8886.836935166995,148.1139489194499,2.4685658153241654,0,1.5408114086322071,0,16.611111111111022,0,0,0,0,0.004325,830.0578034682081,0.23057161207450225,0.0602006688963214,0.8387096774193549,0,HIGH,HIGH
VEH_002,68b89b2d4f65cd554d7512ab,2025-11-19 02:00:00,ON,23.55,13796.95,2.18,42.1,44.1,429.0,0.07,15,14.56,0.0,828.39,473438.98999999976,1.4099999999999997,23.55000000000109,16.702127659575247,0,0.0,14.56,0.07,0.15,0.094,3600,0.0,15.928640000000001,0,19,144000,2.18,0.0003916666666666666,0.00040952380952380955,5323.2558139534885,88.72093023255815,1.4786821705426356,0,1.348424699862146,0,16.702127659575247,0,0,0,0,0.004044444444444444,539.0109890109891,0.14972527472527475,0.059872611464965364,0.2595307917888563,0,HIGH,HIGH
VEH_002,68b89b2d4f65cd554d7512ab,2025-11-19 03:00:00,ON,31.26,13828.2,0.3,41.6,41.7,430.0,-0.09,5,16.88,0.0,830.26,473438.98999999976,1.8800000000000001,31.25,16.622340425531913,0,0.0,16.88,0.09,0.05,0.078,3600,1.0,18.19664,0,19,147600,0.3,0.0005222222222222222,0.00043333333333333337,692.3076923076923,11.538461538461538,0.1923076923076923,0,1.7893109074603022,0,16.622340425531913,0,0,0,0,0.004688888888888888,63.98104265402844,0.017772511848341235,0.060160000000000005,0.7976539589442815,0,HIGH,HIGH
VEH_002,68b89b2d4f65cd554d7512ab,2025-11-19 04:00:00,ON,28.6,13856.81,0.0,41.4,42.6,431.0,0.19,4,16.08,0.0,831.98,473438.98999999976,0.3,28.609999999998763,95.36666666666255,0,0.0,16.08,0.19,0.04,0.145,3600,0.0,18.4116,0,19,151200,0.0,8.333333333333333e-05,0.0003781746031746031,0.0,0.0,0.0,0,1.638149921997985,0,95.36666666666255,0,0,0,0,0.0044666666666666665,0.0,0.0,0.010485844110451344,0.036656891495601175,0,HIGH,HIGH
VEH_002,68b89b2d4f65cd554d7512ab,2025-11-19 05:00:00,ON,0.0,13856.81,36.16,40.7,23.8,431.0,0.48,19,0.0,0.03,831.98,473438.98999999976,0.0,0.0,0.0,1,0.03,0.0,0.48,0.19,0.39299999999999996,3600,0.0,0.0,1,20,0,36.16,0.0,0.00032222222222222217,112220.68965517242,1870.344827586207,31.17241379310345,0,0.0,0,0.0,0,0,0,0,8.333333333333334e-06,4339199.999999999,1205.333333333333,0.0,0.0,0,MEDIUM,LOW
VEH_002,68b89b2d4f65cd554d7512ab,2025-11-19 06:00:00,ON,2.74,13859.55,36.0,41.3,34.6,432.0,-0.4,28,8.32,0.0,832.14,473438.98999999976,0.1599999999999966,2.7399999999997817,17.124999999999,0,0.0,8.32,0.4,0.28,0.364,3600,0.0,11.348479999999999,0,20,3600,36.0,4.44444444444435e-05,0.0002797619047619046,128680.85106382985,2144.6808510638307,35.74468085106385,0,0.1568867803661068,0,17.124999999999,0,0,0,0,0.002311111111111111,15576.923076923078,4.3269230769230775,0.05839416058394501,0.04838709677419355,0,MEDIUM,LOW
VEH_002,68b89b2d4f65cd554d7512ab,2025-11-19 07:00:00,ON,0.0,13859.55,35.97,41.3,29.8,433.0,-0.4,4,0.0,0.03,832.17,473438.98999999976,0.030000000000001137,0.0,0.0,1,0.03,0.0,0.4,0.04,0.292,3600,0.0,0.0,0,20,7200,35.97,8.333333333333649e-06,0.0002142857142857142,167860.00000000006,2797.6666666666674,46.627777777777794,0,0.0,0,0.0,1,1,0,0,8.333333333333334e-06,4316400.0,1199.0,0.0,0.0,0,MEDIUM,LOW
VEH_002,68b89b2d4f65cd554d7512ab,2025-11-19 08:00:00,ON,7.66,13867.22,35.51,41.2,34.0,434.0,0.02,6,9.8,0.0,832.63,473438.98999999976,0.46000000000000085,7.670000000000073,16.67391304347839,0,0.0,9.8,0.02,0.06,0.032,3600,0.0,10.113600000000002,0,20,10800,35.51,0.000127777777777778,0.00016825396825396818,211050.0000000001,3517.5000000000014,58.62500000000002,0,0.4391684691270607,0,16.67391304347839,0,0,0,0,0.0027222222222222222,13044.489795918367,3.623469387755102,0.059973924380703585,0.4574780058651026,0,MEDIUM,LOW
VEH_002,68b89b2d4f65cd554d7512ab,2025-11-19 09:00:00,ON,3.89,13871.11,35.27,41.4,33.9,435.0,0.16,21,8.67,0.0,832.87,473438.98999999976,0.23999999999999488,3.890000000001237,16.20833333333883,0,0.0,8.67,0.16,0.21,0.175,3600,0.0,10.18725,0,20,14400,35.27,6.666666666666525e-05,0.00012182539682539658,289512.7035830625,4825.211726384375,80.42019543973959,0,0.22273342176072924,0,16.20833333333883,0,0,0,0,0.0024083333333333335,14644.982698961938,4.06805074971165,0.06169665809766544,0.9882697947214076,0,MEDIUM,LOW
VEH_002,68b89b2d4f65cd554d7512ab,2025-11-19 10:00:00,ON,0.0,13871.11,35.24,41.0,29.3,436.0,-0.43,40,0.0,0.03,832.9,473438.98999999976,0.030000000000001137,0.0,0.0,1,0.03,0.0,0.43,0.4,0.421,3600,0.0,0.0,0,20,18000,35.24,8.333333333333649e-06,4.8412698412698195e-05,727908.1967213148,12131.80327868858,202.19672131147632,0,0.0,0,0.0,1,1,0,0,8.333333333333334e-06,4228800.0,1174.6666666666667,0.0,0.0,0,MEDIUM,LOW
VEH_002,68b89b2d4f65cd554d7512ab,2025-11-19 11:00:00,ON,0.0,13871.11,35.21,40.5,20.2,437.0,0.47,14,0.0,0.03,832.93,473438.98999999976,0.030000000000001137,0.0,0.0,1,0.03,0.0,0.47,0.14,0.37099999999999994,3600,0.0,0.0,0,20,21600,35.21,8.333333333333649e-06,3.769841269841253e-05,933991.5789473726,15566.526315789544,259.4421052631591,0,0.0,0,0.0,1,1,0,0,8.333333333333334e-06,4225200.0,1173.6666666666667,0.0,0.0,0,MEDIUM,LOW
VEH_002,68b89b2d4f65cd554d7512ab,2025-11-19 12:00:00,ON,1.02,13872.13,35.15,40.8,37.3,438.0,-0.25,1,7.81,0.0,832.99,473438.98999999976,0.060000000000002274,1.0199999999986176,16.999999999976314,0,0.0,7.81,0.25,0.01,0.178,3600,0.0,9.20018,0,20,25200,35.15,1.6666666666667298e-05,4.0079365079365e-05,877009.9009901007,14616.831683168344,243.6138613861391,0,0.0584031080194251,0,16.999999999976314,0,0,0,0,0.0021694444444444443,16202.304737516006,4.500640204865557,0.05882352941184666,0.051319648093841645,0,MEDIUM,LOW
VEH_002,68b89b2d4f65cd554d7512ab,2025-11-19 13:00:00,ON,6.88,13879.0,34.74,41.8,38.5,439.0,-0.3,21,9.56,0.0,833.4,473438.98999999976,0.4099999999999966,6.8700000000008,16.7560975609777,0,0.0,9.56,0.3,0.21,0.273,3600,0.0,12.169880000000003,0,20,28800,34.74,0.00011388888888888794,4.9999999999999914e-05,694800.0000000013,11580.000000000022,193.00000000000037,0,0.39336210989611864,0,16.7560975609777,0,0,0,0,0.0026555555555555555,13082.008368200837,3.6338912133891212,0.05967976710334044,0.12756598240469208,0,MEDIUM,LOW
VEH_002,68b89b2d4f65cd554d7512ab,2025-11-19 14:00:00,ON,8.88,13887.88,34.21,41.9,34.3,440.0,0.44,8,10.16,0.0,833.93,473438.98999999976,0.5300000000000011,8.8799999999992,16.754716981130528,0,0.0,10.16,0.44,0.08,0.332,3600,0.0,13.53312,0,20,32400,34.21,0.00014722222222222255,6.984126984126976e-05,489825.00000000064,8163.750000000011,136.06250000000017,0,0.5084505874638736,0,16.754716981130528,0,0,0,0,0.002822222222222222,12121.653543307088,3.367125984251969,0.059684684684690195,0.13196480938416422,0,MEDIUM,LOW
VEH_002,68b89b2d4f65cd554d7512ab,2025-11-19 15:00:00,ON,8.08,13895.96,33.72,42.6,36.6,441.0,0.17,47,9.93,0.0,834.42,473438.98999999976,0.490000000000002,8.079999999999927,16.489795918367133,0,0.0,9.93,0.17,0.47,0.26,3600,0.0,12.5118,0,20,36000,33.72,0.00013611111111111167,7.1031746031746e-05,474717.3184357544,7911.955307262573,131.86592178770957,0,0.46264422823293155,0,16.489795918367133,0,0,0,0,0.002758333333333333,12224.773413897281,3.395770392749245,0.06064356435643643,0.966275659824047,0,MEDIUM,LOW
VEH_002,68b89b2d4f65cd554d7512ab,2025-11-19 16:00:00,ON,10.72,13906.69,33.08,42.7,40.2,442.0,-0.42,24,10.72,0.0,835.06,473438.98999999976,0.6400000000000006,10.730000000001382,16.765625000002146,0,0.0,10.72,0.42,0.24,0.366,3600,0.0,14.643520000000002,0,20,39600,33.08,0.00017777777777777795,8.690476190476211e-05,380646.57534246484,6344.109589041081,105.73515981735135,0,0.6143777931856484,0,16.765625000002146,0,0,0,0,0.002977777777777778,11108.955223880595,3.085820895522388,0.05964585274929339,0.11730205278592376,0,MEDIUM,LOW
VEH_002,68b89b2d4f65cd554d7512ab,2025-11-19 17:00:00,ON,9.67,13916.36,32.5,42.6,42.4,443.0,0.14,41,10.4,0.0,835.64,473438.98999999976,0.5799999999999983,9.670000000000073,16.672413793103622,0,0.0,10.4,0.14,0.41,0.22099999999999997,3600,0.0,12.698400000000001,0,20,43200,32.5,0.00016111111111111062,0.00010873015873015882,298905.10948905087,4981.751824817515,83.02919708029191,0,0.5536843672045201,0,16.672413793103622,0,0,0,0,0.002888888888888889,11249.999999999998,3.1249999999999996,0.05997931747673153,0.4662756598240469,0,MEDIUM,LOW
VEH_002,68b89b2d4f65cd554d7512ab,2025-11-19 18:00:00,ON,12.88,13929.24,31.73,43.1,36.6,444.0,-0.28,32,11.36,0.0,836.41,473438.98999999976,0.7699999999999996,12.8799999999992,16.727272727271696,0,0.0,11.36,0.28,0.32,0.29200000000000004,3600,0.0,14.67712,0,20,46800,31.73,0.00021388888888888876,0.0001380952380952381,229768.96551724136,3829.4827586206893,63.824712643678154,0,0.7374823836187923,0,16.727272727271696,0,0,0,0,0.0031555555555555555,10055.281690140846,2.7931338028169015,0.05978260869565585,0.19208211143695014,0,MEDIUM,LOW
VEH_002,68b89b2d4f65cd554d7512ab,2025-11-19 19:00:00,ON,15.65,13944.88,30.79,42.4,40.9,445.0,0.32,12,12.19,0.0,837.35,473438.98999999976,0.9400000000000013,15.639999999999418,16.638297872339784,0,0.0,12.19,0.32,0.12,0.25999999999999995,3600,0.0,15.359399999999999,0,20,50400,30.79,0.0002611111111111115,0.000173015873015873,177960.55045871562,2966.009174311927,49.43348623853212,0,0.8955143229656987,0,16.638297872339784,0,0,0,0,0.003386111111111111,9093.027071369976,2.5258408531583267,0.06010230179028365,0.7287390029325513,0,MEDIUM,LOW
VEH_002,68b89b2d4f65cd554d7512ab,2025-11-19 20:00:00,ON,20.24,13965.12,29.57,42.6,43.8,446.0,-0.07,5,13.57,0.0,838.57,473438.98999999976,1.2199999999999989,20.2400000000016,16.590163934427558,0,0.0,13.57,0.07,0.05,0.064,3600,0.0,14.43848,0,20,54000,29.57,0.0003388888888888886,0.0002051587301587302,144132.30174081234,2402.205029013539,40.03675048355898,0,1.1589008885439802,0,16.590163934427558,0,0,0,0,0.0037694444444444446,7844.657332350774,2.179071481208548,0.06027667984189241,0.8856304985337243,0,MEDIUM,LOW
VEH_002,68b89b2d4f65cd554d7512ab,2025-11-19 21:00:00,ON,25.03,13990.15,28.07,42.3,45.3,447.0,0.14,37,15.01,0.0,840.07,473438.98999999976,1.5,25.029999999998836,16.68666666666589,0,0.0,15.01,0.14,0.37,0.20900000000000002,3600,0.0,18.147090000000002,0,20,57600,28.07,0.0004166666666666667,0.0002436507936507937,115205.86319218238,1920.0977198697065,32.00162866449511,0,1.433166464439337,0,16.68666666666589,0,0,0,0,0.004169444444444444,6732.311792138575,1.8700866089273818,0.05992808629644705,0.34457478005865105,0,MEDIUM,LOW
VEH_002,68b89b2d4f65cd554d7512ab,2025-11-19 22:00:00,ON,23.87,14014.02,26.64,42.2,41.1,448.0,-0.06,12,14.66,0.0,841.5,473438.98999999976,1.4299999999999997,23.8700000000008,16.692307692308255,0,0.0,14.66,0.06,0.12,0.07799999999999999,3600,0.0,15.80348,0,20,61200,26.64,0.00039722222222222215,0.00028095238095238086,94820.33898305088,1580.3389830508481,26.338983050847467,0,1.366747243554523,0,16.692307692308255,0,0,0,0,0.004072222222222222,6541.882673942702,1.8171896316507505,0.05990783410138047,0.3035190615835777,0,MEDIUM,LOW
VEH_002,68b89b2d4f65cd554d7512ab,2025-11-19 23:00:00,ON,20.69,14034.71,25.4,42.5,43.4,449.0,-0.39,2,13.71,0.0,842.74,473438.98999999976,1.240000000000002,20.68999999999869,16.68548387096666,0,0.0,13.71,0.39,0.02,0.27899999999999997,3600,0.0,17.53509,0,20,64800,25.4,0.000344444444444445,0.0003047619047619048,83343.74999999999,1389.0624999999998,23.151041666666664,0,1.1846669656112419,0,16.68548387096666,0,0,0,0,0.0038083333333333337,6669.584245076586,1.8526622902990517,0.05993233446109621,0.3563049853372434,0,MEDIUM,LOW
VEH_002,68b89b2d4f65cd554d7512ab,2025-11-20 00:00:00,ON,19.24,14053.96,24.24,42.5,40.3,450.0,-0.43,9,13.27,0.0,843.9,473438.98999999976,1.1600000000000001,19.25,16.594827586206893,0,0.0,13.27,0.43,0.09,0.328,3600,0.0,17.62256,0,20,68400,24.24,0.0003222222222222223,0.0003277777777777779,73952.54237288132,1232.5423728813553,20.54237288135592,0,1.102215518995546,0,16.594827586206893,0,0,0,0,0.003686111111111111,6576.036171816127,1.8266767143933684,0.06025974025974027,0.8768328445747801,0,HIGH,LOW
VEH_002,68b89b2d4f65cd554d7512ab,2025-11-20 01:00:00,ON,26.32,14080.28,22.66,42.4,42.7,451.0,0.31,0,15.4,0.0,845.48,473438.98999999976,1.5799999999999983,26.320000000001528,16.65822784810225,0,0.0,15.4,0.31,0.0,0.217,3600,0.0,18.7418,0,20,72000,22.66,0.0004388888888888884,0.00035992063492063496,62958.32414553472,1049.3054024255787,17.488423373759645,0,1.5070292186994523,0,16.65822784810225,0,0,0,0,0.004277777777777778,5297.142857142857,1.4714285714285713,0.060030395136774564,0.593841642228739,0,HIGH,MEDIUM
VEH_002,68b89b2d4f65cd554d7512ab,2025-11-20 02:00:00,ON,23.28,14103.57,21.27,42.9,36.9,452.0,-0.15,23,14.48,0.0,846.87,473438.98999999976,1.3900000000000006,23.289999999999054,16.75539568345255,0,0.0,14.48,0.15,0.23,0.174,3600,0.0,16.99952,0,20,75600,21.27,0.00038611111111111127,0.00037777777777777777,56302.94117647059,938.3823529411765,15.63970588235294,0,1.3335376331119597,0,16.75539568345255,0,0,0,0,0.004022222222222222,5288.121546961326,1.4689226519337018,0.05968226706741336,0.13049853372434017,0,HIGH,MEDIUM
VEH_002,68b89b2d4f65cd554d7512ab,2025-11-20 03:00:00,ON,27.91,14131.48,19.59,43.1,43.4,453.0,-0.15,41,15.87,0.0,848.55,473438.98999999976,1.6799999999999997,27.909999999999854,16.613095238095156,0,0.0,15.87,0.15,0.41,0.22799999999999998,3600,0.0,19.48836,0,20,79200,19.59,0.0004666666666666666,0.00039603174603174607,49465.73146292585,824.4288577154308,13.740480961923847,0,1.5980693576709366,0,16.613095238095156,0,0,0,0,0.0044083333333333335,4443.856332703213,1.2344045368620038,0.06019347903977099,0.8313782991202346,0,HIGH,MEDIUM
VEH_002,68b89b2d4f65cd554d7512ab,2025-11-20 04:00:00,ON,24.25,14155.73,18.14,43.3,41.4,454.0,0.02,4,14.78,0.0,850.0,473438.98999999976,1.4499999999999993,24.25,16.72413793103449,0,0.0,14.78,0.02,0.04,0.026,3600,0.0,15.16428,0,20,82800,18.14,0.00040277777777777756,0.00039404761904761906,46035.045317220545,767.250755287009,12.787512588116819,0,1.3885052641891944,0,16.72413793103449,0,0,0,0,0.004105555555555555,4418.403247631936,1.2273342354533157,0.05979381443298966,0.19794721407624633,0,HIGH,MEDIUM
VEH_002,68b89b2d4f65cd554d7512ab,2025-11-20 05:00:00,ON,27.09,14182.82,16.51,43.7,42.5,455.0,0.11,28,15.63,0.0,851.63,473438.98999999976,1.629999999999999,27.090000000000146,16.61963190184059,0,0.0,15.63,0.11,0.28,0.161,3600,0.0,18.146430000000002,0,20,86400,16.51,0.0004527777777777775,0.0004019841269841269,41071.27344521225,684.5212240868709,11.408687068114515,0,1.5511178394591951,0,16.61963190184059,0,0,0,0,0.004341666666666667,3802.687140115163,1.056301983365323,0.06016980435585051,0.8079178885630498,0,HIGH,MEDIUM
VEH_002,68b89b2d4f65cd554d7512ab,2025-11-20 06:00:00,ON,26.43,14209.25,14.93,44.3,36.4,456.0,0.24,20,15.43,0.0,853.21,473438.98999999976,1.5800000000000018,26.43000000000029,16.727848101265987,0,0.0,15.43,0.24,0.2,0.22799999999999998,3600,0.0,18.94804,0,20,90000,14.93,0.0004388888888888894,0.00041547619047619045,35934.67048710602,598.9111747851003,9.981852913085007,0,1.5133275930936418,0,16.727848101265987,0,0,0,0,0.004286111111111111,3483.344134802333,0.967595593000648,0.05978055240257225,0.18914956011730205,0,HIGH,MEDIUM
VEH_002,68b89b2d4f65cd554d7512ab,2025-11-20 07:00:00,ON,29.93,14239.18,13.13,44.1,42.6,457.0,-0.39,35,16.48,0.0,855.01,473438.98999999976,1.799999999999999,29.93000000000029,16.62777777777795,0,0.0,16.48,0.39,0.35,0.37799999999999995,3600,0.0,22.709439999999997,0,20,93600,13.13,0.0004999999999999997,0.0004408730158730158,29781.81818181819,496.36363636363654,8.272727272727275,0,1.7137304147291956,0,16.62777777777795,0,0,0,0,0.004577777777777778,2868.203883495146,0.7967233009708738,0.060140327430670944,0.7771260997067448,0,HIGH,MEDIUM
VEH_002,68b89b2d4f65cd554d7512ab,2025-11-20 08:00:00,ON,23.83,14263.01,11.7,43.6,40.4,458.0,-0.16,27,14.65,0.0,856.44,473438.98999999976,1.4300000000000015,23.829999999999927,16.664335664335596,0,0.0,14.65,0.16,0.27,0.193,3600,0.0,17.47745,0,20,97200,11.7,0.00039722222222222264,0.0004349206349206349,26901.4598540146,448.35766423357666,7.4726277372262775,0,1.3644569255929238,0,16.664335664335596,0,0,0,0,0.004069444444444445,2875.0853242320813,0.7986348122866893,0.06000839278220755,0.5513196480938416,0,HIGH,MEDIUM
VEH_002,68b89b2d4f65cd554d7512ab,2025-11-20 09:00:00,ON,24.98,14287.99,10.2,43.3,43.8,459.0,-0.09,41,14.99,0.0,857.94,473438.98999999976,1.5,24.979999999999563,16.65333333333304,0,0.0,14.99,0.09,0.41,0.186,3600,0.0,17.77814,0,20,100800,10.2,0.0004166666666666667,0.00043928571428571427,23219.51219512195,386.9918699186992,6.4498644986449865,0,1.4303035669874422,0,16.65333333333304,0,0,0,0,0.004163888888888889,2449.6330887258173,0.6804536357571714,0.060048038430745646,0.6290322580645161,0,HIGH,MEDIUM
VEH_002,68b89b2d4f65cd554d7512ab,2025-11-20 10:00:00,ON,19.72,14307.71,9.02,43.6,42.5,460.0,-0.38,48,13.42,0.0,859.12,473438.98999999976,1.1799999999999997,19.719999999999345,16.71186440677911,0,0.0,13.42,0.38,0.48,0.4099999999999999,3600,0.0,18.9222,0,20,104400,9.02,0.0003277777777777777,0.00041944444444444445,21504.6357615894,358.41059602649,5.973509933774833,0,1.1291267550437116,0,16.71186440677911,0,0,0,0,0.0037277777777777778,2419.6721311475408,0.6721311475409836,0.059837728194728136,0.22727272727272727,0,HIGH,MEDIUM
VEH_002,68b89b2d4f65cd554d7512ab,2025-11-20 11:00:00,ON,19.66,14327.37,7.84,44.5,38.6,461.0,0.26,2,13.4,0.0,860.3,473438.98999999976,1.1799999999999997,19.660000000001673,16.661016949153964,0,0.0,13.4,0.26,0.02,0.188,3600,0.0,15.9192,0,20,108000,7.84,0.0003277777777777777,0.00040873015873015874,19181.35922330097,319.6893203883495,5.328155339805825,0,1.1256912781015211,0,16.661016949153964,0,0,0,0,0.0037222222222222223,2106.268656716418,0.5850746268656716,0.06002034587995418,0.5733137829912024,0,HIGH,MEDIUM
VEH_002,68b89b2d4f65cd554d7512ab,2025-11-20 12:00:00,ON,14.93,14342.29,6.94,44.5,46.2,462.0,0.13,31,11.98,0.0,861.2,473438.98999999976,0.8999999999999995,14.920000000000073,16.577777777777868,0,0.0,11.98,0.13,0.31,0.184,3600,0.0,14.18432,0,20,111600,6.94,0.00024999999999999984,0.0003797619047619048,18274.608150470216,304.57680250783693,5.076280041797283,0,0.8542885996578508,0,16.577777777777868,0,0,0,0,0.003327777777777778,2085.475792988314,0.5792988313856428,0.06032171581769404,0.907624633431085,0,HIGH,MEDIUM
VEH_002,68b89b2d4f65cd554d7512ab,2025-11-20 13:00:00,ON,18.36,14360.65,5.84,44.0,40.2,463.0,0.37,40,13.01,0.0,862.3,473438.98999999976,1.1000000000000005,18.359999999998763,16.690909090907958,0,0.0,13.01,0.37,0.4,0.379,3600,0.0,17.94079,0,20,115200,5.84,0.0003055555555555557,0.0003607142857142857,16190.09900990099,269.83498349834986,4.497249724972497,0,1.0512559443510059,0,16.690909090907958,0,0,0,0,0.0036138888888888887,1615.987701767871,0.4488854727132975,0.059912854030505155,0.3152492668621701,0,HIGH,HIGH
VEH_002,68b89b2d4f65cd554d7512ab,2025-11-20 14:00:00,ON,18.12,14378.77,4.75,44.7,41.5,464.0,0.38,2,12.94,0.0,863.39,473438.98999999976,1.0899999999999999,18.1200000000008,16.623853211009912,0,0.0,12.94,0.38,0.02,0.27199999999999996,3600,0.0,16.45968,0,20,118800,4.75,0.00030277777777777773,0.00033253968253968256,14284.009546539379,238.06682577565633,3.967780429594272,0,1.0375140365818274,0,16.623853211009912,0,0,0,0,0.0035944444444444444,1321.483771251932,0.3670788253477589,0.0601545253863108,0.7932551319648093,0,HIGH,HIGH
VEH_002,68b89b2d4f65cd554d7512ab,2025-11-20 15:00:00,ON,10.33,14389.11,4.13,44.6,36.0,465.0,-0.46,5,10.6,0.0,864.01,473438.98999999976,0.6200000000000001,10.340000000000146,16.677419354838943,0,0.0,10.6,0.46,0.05,0.337,3600,0.0,14.172199999999998,0,20,122400,4.13,0.00017222222222222226,0.00030039682539682535,13748.480845442538,229.1413474240423,3.819022457067372,0,0.592047193060473,0,16.677419354838943,0,0,0,0,0.0029444444444444444,1402.6415094339623,0.389622641509434,0.05996131528046338,0.4178885630498534,0,HIGH,HIGH
VEH_002,68b89b2d4f65cd554d7512ab,2025-11-20 16:00:00,ON,8.57,14397.67,3.62,44.3,36.2,466.0,-0.12,44,10.07,0.0,864.52,473438.98999999976,0.5099999999999998,8.55999999999949,16.784313725489206,0,0.0,10.07,0.12,0.44,0.216,3600,0.0,12.24512,0,20,126000,3.62,0.0001416666666666666,0.0002611111111111111,13863.829787234043,231.06382978723406,3.851063829787234,0,0.49012804377149677,0,16.784313725489206,0,0,0,0,0.002797222222222222,1294.1410129096325,0.35948361469712015,0.059579439252339966,0.09970674486803519,0,HIGH,HIGH
VEH_002,68b89b2d4f65cd554d7512ab,2025-11-20 17:00:00,ON,16.39,14414.06,2.64,44.4,38.2,467.0,0.23,39,12.42,0.0,865.5,473438.98999999976,0.98,16.389999999999418,16.724489795917773,0,0.0,12.42,0.23,0.39,0.278,3600,0.0,15.87276,0,20,129600,2.64,0.0002722222222222222,0.00025317460317460315,10427.586206896553,173.79310344827587,2.896551724137931,0,0.938457784744746,0,16.724489795917773,0,0,0,0,0.00345,765.2173913043479,0.21256038647342995,0.05979255643685386,0.19648093841642228,0,HIGH,HIGH
VEH_002,68b89b2d4f65cd554d7512ab,2025-11-20 18:00:00,ON,9.49,14423.56,2.07,44.4,41.2,468.0,-0.49,42,10.35,0.0,866.07,473438.98999999976,0.5700000000000003,9.5,16.666666666666657,0,0.0,10.35,0.49,0.42,0.469,3600,0.0,15.204149999999998,0,20,133200,2.07,0.0001583333333333334,0.00022896825396825397,9040.55459272097,150.67590987868283,2.5112651646447137,0,0.5439505158679319,0,16.666666666666657,0,0,0,0,0.002875,720.0,0.2,0.06000000000000003,0.5249266862170088,0,HIGH,HIGH
VEH_002,68b89b2d4f65cd554d7512ab,2025-11-20 19:00:00,ON,14.79,14438.35,1.18,44.7,39.9,469.0,-0.07,36,11.94,0.0,866.96,473438.98999999976,0.8899999999999999,14.790000000000873,16.617977528090872,0,0.0,11.94,0.07,0.36,0.157,3600,0.0,13.81458,0,20,136800,1.18,0.0002472222222222222,0.00022857142857142854,5162.5,86.04166666666667,1.4340277777777777,0,0.8468450662828618,0,16.617977528090872,0,0,0,0,0.0033166666666666665,355.7788944723618,0.09882747068676717,0.06017579445570976,0.8123167155425219,0,HIGH,HIGH
VEH_002,68b89b2d4f65cd554d7512ab,2025-11-20 20:00:00,ON,15.13,14453.48,0.27,44.5,37.7,470.0,0.16,27,12.04,0.0,867.87,473438.98999999976,0.9099999999999999,15.1299999999992,16.626373626372747,0,0.0,12.04,0.16,0.27,0.193,3600,0.0,14.363719999999999,0,20,140400,0.27,0.00025277777777777777,0.000221031746031746,1221.5439856373432,20.359066427289054,0.33931777378815087,0,0.866312768955934,0,16.626373626372747,0,0,0,0,0.003344444444444444,80.7308970099668,0.02242524916943522,0.0601454064772008,0.7844574780058651,0,HIGH,HIGH
VEH_002,68b89b2d4f65cd554d7512ab,2025-11-20 21:00:00,ON,13.38,14466.86,37.75,45.1,36.0,471.0,0.27,41,11.51,0.0,868.67,473438.98999999976,0.0,13.380000000001019,0.0,0,0.0,11.51,0.27,0.41,0.312,3600,0.0,15.10112,1,21,0,37.75,0.0,0.00017777777777777776,212343.75000000003,3539.0625000000005,58.98437500000001,0,0.7661113581382613,0,0.0,0,0,0,0,0.003197222222222222,11807.124239791487,3.2797567332754127,0.0,0.018328445747800588,0,MEDIUM,LOW
VEH_002,68b89b2d4f65cd554d7512ab,2025-11-20 22:00:00,ON,14.64,14481.51,36.87,45.9,44.1,472.0,-0.23,7,11.89,0.0,869.55,473438.98999999976,0.8800000000000026,14.649999999999636,16.64772727272681,0,0.0,11.89,0.23,0.07,0.182,3600,0.0,14.05398,0,21,3600,36.87,0.00024444444444444513,0.0001880952380952382,196017.7215189872,3266.9620253164535,54.44936708860756,0,0.8388289534173688,0,16.64772727272681,0,0,0,0,0.0033027777777777777,11163.330529857021,3.100925147182506,0.0600682593856672,0.6715542521994134,0,MEDIUM,LOW
VEH_002,68b89b2d4f65cd554d7512ab,2025-11-20 23:00:00,ON,16.06,14497.57,35.9,45.8,42.4,473.0,0.06,25,12.32,0.0,870.51,473438.98999999976,0.9699999999999989,16.05999999999949,16.55670103092733,0,0.0,12.32,0.06,0.25,0.11699999999999999,3600,0.0,13.76144,0,21,7200,35.9,0.0002694444444444441,0.0002063492063492064,173976.92307692303,2899.615384615384,48.326923076923066,0,0.9195626615619693,0,16.55670103092733,0,0,0,0,0.0034222222222222223,10490.25974025974,2.913961038961039,0.0603985056039869,0.9237536656891495,0,MEDIUM,LOW
VEH_002,68b89b2d4f65cd554d7512ab,2025-11-21 00:00:00,ON,19.2,14516.77,34.75,46.2,43.8,474.0,-0.23,37,13.26,0.0,871.67,473438.98999999976,1.1499999999999986,19.200000000000728,16.695652173913697,0,0.0,13.26,0.23,0.37,0.272,3600,0.0,16.86672,0,21,10800,34.75,0.00031944444444444403,0.0002130952380952381,163072.625698324,2717.8770949720665,45.297951582867775,0,1.0993526215436513,0,16.695652173913697,0,0,0,0,0.003683333333333333,9434.389140271494,2.6206636500754152,0.05989583333333099,0.2859237536656892,0,MEDIUM,LOW
VEH_002,68b89b2d4f65cd554d7512ab,2025-11-21 01:00:00,ON,19.73,14536.5,33.57,46.4,41.6,475.0,0.33,20,13.42,0.0,872.85,473438.98999999976,1.1799999999999997,19.729999999999563,16.720338983050482,0,0.0,13.42,0.33,0.2,0.291,3600,0.0,17.325219999999998,0,21,14400,33.57,0.0003277777777777777,0.00023730158730158726,141465.5518394649,2357.759197324415,39.295986622073585,0,1.1296993345341113,0,16.720338983050482,0,0,0,0,0.0037277777777777778,9005.365126676603,2.501490312965723,0.05980739989863283,0.20381231671554254,0,MEDIUM,LOW
VEH_002,68b89b2d4f65cd554d7512ab,2025-11-21 02:00:00,ON,22.85,14559.34,32.2,45.8,44.3,476.0,0.26,5,14.35,0.0,874.22,473438.98999999976,1.3699999999999974,22.840000000000146,16.671532846715465,0,0.0,14.35,0.26,0.05,0.197,3600,0.0,17.17695,0,21,18000,32.2,0.0003805555555555548,0.00025634920634920623,125609.9071207431,2093.498452012385,34.89164086687308,0,1.307771556044594,0,16.671532846715465,0,0,0,0,0.003986111111111111,8078.048780487805,2.24390243902439,0.059982486865148364,0.4750733137829912,0,MEDIUM,LOW
VEH_002,68b89b2d4f65cd554d7512ab,2025-11-21 03:00:00,ON,27.43,14586.78,30.55,45.3,42.5,477.0,0.39,14,15.73,0.0,875.87,473438.98999999976,1.6500000000000021,27.44000000000051,16.630303030303317,0,0.0,15.73,0.39,0.14,0.31499999999999995,3600,0.0,20.68495,0,21,21600,30.55,0.0004583333333333339,0.00028571428571428574,106925.0,1782.0833333333333,29.70138888888889,0,1.5711581216227712,0,16.630303030303317,0,0,0,0,0.004369444444444445,6991.735537190082,1.9421487603305785,0.06013119533527593,0.7697947214076246,0,MEDIUM,LOW
VEH_002,68b89b2d4f65cd554d7512ab,2025-11-21 04:00:00,ON,28.35,14615.13,28.85,45.1,45.6,478.0,0.39,39,16.0,0.0,877.57,473438.98999999976,1.6999999999999993,28.349999999998545,16.676470588234444,0,0.0,16.0,0.39,0.39,0.38999999999999996,3600,0.0,22.24,0,21,25200,28.85,0.000472222222222222,0.00035317460317460314,81687.64044943822,1361.4606741573036,22.69101123595506,0,1.6232628552479027,0,16.676470588234444,0,0,0,0,0.0044444444444444444,6491.25,1.803125,0.05996472663139635,0.4340175953079179,0,MEDIUM,LOW
VEH_002,68b89b2d4f65cd554d7512ab,2025-11-21 05:00:00,ON,32.13,14647.26,26.92,45.0,45.6,479.0,0.31,37,17.14,0.0,879.5,473438.98999999976,1.9299999999999997,32.13000000000102,16.647668393782915,0,0.0,17.14,0.31,0.37,0.328,3600,1.0,22.761920000000003,0,21,28800,26.92,0.000536111111111111,0.00039484126984126966,68179.2964824121,1136.3216080402017,18.938693467336694,0,1.8396979026144427,0,16.647668393782915,0,0,0,0,0.004761111111111111,5654.142357059511,1.5705950991831974,0.060068471833175804,0.6730205278592375,0,MEDIUM,LOW
VEH_002,68b89b2d4f65cd554d7512ab,2025-11-21 06:00:00,ON,25.65,14672.9,25.38,44.8,44.9,480.0,0.36,44,15.19,0.0,881.03,473438.98999999976,1.5400000000000027,25.639999999999418,16.649350649350243,0,0.0,15.19,0.36,0.44,0.384,3600,0.0,21.022959999999998,0,21,32400,25.38,0.00042777777777777855,0.00041746031746031745,60796.19771863118,1013.2699619771863,16.88783269961977,0,1.4680938133529953,0,16.649350649350243,0,0,0,0,0.004219444444444444,6015.00987491771,1.6708360763660304,0.060062402496101314,0.6656891495601173,0,MEDIUM,LOW
VEH_002,68b89b2d4f65cd554d7512ab,2025-11-21 07:00:00,ON,25.1,14698.0,23.88,45.1,43.3,481.0,0.39,20,15.03,0.0,882.54,473438.98999999976,1.5,25.100000000000364,16.733333333333576,0,0.0,15.03,0.39,0.2,0.33299999999999996,3600,0.0,20.034989999999997,0,21,36000,23.88,0.0004166666666666667,0.0004313492063492064,55361.177552897876,922.686292548298,15.378104875804965,0,1.4371745208721356,0,16.733333333333576,0,0,0,0,0.004175,5719.760479041916,1.5888223552894212,0.05976095617529794,0.17888563049853373,0,HIGH,LOW
VEH_002,68b89b2d4f65cd554d7512ab,2025-11-21 08:00:00,ON,29.64,14727.65,22.1,45.0,41.3,482.0,-0.49,13,16.39,0.0,884.32,473438.98999999976,1.7799999999999976,29.649999999999636,16.657303370786334,0,0.0,16.39,0.49,0.13,0.38199999999999995,3600,0.0,22.65098,0,21,39600,22.1,0.0004944444444444437,0.00045515873015873013,48554.48997384482,809.2414995640804,13.487358326068007,0,1.6976981889983138,0,16.657303370786334,0,0,0,0,0.004552777777777778,4854.17937766931,1.3483831604636973,0.060033726812816844,0.5982404692082112,0,HIGH,MEDIUM
VEH_002,68b89b2d4f65cd554d7512ab,2025-11-21 09:00:00,ON,36.31,14763.95,19.92,45.3,46.4,483.0,-0.49,2,18.39,0.0,886.5,473438.98999999976,2.1799999999999997,36.30000000000109,16.651376146789495,0,0.0,18.39,0.49,0.02,0.349,3600,1.0,24.80811,0,21,43200,19.92,0.0006055555555555555,0.00048730158730158734,40878.175895765475,681.3029315960913,11.355048859934854,0,2.0784635501059494,0,16.651376146789495,0,0,0,0,0.005108333333333334,3899.510603588907,1.0831973898858076,0.06005509641873097,0.6510263929618768,0,HIGH,MEDIUM
VEH_002,68b89b2d4f65cd554d7512ab,2025-11-21 10:00:00,ON,38.3,14802.25,17.62,44.9,47.3,484.0,0.26,42,18.99,0.0,888.8,473438.98999999976,2.3000000000000007,38.29999999999927,16.652173913043157,0,0.0,18.99,0.26,0.42,0.308,3600,1.0,24.838919999999998,0,21,46800,17.62,0.000638888888888889,0.0005130952380952381,34340.60324825987,572.3433874709978,9.539056457849963,0,2.1929794481833045,0,16.652173913043157,0,0,0,0,0.005274999999999999,3340.2843601895743,0.9278567667193262,0.060052219321149986,0.6422287390029325,0,HIGH,MEDIUM
VEH_002,68b89b2d4f65cd554d7512ab,2025-11-21 11:00:00,ON,41.12,14843.37,15.16,44.9,50.5,485.0,-0.12,33,19.84,0.0,891.26,473438.98999999976,2.460000000000001,41.1200000000008,16.715447154471864,0,0.0,19.84,0.12,0.33,0.183,3600,1.0,23.47072,0,21,50400,15.16,0.0006833333333333335,0.0005432539682539683,27905.916727538348,465.09861212563914,7.751643535427319,0,2.3544468644726098,0,16.715447154471864,0,0,0,0,0.005511111111111111,2750.8064516129034,0.7641129032258065,0.059824902723734266,0.21700879765395895,0,HIGH,MEDIUM
VEH_002,68b89b2d4f65cd554d7512ab,2025-11-21 12:00:00,ON,38.59,14881.96,12.84,45.0,48.6,486.0,0.09,10,19.08,0.0,893.58,473438.98999999976,2.3200000000000003,38.58999999999833,16.63362068965445,0,0.0,19.08,0.09,0.1,0.093,3600,1.0,20.854439999999997,0,21,54000,12.84,0.0006444444444444446,0.0005587301587301588,22980.681818181816,383.0113636363636,6.383522727272727,0,2.2095842534044823,0,16.63362068965445,0,0,0,0,0.005299999999999999,2422.6415094339627,0.6729559748427674,0.060119201865770945,0.7536656891495601,0,HIGH,MEDIUM
VEH_002,68b89b2d4f65cd554d7512ab,2025-11-21 13:00:00,ON,45.78,14927.74,10.09,45.3,48.0,487.0,0.14,24,21.23,0.0,896.32,473438.98999999976,2.75,45.780000000000655,16.647272727272966,0,0.0,21.23,0.14,0.24,0.16999999999999998,3600,1.0,24.8391,0,21,57600,10.09,0.0007638888888888889,0.0006067460317460317,16629.692609548725,277.16154349247876,4.619359058207979,0,2.6212689069930817,0,16.647272727272966,0,0,0,0,0.005897222222222222,1710.9750353273669,0.4752708431464908,0.060069899519439945,0.6744868035190615,0,HIGH,HIGH
VEH_002,68b89b2d4f65cd554d7512ab,2025-11-21 14:00:00,ON,48.15,14975.89,7.21,45.4,47.0,488.0,0.21,21,21.95,0.0,899.21,473438.98999999976,2.88,48.149999999999636,16.718749999999876,0,0.0,21.95,0.21,0.21,0.21,3600,1.0,26.5595,0,21,61200,7.21,0.0007999999999999999,0.0006615079365079365,10899.340131973606,181.65566886622676,3.0275944811037796,0,2.7569702462148125,0,16.718749999999876,0,0,0,0,0.006097222222222222,1182.5056947608202,0.32847380410022786,0.05981308411214998,0.20527859237536658,0,HIGH,HIGH
VEH_002,68b89b2d4f65cd554d7512ab,2025-11-21 15:00:00,ON,49.43,15025.32,4.24,45.5,50.0,489.0,-0.05,19,22.33,0.0,902.18,473438.98999999976,2.9699999999999998,49.43000000000029,16.643097643097743,0,0.0,22.33,0.05,0.19,0.092,3600,1.0,24.38436,0,21,64800,4.24,0.0008249999999999999,0.0007087301587301587,5982.530795072789,99.70884658454649,1.6618141097424415,0,2.830260420984424,0,16.643097643097743,0,0,0,0,0.0062027777777777775,683.5647111509181,0.18987908643081058,0.060084968642524425,0.7038123167155426,0,HIGH,HIGH
VEH_002,68b89b2d4f65cd554d7512ab,2025-11-21 16:00:00,ON,56.8,15082.13,0.83,45.0,53.4,490.0,-0.22,35,24.54,0.0,905.59,473438.98999999976,3.41,56.80999999999949,16.659824046920672,0,0.0,24.54,0.22,0.35,0.259,3600,1.0,30.895859999999995,0,21,68400,0.83,0.0009472222222222222,0.0007575396825396825,1095.6521739130435,18.26086956521739,0.30434782608695654,0,3.2528240848902032,0,16.659824046920672,0,0,0,0,0.006816666666666666,121.76039119804402,0.03382233088834556,0.06002464354867155,0.5835777126099707,0,HIGH,HIGH
VEH_002,68b89b2d4f65cd554d7512ab,2025-11-21 17:00:00,ON,50.06,15132.19,0.0,44.6,51.2,491.0,-0.25,45,22.52,0.0,908.59,473438.98999999976,0.83,50.06000000000131,60.31325301204977,0,0.0,22.52,0.25,0.45,0.31,3600,1.0,29.5012,0,21,72000,0.0,0.00023055555555555554,0.0006992063492063493,0.0,0.0,0.0,0,2.866332928878882,0,60.31325301204977,0,0,0,0,0.006255555555555556,0.0,0.0,0.016580103875349146,0.03812316715542522,0,HIGH,HIGH
VEH_002,68b89b2d4f65cd554d7512ab,2025-11-21 18:00:00,OFF,0.0,15132.19,0.0,44.9,1.0,491.0,0.24,23,0.0,0.0,908.59,473438.98999999976,-0.0,0.0,0.0,0,0.0,0.0,0.24,0.23,0.237,0,0.0,0.0,0,21,75600,0.0,-0.0,0.0006015873015873017,0.0,0.0,0.0,0,0.0,0,0.0,0,0,0,0,0.0,0.0,0.0,0.0,0.0,0,HIGH,
VEH_002,68b89b2d4f65cd554d7512ab,2025-11-21 19:00:00,OFF,0.0,15132.19,0.0,45.2,3.1,491.0,0.44,29,0.0,0.0,908.59,473438.98999999976,-0.0,0.0,0.0,0,0.0,0.0,0.44,0.29,0.395,0,0.0,0.0,0,21,79200,0.0,-0.0,0.0005095238095238094,0.0,0.0,0.0,0,0.0,0,0.0,0,0,0,0,0.0,0.0,0.0,0.0,0.0,0,HIGH,
VEH_002,68b89b2d4f65cd554d7512ab,2025-11-21 20:00:00,ON,0.0,15132.19,40.43,45.8,24.4,491.0,-0.1,16,0.0,0.03,908.59,473438.98999999976,0.0,0.0,0.0,1,0.03,0.0,0.1,0.16,0.118,3600,0.0,0.0,1,22,0,40.43,0.0,0.00040039682539682534,100974.82656095145,1682.9137760158576,28.048562933597626,0,0.0,0,0.0,0,0,0,0,8.333333333333334e-06,4851600.0,1347.6666666666667,0.0,0.0,0,MEDIUM,LOW
VEH_002,68b89b2d4f65cd554d7512ab,2025-11-21 21:00:00,ON,5.64,15137.83,40.09,45.8,34.9,492.0,-0.43,43,9.19,0.0,908.93,473438.98999999976,0.3399999999999963,5.639999999999418,16.588235294116114,0,0.0,9.19,0.43,0.43,0.43,3600,0.0,13.141699999999998,0,22,3600,40.09,9.444444444444341e-05,0.0002996031746031745,133810.33112582788,2230.1721854304647,37.16953642384108,0,0.322934832578402,0,16.588235294116114,0,0,0,0,0.0025527777777777775,15704.461371055499,4.36235038084875,0.06028368794326798,0.8944281524926686,0,MEDIUM,LOW
VEH_002,68b89b2d4f65cd554d7512ab,2025-11-21 22:00:00,ON,0.33,15138.16,40.07,45.7,33.2,493.0,0.03,36,7.6,0.0,908.95,473438.98999999976,0.020000000000003126,0.32999999999992724,16.499999999993783,0,0.0,7.6,0.03,0.36,0.129,3600,0.0,8.5804,0,22,7200,40.07,5.555555555556424e-06,0.0001825396825396825,219513.91304347833,3658.5652173913054,60.976086956521755,0,0.018895123182776623,0,16.499999999993783,0,0,0,0,0.002111111111111111,18980.526315789477,5.272368421052633,0.060606060606083444,0.9633431085043989,0,MEDIUM,LOW
VEH_002,68b89b2d4f65cd554d7512ab,2025-11-21 23:00:00,ON,4.48,15142.64,39.8,46.1,34.8,494.0,-0.17,7,8.84,0.0,909.22,473438.98999999976,0.2700000000000031,4.479999999999563,16.592592592590783,0,0.0,8.84,0.17,0.07,0.13999999999999999,3600,0.0,10.077599999999999,0,22,10800,39.8,7.500000000000087e-05,5.7936507936508035e-05,686958.9041095878,11449.31506849313,190.8219178082188,0,0.2565156116934839,0,16.592592592590783,0,0,0,0,0.0024555555555555554,16208.14479638009,4.502262443438914,0.060267857142863715,0.8841642228739003,0,MEDIUM,LOW
VEH_002,68b89b2d4f65cd554d7512ab,2025-11-22 00:00:00,ON,0.0,15142.64,81.3,45.5,23.0,495.0,0.48,25,0.0,0.03,909.25,473438.98999999976,0.0,0.0,0.0,1,0.03,0.0,0.48,0.25,0.411,3600,0.0,0.0,1,23,0,81.3,0.0,2.5000000000000103e-05,3251999.9999999865,54199.999999999774,903.3333333333296,0,0.0,0,0.0,0,0,0,0,8.333333333333334e-06,9756000.0,2710.0,0.0,0.0,0,LOW,LOW
VEH_002,68b89b2d4f65cd554d7512ab,2025-11-22 01:00:00,ON,4.94,15147.58,81.0,45.0,35.5,496.0,0.36,22,8.98,0.0,909.55,473438.98999999976,0.29999999999999716,4.940000000000509,16.46666666666852,0,0.0,8.98,0.36,0.22,0.318,3600,0.0,11.835640000000001,0,23,3600,81.0,8.333333333333254e-05,3.69047619047619e-05,2194838.7096774196,36580.645161290326,609.6774193548388,0,0.28285426825135374,0,16.46666666666852,0,0,0,0,0.0024944444444444445,32472.16035634744,9.020044543429844,0.06072874493926442,0.9721407624633431,0,LOW,LOW
VEH_002,68b89b2d4f65cd554d7512ab,2025-11-22 02:00:00,ON,0.0,15147.58,80.97,44.6,28.3,497.0,0.21,45,0.0,0.03,909.58,473438.98999999976,0.030000000000001137,0.0,0.0,1,0.03,0.0,0.21,0.45,0.28200000000000003,3600,0.0,0.0,0,23,7200,80.97,8.333333333333649e-06,3.8095238095238126e-05,2125462.499999998,35424.37499999997,590.4062499999994,0,0.0,0,0.0,1,1,0,0,8.333333333333334e-06,9716400.0,2699.0,0.0,0.0,0,LOW,LOW
VEH_002,68b89b2d4f65cd554d7512ab,2025-11-22 03:00:00,ON,4.86,15152.44,80.68,44.7,33.9,498.0,0.01,45,8.96,0.0,909.87,473438.98999999976,0.28999999999999204,4.860000000000582,16.75862068965764,0,0.0,8.96,0.01,0.45,0.14200000000000002,3600,0.0,10.23232,0,23,10800,80.68,8.055555555555335e-05,4.960317460317432e-05,1626508.8000000094,27108.480000000156,451.8080000000026,0,0.2782736323282595,0,16.75862068965764,0,0,0,0,0.002488888888888889,32416.07142857143,9.004464285714286,0.05967078189299533,0.12316715542521994,0,LOW,LOW
VEH_002,68b89b2d4f65cd554d7512ab,2025-11-22 04:00:00,ON,1.85,15154.29,80.57,44.6,38.2,499.0,0.48,41,8.05,0.0,909.98,473438.98999999976,0.11000000000001364,1.8500000000003638,16.81818181818304,0,0.0,8.05,0.48,0.41,0.45899999999999996,3600,0.0,11.744950000000001,0,23,14400,80.57,3.055555555555935e-05,4.047619047619088e-05,1990552.9411764506,33175.88235294084,552.9313725490141,0,0.10592720572167072,0,16.81818181818304,0,0,0,0,0.0022361111111111115,36031.30434782608,10.00869565217391,0.05945945945945514,0.09237536656891496,0,LOW,LOW
VEH_002,68b89b2d4f65cd554d7512ab,2025-11-22 05:00:00,ON,7.01,15161.3,80.15,44.6,35.6,500.0,-0.04,12,9.6,0.0,910.4,473438.98999999976,0.4199999999999875,7.009999999998399,16.690476190472875,0,0.0,9.6,0.04,0.12,0.064,3600,0.0,10.2144,0,23,18000,80.15,0.0001166666666666632,5.634920634920614e-05,1422380.2816901463,23706.338028169106,395.10563380281843,0,0.40137822276140334,0,16.690476190472875,0,0,0,0,0.0026666666666666666,30056.250000000004,8.348958333333334,0.05991440798859963,0.3181818181818182,0,LOW,LOW
VEH_002,68b89b2d4f65cd554d7512ab,2025-11-22 06:00:00,ON,4.56,15165.86,79.88,44.7,36.5,501.0,0.16,41,8.87,0.0,910.67,473438.98999999976,0.27000000000001023,4.56000000000131,16.8888888888931,0,0.0,8.87,0.16,0.41,0.235,3600,0.0,10.954449999999998,0,23,21600,79.88,7.500000000000284e-05,5.634920634920642e-05,1417588.7323943644,23626.478873239408,393.77464788732345,0,0.26109624761668226,0,16.8888888888931,0,0,0,0,0.0024638888888888887,32420.293122886134,9.005636978579481,0.05921052631577471,0.06451612903225806,0,LOW,LOW
VEH_002,68b89b2d4f65cd554d7512ab,2025-11-22 07:00:00,ON,1.58,15167.44,79.78,45.2,35.8,502.0,0.49,8,7.97,0.0,910.77,473438.98999999976,0.09999999999999432,1.5799999999999272,15.800000000000171,0,0.0,7.97,0.49,0.08,0.367,3600,0.0,10.89499,0,23,25200,79.78,2.77777777777762e-05,6.031746031746016e-05,1322668.421052635,22044.47368421058,367.40789473684305,0,0.0904675594811887,0,15.800000000000171,0,0,0,0,0.002213888888888889,36036.13550815558,10.010037641154328,0.06329113924050564,0.9941348973607038,0,LOW,LOW
VEH_002,68b89b2d4f65cd554d7512ab,2025-11-22 08:00:00,ON,8.63,15176.07,79.26,45.2,36.8,503.0,-0.03,8,10.09,0.0,911.28,473438.98999999976,0.519999999999996,8.6299999999992,16.596153846152433,0,0.0,10.09,0.03,0.08,0.045,3600,0.0,10.544049999999999,0,23,28800,79.26,0.00014444444444444333,6.904761904761884e-05,1147903.4482758658,19131.724137931094,318.8620689655183,0,0.4941361002041912,0,16.596153846152433,0,0,0,0,0.0028027777777777777,28279.0882061447,7.855302279484639,0.06025492468134928,0.8724340175953079,0,LOW,LOW
VEH_002,68b89b2d4f65cd554d7512ab,2025-11-22 09:00:00,ON,8.51,15184.57,78.75,45.7,37.5,504.0,-0.14,34,10.05,0.0,911.79,473438.98999999976,0.5100000000000051,8.5,16.6666666666665,0,0.0,10.05,0.14,0.34,0.2,3600,0.0,12.06,0,23,32400,78.75,0.00014166666666666809,8.809523809523805e-05,893918.9189189193,14898.648648648656,248.31081081081092,0,0.4866925668292022,0,16.6666666666665,0,0,0,0,0.0027916666666666667,28208.955223880595,7.835820895522388,0.0600000000000006,0.5293255131964809,0,LOW,LOW
VEH_002,68b89b2d4f65cd554d7512ab,2025-11-22 10:00:00,ON,13.3,15197.88,77.96,45.8,37.4,505.0,-0.08,31,11.49,0.0,912.59,473438.98999999976,0.7900000000000063,13.30999999999949,16.848101265822006,0,0.0,11.49,0.08,0.31,0.149,3600,0.0,13.202010000000001,0,23,36000,77.96,0.00021944444444444618,0.00010793650793650846,722276.4705882317,12037.941176470527,200.63235294117547,0,0.7621033017054627,0,16.848101265822006,0,0,0,0,0.003191666666666667,24426.10966057441,6.7850304612706696,0.059353869271227384,0.07771260997067449,0,LOW,LOW
VEH_002,68b89b2d4f65cd554d7512ab,2025-11-22 11:00:00,ON,7.32,15205.2,77.52,45.9,34.1,506.0,0.08,25,9.7,0.0,913.03,473438.98999999976,0.4399999999999977,7.320000000001528,16.636363636367197,0,0.0,9.7,0.08,0.25,0.131,3600,0.0,10.970699999999999,0,23,39600,77.52,0.0001222222222222216,0.00012103174603174592,640493.1147540989,10674.885245901649,177.91475409836082,0,0.41912818696358867,0,16.636363636367197,0,0,0,0,0.002694444444444444,28770.309278350516,7.991752577319588,0.06010928961747348,0.7390029325513197,0,LOW,LOW
VEH_002,68b89b2d4f65cd554d7512ab,2025-11-22 12:00:00,ON,13.23,15218.43,76.72,46.1,38.9,507.0,0.43,12,11.47,0.0,913.83,473438.98999999976,0.7999999999999972,13.229999999999563,16.537499999999515,0,0.0,11.47,0.43,0.12,0.33699999999999997,3600,0.0,15.33539,0,23,43200,76.72,0.00022222222222222142,0.0001361111111111114,563657.1428571417,9394.285714285694,156.57142857142824,0,0.7575226657823685,0,16.537499999999515,0,0,0,0,0.0031861111111111113,24079.51176983435,6.68875326939843,0.060468631897205104,0.9413489736070382,0,LOW,LOW
VEH_002,68b89b2d4f65cd554d7512ab,2025-11-22 13:00:00,ON,15.82,15234.25,75.77,46.2,37.2,508.0,-0.31,29,12.25,0.0,914.78,473438.98999999976,0.9500000000000028,15.819999999999709,16.652631578947013,0,0.0,12.25,0.31,0.29,0.304,3600,0.0,15.974,0,23,46800,75.77,0.0002638888888888897,0.00016309523809523806,464575.1824817519,7742.919708029198,129.04866180048663,0,0.9058207537926867,0,16.652631578947013,0,0,0,0,0.0034027777777777776,22267.102040816328,6.18530612244898,0.06005056890012771,0.6378299120234604,0,LOW,LOW
VEH_002,68b89b2d4f65cd554d7512ab,2025-11-22 14:00:00,ON,21.49,15255.74,74.48,45.1,41.1,509.0,0.4,31,13.95,0.0,916.06,473438.98999999976,1.289999999999992,21.48999999999978,16.658914728682102,0,0.0,13.95,0.4,0.31,0.373,3600,0.0,19.15335,0,23,50400,74.48,0.0003583333333333311,0.00021031746031746021,354131.32075471716,5902.188679245286,98.36981132075476,0,1.230473324842288,0,16.658914728682102,0,0,0,0,0.003875,19220.645161290322,5.339068100358423,0.060027919962773624,0.5865102639296188,0,LOW,LOW
VEH_002,68b89b2d4f65cd554d7512ab,2025-11-22 15:00:00,ON,28.32,15284.07,72.78,45.2,45.0,510.0,-0.36,13,16.0,0.0,917.76,473438.98999999976,1.7000000000000028,28.329999999999927,16.66470588235287,0,0.0,16.0,0.36,0.13,0.291,3600,0.0,20.656,0,23,54000,72.78,0.000472222222222223,0.0002571428571428573,283033.33333333314,4717.222222222219,78.62037037037031,0,1.6221176962672073,0,16.66470588235287,0,0,0,0,0.0044444444444444444,16375.5,4.54875,0.060007059654077204,0.5469208211143695,0,LOW,LOW
VEH_002,68b89b2d4f65cd554d7512ab,2025-11-22 16:00:00,ON,24.37,15308.43,71.32,45.7,40.4,511.0,0.07,4,14.81,0.0,919.23,473438.98999999976,1.460000000000008,24.360000000000582,16.684931506849622,0,0.0,14.81,0.07,0.04,0.061,3600,0.0,15.71341,0,23,57600,71.32,0.00040555555555555776,0.0002948412698412701,241892.86675639276,4031.5477792732127,67.19246298788688,0,1.394803638583488,0,16.684931506849622,0,0,0,0,0.004113888888888889,17336.39432815665,4.815665091154625,0.0599343185550071,0.3621700879765396,0,LOW,LOW
VEH_002,68b89b2d4f65cd554d7512ab,2025-11-22 17:00:00,ON,19.17,15327.6,70.17,45.2,42.7,512.0,-0.28,19,13.25,0.0,920.38,473438.98999999976,1.1499999999999915,19.170000000000073,16.66956521739149,0,0.0,13.25,0.28,0.19,0.253,3600,0.0,16.60225,0,23,61200,70.17,0.0003194444444444421,0.0003091269841269838,226994.09499358176,3783.234916559696,63.05391527599493,0,1.0976348830724518,0,16.66956521739149,0,0,0,0,0.0036805555555555554,19065.056603773584,5.295849056603774,0.05998956703181988,0.49560117302052786,0,LOW,LOW
VEH_002,68b89b2d4f65cd554d7512ab,2025-11-22 18:00:00,ON,15.16,15342.77,69.26,45.3,40.7,513.0,0.13,12,12.05,0.0,921.29,473438.98999999976,0.9099999999999966,15.170000000000073,16.670329670329814,0,0.0,12.05,0.13,0.12,0.127,3600,0.0,13.580350000000001,0,23,64800,69.26,0.00025277777777777684,0.0003277777777777774,211301.69491525448,3521.6949152542416,58.69491525423736,0,0.8686030869175332,0,16.670329670329814,0,0,0,0,0.0033472222222222224,20691.784232365146,5.7477178423236515,0.059986816084376546,0.4868035190615836,0,LOW,LOW
VEH_002,68b89b2d4f65cd554d7512ab,2025-11-22 19:00:00,ON,10.88,15353.65,68.61,45.5,34.2,514.0,-0.3,23,10.76,0.0,921.94,473438.98999999976,0.6500000000000057,10.8799999999992,16.73846153846016,0,0.0,10.76,0.3,0.23,0.279,3600,0.0,13.762039999999999,0,23,68400,68.61,0.00018055555555555715,0.00032182539682539685,213190.1356350185,3553.168927250308,59.21948212083847,0,0.6229664855413329,0,16.73846153846016,0,0,0,0,0.002988888888888889,22955.018587360595,6.37639405204461,0.059742647058828445,0.17008797653958943,0,LOW,LOW
VEH_002,68b89b2d4f65cd554d7512ab,2025-11-22 20:00:00,ON,10.66,15364.3,67.97,45.1,36.7,515.0,-0.26,12,10.7,0.0,922.58,473438.98999999976,0.6400000000000006,10.649999999999636,16.640624999999417,0,0.0,10.7,0.26,0.12,0.218,3600,0.0,13.032599999999999,0,23,72000,67.97,0.00017777777777777795,0.0003095238095238094,219595.3846153847,3659.9230769230785,60.998717948717974,0,0.6097971572624501,0,16.640624999999417,0,0,0,0,0.002972222222222222,22868.411214953274,6.352336448598131,0.06009389671361713,0.717008797653959,0,LOW,LOW
VEH_002,68b89b2d4f65cd554d7512ab,2025-11-22 21:00:00,ON,10.14,15374.44,67.36,45.8,37.7,516.0,-0.35,1,10.54,0.0,923.19,473438.98999999976,0.6099999999999994,10.140000000001237,16.622950819674173,0,0.0,10.54,0.35,0.01,0.24799999999999997,3600,0.0,13.15392,0,23,75600,67.36,0.0001694444444444443,0.0002825396825396827,238408.9887640448,3973.483146067413,66.22471910112355,0,0.5805956032527897,0,16.622950819674173,0,0,0,0,0.0029277777777777774,23007.210626185963,6.390891840607212,0.0601577909270143,0.7947214076246334,0,LOW,LOW
VEH_002,68b89b2d4f65cd554d7512ab,2025-11-22 22:00:00,ON,14.31,15388.76,66.5,46.5,39.8,517.0,0.44,49,11.79,0.0,924.05,473438.98999999976,0.8599999999999994,14.319999999999709,16.65116279069735,0,0.0,11.79,0.44,0.49,0.45499999999999996,3600,0.0,17.15445,0,23,79200,66.5,0.00023888888888888874,0.0002492063492063493,266847.1337579617,4447.4522292993615,74.12420382165602,0,0.8199338302345922,0,16.65116279069735,0,0,0,0,0.0032749999999999997,20305.343511450385,5.640373197625107,0.06005586592178889,0.6524926686217009,0,LOW,LOW
VEH_002,68b89b2d4f65cd554d7512ab,2025-11-22 23:00:00,ON,12.68,15401.43,65.74,46.4,39.9,518.0,-0.47,20,11.3,0.0,924.81,473438.98999999976,0.7600000000000051,12.670000000000073,16.67105263157893,0,0.0,11.3,0.47,0.2,0.38899999999999996,3600,0.0,15.6957,0,23,82800,65.74,0.00021111111111111254,0.00022142857142857137,296890.3225806452,4948.172043010753,82.46953405017922,0,0.725458214320709,0,16.67105263157893,0,0,0,0,0.003138888888888889,20943.71681415929,5.817699115044247,0.059984214680347335,0.4809384164222874,0,LOW,LOW
VEH_002,68b89b2d4f65cd554d7512ab,2025-11-23 00:00:00,ON,5.4,15406.84,65.42,45.9,38.3,519.0,0.17,9,9.12,0.0,925.13,473438.98999999976,0.3199999999999932,5.4099999999998545,16.906249999999904,0,0.0,9.12,0.17,0.09,0.146,3600,0.0,10.451519999999999,0,23,86400,65.42,8.8888888888887e-05,0.0001884920634920635,347070.31578947365,5784.505263157894,96.40842105263157,0,0.30976550429951916,0,16.906249999999904,0,0,0,0,0.002533333333333333,25823.684210526317,7.173245614035088,0.05914972273567501,0.06304985337243402,0,LOW,LOW
VEH_002,68b89b2d4f65cd554d7512ab,2025-11-23 01:00:00,ON,9.78,15416.62,64.83,46.0,35.8,520.0,-0.22,8,10.43,0.0,925.72,473438.98999999976,0.5900000000000034,9.780000000000655,16.57627118644169,0,0.0,10.43,0.22,0.08,0.178,3600,0.0,12.286539999999999,0,23,90000,64.83,0.00016388888888888985,0.00017579365079365105,368784.65011286625,6146.410835214438,102.44018058690729,0,0.5599827415988137,0,16.57627118644169,0,0,0,0,0.002897222222222222,22376.60594439118,6.215723873441995,0.06032719836400449,0.9090909090909091,0,LOW,LOW
VEH_002,68b89b2d4f65cd554d7512ab,2025-11-23 02:00:00,ON,15.21,15431.83,63.92,45.4,39.0,521.0,-0.45,32,12.06,0.0,926.63,473438.98999999976,0.9099999999999966,15.209999999999127,16.714285714284816,0,0.0,12.06,0.45,0.32,0.41100000000000003,3600,0.0,17.01666,0,23,93600,63.92,0.00025277777777777684,0.00018611111111111104,343450.74626865686,5724.179104477615,95.40298507462691,0,0.8708934048790282,0,16.714285714284816,0,0,0,0,0.00335,19080.597014925374,5.300165837479271,0.05982905982906304,0.22140762463343108,0,LOW,LOW
VEH_002,68b89b2d4f65cd554d7512ab,2025-11-23 03:00:00,ON,19.58,15451.41,62.74,45.5,42.3,522.0,0.11,41,13.37,0.0,927.8,473438.98999999976,1.1799999999999997,19.579999999999927,16.59322033898299,0,0.0,13.37,0.11,0.41,0.19999999999999998,3600,0.0,16.043999999999997,0,23,97200,62.74,0.0003277777777777777,0.00020753968253968243,302303.63288718945,5038.3938814531575,83.97323135755262,0,1.1211106421783228,0,16.59322033898299,0,0,0,0,0.0037138888888888885,16893.343305908755,4.6925953627524315,0.06026557711950992,0.8826979472140762,0,LOW,LOW
VEH_002,68b89b2d4f65cd554d7512ab,2025-11-23 04:00:00,ON,17.86,15469.26,61.67,45.3,41.5,523.0,0.27,31,12.86,0.0,928.88,473438.98999999976,1.0700000000000003,17.850000000000364,16.68224299065454,0,0.0,12.86,0.27,0.31,0.28200000000000003,3600,0.0,16.48652,0,23,100800,61.67,0.0002972222222222223,0.00022579365079365072,273125.48330404225,4552.091388400704,75.8681898066784,0,1.0220543903413455,0,16.68224299065454,0,0,0,0,0.003572222222222222,17263.763608087094,4.795489891135304,0.05994397759103521,0.38269794721407624,0,LOW,LOW
VEH_002,68b89b2d4f65cd554d7512ab,2025-11-23 05:00:00,ON,18.76,15488.02,60.55,45.3,41.4,524.0,0.43,21,13.13,0.0,930.0,473438.98999999976,1.1200000000000045,18.76000000000022,16.750000000000128,0,0.0,13.13,0.43,0.21,0.364,3600,0.0,17.90932,0,23,104400,60.55,0.00031111111111111237,0.00023611111111111123,256447.05882352928,4274.117647058822,71.23529411764703,0,1.074159123966581,0,16.750000000000128,0,0,0,0,0.0036472222222222223,16601.6755521706,4.611576542269611,0.05970149253731298,0.14516129032258066,0,LOW,LOW
VEH_002,68b89b2d4f65cd554d7512ab,2025-11-23 06:00:00,ON,11.82,15499.84,59.84,45.4,41.9,525.0,0.28,34,11.05,0.0,930.71,473438.98999999976,0.7099999999999937,11.819999999999709,16.647887323943397,0,0.0,11.05,0.28,0.34,0.29800000000000004,3600,0.0,14.342900000000002,0,23,108000,59.84,0.0001972222222222205,0.00023412698412698382,255587.79661016984,4259.796610169497,70.99661016949162,0,0.676788957637768,0,16.647887323943397,0,0,0,0,0.0030694444444444445,19495.384615384617,5.415384615384616,0.06006768189509401,0.6700879765395894,0,LOW,LOW
VEH_002,68b89b2d4f65cd554d7512ab,2025-11-23 07:00:00,ON,10.51,15510.36,59.21,44.9,35.8,526.0,-0.46,38,10.65,0.0,931.34,473438.98999999976,0.6300000000000026,10.520000000000437,16.698412698413325,0,0.0,10.65,0.46,0.38,0.436,3600,0.0,15.2934,0,23,111600,59.21,0.0001750000000000007,0.0002464285714285715,240272.46376811588,4004.5410628019313,66.74235104669886,0,0.602353623887461,0,16.698412698413325,0,0,0,0,0.0029583333333333336,20014.647887323943,5.5596244131455395,0.05988593155893312,0.27712609970674484,0,LOW,LOW
VEH_002,68b89b2d4f65cd554d7512ab,2025-11-23 08:00:00,ON,6.76,15517.12,58.8,44.4,40.0,527.0,0.35,36,9.53,0.0,931.75,473438.98999999976,0.4100000000000037,6.760000000000218,16.487804878049165,0,0.0,9.53,0.35,0.36,0.353,3600,0.0,12.894089999999998,0,23,115200,58.8,0.00011388888888888992,0.00023928571428571437,245731.34328358198,4095.5223880596996,68.25870646766167,0,0.38706373550182505,0,16.487804878049165,0,0,0,0,0.0026472222222222223,22211.962224554038,6.169989506820566,0.060650887573963086,0.967741935483871,0,LOW,LOW
VEH_002,68b89b2d4f65cd554d7512ab,2025-11-23 09:00:00,ON,12.92,15530.04,58.03,44.0,36.6,528.0,0.46,31,11.38,0.0,932.52,473438.98999999976,0.769999999999996,12.920000000000073,16.77922077922096,0,0.0,11.38,0.46,0.31,0.41500000000000004,3600,0.0,16.102700000000002,0,23,118800,58.03,0.00021388888888888778,0.00023373015873015874,248277.75891341257,4137.962648556876,68.9660441426146,0,0.7397727015803914,0,16.77922077922096,0,0,0,0,0.0031611111111111115,18357.469244288222,5.099297012302284,0.0595975232198136,0.10263929618768329,0,LOW,LOW
VEH_002,68b89b2d4f65cd554d7512ab,2025-11-23 10:00:00,ON,13.61,15543.65,57.21,44.6,38.5,529.0,-0.22,45,11.58,0.0,933.34,473438.98999999976,0.8200000000000003,13.609999999998763,16.597560975608243,0,0.0,11.58,0.22,0.45,0.28900000000000003,3600,0.0,14.926620000000002,0,23,122400,57.21,0.00022777777777777786,0.00021944444444444447,260703.7974683544,4345.06329113924,72.41772151898734,0,0.77928068641704,0,16.597560975608243,0,0,0,0,0.0032166666666666667,17785.492227979274,4.9404145077720205,0.06024981631154113,0.8680351906158358,0,LOW,LOW
VEH_002,68b89b2d4f65cd554d7512ab,2025-11-23 11:00:00,ON,6.87,15550.52,56.8,44.3,34.0,530.0,0.33,11,9.56,0.0,933.75,473438.98999999976,0.4100000000000037,6.8700000000008,16.756097560977413,0,0.0,9.56,0.33,0.11,0.264,3600,0.0,12.08384,0,23,126000,56.8,0.00011388888888888992,0.00019325396825396846,293913.757700205,4898.56262833675,81.64271047227918,0,0.39336210989611864,0,16.756097560977413,0,0,0,0,0.0026555555555555555,21389.121338912133,5.941422594142259,0.059679767103341476,0.12903225806451613,0,LOW,LOW
VEH_002,68b89b2d4f65cd554d7512ab,2025-11-23 12:00:00,ON,1.84,15552.36,56.69,43.8,36.3,531.0,0.47,24,8.05,0.0,933.86,473438.98999999976,0.10999999999999943,1.8400000000001455,16.727272727274137,0,0.0,8.05,0.47,0.24,0.40099999999999997,3600,0.0,11.27805,0,23,129600,56.69,3.05555555555554e-05,0.00015317460317460315,370100.51813471504,6168.341968911917,102.80569948186529,0,0.10535462623127093,0,16.727272727274137,0,0,0,0,0.0022361111111111115,25352.049689440988,7.042236024844719,0.05978260869564714,0.1906158357771261,0,LOW,LOW
VEH_002,68b89b2d4f65cd554d7512ab,2025-11-23 13:00:00,ON,8.46,15560.82,56.18,43.9,39.5,532.0,-0.23,18,10.04,0.0,934.37,473438.98999999976,0.509999999999998,8.459999999999127,16.588235294116,0,0.0,10.04,0.23,0.18,0.215,3600,0.0,12.198599999999999,0,23,133200,56.18,0.0001416666666666661,0.00014523809523809539,386813.11475409794,6446.8852459016325,107.44808743169388,0,0.48440224886760297,0,16.588235294116,0,0,0,0,0.0027888888888888885,20144.223107569724,5.595617529880479,0.060283687943268396,0.8958944281524927,0,LOW,LOW
VEH_002,68b89b2d4f65cd554d7512ab,2025-11-23 14:00:00,ON,14.93,15575.74,55.28,43.5,44.0,533.0,-0.1,30,11.98,0.0,935.26,473438.98999999976,0.8999999999999986,14.920000000000073,16.577777777777886,0,0.0,11.98,0.1,0.3,0.15999999999999998,3600,0.0,13.896799999999999,0,23,136800,55.28,0.0002499999999999996,0.00015595238095238094,354467.17557251913,5907.786259541986,98.46310432569976,0,0.8542885996578508,0,16.577777777777886,0,0,0,0,0.003327777777777778,16611.68614357262,4.614357262103506,0.06032171581769398,0.906158357771261,0,LOW,LOW
VEH_002,68b89b2d4f65cd554d7512ab,2025-11-23 15:00:00,ON,12.63,15588.38,54.53,43.1,36.3,534.0,-0.39,24,11.29,0.0,936.02,473438.98999999976,0.75,12.639999999999418,16.853333333332557,0,0.0,11.29,0.39,0.24,0.345,3600,0.0,15.185049999999999,0,23,140400,54.53,0.00020833333333333335,0.0001694444444444443,321816.39344262326,5363.606557377055,89.3934426229509,0,0.7237404758495096,0,16.853333333332557,0,0,0,0,0.003136111111111111,17387.776793622677,4.829937998228521,0.059335443037977414,0.0747800586510264,0,LOW,LOW
VEH_002,68b89b2d4f65cd554d7512ab,2025-11-23 16:00:00,ON,16.31,15604.69,53.55,43.5,40.8,535.0,0.32,20,12.39,0.0,937.0,473438.98999999976,0.980000000000004,16.31000000000131,16.64285714285841,0,0.0,12.39,0.32,0.2,0.284,3600,0.0,15.908760000000001,0,23,144000,53.55,0.00027222222222222334,0.00017777777777777795,301218.7499999997,5020.312499999995,83.67187499999991,0,0.9338771488217559,0,16.64285714285841,0,0,0,0,0.0034416666666666667,15559.322033898305,4.322033898305085,0.060085836909866665,0.7052785923753666,0,LOW,LOW
VEH_002,68b89b2d4f65cd554d7512ab,2025-11-23 17:00:00,ON,20.07,15624.75,52.34,43.5,36.6,536.0,-0.2,14,13.52,0.0,938.21,473438.98999999976,1.2099999999999937,20.05999999999949,16.57851239669388,0,0.0,13.52,0.2,0.14,0.182,3600,0.0,15.98064,0,23,147600,52.34,0.00033611111111110935,0.00019325396825396813,270835.31827515416,4513.921971252569,75.23203285420949,0,1.148594457716888,0,16.57851239669388,0,0,0,0,0.0037555555555555554,13936.686390532546,3.8713017751479297,0.06031904287138706,0.9046920821114369,0,LOW,LOW
VEH_002,68b89b2d4f65cd554d7512ab,2025-11-23 18:00:00,ON,19.01,15643.76,51.2,43.6,38.4,537.0,0.4,47,13.2,0.0,939.35,473438.98999999976,1.1400000000000006,19.01000000000022,16.67543859649141,0,0.0,13.2,0.4,0.47,0.42099999999999993,3600,0.0,18.757199999999997,0,23,151200,51.2,0.0003166666666666668,0.000222222222222222,230400.00000000026,3840.0000000000045,64.00000000000007,0,1.0884736112262634,0,16.67543859649141,0,0,0,0,0.0036666666666666666,13963.636363636364,3.878787878787879,0.059968437664386504,0.4413489736070381,0,LOW,LOW
VEH_002,68b89b2d4f65cd554d7512ab,2025-11-23 19:00:00,ON,14.5,15658.26,50.33,43.2,40.0,538.0,0.37,39,11.85,0.0,940.22,473438.98999999976,0.8700000000000045,14.5,16.66666666666658,0,0.0,11.85,0.37,0.39,0.376,3600,0.0,16.3056,0,23,154800,50.33,0.00024166666666666794,0.00025238095238095233,199420.75471698117,3323.6792452830196,55.39465408805032,0,0.8302402610615802,0,16.66666666666658,0,0,0,0,0.0032916666666666667,15290.12658227848,4.247257383966245,0.06000000000000032,0.5263929618768328,0,LOW,LOW
VEH_002,68b89b2d4f65cd554d7512ab,2025-11-23 20:00:00,ON,17.01,15675.27,49.31,42.5,37.9,539.0,-0.49,10,12.6,0.0,941.24,473438.98999999976,1.019999999999996,17.01000000000022,16.676470588235574,0,0.0,12.6,0.49,0.1,0.373,3600,0.0,17.2998,0,23,158400,49.31,0.0002833333333333322,0.0002726190476190475,180875.10917030575,3014.585152838429,50.243085880640486,0,0.9739577131488042,0,16.676470588235574,0,0,0,0,0.0035,14088.57142857143,3.913492063492064,0.059964726631392296,0.42961876832844575,0,LOW,LOW
VEH_002,68b89b2d4f65cd554d7512ab,2025-11-23 21:00:00,ON,21.82,15697.09,48.0,42.1,47.8,540.0,-0.38,44,14.05,0.0,942.55,473438.98999999976,1.3100000000000023,21.81999999999971,16.656488549618068,0,0.0,14.05,0.38,0.44,0.39799999999999996,3600,0.0,19.6419,0,23,162000,48.0,0.0003638888888888895,0.0002888888888888889,166153.84615384616,2769.230769230769,46.15384615384615,0,1.2493684480250646,0,16.656488549618068,0,0,0,0,0.003902777777777778,12298.932384341637,3.416370106761566,0.06003666361136662,0.6026392961876833,0,LOW,LOW
VEH_002,68b89b2d4f65cd554d7512ab,2025-11-23 22:00:00,ON,23.19,15720.27,46.61,42.2,42.9,541.0,0.2,29,14.46,0.0,943.94,473438.98999999976,1.3900000000000006,23.18000000000029,16.67625899280596,0,0.0,14.46,0.2,0.29,0.22699999999999998,3600,0.0,17.74242,0,23,165600,46.61,0.00038611111111111127,0.0003142857142857144,148304.5454545454,2471.7424242424236,41.19570707070706,0,1.3272392587177704,0,16.67625899280596,0,0,0,0,0.004016666666666667,11604.149377593361,3.223374827109267,0.05996548748921411,0.43548387096774194,0,LOW,LOW
VEH_002,68b89b2d4f65cd554d7512ab,2025-11-23 23:00:00,ON,29.0,15749.28,44.87,42.3,45.0,542.0,0.25,27,16.2,0.0,945.68,473438.98999999976,1.740000000000002,29.01000000000022,16.672413793103555,0,0.0,16.2,0.25,0.27,0.256,3600,0.0,20.3472,0,23,169200,44.87,0.0004833333333333339,0.0003444444444444444,130267.74193548388,2171.129032258065,36.185483870967744,0,1.6610531016135601,0,16.672413793103555,0,0,0,0,0.0045,9971.111111111111,2.7697530864197533,0.059979317476731776,0.46774193548387094,0,MEDIUM,LOW
VEH_002,68b89b2d4f65cd554d7512ab,2025-11-24 00:00:00,ON,36.74,15786.01,42.67,42.2,47.6,543.0,-0.15,30,18.52,0.0,947.88,473438.98999999976,2.1999999999999957,36.72999999999956,16.69545454545438,0,0.0,18.52,0.15,0.3,0.195,3600,1.0,22.1314,0,23,172800,42.67,0.0006111111111111099,0.0003837301587301588,111197.93174767321,1853.29886246122,30.88831437435367,0,2.103084468192516,0,16.69545454545438,0,0,0,0,0.0051444444444444445,8294.38444924406,2.3039956803455723,0.059896542335965745,0.2873900293255132,0,MEDIUM,LOW
VEH_002,68b89b2d4f65cd554d7512ab,2025-11-24 01:00:00,ON,29.58,15815.59,40.89,41.6,43.7,544.0,0.11,0,16.37,0.0,949.66,473438.98999999976,1.7800000000000011,29.579999999999927,16.617977528089835,0,0.0,16.37,0.11,0.0,0.077,3600,0.0,17.63049,0,23,176400,40.89,0.0004944444444444448,0.0004091269841269843,99944.51988360811,1665.741998060135,27.762366634335585,0,1.6936901325656195,0,16.617977528089835,0,0,0,0,0.0045472222222222225,8992.302993280391,2.4978619425778863,0.060175794455713506,0.8137829912023461,0,MEDIUM,LOW
VEH_002,68b89b2d4f65cd554d7512ab,2025-11-24 02:00:00,ON,23.79,15839.38,39.47,41.5,42.8,545.0,0.4,15,14.64,0.0,951.08,473438.98999999976,1.4200000000000017,23.789999999999054,16.75352112675988,0,0.0,14.64,0.4,0.15,0.32499999999999996,3600,0.0,19.398,0,23,180000,39.47,0.00039444444444444493,0.0004309523809523809,91587.84530386742,1526.4640883977904,25.44106813996317,0,1.3621666076313246,0,16.75352112675988,0,0,0,0,0.004066666666666667,9705.73770491803,2.6960382513661196,0.05968894493484902,0.1348973607038123,0,MEDIUM,LOW
VEH_002,68b89b2d4f65cd554d7512ab,2025-11-24 03:00:00,ON,21.59,15860.97,38.17,40.9,34.7,546.0,0.34,45,13.98,0.0,952.38,473438.98999999976,1.2999999999999972,21.590000000000146,16.607692307692457,0,0.0,13.98,0.34,0.45,0.373,3600,0.0,19.19454,0,23,183600,38.17,0.00036111111111111034,0.00044206349206349214,86345.06283662477,1439.0843806104128,23.984739676840213,0,1.236199119746182,0,16.607692307692457,0,0,0,0,0.0038833333333333333,9829.184549356223,2.7303290414878396,0.06021306160259326,0.8489736070381232,0,MEDIUM,LOW
VEH_002,68b89b2d4f65cd554d7512ab,2025-11-24 04:00:00,ON,16.51,15877.48,37.18,41.2,41.9,547.0,-0.22,34,12.45,0.0,953.37,473438.98999999976,0.990000000000002,16.51000000000022,16.676767676767863,0,0.0,12.45,0.22,0.34,0.256,3600,0.0,15.6372,0,23,187200,37.18,0.00027500000000000056,0.0004293650793650794,86592.97597042513,1443.2162661737523,24.053604436229204,0,0.9453287386294393,0,16.676767676767863,0,0,0,0,0.0034583333333333332,10750.843373493975,2.986345381526104,0.05996365838885457,0.4281524926686217,0,MEDIUM,LOW
VEH_002,68b89b2d4f65cd554d7512ab,2025-11-24 05:00:00,ON,8.78,15886.26,36.65,42.0,34.2,548.0,0.44,25,10.13,0.0,953.9,473438.98999999976,0.5300000000000011,8.780000000000655,16.566037735850255,0,0.0,10.13,0.44,0.25,0.383,3600,0.0,14.00979,0,23,190800,36.65,0.00014722222222222255,0.0003952380952380953,92728.91566265059,1545.4819277108431,25.758032128514053,0,0.502724792560084,0,16.566037735850255,0,0,0,0,0.002813888888888889,13024.67917077986,3.617966436327739,0.060364464692478546,0.9134897360703812,0,MEDIUM,LOW
VEH_002,68b89b2d4f65cd554d7512ab,2025-11-24 06:00:00,ON,7.3,15893.57,36.21,42.0,38.4,549.0,0.21,12,9.69,0.0,954.33,473438.98999999976,0.4399999999999977,7.309999999999491,16.61363636363529,0,0.0,9.69,0.21,0.12,0.183,3600,0.0,11.46327,0,23,194400,36.21,0.0001222222222222216,0.00034365079365079355,105368.59122401851,1756.1431870669753,29.26905311778292,0,0.41855560747308473,0,16.61363636363529,0,0,0,0,0.0026916666666666664,13452.63157894737,3.7368421052631584,0.06019151846785614,0.8284457478005866,0,MEDIUM,LOW
VEH_002,68b89b2d4f65cd554d7512ab,2025-11-24 07:00:00,ON,2.89,15896.45,36.04,42.4,39.3,550.0,-0.27,34,8.37,0.0,954.51,473438.98999999976,0.1700000000000017,2.8800000000010186,16.94117647059406,0,0.0,8.37,0.27,0.34,0.29100000000000004,3600,0.0,10.80567,0,23,198000,36.04,4.7222222222222695e-05,0.0002630952380952382,136984.61538461532,2283.076923076922,38.05128205128203,0,0.16490289323159976,0,16.94117647059406,0,0,0,0,0.002325,15501.075268817205,4.305854241338112,0.059027777777757494,0.05571847507331378,0,MEDIUM,LOW
VEH_002,68b89b2d4f65cd554d7512ab,2025-11-24 08:00:00,ON,1.34,15897.79,35.96,41.8,38.9,551.0,-0.24,0,7.9,0.0,954.59,473438.98999999976,0.0799999999999983,1.3400000000001455,16.750000000002178,0,0.0,7.9,0.24,0.0,0.16799999999999998,3600,0.0,9.2272,0,23,201600,35.96,2.222222222222175e-05,0.00019563492063492065,183811.76470588235,3063.529411764706,51.05882352941176,0,0.07672565171190608,0,16.750000000002178,0,0,0,0,0.0021944444444444446,16386.835443037973,4.551898734177215,0.059701492537305674,0.14002932551319647,0,MEDIUM,LOW
VEH_002,68b89b2d4f65cd554d7512ab,2025-11-24 09:00:00,ON,0.44,15898.24,35.93,41.1,35.9,552.0,-0.28,3,7.63,0.0,954.61,473438.98999999976,0.030000000000001137,0.4499999999989086,14.999999999963052,0,0.0,7.63,0.28,0.03,0.20500000000000002,3600,0.0,9.19415,0,23,205200,35.93,8.333333333333649e-06,0.00014047619047619043,255772.88135593227,4262.881355932204,71.04802259887008,0,0.02576607706736586,0,14.999999999963052,0,0,0,0,0.0021194444444444446,16952.555701179554,4.709043250327654,0.06666666666683088,1.0,0,MEDIUM,LOW
VEH_002,68b89b2d4f65cd554d7512ab,2025-11-24 10:00:00,ON,1.35,15899.58,79.0,40.9,34.1,553.0,0.02,1,7.9,0.0,954.7,473438.98999999976,0.0,1.3400000000001455,0.0,0,0.0,7.9,0.02,0.01,0.016999999999999998,3600,0.0,8.0343,1,24,0,79.0,0.0,8.888888888888897e-05,888749.9999999992,14812.499999999987,246.87499999999977,0,0.07672565171190608,0,0.0,0,0,0,0,0.0021944444444444446,36000.0,10.0,0.0,0.018328445747800588,0,LOW,LOW
VEH_002,68b89b2d4f65cd554d7512ab,2025-11-24 11:00:00,ON,2.26,15901.84,78.86,40.9,31.8,554.0,0.23,8,8.18,0.0,954.83,473438.98999999976,0.14000000000000057,2.2600000000002183,16.142857142858638,0,0.0,8.18,0.23,0.08,0.185,3600,0.0,9.6933,0,24,3600,78.86,3.8888888888889047e-05,5.515873015873018e-05,1429692.0863309347,23828.20143884891,397.1366906474818,0,0.12940296482754154,0,16.142857142858638,0,0,0,0,0.0022722222222222224,34706.11246943765,9.640586797066014,0.061946902654861524,0.9912023460410557,0,LOW,LOW
VEH_002,68b89b2d4f65cd554d7512ab,2025-11-24 12:00:00,ON,0.0,15901.84,78.83,40.0,23.2,555.0,-0.21,29,0.0,0.03,954.86,473438.98999999976,0.030000000000001137,0.0,0.0,1,0.03,0.0,0.21,0.29,0.23399999999999999,3600,0.0,0.0,0,24,7200,78.83,8.333333333333649e-06,3.531746031746034e-05,2232040.449438201,37200.67415730334,620.0112359550558,0,0.0,0,0.0,1,1,0,0,8.333333333333334e-06,9459600.0,2627.6666666666665,0.0,0.0,0,LOW,LOW
VEH_002,68b89b2d4f65cd554d7512ab,2025-11-24 13:00:00,ON,4.04,15905.88,78.59,39.7,41.2,556.0,-0.07,33,8.71,0.0,955.1,473438.98999999976,0.23999999999999488,4.039999999999054,16.83333333332975,0,0.0,8.71,0.07,0.33,0.14800000000000002,3600,0.0,9.999080000000003,0,24,10800,78.59,6.666666666666525e-05,2.7380952380952292e-05,2870243.478260879,47837.391304347984,797.2898550724664,0,0.2313221141164137,0,16.83333333332975,0,0,0,0,0.0024194444444444446,32482.663605051664,9.022962112514351,0.059405940594072046,0.08357771260997067,0,LOW,LOW
VEH_002,68b89b2d4f65cd554d7512ab,2025-11-24 14:00:00,ON,9.23,15915.11,78.04,39.9,38.5,557.0,0.04,45,10.27,0.0,955.66,473438.98999999976,0.5499999999999972,9.230000000001382,16.781818181820782,0,0.0,10.27,0.04,0.45,0.163,3600,0.0,11.94401,0,24,14400,78.04,0.000152777777777777,4.2460317460317186e-05,1837951.4018691708,30632.52336448618,510.5420560747697,0,0.528490869627554,0,16.781818181820782,0,0,0,0,0.002852777777777778,27355.793573515093,7.598831548198637,0.05958829902490951,0.10117302052785923,0,LOW,LOW
VEH_002,68b89b2d4f65cd554d7512ab,2025-11-24 15:00:00,ON,2.95,15918.06,77.86,39.8,35.9,558.0,-0.07,14,8.39,0.0,955.83,473438.98999999976,0.18000000000000682,2.9499999999989086,16.388888888882203,0,0.0,8.39,0.07,0.14,0.091,3600,0.0,9.15349,0,24,18000,77.86,5.000000000000189e-05,4.642857142857149e-05,1676984.6153846132,27949.743589743553,465.8290598290592,0,0.16891094966419004,0,16.388888888882203,0,0,0,0,0.0023305555555555558,33408.34326579261,9.280095351609058,0.06101694915256726,0.9780058651026393,0,LOW,LOW
VEH_002,68b89b2d4f65cd554d7512ab,2025-11-24 16:00:00,ON,2.7,15920.76,77.7,40.4,31.0,559.0,0.07,47,8.31,0.0,956.0,473438.98999999976,0.1599999999999966,2.7000000000007276,16.875000000004906,0,0.0,8.31,0.07,0.47,0.19,3600,0.0,9.8889,0,24,21600,77.7,4.44444444444435e-05,5.158730158730148e-05,1506184.6153846188,25103.07692307698,418.3846153846163,0,0.15459646240461175,0,16.875000000004906,0,0,0,0,0.0023083333333333337,33660.64981949458,9.350180505415162,0.059259259259242025,0.06744868035190615,0,LOW,LOW
VEH_002,68b89b2d4f65cd554d7512ab,2025-11-24 17:00:00,ON,8.85,15929.6,77.17,40.5,40.9,560.0,0.21,31,10.15,0.0,956.53,473438.98999999976,0.5300000000000011,8.840000000000146,16.679245283019107,0,0.0,10.15,0.21,0.31,0.24,3600,0.0,12.586,0,24,25200,77.17,0.00014722222222222255,7.261904761904756e-05,1062668.8524590174,17711.147540983624,295.1857923497271,0,0.5061602695023786,0,16.679245283019107,0,0,0,0,0.0028194444444444447,27370.640394088667,7.60295566502463,0.05995475113122086,0.40175953079178883,0,LOW,LOW
VEH_002,68b89b2d4f65cd554d7512ab,2025-11-24 18:00:00,ON,16.3,15945.9,76.19,40.6,43.9,561.0,-0.15,21,12.39,0.0,957.5,473438.98999999976,0.980000000000004,16.299999999999272,16.63265306122368,0,0.0,12.39,0.15,0.21,0.16799999999999998,3600,0.0,14.47152,0,24,28800,76.19,0.00027222222222222334,0.00010595238095238103,719096.6292134826,11984.94382022471,199.74906367041183,0,0.9333045693312519,0,16.63265306122368,0,0,0,0,0.0034416666666666667,22137.530266343823,6.1493139628732845,0.060122699386505996,0.7595307917888563,0,LOW,LOW
VEH_002,68b89b2d4f65cd554d7512ab,2025-11-24 19:00:00,ON,21.42,15967.33,74.9,40.3,39.0,562.0,-0.12,10,13.93,0.0,958.79,473438.98999999976,1.289999999999992,21.43000000000029,16.612403100775524,0,0.0,13.93,0.12,0.1,0.11399999999999999,3600,0.0,15.518019999999998,0,24,32400,74.9,0.0003583333333333311,0.00015595238095238067,480274.80916030623,8004.5801526717705,133.4096692111962,0,1.2270378478999935,0,16.612403100775524,0,0,0,0,0.0038694444444444445,19356.78391959799,5.376884422110553,0.0601959869342032,0.8343108504398827,0,LOW,LOW
VEH_002,68b89b2d4f65cd554d7512ab,2025-11-24 20:00:00,ON,20.69,15988.02,73.66,40.2,41.0,563.0,-0.07,40,13.71,0.0,960.03,473438.98999999976,1.240000000000009,20.69000000000051,16.68548387096803,0,0.0,13.71,0.07,0.4,0.16899999999999998,3600,0.0,16.02699,0,24,36000,73.66,0.00034444444444444697,0.00019563492063492095,376517.6470588229,6275.294117647049,104.58823529411748,0,1.184666965611346,0,16.68548387096803,0,0,0,0,0.0038083333333333337,19341.794310722096,5.372720641867249,0.05993233446109128,0.3548387096774194,0,LOW,LOW
VEH_002,68b89b2d4f65cd554d7512ab,2025-11-24 21:00:00,ON,15.86,16003.89,72.71,39.7,39.7,564.0,0.42,24,12.26,0.0,960.98,473438.98999999976,0.9500000000000028,15.869999999998981,16.705263157893615,0,0.0,12.26,0.42,0.24,0.366,3600,0.0,16.74716,0,24,39600,72.71,0.0002638888888888897,0.00021150793650793703,343769.60600375145,5729.493433395857,95.4915572232643,0,0.9086836512445815,0,16.705263157893615,0,0,0,0,0.0034055555555555553,21350.407830342578,5.930668841761827,0.05986137366099961,0.2536656891495601,0,LOW,LOW
VEH_002,68b89b2d4f65cd554d7512ab,2025-11-24 22:00:00,ON,10.43,16014.31,72.09,38.6,37.5,565.0,0.26,13,10.63,0.0,961.61,473438.98999999976,0.6199999999999903,10.420000000000073,16.806451612903604,0,0.0,10.63,0.26,0.13,0.221,3600,0.0,12.979230000000001,0,24,43200,72.09,0.00017222222222221953,0.0002289682539682538,314847.1403812827,5247.452339688045,87.45753899480076,0,0.5966278289835673,0,16.806451612903604,0,0,0,0,0.002952777777777778,24414.2991533396,6.781749764816556,0.059500959692896926,0.09530791788856305,0,LOW,LOW
VEH_002,68b89b2d4f65cd554d7512ab,2025-11-24 23:00:00,ON,14.02,16028.33,71.24,38.1,36.7,566.0,0.3,24,11.7,0.0,962.45,473438.98999999976,0.8500000000000085,14.020000000000437,16.49411764705917,0,0.0,11.7,0.3,0.24,0.282,3600,0.0,14.9994,0,24,46800,71.24,0.00023611111111111348,0.00025634920634920666,277902.1671826622,4631.702786377703,77.19504643962838,0,0.802756445523015,0,16.49411764705917,0,0,0,0,0.00325,21920.0,6.088888888888889,0.060627674750355354,0.9648093841642229,0,LOW,LOW
VEH_002,68b89b2d4f65cd554d7512ab,2025-11-25 00:00:00,ON,16.6,16044.93,70.25,38.6,37.4,567.0,-0.27,10,12.48,0.0,963.45,473438.98999999976,0.9899999999999949,16.600000000000364,16.767676767677223,0,0.0,12.48,0.27,0.1,0.219,3600,0.0,15.213120000000002,0,24,50400,70.25,0.00027499999999999855,0.0002746031746031747,255823.69942196523,4263.728323699421,71.06213872832367,0,0.9504819540429333,0,16.767676767677223,0,0,0,0,0.003466666666666667,20264.423076923074,5.62900641025641,0.059638554216865855,0.11363636363636363,0,LOW,LOW
VEH_002,68b89b2d4f65cd554d7512ab,2025-11-25 01:00:00,ON,21.89,16066.82,68.93,38.7,41.5,568.0,-0.24,1,14.07,0.0,964.76,473438.98999999976,1.3199999999999932,21.889999999999418,16.583333333332977,0,0.0,14.07,0.24,0.01,0.17099999999999999,3600,0.0,16.47597,0,24,54000,68.93,0.0003666666666666648,0.00028809523809523774,239261.1570247937,3987.6859504132285,66.46143250688714,0,1.2533765044577592,0,16.583333333332977,0,0,0,0,0.003908333333333333,17636.673773987208,4.89907604832978,0.06030150753768974,0.9017595307917888,0,LOW,LOW
VEH_002,68b89b2d4f65cd554d7512ab,2025-11-25 02:00:00,ON,28.71,16095.53,67.21,38.9,42.5,569.0,-0.46,48,16.11,0.0,966.48,473438.98999999976,1.720000000000013,28.710000000000946,16.6918604651167,0,0.0,16.11,0.46,0.48,0.46599999999999997,3600,0.0,23.617259999999998,0,24,57600,67.21,0.0004777777777777814,0.00030515873015873066,220246.03381014266,3670.7672301690445,61.17945383615074,0,1.6438757169019829,0,16.6918604651167,0,0,0,0,0.004475,15018.99441340782,4.171942892613283,0.05990943921978253,0.31085043988269795,0,LOW,LOW
VEH_002,68b89b2d4f65cd554d7512ab,2025-11-25 03:00:00,ON,20.86,16116.39,65.96,38.8,42.6,570.0,-0.19,46,13.76,0.0,967.73,473438.98999999976,1.25,20.859999999998763,16.68799999999901,0,0.0,13.76,0.19,0.46,0.271,3600,0.0,17.48896,0,24,61200,65.96,0.00034722222222222224,0.0003055555555555556,215869.09090909085,3597.818181818181,59.96363636363635,0,1.19440081694783,0,16.68799999999901,0,0,0,0,0.003822222222222222,17256.976744186046,4.7936046511627906,0.05992329817833529,0.3343108504398827,0,LOW,LOW
VEH_002,68b89b2d4f65cd554d7512ab,2025-11-25 04:00:00,ON,13.51,16129.9,65.15,39.1,34.9,571.0,-0.22,26,11.55,0.0,968.54,473438.98999999976,0.8099999999999881,13.510000000000218,16.679012345679528,0,0.0,11.55,0.22,0.26,0.23199999999999998,3600,0.0,14.229600000000001,0,24,64800,65.15,0.0002249999999999967,0.00029999999999999954,217166.666666667,3619.4444444444503,60.32407407407417,0,0.7735548915132503,0,16.679012345679528,0,0,0,0,0.0032083333333333334,20306.49350649351,5.640692640692642,0.05995558845299593,0.4046920821114369,0,LOW,LOW
VEH_002,68b89b2d4f65cd554d7512ab,2025-11-25 05:00:00,ON,14.57,16144.47,64.28,39.7,38.2,572.0,-0.09,42,11.87,0.0,969.42,473438.98999999976,0.8700000000000045,14.569999999999709,16.747126436781187,0,0.0,11.87,0.09,0.42,0.189,3600,0.0,14.11343,0,24,68400,64.28,0.00024166666666666794,0.00030992063492063504,207407.93854033283,3456.798975672214,57.613316261203565,0,0.8342483174942746,0,16.747126436781187,0,0,0,0,0.0032972222222222222,19495.19797809604,5.415332771693344,0.05971173644475099,0.15102639296187684,0,LOW,LOW
VEH_002,68b89b2d4f65cd554d7512ab,2025-11-25 06:00:00,ON,19.46,16163.92,63.11,39.8,39.3,573.0,0.32,4,13.34,0.0,970.59,473438.98999999976,1.1700000000000017,19.450000000000728,16.623931623932222,0,0.0,13.34,0.32,0.04,0.236,3600,0.0,16.48824,0,24,72000,63.11,0.0003250000000000005,0.00032261904761904744,195617.71217712187,3260.295202952031,54.33825338253385,0,1.1136671088033336,0,16.623931623932222,0,0,0,0,0.0037055555555555557,17031.1844077961,4.730884557721139,0.06015424164524205,0.7917888563049853,0,LOW,LOW
VEH_002,68b89b2d4f65cd554d7512ab,2025-11-25 07:00:00,ON,12.89,16176.82,62.33,39.5,35.4,574.0,-0.22,13,11.37,0.0,971.36,473438.98999999976,0.7800000000000011,12.899999999999636,16.538461538461046,0,0.0,11.37,0.22,0.13,0.193,3600,0.0,13.56441,0,24,75600,62.33,0.00021666666666666698,0.0003142857142857144,198322.7272727272,3305.3787878787866,55.08964646464645,0,0.7386275425995918,0,16.538461538461046,0,0,0,0,0.0031583333333333333,19735.09234828496,5.4819700967458225,0.060465116279071564,0.9369501466275659,0,LOW,LOW
VEH_002,68b89b2d4f65cd554d7512ab,2025-11-25 08:00:00,ON,16.93,16193.75,61.32,39.9,40.3,575.0,-0.06,2,12.58,0.0,972.38,473438.98999999976,1.009999999999998,16.93000000000029,16.762376237624082,0,0.0,12.58,0.06,0.02,0.047999999999999994,3600,0.0,13.18384,0,24,79200,61.32,0.000280555555555555,0.00030198412698412725,203057.0302233901,3384.2838370565014,56.40473061760836,0,0.96937707722571,0,16.762376237624082,0,0,0,0,0.0034944444444444446,17547.85373608903,4.874403815580286,0.05965741287654936,0.12023460410557185,0,LOW,LOW
VEH_002,68b89b2d4f65cd554d7512ab,2025-11-25 09:00:00,ON,16.68,16210.43,60.32,39.6,41.5,576.0,-0.28,20,12.51,0.0,973.38,473438.98999999976,1.0,16.68000000000029,16.68000000000029,0,0.0,12.51,0.28,0.2,0.256,3600,0.0,15.71256,0,24,82800,60.32,0.0002777777777777778,0.0002734126984126982,220618.8679245285,3676.9811320754748,61.28301886792458,0,0.9550625899660276,0,16.68000000000029,0,0,0,0,0.003475,17358.273381294966,4.821742605915269,0.05995203836930351,0.3966275659824047,0,LOW,LOW
VEH_002,68b89b2d4f65cd554d7512ab,2025-11-25 10:00:00,ON,21.57,16232.01,59.02,40.4,41.3,577.0,-0.23,35,13.97,0.0,974.67,473438.98999999976,1.2999999999999972,21.579999999999927,16.59999999999998,0,0.0,13.97,0.23,0.35,0.266,3600,0.0,17.686020000000003,0,24,86400,59.02,0.00036111111111111034,0.000275396825396825,214308.93371757955,3571.815561959659,59.53025936599432,0,1.235626540255782,0,16.59999999999998,0,0,0,0,0.003880555555555556,15209.162491052255,4.224767358625626,0.060240963855421756,0.8621700879765396,0,LOW,LOW
VEH_002,68b89b2d4f65cd554d7512ab,2025-11-25 11:00:00,ON,20.09,16252.1,57.82,40.3,42.2,578.0,0.08,18,13.53,0.0,975.88,473438.98999999976,1.2000000000000028,20.090000000000146,16.74166666666675,0,0.0,13.53,0.08,0.18,0.10999999999999999,3600,0.0,15.018299999999998,0,24,90000,57.82,0.00033333333333333414,0.0002908730158730161,198780.9004092768,3313.01500682128,55.216916780354666,0,1.1503121961880873,0,16.74166666666675,0,0,0,0,0.003758333333333333,15384.47893569845,4.273466371027347,0.05973120955699324,0.16129032258064516,0,LOW,LOW
VEH_002,68b89b2d4f65cd554d7512ab,2025-11-25 12:00:00,ON,23.25,16275.35,56.42,40.1,39.0,579.0,0.39,46,14.47,0.0,977.27,473438.98999999976,1.3999999999999986,23.25,16.607142857142875,0,0.0,14.47,0.39,0.46,0.411,3600,0.0,20.417170000000002,0,24,93600,56.42,0.0003888888888888885,0.0003119047619047619,180888.54961832063,3014.809160305344,50.2468193384224,0,1.3312473151504647,0,16.607142857142875,0,0,0,0,0.004019444444444444,14036.765722183829,3.899101589495508,0.0602150537634408,0.8504398826979472,0,LOW,LOW
VEH_002,68b89b2d4f65cd554d7512ab,2025-11-25 13:00:00,ON,20.01,16295.36,55.22,40.5,37.6,580.0,0.17,19,13.5,0.0,978.47,473438.98999999976,1.2000000000000028,20.01000000000022,16.675000000000143,0,0.0,13.5,0.17,0.19,0.176,3600,0.0,15.876,0,24,97200,55.22,0.00033333333333333414,0.00031309523809523813,176368.06083650189,2939.467680608365,48.99112801013941,0,1.1457315602649931,0,16.675000000000143,0,0,0,0,0.00375,14725.333333333334,4.090370370370371,0.059970014992503234,0.4472140762463343,0,LOW,LOW
VEH_002,68b89b2d4f65cd554d7512ab,2025-11-25 14:00:00,ON,22.78,16318.13,53.86,40.3,39.4,581.0,0.24,36,14.33,0.0,979.84,473438.98999999976,1.3599999999999994,22.769999999998618,16.74264705882252,0,0.0,14.33,0.24,0.36,0.27599999999999997,3600,0.0,18.28508,0,24,100800,53.86,0.0003777777777777776,0.00033611111111111114,160244.62809917354,2670.743801652892,44.51239669421487,0,1.3037634996117953,0,16.74264705882252,0,0,0,0,0.003980555555555556,13530.774598743894,3.7585484996510816,0.059727711901628545,0.1598240469208211,0,LOW,LOW
VEH_002,68b89b2d4f65cd554d7512ab,2025-11-25 15:00:00,ON,16.09,16334.22,52.89,40.1,40.6,582.0,-0.38,41,12.33,0.0,980.8,473438.98999999976,0.9699999999999989,16.090000000000146,16.58762886597955,0,0.0,12.33,0.38,0.41,0.38899999999999996,3600,0.0,17.12637,0,24,104400,52.89,0.0002694444444444441,0.00033452380952380957,158105.3380782918,2635.08896797153,43.91814946619217,0,0.9212804000331687,0,16.58762886597955,0,0,0,0,0.003425,15442.335766423357,4.289537712895377,0.06028589185829646,0.8973607038123167,0,LOW,LOW
VEH_002,68b89b2d4f65cd554d7512ab,2025-11-25 16:00:00,ON,20.79,16355.01,51.64,38.9,44.1,583.0,-0.21,31,13.74,0.0,982.05,473438.98999999976,1.25,20.790000000000873,16.632000000000698,0,0.0,13.74,0.21,0.31,0.24,3600,0.0,17.0376,0,24,108000,51.64,0.00034722222222222224,0.0003444444444444445,149922.58064516127,2498.7096774193546,41.64516129032258,0,1.1903927605152398,0,16.632000000000698,0,0,0,0,0.0038166666666666666,13530.131004366813,3.7583697234352256,0.0601250601250576,0.7624633431085044,0,LOW,LOW
VEH_002,68b89b2d4f65cd554d7512ab,2025-11-25 17:00:00,ON,22.7,16377.71,50.28,39.0,37.5,584.0,0.06,15,14.31,0.0,983.41,473438.98999999976,1.3599999999999994,22.69999999999891,16.69117647058744,0,0.0,14.31,0.06,0.15,0.087,3600,0.0,15.55497,0,24,111600,50.28,0.0003777777777777776,0.0003468253968253969,144972.08237986267,2416.201372997711,40.270022883295184,0,1.299755443179101,0,16.69117647058744,0,0,0,0,0.003975,12649.056603773584,3.5136268343815513,0.05991189427313061,0.31378299120234604,0,LOW,LOW
VEH_002,68b89b2d4f65cd554d7512ab,2025-11-25 18:00:00,ON,25.02,16402.72,48.78,38.7,38.6,585.0,-0.37,20,15.01,0.0,984.91,473438.98999999976,1.5,25.010000000002037,16.673333333334693,0,0.0,15.01,0.37,0.2,0.319,3600,0.0,19.798189999999998,0,24,115200,48.78,0.0004166666666666667,0.00035873015873015866,135979.64601769915,2266.3274336283193,37.77212389380532,0,1.4320213054587456,0,16.673333333334693,0,0,0,0,0.004169444444444444,11699.400399733511,3.2498334443704198,0.05997600959615665,0.46187683284457476,0,LOW,LOW
VEH_002,68b89b2d4f65cd554d7512ab,2025-11-25 19:00:00,ON,29.49,16432.21,47.01,38.5,41.8,586.0,0.27,1,16.35,0.0,986.68,473438.98999999976,1.7700000000000031,29.489999999997963,16.66101694915136,0,0.0,16.35,0.27,0.01,0.192,3600,0.0,19.4892,0,24,118800,47.01,0.0004916666666666675,0.00037341269841269855,125892.879914984,2098.2146652497336,34.97024442082889,0,1.6885369171520213,0,16.66101694915136,0,0,0,0,0.004541666666666667,10350.825688073393,2.875229357798165,0.06002034587996356,0.5747800586510264,0,LOW,LOW
VEH_002,68b89b2d4f65cd554d7512ab,2025-11-25 20:00:00,ON,31.13,16463.34,45.14,38.2,44.4,587.0,-0.41,10,16.84,0.0,988.55,473438.98999999976,1.8699999999999974,31.13000000000102,16.647058823529978,0,0.0,16.84,0.41,0.1,0.31699999999999995,3600,1.0,22.178279999999997,0,24,122400,45.14,0.0005194444444444437,0.0003999999999999999,112850.00000000003,1880.8333333333337,31.34722222222223,0,1.782439953575713,0,16.647058823529978,0,0,0,0,0.004677777777777778,9649.881235154393,2.680522565320665,0.06007067137808982,0.6759530791788856,0,LOW,LOW
VEH_002,68b89b2d4f65cd554d7512ab,2025-11-25 21:00:00,ON,36.68,16500.02,42.94,38.1,48.7,588.0,0.1,15,18.5,0.0,990.75,473438.98999999976,2.200000000000003,36.68000000000029,16.672727272727382,0,0.0,18.5,0.1,0.15,0.11499999999999999,3600,1.0,20.6275,0,24,126000,42.94,0.0006111111111111119,0.00043333333333333337,99092.30769230767,1651.5384615384612,27.525641025641022,0,2.100221570740621,0,16.672727272727382,0,0,0,0,0.005138888888888889,8355.891891891892,2.321081081081081,0.05997818974918172,0.46480938416422285,0,MEDIUM,LOW
VEH_002,68b89b2d4f65cd554d7512ab,2025-11-25 22:00:00,ON,28.77,16528.78,56.89,38.8,45.7,589.0,-0.18,40,16.13,0.0,992.48,473438.98999999976,0.0,28.7599999999984,0.0,0,0.0,16.13,0.18,0.4,0.246,3600,0.0,20.09798,1,25,0,56.89,0.0,0.00039484126984126993,144083.21608040197,2401.386934673366,40.023115577889435,0,1.6467386143537737,0,0.0,0,0,0,0,0.004480555555555555,12697.08617482951,3.526968381897086,0.0,0.018328445747800588,0,LOW,LOW
VEH_002,68b89b2d4f65cd554d7512ab,2025-11-25 23:00:00,ON,31.2,16559.99,55.02,38.8,41.8,590.0,-0.38,49,16.86,0.0,994.35,473438.98999999976,1.8699999999999974,31.210000000002765,16.689839572194014,0,0.0,16.86,0.38,0.49,0.4129999999999999,3600,1.0,23.823179999999997,0,25,3600,55.02,0.0005194444444444437,0.00041944444444444445,131173.50993377483,2186.225165562914,36.43708609271523,0,1.7870205894989113,0,16.689839572194014,0,0,0,0,0.004683333333333333,11748.042704626336,3.2633451957295376,0.059916693367505026,0.32404692082111436,0,LOW,LOW
VEH_002,68b89b2d4f65cd554d7512ab,2025-11-26 00:00:00,ON,23.92,16583.91,53.58,39.0,41.8,591.0,0.43,39,14.68,0.0,995.78,473438.98999999976,1.4400000000000048,23.919999999998254,16.611111111109842,0,0.0,14.68,0.43,0.39,0.418,3600,0.0,20.816239999999997,0,25,7200,53.58,0.0004000000000000013,0.00042261904761904787,126780.84507042245,2113.014084507041,35.21690140845068,0,1.3696101410063137,0,16.611111111109842,0,0,0,0,0.004077777777777777,13139.509536784743,3.649863760217984,0.060200668896325665,0.841642228739003,0,LOW,LOW
VEH_002,68b89b2d4f65cd554d7512ab,2025-11-26 01:00:00,ON,17.94,16601.85,52.5,38.2,43.6,592.0,0.34,38,12.88,0.0,996.86,473438.98999999976,1.0799999999999983,17.93999999999869,16.611111111109924,0,0.0,12.88,0.34,0.38,0.352,3600,0.0,17.41376,0,25,10800,52.5,0.00029999999999999954,0.0004059523809523811,129325.5131964809,2155.425219941348,35.92375366568914,0,1.0272076057547352,0,16.611111111109924,0,0,0,0,0.003577777777777778,14673.91304347826,4.076086956521739,0.06020066889632537,0.8401759530791789,0,LOW,LOW
VEH_002,68b89b2d4f65cd554d7512ab,2025-11-26 02:00:00,ON,20.05,16621.9,51.3,38.4,38.1,593.0,-0.2,30,13.51,0.0,998.06,473438.98999999976,1.2000000000000028,20.05000000000291,16.70833333333572,0,0.0,13.51,0.2,0.3,0.22999999999999998,3600,0.0,16.6173,0,25,14400,51.3,0.00033333333333333414,0.0003833333333333335,133826.08695652167,2230.4347826086946,37.173913043478244,0,1.1480218782266964,0,16.70833333333572,0,0,0,0,0.0037527777777777776,13669.874167283493,3.7971872686898593,0.05985037406482936,0.2404692082111437,0,LOW,LOW
VEH_002,68b89b2d4f65cd554d7512ab,2025-11-26 03:00:00,ON,24.93,16646.83,49.81,38.4,43.8,594.0,-0.33,38,14.98,0.0,999.56,473438.98999999976,1.4899999999999949,24.93000000000029,16.731543624161326,0,0.0,14.98,0.33,0.38,0.345,3600,0.0,20.1481,0,25,18000,49.81,0.00041388888888888747,0.00036825396825396824,135259.91379310345,2254.331896551724,37.57219827586207,0,1.4274406695355473,0,16.731543624161326,0,0,0,0,0.004161111111111111,11970.360480640855,3.3251001335113486,0.05976734857601193,0.18181818181818182,0,LOW,LOW
VEH_002,68b89b2d4f65cd554d7512ab,2025-11-26 04:00:00,ON,24.94,16671.77,48.31,38.9,43.3,595.0,-0.16,11,14.98,0.0,1001.06,473438.98999999976,1.5,24.93999999999869,16.626666666665795,0,0.0,14.98,0.16,0.11,0.145,3600,0.0,17.1521,0,25,21600,48.31,0.0004166666666666667,0.0003404761904761904,141889.51048951052,2364.8251748251755,39.41375291375292,0,1.428013249025843,0,16.626666666665795,0,0,0,0,0.004161111111111111,11609.879839786383,3.224966622162884,0.0601443464314386,0.781524926686217,0,LOW,LOW
VEH_002,68b89b2d4f65cd554d7512ab,2025-11-26 05:00:00,ON,19.35,16691.12,47.15,38.6,37.1,596.0,0.34,19,13.3,0.0,1002.22,473438.98999999976,1.1600000000000037,19.349999999998545,16.681034482757312,0,0.0,13.3,0.34,0.19,0.295,3600,0.0,17.2235,0,25,25200,47.15,0.00032222222222222325,0.0003865079365079366,121989.73305954822,2033.162217659137,33.886036960985614,0,1.1079413138993357,0,16.681034482757312,0,0,0,0,0.0036944444444444446,12762.406015037594,3.545112781954887,0.05994832041344139,0.3885630498533724,0,LOW,LOW
VEH_002,68b89b2d4f65cd554d7512ab,2025-11-26 06:00:00,ON,26.48,16717.6,45.56,39.0,44.9,597.0,0.13,13,15.45,0.0,1003.81,473438.98999999976,1.5899999999999963,26.479999999999563,16.65408805031423,0,0.0,15.45,0.13,0.13,0.13,3600,0.0,17.458499999999997,0,25,28800,45.56,0.0004416666666666656,0.0003753968253968255,121364.90486257925,2022.7484143763209,33.71247357293868,0,1.5161904905455366,0,16.65408805031423,0,0,0,0,0.004291666666666667,10615.922330097088,2.9488673139158577,0.06004531722054466,0.6187683284457478,0,LOW,LOW
VEH_002,68b89b2d4f65cd554d7512ab,2025-11-26 07:00:00,ON,25.56,16743.16,44.03,38.5,44.6,598.0,0.34,6,15.17,0.0,1005.34,473438.98999999976,1.5300000000000011,25.56000000000131,16.70588235294202,0,0.0,15.17,0.34,0.06,0.256,3600,0.0,19.05352,0,25,32400,44.03,0.0004250000000000003,0.00037896825396825385,116183.87434554978,1936.397905759163,32.27329842931938,0,1.4635131774300052,0,16.70588235294202,0,0,0,0,0.0042138888888888885,10448.78048780488,2.9024390243902443,0.05985915492957444,0.250733137829912,0,MEDIUM,LOW
VEH_002,68b89b2d4f65cd554d7512ab,2025-11-26 08:00:00,ON,19.58,16762.74,42.85,38.6,40.9,599.0,-0.0,4,13.37,0.0,1006.51,473438.98999999976,1.1799999999999997,19.580000000001746,16.593220338984533,0,0.0,13.37,0.0,0.04,0.012,3600,0.0,13.530439999999999,0,25,36000,42.85,0.0003277777777777777,0.00038293650793650786,111898.44559585495,1864.9740932642492,31.082901554404152,0,1.121110642178427,0,16.593220338984533,0,0,0,0,0.0037138888888888885,11537.771129394168,3.2049364248317134,0.06026557711950432,0.8812316715542522,0,MEDIUM,LOW
VEH_002,68b89b2d4f65cd554d7512ab,2025-11-26 09:00:00,ON,13.24,16775.98,42.06,39.0,41.3,600.0,-0.38,32,11.47,0.0,1007.31,473438.98999999976,0.7899999999999991,13.239999999997963,16.759493670883515,0,0.0,11.47,0.38,0.32,0.362,3600,0.0,15.622140000000002,0,25,39600,42.06,0.0002194444444444442,0.0003666666666666665,114709.09090909097,1911.818181818183,31.86363636363638,0,0.7580952452726641,0,16.759493670883515,0,0,0,0,0.0031861111111111113,13201.04620749782,3.6669572798605055,0.0596676737160212,0.1217008797653959,0,MEDIUM,LOW
VEH_002,68b89b2d4f65cd554d7512ab,2025-11-26 10:00:00,ON,5.46,16781.44,41.73,39.2,33.8,601.0,-0.41,31,9.14,0.0,1007.64,473438.98999999976,0.3300000000000054,5.459999999999127,16.54545454545163,0,0.0,9.14,0.41,0.31,0.38,3600,0.0,12.613199999999999,0,25,43200,41.73,9.166666666666817e-05,0.00032063492063492087,130148.01980198009,2169.133663366335,36.152227722772245,0,0.312628401751414,0,16.54545454545163,0,0,0,0,0.002538888888888889,16436.3238512035,4.565645514223194,0.06043956043957109,0.9310850439882697,0,MEDIUM,LOW
VEH_002,68b89b2d4f65cd554d7512ab,2025-11-26 11:00:00,ON,11.07,16792.51,41.06,39.3,40.0,602.0,-0.41,24,10.82,0.0,1008.3,473438.98999999976,0.6699999999999946,11.069999999999709,16.522388059701193,0,0.0,10.82,0.41,0.24,0.359,3600,0.0,14.70438,0,25,46800,41.06,0.0001861111111111096,0.0002876984126984127,142718.89655172414,2378.648275862069,39.644137931034486,0,0.6338454958587207,0,16.522388059701193,0,0,0,0,0.0030055555555555556,13661.367837338263,3.7948243992606283,0.06052393857272016,0.9545454545454546,0,MEDIUM,LOW
VEH_002,68b89b2d4f65cd554d7512ab,2025-11-26 12:00:00,ON,9.22,16801.73,40.51,40.4,36.8,603.0,-0.36,31,10.27,0.0,1008.85,473438.98999999976,0.5500000000000043,9.220000000001164,16.76363636363835,0,0.0,10.27,0.36,0.31,0.345,3600,0.0,13.813149999999998,0,25,50400,40.51,0.00015277777777777897,0.0002634920634920635,153742.77108433735,2562.379518072289,42.70632530120482,0,0.5279182901371542,0,16.76363636363835,0,0,0,0,0.002852777777777778,14200.194741966892,3.944498539435248,0.05965292841647883,0.1187683284457478,0,MEDIUM,LOW
VEH_002,68b89b2d4f65cd554d7512ab,2025-11-26 13:00:00,ON,4.05,16805.78,40.27,39.5,39.8,604.0,0.37,34,8.71,0.0,1009.1,473438.98999999976,0.23999999999999488,4.049999999999272,16.87499999999733,0,0.0,8.71,0.37,0.34,0.361,3600,0.0,11.854310000000002,0,25,54000,40.27,6.666666666666525e-05,0.0002099206349206349,191834.40453686204,3197.2400756143675,53.28733459357279,0,0.2318946936068135,0,16.87499999999733,0,0,0,0,0.0024194444444444446,16644.316877152698,4.623421354764639,0.05925925925926864,0.0689149560117302,0,MEDIUM,LOW
VEH_002,68b89b2d4f65cd554d7512ab,2025-11-26 14:00:00,ON,10.31,16816.09,39.65,38.5,33.3,605.0,-0.01,19,10.59,0.0,1009.72,473438.98999999976,0.6200000000000045,10.31000000000131,16.629032258066506,0,0.0,10.59,0.01,0.19,0.064,3600,0.0,11.26776,0,25,57600,39.65,0.00017222222222222348,0.00017380952380952394,228123.28767123268,3802.054794520545,63.367579908675744,0,0.5903294545893779,0,16.629032258066506,0,0,0,0,0.0029416666666666666,13478.753541076487,3.7440982058545798,0.06013579049465818,0.7712609970674487,0,MEDIUM,LOW
VEH_002,68b89b2d4f65cd554d7512ab,2025-11-26 15:00:00,ON,13.22,16829.31,38.86,38.4,36.8,606.0,0.08,11,11.47,0.0,1010.51,473438.98999999976,0.7899999999999991,13.220000000001164,16.734177215191366,0,0.0,11.47,0.08,0.11,0.089,3600,0.0,12.49083,0,25,61200,38.86,0.0002194444444444442,0.00015833333333333343,245431.57894736825,4090.526315789471,68.17543859649118,0,0.7569500862920728,0,16.734177215191366,0,0,0,0,0.0031861111111111113,12196.687009590234,3.387968613775065,0.05975794251134112,0.1774193548387097,0,MEDIUM,LOW
VEH_002,68b89b2d4f65cd554d7512ab,2025-11-26 16:00:00,ON,14.39,16843.7,37.99,38.5,39.8,607.0,0.17,21,11.82,0.0,1011.37,473438.98999999976,0.8699999999999974,14.389999999999418,16.54022988505685,0,0.0,11.82,0.17,0.21,0.182,3600,0.0,13.97124,0,25,64800,37.99,0.00024166666666666596,0.00016150793650793652,235220.63882063882,3920.3439803439805,65.33906633906633,0,0.8239418866672866,0,16.54022988505685,0,0,0,0,0.0032833333333333334,11570.558375634519,3.214043993231811,0.0604586518415589,0.9354838709677419,0,MEDIUM,LOW
VEH_002,68b89b2d4f65cd554d7512ab,2025-11-26 17:00:00,ON,11.31,16855.0,37.32,38.4,36.7,608.0,0.05,25,10.89,0.0,1012.05,473438.98999999976,0.6700000000000017,11.299999999999272,16.865671641789916,0,0.0,10.89,0.05,0.25,0.10999999999999999,3600,0.0,12.0879,0,25,68400,37.32,0.00018611111111111158,0.00017499999999999984,213257.14285714307,3554.285714285718,59.2380952380953,0,0.6470148241376036,0,16.865671641789916,0,0,0,0,0.0030250000000000003,12337.190082644627,3.426997245179063,0.05929203539823406,0.07038123167155426,0,MEDIUM,LOW
VEH_002,68b89b2d4f65cd554d7512ab,2025-11-26 18:00:00,ON,5.04,16860.04,37.01,38.1,34.4,609.0,-0.44,38,9.01,0.0,1012.35,473438.98999999976,0.3100000000000023,5.040000000000873,16.25806451613173,0,0.0,9.01,0.44,0.38,0.422,3600,0.0,12.81222,0,25,72000,37.01,8.611111111111174e-05,0.0001607142857142859,230284.44444444418,3838.07407407407,63.967901234567826,0,0.28858006315524753,0,16.25806451613173,0,0,0,0,0.002502777777777778,14787.569367369588,4.107658157602663,0.061507936507926304,0.9853372434017595,0,MEDIUM,LOW
VEH_002,68b89b2d4f65cd554d7512ab,2025-11-26 19:00:00,ON,12.64,16872.68,36.25,38.2,38.8,610.0,0.43,33,11.29,0.0,1013.11,473438.98999999976,0.759999999999998,12.639999999999418,16.6315789473677,0,0.0,11.29,0.43,0.33,0.4,3600,0.0,15.805999999999997,0,25,75600,36.25,0.00021111111111111057,0.00016904761904761896,214436.61971830996,3573.9436619718326,59.56572769953054,0,0.7237404758495096,0,16.6315789473677,0,0,0,0,0.003136111111111111,11558.901682905227,3.21080602302923,0.06012658227848362,0.7639296187683284,0,MEDIUM,LOW
VEH_002,68b89b2d4f65cd554d7512ab,2025-11-26 20:00:00,ON,12.61,16885.3,35.5,38.1,41.2,611.0,0.4,39,11.28,0.0,1013.87,473438.98999999976,0.75,12.619999999998981,16.826666666665307,0,0.0,11.28,0.4,0.39,0.39699999999999996,3600,0.0,15.75816,0,25,79200,35.5,0.00020833333333333335,0.0001892857142857144,187547.16981132064,3125.7861635220106,52.09643605870018,0,0.72259531686871,0,16.826666666665307,0,0,0,0,0.003133333333333333,11329.787234042555,3.1471631205673765,0.05942947702060702,0.08504398826979472,0,MEDIUM,LOW
VEH_002,68b89b2d4f65cd554d7512ab,2025-11-26 21:00:00,ON,13.33,16898.63,34.7,37.5,37.4,612.0,0.44,36,11.5,0.0,1014.67,473438.98999999976,0.7999999999999972,13.330000000001746,16.662500000002243,0,0.0,11.5,0.44,0.36,0.416,3600,0.0,16.284,0,25,82800,34.7,0.00022222222222222142,0.00019642857142857127,176654.54545454562,2944.2424242424268,49.070707070707115,0,0.7632484606863664,0,16.662500000002243,0,0,0,0,0.0031944444444444446,10862.608695652174,3.017391304347826,0.060015003750929656,0.5601173020527859,0,MEDIUM,LOW
VEH_002,68b89b2d4f65cd554d7512ab,2025-11-26 22:00:00,ON,5.67,16904.29,34.36,38.0,38.7,613.0,-0.17,3,9.2,0.0,1015.01,473438.98999999976,0.3400000000000034,5.6599999999998545,16.647058823528816,0,0.0,9.2,0.17,0.03,0.128,3600,0.0,10.377600000000001,0,25,86400,34.36,9.444444444444539e-05,0.00017857142857142857,192416.0,3206.9333333333334,53.44888888888889,0,0.3240799915592016,0,16.647058823528816,0,0,0,0,0.0025555555555555553,13445.21739130435,3.7347826086956526,0.06007067137809402,0.6788856304985337,0,MEDIUM,LOW
VEH_002,68b89b2d4f65cd554d7512ab,2025-11-26 23:00:00,ON,4.0,16908.29,34.12,38.4,37.9,614.0,-0.25,22,8.7,0.0,1015.25,473438.98999999976,0.240000000000002,4.0,16.66666666666653,0,0.0,8.7,0.25,0.22,0.241,3600,0.0,10.7967,0,25,90000,34.12,6.666666666666723e-05,0.00015357142857142875,222176.74418604624,3702.945736434104,61.71576227390173,0,0.22903179615491867,0,16.66666666666653,0,0,0,0,0.0024166666666666664,14118.620689655174,3.9218390804597707,0.0600000000000005,0.5278592375366569,0,MEDIUM,LOW
VEH_002,68b89b2d4f65cd554d7512ab,2025-11-27 00:00:00,ON,1.09,16909.38,34.05,38.3,35.0,615.0,-0.42,13,7.83,0.0,1015.31,473438.98999999976,0.07000000000000028,1.0900000000001455,15.571428571430587,0,0.0,7.83,0.42,0.13,0.33299999999999996,3600,0.0,10.43739,0,25,93600,34.05,1.9444444444444523e-05,0.00012976190476190488,262403.6697247704,4373.39449541284,72.88990825688067,0,0.06241116445222367,0,15.571428571430587,0,0,0,0,0.002175,15655.172413793103,4.3486590038314175,0.06422018348623022,0.9956011730205279,0,MEDIUM,LOW
VEH_002,68b89b2d4f65cd554d7512ab,2025-11-27 01:00:00,ON,0.0,16909.38,34.02,38.8,24.5,616.0,-0.15,28,0.0,0.03,1015.34,473438.98999999976,0.02999999999999403,0.0,0.0,1,0.03,0.0,0.15,0.28,0.189,3600,0.0,0.0,0,25,97200,34.02,8.333333333331675e-06,0.00011865079365079347,286723.7458193985,4778.729096989975,79.64548494983292,0,0.0,0,0.0,1,1,0,0,8.333333333333334e-06,4082400.0,1134.0,0.0,0.0,0,MEDIUM,LOW
VEH_002,68b89b2d4f65cd554d7512ab,2025-11-27 02:00:00,ON,5.96,16915.34,33.66,38.5,42.4,617.0,-0.1,22,9.29,0.0,1015.7,473438.98999999976,0.36000000000000654,5.959999999999127,16.55555555555283,0,0.0,9.29,0.1,0.22,0.136,3600,0.0,10.55344,0,25,100800,33.66,0.00010000000000000182,0.00010277777777777791,327502.70270270226,5458.378378378371,90.97297297297285,0,0.34125737627077884,0,16.55555555555283,0,0,0,0,0.002580555555555555,13043.702906350916,3.623250807319699,0.060402684563768336,0.9266862170087976,0,MEDIUM,LOW
VEH_002,68b89b2d4f65cd554d7512ab,2025-11-27 03:00:00,ON,4.6,16919.95,33.39,38.3,35.2,618.0,-0.24,47,8.88,0.0,1015.98,473438.98999999976,0.269999999999996,4.610000000000582,17.07407407407648,0,0.0,8.88,0.24,0.47,0.30899999999999994,3600,0.0,11.62392,0,25,104400,33.39,7.49999999999989e-05,8.373015873015871e-05,398781.04265402857,6646.350710900476,110.77251184834127,0,0.2639591450685771,0,17.07407407407648,0,0,0,0,0.002466666666666667,13536.486486486485,3.7601351351351346,0.05856832971799608,0.04985337243401759,0,MEDIUM,LOW
VEH_002,68b89b2d4f65cd554d7512ab,2025-11-27 04:00:00,ON,5.91,16925.86,33.03,38.2,34.4,619.0,-0.34,16,9.27,0.0,1016.33,473438.98999999976,0.35999999999999943,5.9099999999998545,16.416666666666288,0,0.0,9.27,0.34,0.16,0.286,3600,0.0,11.92122,0,25,108000,33.03,9.999999999999984e-05,6.626984126984133e-05,498416.76646706543,8306.946107784424,138.44910179640706,0,0.338394478818884,0,16.416666666666288,0,0,0,0,0.002575,12827.184466019418,3.563106796116505,0.06091370558375775,0.9750733137829912,0,MEDIUM,LOW
VEH_002,68b89b2d4f65cd554d7512ab,2025-11-27 05:00:00,ON,7.83,16933.68,32.56,38.1,36.4,620.0,-0.4,7,9.85,0.0,1016.8,473438.98999999976,0.46999999999999886,7.819999999999709,16.638297872339848,0,0.0,9.85,0.4,0.07,0.301,3600,0.0,12.814849999999998,0,25,111600,32.56,0.00013055555555555523,7.142857142857131e-05,455840.00000000076,7597.333333333346,126.62222222222243,0,0.44775716148284933,0,16.638297872339848,0,0,0,0,0.002736111111111111,11900.10152284264,3.305583756345178,0.06010230179028342,0.7272727272727273,0,MEDIUM,LOW
VEH_002,68b89b2d4f65cd554d7512ab,2025-11-27 06:00:00,ON,5.36,16939.04,32.24,38.2,34.7,621.0,0.41,17,9.11,0.0,1017.12,473438.98999999976,0.3200000000000003,5.360000000000582,16.750000000001805,0,0.0,9.11,0.41,0.17,0.33799999999999997,3600,0.0,12.18918,0,25,115200,32.24,8.888888888888897e-05,7.460317460317442e-05,432153.19148936274,7202.553191489379,120.04255319148965,0,0.3069026068476243,0,16.750000000001805,0,0,0,0,0.0025305555555555554,12740.285400658619,3.5389681668496165,0.059701492537307,0.14222873900293256,0,MEDIUM,LOW
VEH_002,68b89b2d4f65cd554d7512ab,2025-11-27 07:00:00,ON,0.11,16939.15,32.24,38.1,37.4,622.0,0.11,38,7.53,0.0,1017.13,473438.98999999976,-0.0,0.11000000000058208,0.0,0,0.0,7.53,0.11,0.38,0.191,3600,0.0,8.96823,0,25,118800,32.24,-0.0,7.182539682539664e-05,448866.29834254266,7481.104972375711,124.68508287292852,0,0.006298374394293592,0,0.0,0,0,0,0,0.0020916666666666666,15413.545816733069,4.281540504648075,-0.0,0.018328445747800588,0,MEDIUM,LOW
VEH_002,68b89b2d4f65cd554d7512ab,2025-11-27 08:00:00,ON,7.14,16946.29,31.81,39.0,36.2,623.0,0.33,17,9.64,0.0,1017.56,473438.98999999976,0.43000000000000327,7.139999999999418,16.604651162789217,0,0.0,9.64,0.33,0.17,0.282,3600,0.0,12.35848,0,25,122400,31.81,0.00011944444444444535,8.769841269841288e-05,362720.3619909495,6045.339366515825,100.75565610859708,0,0.4088217561364965,0,16.604651162789217,0,0,0,0,0.002677777777777778,11879.253112033193,3.2997925311203313,0.06022408963585971,0.8577712609970675,0,MEDIUM,LOW
VEH_002,68b89b2d4f65cd554d7512ab,2025-11-27 09:00:00,ON,4.05,16950.35,31.56,38.6,32.2,624.0,0.1,23,8.72,0.0,1017.8,473438.98999999976,0.25,4.059999999997672,16.239999999990687,0,0.0,8.72,0.1,0.23,0.139,3600,0.0,9.932080000000001,0,25,126000,31.56,6.944444444444444e-05,8.333333333333326e-05,378720.0000000003,6312.000000000005,105.20000000000007,0,0.23246727309710913,0,16.239999999990687,0,0,0,0,0.0024222222222222223,13029.357798165136,3.619266055045871,0.06157635467983827,0.9868035190615836,0,MEDIUM,LOW
VEH_002,68b89b2d4f65cd554d7512ab,2025-11-27 10:00:00,ON,2.54,16952.89,31.41,38.7,37.0,625.0,-0.02,36,8.26,0.0,1017.95,473438.98999999976,0.14999999999999858,2.540000000000873,16.933333333339313,0,0.0,8.26,0.02,0.36,0.122,3600,0.0,9.267719999999999,0,25,129600,31.41,4.166666666666627e-05,7.85714285714286e-05,399763.63636363624,6662.72727272727,111.0454545454545,0,0.14543519055842336,0,16.933333333339313,0,0,0,0,0.0022944444444444444,13689.58837772397,3.8026634382566584,0.05905511811021536,0.05718475073313783,0,MEDIUM,LOW
VEH_002,68b89b2d4f65cd554d7512ab,2025-11-27 11:00:00,ON,7.12,16960.01,30.98,38.8,33.5,626.0,-0.15,1,9.63,0.0,1018.38,473438.98999999976,0.4299999999999997,7.119999999998981,16.558139534881363,0,0.0,9.63,0.15,0.01,0.108,3600,0.0,10.670040000000002,0,25,133200,30.98,0.00011944444444444437,8.134920634920638e-05,380827.31707317056,6347.121951219509,105.78536585365849,0,0.40767659715569693,0,16.558139534881363,0,0,0,0,0.0026750000000000003,11581.308411214952,3.2170301142263753,0.06039325842697489,0.9208211143695014,0,MEDIUM,LOW
VEH_002,68b89b2d4f65cd554d7512ab,2025-11-27 12:00:00,ON,9.42,16969.43,30.42,39.1,38.5,627.0,-0.12,36,10.33,0.0,1018.95,473438.98999999976,0.5599999999999987,9.420000000001892,16.821428571431987,0,0.0,10.33,0.12,0.36,0.192,3600,0.0,12.31336,0,25,136800,30.42,0.0001555555555555552,8.492063492063495e-05,358216.8224299064,5970.280373831773,99.50467289719623,0,0.5393698799449418,0,16.821428571431987,0,0,0,0,0.0028694444444444444,10601.35527589545,2.9448209099709586,0.05944798301484992,0.08944281524926687,0,MEDIUM,LOW
VEH_002,68b89b2d4f65cd554d7512ab,2025-11-27 13:00:00,ON,15.91,16985.34,29.47,38.6,39.3,628.0,-0.24,33,12.27,0.0,1019.9,473438.98999999976,0.9500000000000028,15.909999999999854,16.74736842105243,0,0.0,12.27,0.24,0.33,0.267,3600,0.0,15.546089999999998,0,25,140400,29.47,0.0002638888888888897,0.00010992063492063505,268102.52707581193,4468.375451263532,74.47292418772554,0,0.9109739692061807,0,16.74736842105243,0,0,0,0,0.003408333333333333,8646.454767726162,2.401792991035045,0.059710873664362764,0.1495601173020528,0,MEDIUM,LOW
VEH_002,68b89b2d4f65cd554d7512ab,2025-11-27 14:00:00,ON,20.7,17006.04,28.22,39.1,42.9,629.0,0.1,15,13.71,0.0,1021.14,473438.98999999976,1.25,20.700000000000728,16.56000000000058,0,0.0,13.71,0.1,0.15,0.11499999999999999,3600,0.0,15.286650000000002,0,25,144000,28.22,0.00034722222222222224,0.00015952380952380965,176901.4925373133,2948.3582089552215,49.139303482587025,0,1.1852395451017457,0,16.56000000000058,0,0,0,0,0.0038083333333333337,7410.0656455142225,2.058351568198395,0.060386473429949565,0.9178885630498533,0,MEDIUM,LOW
VEH_002,68b89b2d4f65cd554d7512ab,2025-11-27 15:00:00,ON,26.57,17032.61,26.63,39.1,42.5,630.0,-0.48,21,15.47,0.0,1022.74,473438.98999999976,1.5899999999999999,26.56999999999971,16.71069182389919,0,0.0,15.47,0.48,0.21,0.39899999999999997,3600,0.0,21.64253,0,25,147600,26.63,0.00044166666666666665,0.00020555555555555556,129551.35135135135,2159.189189189189,35.986486486486484,0,1.5213437059590307,0,16.71069182389919,0,0,0,0,0.004297222222222222,6197.026502908856,1.7213962508080156,0.05984192698532244,0.2316715542521994,0,MEDIUM,LOW
VEH_002,68b89b2d4f65cd554d7512ab,2025-11-27 16:00:00,ON,19.52,17052.13,25.46,38.5,41.4,631.0,0.17,14,13.36,0.0,1023.91,473438.98999999976,1.1699999999999982,19.520000000000437,16.683760683761083,0,0.0,13.36,0.17,0.14,0.161,3600,0.0,15.510959999999999,0,25,151200,25.46,0.0003249999999999995,0.000242063492063492,105179.01639344265,1752.9836065573775,29.21639344262296,0,1.1176751652360282,0,16.683760683761083,0,0,0,0,0.0037111111111111108,6860.479041916168,1.9056886227544911,0.0599385245901625,0.3724340175953079,0,MEDIUM,LOW
VEH_002,68b89b2d4f65cd554d7512ab,2025-11-27 17:00:00,ON,21.52,17073.65,52.03,38.1,43.8,632.0,0.1,11,13.96,0.0,1025.2,473438.98999999976,0.0,21.520000000000437,0.0,0,0.0,13.96,0.1,0.11,0.103,3600,0.0,15.39788,1,26,0,52.03,0.0,0.00023611111111111106,220362.3529411765,3672.705882352942,61.21176470588236,0,1.2321910633134874,0,0.0,0,0,0,0,0.003877777777777778,13417.478510028652,3.7270773638968477,0.0,0.018328445747800588,0,LOW,LOW
VEH_002,68b89b2d4f65cd554d7512ab,2025-11-27 18:00:00,ON,19.89,17093.54,50.83,37.2,40.4,633.0,0.34,19,13.47,0.0,1026.39,473438.98999999976,1.2000000000000028,19.889999999999418,16.574999999999477,0,0.0,13.47,0.34,0.19,0.295,3600,0.0,17.443649999999998,0,26,3600,50.83,0.00033333333333333414,0.00026666666666666673,190612.49999999994,3176.874999999999,52.94791666666665,0,1.1388606063802997,0,16.574999999999477,0,0,0,0,0.003741666666666667,13584.855233853004,3.773570898292501,0.0603318250377093,0.9105571847507331,0,LOW,LOW
VEH_002,68b89b2d4f65cd554d7512ab,2025-11-27 19:00:00,ON,19.48,17113.02,60.05,37.6,48.0,634.0,0.49,8,13.34,0.0,1027.56,473438.98999999976,0.0,19.479999999999563,0.0,0,0.0,13.34,0.49,0.08,0.367,3600,0.0,18.23578,1,27,0,60.05,0.0,0.0002444444444444446,245659.09090909074,4094.318181818179,68.23863636363632,0,1.115384847274429,0,0.0,0,0,0,0,0.0037055555555555557,16205.397301349323,4.501499250374812,0.0,0.018328445747800588,0,LOW,LOW
VEH_002,68b89b2d4f65cd554d7512ab,2025-11-27 20:00:00,ON,20.41,17133.42,58.83,38.4,42.9,635.0,-0.45,42,13.62,0.0,1028.79,473438.98999999976,1.2199999999999989,20.399999999997817,16.72131147540806,0,0.0,13.62,0.45,0.42,0.441,3600,0.0,19.62642,0,27,3600,58.83,0.0003388888888888886,0.00025515873015873015,230562.36391912907,3842.7060653188178,64.04510108864696,0,1.1680621603899601,0,16.72131147540806,0,0,0,0,0.003783333333333333,15549.77973568282,4.319383259911894,0.059803921568633796,0.20234604105571846,0,LOW,LOW
VEH_002,68b89b2d4f65cd554d7512ab,2025-11-27 21:00:00,ON,21.83,17155.26,57.52,38.7,41.6,636.0,0.48,25,14.05,0.0,1030.1,473438.98999999976,1.3099999999999952,21.840000000000146,16.671755725191012,0,0.0,14.05,0.48,0.25,0.411,3600,0.0,19.824550000000002,0,27,7200,57.52,0.00036388888888888755,0.00025753968253968237,223344.22187981528,3722.4036979969214,62.04006163328202,0,1.2505136070058642,0,16.671755725191012,0,0,0,0,0.003902777777777778,14738.220640569394,4.093950177935943,0.05998168498168436,0.47214076246334313,0,LOW,LOW
VEH_002,68b89b2d4f65cd554d7512ab,2025-11-27 22:00:00,ON,25.94,17181.2,55.96,39.2,45.4,637.0,-0.45,12,15.28,0.0,1031.65,473438.98999999976,1.5600000000000023,25.94000000000233,16.628205128206595,0,0.0,15.28,0.45,0.12,0.351,3600,0.0,20.643279999999997,0,27,10800,55.96,0.00043333333333333396,0.00025634920634920623,218295.97523219825,3638.266253869971,60.63777089783285,0,1.4852711980647808,0,16.628205128206595,0,0,0,0,0.004244444444444444,13184.29319371728,3.6623036649214664,0.060138781804158145,0.7756598240469208,0,LOW,LOW
VEH_002,68b89b2d4f65cd554d7512ab,2025-11-27 23:00:00,ON,19.4,17200.6,54.8,38.8,42.3,638.0,-0.44,26,13.32,0.0,1032.82,473438.98999999976,1.1600000000000037,19.399999999997817,16.724137931032548,0,0.0,13.32,0.44,0.26,0.386,3600,0.0,18.461520000000004,0,27,14400,54.8,0.00032222222222222325,0.00025595238095238107,214102.32558139524,3568.372093023254,59.472868217054234,0,1.1108042113512306,0,16.724137931032548,0,0,0,0,0.0037,14810.81081081081,4.1141141141141135,0.05979381443299661,0.19941348973607037,0,LOW,LOW
VEH_002,68b89b2d4f65cd554d7512ab,2025-11-28 00:00:00,ON,23.66,17224.25,53.38,39.1,47.0,639.0,-0.48,33,14.6,0.0,1034.24,473438.98999999976,1.4199999999999946,23.650000000001455,16.654929577465875,0,0.0,14.6,0.48,0.33,0.43499999999999994,3600,0.0,20.951,0,27,18000,53.38,0.0003944444444444429,0.0003123015873015872,170924.52350698863,2848.7420584498104,47.47903430749684,0,1.3541504947660399,0,16.654929577465875,0,0,0,0,0.004055555555555555,13162.191780821919,3.656164383561644,0.06004228329809333,0.6114369501466276,0,LOW,LOW
VEH_002,68b89b2d4f65cd554d7512ab,2025-11-28 01:00:00,ON,16.32,17240.57,52.4,39.4,40.2,640.0,-0.39,44,12.4,0.0,1035.21,473438.98999999976,0.980000000000004,16.31999999999971,16.65306122448943,0,0.0,12.4,0.39,0.44,0.40499999999999997,3600,0.0,17.422,0,27,21600,52.4,0.00027222222222222334,0.00030357142857142855,172611.76470588235,2876.8627450980393,47.947712418300654,0,0.9344497283120515,0,16.65306122448943,0,0,0,0,0.0034444444444444444,15212.90322580645,4.225806451612903,0.06004901960784445,0.6304985337243402,0,LOW,LOW
VEH_002,68b89b2d4f65cd554d7512ab,2025-11-28 02:00:00,ON,12.11,17252.68,51.67,39.6,37.4,641.0,0.18,44,11.13,0.0,1035.94,473438.98999999976,0.7299999999999969,12.110000000000582,16.58904109589128,0,0.0,11.13,0.18,0.44,0.258,3600,0.0,14.00154,0,27,25200,51.67,0.0002027777777777769,0.0003325396825396824,155379.95226730316,2589.665871121719,43.161097852028654,0,0.6933937628590496,0,16.58904109589128,0,0,0,0,0.003091666666666667,16712.66846361186,4.64240790655885,0.06028075970272186,0.8914956011730205,0,LOW,LOW
VEH_002,68b89b2d4f65cd554d7512ab,2025-11-28 03:00:00,ON,11.71,17264.39,50.97,39.5,37.8,642.0,-0.15,10,11.01,0.0,1036.64,473438.98999999976,0.7000000000000028,11.709999999999127,16.728571428570113,0,0.0,11.01,0.15,0.1,0.135,3600,0.0,12.49635,0,27,28800,50.97,0.00019444444444444525,0.0003119047619047619,163415.26717557252,2723.587786259542,45.39312977099237,0,0.6704905832434744,0,16.728571428570113,0,0,0,0,0.0030583333333333335,16665.94005449591,4.62942779291553,0.05977796754910803,0.187683284457478,0,LOW,LOW
VEH_002,68b89b2d4f65cd554d7512ab,2025-11-28 04:00:00,ON,17.21,17281.6,49.94,39.5,40.5,643.0,0.23,23,12.66,0.0,1037.68,473438.98999999976,1.0300000000000011,17.209999999999127,16.708737864076802,0,0.0,12.66,0.23,0.23,0.23,3600,0.0,15.5718,0,27,32400,49.94,0.00028611111111111144,0.000300793650793651,166027.44063324525,2767.1240105540874,46.118733509234794,0,0.9854093029564875,0,16.708737864076802,0,0,0,0,0.0035166666666666666,14200.947867298577,3.944707740916271,0.05984892504358242,0.23607038123167157,0,LOW,LOW
VEH_002,68b89b2d4f65cd554d7512ab,2025-11-28 05:00:00,ON,15.6,17297.2,49.0,39.3,42.6,644.0,0.23,27,12.18,0.0,1038.61,473438.98999999976,0.9399999999999977,15.600000000002183,16.595744680853425,0,0.0,12.18,0.23,0.27,0.242,3600,0.0,15.127559999999999,0,27,36000,49.0,0.00026111111111111045,0.0002761904761904762,177413.79310344826,2956.8965517241377,49.2816091954023,0,0.8932240050043078,0,16.595744680853425,0,0,0,0,0.0033833333333333332,14482.758620689656,4.022988505747127,0.06025641025640168,0.875366568914956,0,LOW,LOW
VEH_002,68b89b2d4f65cd554d7512ab,2025-11-28 06:00:00,ON,19.3,17316.51,47.84,39.0,41.1,645.0,-0.32,36,13.29,0.0,1039.77,473438.98999999976,1.1599999999999966,19.30999999999767,16.64655172413597,0,0.0,13.29,0.32,0.36,0.33199999999999996,3600,0.0,17.70228,0,27,39600,47.84,0.00032222222222222125,0.00027619047619047594,173213.79310344844,2886.8965517241404,48.114942528735675,0,1.1056509959377365,0,16.64655172413597,0,0,0,0,0.0036916666666666664,12958.916478555306,3.599699021820918,0.06007250129467304,0.6803519061583577,0,LOW,LOW
VEH_002,68b89b2d4f65cd554d7512ab,2025-11-28 07:00:00,ON,22.38,17338.88,46.5,39.5,36.5,646.0,-0.1,22,14.21,0.0,1041.11,473438.98999999976,1.3400000000000034,22.37000000000262,16.69402985074818,0,0.0,14.21,0.1,0.22,0.136,3600,0.0,16.142560000000003,0,27,43200,46.5,0.00037222222222222317,0.0002730158730158731,170319.7674418604,2838.6627906976732,47.311046511627886,0,1.2808603199965327,0,16.69402985074818,0,0,0,0,0.003947222222222223,11780.436312456015,3.272343420126671,0.05990165400088719,0.29765395894428154,0,LOW,LOW
VEH_002,68b89b2d4f65cd554d7512ab,2025-11-28 08:00:00,ON,23.47,17362.36,45.09,40.0,43.9,647.0,0.49,7,14.54,0.0,1042.52,473438.98999999976,1.4099999999999966,23.479999999999563,16.652482269503277,0,0.0,14.54,0.49,0.07,0.364,3600,0.0,19.832559999999997,0,27,46800,45.09,0.0003916666666666657,0.00029007936507936485,155440.2188782491,2590.6703146374853,43.17783857729142,0,1.3444166434293476,0,16.652482269503277,0,0,0,0,0.004038888888888889,11163.961485557085,3.101100412654746,0.060051107325384274,0.6392961876832844,0,LOW,LOW
VEH_002,68b89b2d4f65cd554d7512ab,2025-11-28 09:00:00,ON,18.01,17380.37,44.01,40.6,37.7,648.0,-0.02,22,12.9,0.0,1043.6,473438.98999999976,1.0800000000000054,18.0099999999984,16.67592592592436,0,0.0,12.9,0.02,0.22,0.08,3600,0.0,13.932000000000002,0,27,50400,44.01,0.0003000000000000015,0.0003039682539682541,144784.8563968668,2413.08093994778,40.21801566579633,0,1.0312156621874298,0,16.67592592592436,0,0,0,0,0.0035833333333333333,12281.860465116279,3.411627906976744,0.05996668517490846,0.4398826979472141,0,MEDIUM,LOW
VEH_002,68b89b2d4f65cd554d7512ab,2025-11-28 10:00:00,ON,19.44,17399.81,42.84,40.1,39.2,649.0,0.16,38,13.33,0.0,1044.77,473438.98999999976,1.1699999999999946,19.44000000000233,16.61538461538668,0,0.0,13.33,0.16,0.38,0.22599999999999998,3600,0.0,16.342579999999998,0,27,54000,42.84,0.0003249999999999985,0.0003226190476190474,132788.19188191893,2213.1365313653155,36.885608856088595,0,1.113094529313038,0,16.61538461538668,0,0,0,0,0.003702777777777778,11569.692423105776,3.2138034508627156,0.0601851851851777,0.8240469208211144,0,MEDIUM,LOW
VEH_002,68b89b2d4f65cd554d7512ab,2025-11-28 11:00:00,ON,20.29,17420.1,41.63,40.3,39.3,650.0,-0.47,41,13.59,0.0,1045.99,473438.98999999976,1.2100000000000009,20.289999999997235,16.76859504132002,0,0.0,13.59,0.47,0.41,0.45199999999999996,3600,0.0,19.73268,0,27,57600,41.63,0.00033611111111111135,0.00032976190476190464,126242.5992779784,2104.04332129964,35.067388688327334,0,1.1617637859956667,0,16.76859504132002,0,0,0,0,0.003775,11027.814569536424,3.063281824871229,0.05963528831937732,0.10997067448680352,0,MEDIUM,LOW
VEH_002,68b89b2d4f65cd554d7512ab,2025-11-28 12:00:00,ON,19.86,17439.97,40.43,39.9,44.3,651.0,0.24,30,13.46,0.0,1047.18,473438.98999999976,1.2000000000000028,19.87000000000262,16.558333333335476,0,0.0,13.46,0.24,0.3,0.258,3600,0.0,16.93268,0,27,61200,40.43,0.00033333333333333414,0.0003400793650793651,118884.01400233372,1981.4002333722285,33.023337222870474,0,1.1377154473997084,0,16.558333333335476,0,0,0,0,0.0037388888888888893,10813.37295690936,3.0037147102526,0.06039255158529666,0.9193548387096774,0,MEDIUM,LOW
VEH_002,68b89b2d4f65cd554d7512ab,2025-11-28 13:00:00,ON,14.99,17454.96,39.53,39.2,38.2,652.0,0.41,27,12.0,0.0,1048.08,473438.98999999976,0.8999999999999986,14.989999999997963,16.655555555553317,0,0.0,12.0,0.41,0.27,0.368,3600,0.0,16.415999999999997,0,27,64800,39.53,0.0002499999999999996,0.00032976190476190486,119874.3682310469,1997.906137184115,33.29843561973525,0,0.858296656090441,0,16.655555555553317,0,0,0,0,0.0033333333333333335,11859.0,3.2941666666666665,0.06004002668446437,0.6099706744868035,0,MEDIUM,LOW
VEH_002,68b89b2d4f65cd554d7512ab,2025-11-28 14:00:00,ON,16.58,17471.54,38.54,39.2,39.6,653.0,-0.21,37,12.47,0.0,1049.07,473438.98999999976,0.990000000000002,16.580000000001746,16.747474747476478,0,0.0,12.47,0.21,0.37,0.258,3600,0.0,15.68726,0,27,68400,38.54,0.00027500000000000056,0.00031587301587301594,122011.05527638189,2033.5175879396982,33.89195979899497,0,0.9493367950622379,0,16.747474747476478,0,0,0,0,0.003463888888888889,11126.222935044105,3.090617481956696,0.05971049457176705,0.14809384164222875,0,MEDIUM,LOW
VEH_002,68b89b2d4f65cd554d7512ab,2025-11-28 15:00:00,ON,10.04,17481.59,37.94,39.3,35.6,654.0,-0.44,18,10.51,0.0,1049.68,473438.98999999976,0.6000000000000014,10.049999999999272,16.74999999999875,0,0.0,10.51,0.44,0.18,0.362,3600,0.0,14.314620000000001,0,27,72000,37.94,0.00016666666666666707,0.000283730158730159,133718.60139860125,2228.6433566433543,37.14405594405591,0,0.5754423878391915,0,16.74999999999875,0,0,0,0,0.0029194444444444446,12995.623215984775,3.6098953377735485,0.05970149253731789,0.1466275659824047,0,MEDIUM,LOW
VEH_002,68b89b2d4f65cd554d7512ab,2025-11-28 16:00:00,ON,12.06,17493.64,37.21,39.6,38.9,655.0,-0.3,44,11.12,0.0,1050.4,473438.98999999976,0.7299999999999969,12.049999999999272,16.506849315067566,0,0.0,11.12,0.3,0.44,0.34199999999999997,3600,0.0,14.92304,0,27,75600,37.21,0.0002027777777777769,0.00026984126984126977,137895.88235294123,2298.264705882354,38.3044117647059,0,0.6899582859166509,0,16.506849315067566,0,0,0,0,0.003088888888888889,12046.402877697843,3.346223021582734,0.06058091286307394,0.9589442815249267,0,MEDIUM,LOW
VEH_002,68b89b2d4f65cd554d7512ab,2025-11-28 17:00:00,ON,11.97,17505.61,36.5,40.0,35.0,656.0,0.31,24,11.09,0.0,1051.12,473438.98999999976,0.7100000000000009,11.970000000001164,16.859154929579084,0,0.0,11.09,0.31,0.24,0.289,3600,0.0,14.29501,0,27,79200,36.5,0.00019722222222222247,0.00025158730158730174,145078.8643533122,2417.9810725552034,40.299684542586725,0,0.6853776499936608,0,16.859154929579084,0,0,0,0,0.0030805555555555556,11848.512173128946,3.291253381424707,0.05931495405179046,0.07331378299120235,0,MEDIUM,LOW
VEH_002,68b89b2d4f65cd554d7512ab,2025-11-28 18:00:00,ON,15.97,17521.58,35.54,39.8,38.0,657.0,-0.3,17,12.29,0.0,1052.07,473438.98999999976,0.9600000000000009,15.970000000001164,16.635416666667865,0,0.0,12.29,0.3,0.17,0.261,3600,0.0,15.49769,0,27,82800,35.54,0.0002666666666666669,0.0002416666666666668,147062.06896551716,2451.034482758619,40.850574712643656,0,0.9144094461485794,0,16.635416666667865,0,0,0,0,0.0034138888888888886,10410.414971521563,2.8917819365337674,0.06011271133374645,0.7448680351906158,0,MEDIUM,LOW
VEH_002,68b89b2d4f65cd554d7512ab,2025-11-28 19:00:00,ON,12.87,17534.44,34.77,40.6,36.0,658.0,-0.42,38,11.36,0.0,1052.85,473438.98999999976,0.769999999999996,12.859999999996944,16.701298701294817,0,0.0,11.36,0.42,0.38,0.408,3600,0.0,15.994879999999998,0,27,86400,34.77,0.00021388888888888778,0.00022460317460317448,154806.36042402836,2580.106007067139,43.00176678445232,0,0.7363372246378885,0,16.701298701294817,0,0,0,0,0.0031555555555555555,11018.661971830987,3.0607394366197185,0.059875583203746426,0.26392961876832843,0,MEDIUM,LOW
VEH_002,68b89b2d4f65cd554d7512ab,2025-11-28 20:00:00,ON,16.44,17550.88,33.78,40.5,40.2,659.0,-0.14,30,12.43,0.0,1053.83,473438.98999999976,0.990000000000002,16.44000000000233,16.606060606062925,0,0.0,12.43,0.14,0.3,0.188,3600,0.0,14.766839999999998,0,27,90000,33.78,0.00027500000000000056,0.0002281746031746032,148044.52173913043,2467.4086956521737,41.12347826086956,0,0.9413206821968491,0,16.606060606062925,0,0,0,0,0.0034527777777777777,9783.427192276751,2.7176186645213196,0.060218978102181374,0.8519061583577713,0,MEDIUM,LOW
VEH_002,68b89b2d4f65cd554d7512ab,2025-11-28 21:00:00,ON,8.66,17559.54,33.26,40.4,40.2,660.0,0.06,17,10.1,0.0,1054.35,473438.98999999976,0.5200000000000031,8.659999999999854,16.653846153845773,0,0.0,10.1,0.06,0.17,0.093,3600,0.0,11.039299999999999,0,27,93600,33.26,0.0001444444444444453,0.00020952380952380956,158740.90909090906,2645.6818181818176,44.09469696969696,0,0.49585383867539057,0,16.653846153845773,0,0,0,0,0.0028055555555555555,11855.049504950495,3.2930693069306933,0.060046189376444785,0.6202346041055719,0,MEDIUM,LOW
VEH_002,68b89b2d4f65cd554d7512ab,2025-11-28 22:00:00,ON,14.83,17574.37,32.37,40.1,41.3,661.0,-0.37,2,11.95,0.0,1055.24,473438.98999999976,0.8900000000000006,14.829999999998108,16.66292134831247,0,0.0,11.95,0.37,0.02,0.265,3600,0.0,15.116750000000001,0,27,97200,32.37,0.0002472222222222224,0.00022103174603174607,146449.55116696586,2440.8258527827643,40.68043087971274,0,0.8491353842442526,0,16.66292134831247,0,0,0,0,0.0033194444444444443,9751.63179916318,2.7087866108786613,0.06001348617667661,0.5586510263929618,0,MEDIUM,LOW
VEH_002,68b89b2d4f65cd554d7512ab,2025-11-28 23:00:00,ON,7.62,17581.99,31.91,39.8,35.6,662.0,-0.36,12,9.79,0.0,1055.7,473438.98999999976,0.4599999999999973,7.620000000002619,16.56521739131014,0,0.0,9.79,0.36,0.12,0.288,3600,0.0,12.60952,0,27,100800,31.91,0.00012777777777777703,0.00021031746031746035,151723.01886792452,2528.7169811320755,42.14528301886792,0,0.43630557167527007,0,16.56521739131014,0,0,0,0,0.002719444444444444,11734.014300306437,3.259448416751788,0.06036745406822037,0.9164222873900293,0,MEDIUM,LOW
VEH_002,68b89b2d4f65cd554d7512ab,2025-11-29 00:00:00,ON,2.97,17584.97,31.73,40.6,36.3,663.0,0.43,38,8.39,0.0,1055.88,473438.98999999976,0.17999999999999972,2.9799999999995634,16.555555555553156,0,0.0,8.39,0.43,0.38,0.415,3600,0.0,11.87185,0,27,104400,31.73,4.999999999999992e-05,0.0001892857142857143,167630.18867924527,2793.8364779874214,46.56394129979035,0,0.17062868813538942,0,16.555555555553156,0,0,0,0,0.0023305555555555558,13614.77949940405,3.781883194278903,0.06040268456376714,0.9252199413489736,0,MEDIUM,LOW
VEH_002,68b89b2d4f65cd554d7512ab,2025-11-29 01:00:00,ON,10.6,17595.56,31.1,41.0,36.6,664.0,0.27,24,10.68,0.0,1056.51,473438.98999999976,0.629999999999999,10.590000000000146,16.809523809524066,0,0.0,10.68,0.27,0.24,0.261,3600,0.0,13.46748,0,27,108000,31.1,0.00017499999999999973,0.0001761904761904761,176513.5135135136,2941.8918918918935,49.031531531531556,0,0.6063616803201555,0,16.809523809524066,0,0,0,0,0.0029666666666666665,10483.146067415732,2.911985018726592,0.05949008498583478,0.093841642228739,0,MEDIUM,LOW
VEH_002,68b89b2d4f65cd554d7512ab,2025-11-29 02:00:00,ON,5.03,17600.59,30.8,41.8,34.0,665.0,0.23,2,9.01,0.0,1056.82,473438.98999999976,0.3000000000000007,5.029999999998836,16.766666666662747,0,0.0,9.01,0.23,0.02,0.167,3600,0.0,10.51467,0,27,111600,30.8,8.333333333333353e-05,0.00015753968253968265,195506.29722921902,3258.4382871536504,54.307304785894175,0,0.28800748366474355,0,16.766666666662747,0,0,0,0,0.002502777777777778,12306.32630410655,3.4184239733629305,0.05964214711731017,0.1158357771260997,0,MEDIUM,LOW
VEH_002,68b89b2d4f65cd554d7512ab,2025-11-29 03:00:00,ON,2.02,17602.61,30.67,41.4,37.5,666.0,-0.09,18,8.11,0.0,1056.94,473438.98999999976,0.129999999999999,2.0200000000004366,15.538461538465015,0,0.0,8.11,0.09,0.18,0.11699999999999999,3600,0.0,9.058869999999999,0,27,115200,30.67,3.611111111111083e-05,0.0001234126984126984,248515.75562700967,4141.929260450162,69.03215434083602,0,0.11566105705825892,0,15.538461538465015,0,0,0,0,0.0022527777777777776,13614.303329223183,3.7817509247842174,0.06435643564354995,0.9970674486803519,0,MEDIUM,LOW
VEH_002,68b89b2d4f65cd554d7512ab,2025-11-29 04:00:00,ON,2.4,17605.01,30.53,41.6,37.1,667.0,-0.18,34,8.22,0.0,1057.08,473438.98999999976,0.14000000000000057,2.399999999997817,17.142857142841482,0,0.0,8.22,0.18,0.34,0.228,3600,0.0,10.09416,0,27,118800,30.53,3.8888888888889047e-05,0.00010833333333333322,281815.3846153849,4696.923076923082,78.28205128205137,0,0.1374190776928262,0,17.142857142841482,0,0,0,0,0.0022833333333333334,13370.802919708029,3.714111922141119,0.058333333333386625,0.0469208211143695,0,MEDIUM,LOW
VEH_002,68b89b2d4f65cd554d7512ab,2025-11-29 05:00:00,ON,7.93,17612.95,30.05,41.0,34.6,668.0,-0.39,7,9.88,0.0,1057.56,473438.98999999976,0.4800000000000004,7.940000000002328,16.541666666671503,0,0.0,9.88,0.39,0.07,0.294,3600,0.0,12.784720000000002,0,27,122400,30.05,0.00013333333333333345,9.206349206349194e-05,326405.17241379357,5440.08620689656,90.66810344827599,0,0.45462811536764686,0,16.541666666671503,0,0,0,0,0.0027444444444444448,10949.392712550607,3.041497975708502,0.06045340050376066,0.9340175953079178,0,MEDIUM,LOW
VEH_002,68b89b2d4f65cd554d7512ab,2025-11-29 06:00:00,ON,1.25,17614.2,29.98,41.3,35.6,669.0,-0.23,5,7.88,0.0,1057.63,473438.98999999976,0.07000000000000028,1.25,17.857142857142783,0,0.0,7.88,0.23,0.05,0.176,3600,0.0,9.266879999999999,0,27,126000,29.98,1.9444444444444523e-05,7.658730158730158e-05,391448.70466321247,6524.145077720208,108.7357512953368,0,0.07157243629841209,0,17.857142857142783,0,0,0,0,0.0021888888888888887,13696.446700507617,3.804568527918782,0.05600000000000023,0.04398826979472141,0,MEDIUM,LOW
VEH_002,68b89b2d4f65cd554d7512ab,2025-11-29 07:00:00,ON,4.3,17618.5,29.72,41.3,31.1,670.0,-0.38,33,8.79,0.0,1057.89,473438.98999999976,0.26000000000000156,4.299999999999272,16.53846153845864,0,0.0,8.79,0.38,0.33,0.365,3600,0.0,11.998349999999999,0,27,129600,29.72,7.222222222222265e-05,7.976190476190483e-05,372608.9552238803,6210.149253731338,103.50248756218897,0,0.2462091808664959,0,16.53846153845864,0,0,0,0,0.0024416666666666666,12172.013651877132,3.3811149032992036,0.06046511627908036,0.9384164222873901,0,MEDIUM,LOW
VEH_002,68b89b2d4f65cd554d7512ab,2025-11-29 08:00:00,ON,0.0,17618.5,46.37,41.4,22.4,671.0,-0.21,21,0.0,0.03,1057.92,473438.98999999976,0.0,0.0,0.0,1,0.03,0.0,0.21,0.21,0.21,3600,0.0,0.0,1,28,0,46.37,0.0,5.476190476190486e-05,846756.5217391289,14112.608695652149,235.2101449275358,0,0.0,0,0.0,0,0,0,0,8.333333333333334e-06,5564399.999999999,1545.6666666666665,0.0,0.0,0,LOW,LOW
VEH_002,68b89b2d4f65cd554d7512ab,2025-11-29 09:00:00,ON,5.74,17624.23,46.03,41.2,39.4,672.0,-0.33,39,9.22,0.0,1058.26,473438.98999999976,0.3399999999999963,5.729999999999563,16.852941176469486,0,0.0,9.22,0.33,0.39,0.348,3600,0.0,12.42856,0,28,3600,46.03,9.444444444444341e-05,5.634920634920627e-05,816870.4225352125,13614.507042253541,226.9084507042257,0,0.328088047991896,0,16.852941176469486,0,0,0,0,0.0025611111111111112,17972.668112798263,4.992407809110628,0.05933682373473337,0.07624633431085044,0,LOW,LOW
VEH_002,68b89b2d4f65cd554d7512ab,2025-11-29 10:00:00,ON,11.49,17635.73,45.34,41.5,38.4,673.0,-0.31,10,10.95,0.0,1058.95,473438.98999999976,0.6899999999999977,11.5,16.66666666666672,0,0.0,10.95,0.31,0.1,0.247,3600,0.0,13.654649999999998,0,28,7200,45.34,0.00019166666666666602,7.857142857142843e-05,577054.5454545466,9617.575757575776,160.2929292929296,0,0.6584664139453912,0,16.66666666666672,0,0,0,0,0.0030416666666666665,14906.301369863017,4.140639269406393,0.059999999999999803,0.5190615835777126,0,LOW,LOW
VEH_002,68b89b2d4f65cd554d7512ab,2025-11-29 11:00:00,ON,14.32,17650.04,44.48,41.5,43.1,674.0,-0.19,16,11.8,0.0,1059.81,473438.98999999976,0.8600000000000065,14.31000000000131,16.639534883722327,0,0.0,11.8,0.19,0.16,0.181,3600,0.0,13.935800000000002,0,28,10800,44.48,0.0002388888888888907,0.00010714285714285723,415146.6666666663,6919.111111111105,115.31851851851842,0,0.8193612507442966,0,16.639534883722327,0,0,0,0,0.003277777777777778,13570.169491525423,3.7694915254237285,0.0600978336827343,0.718475073313783,0,MEDIUM,LOW
VEH_002,68b89b2d4f65cd554d7512ab,2025-11-29 12:00:00,ON,13.69,17663.73,43.66,40.8,40.6,675.0,-0.39,13,11.61,0.0,1060.63,473438.98999999976,0.8200000000000003,13.68999999999869,16.69512195121791,0,0.0,11.61,0.39,0.13,0.31199999999999994,3600,0.0,15.232319999999998,0,28,14400,43.66,0.00022777777777777786,0.00012063492063492074,361918.4210526312,6031.97368421052,100.53289473684201,0,0.7838613223401342,0,16.69512195121791,0,0,0,0,0.003225,13537.98449612403,3.760551248923342,0.059897735573417,0.2903225806451613,0,MEDIUM,LOW
VEH_002,68b89b2d4f65cd554d7512ab,2025-11-29 13:00:00,ON,16.43,17680.16,42.67,41.1,42.3,676.0,0.23,22,12.43,0.0,1061.62,473438.98999999976,0.9899999999999949,16.43000000000029,16.595959595959975,0,0.0,12.43,0.23,0.22,0.227,3600,0.0,15.251610000000001,0,28,18000,42.67,0.00027499999999999855,0.00015714285714285702,271536.3636363639,4525.606060606065,75.42676767676774,0,0.9407481027063451,0,16.595959595959975,0,0,0,0,0.0034527777777777777,12358.165728077232,3.4328238133547866,0.060255629945220775,0.873900293255132,0,MEDIUM,LOW
VEH_002,68b89b2d4f65cd554d7512ab,2025-11-29 14:00:00,ON,18.22,17698.38,41.58,41.0,39.4,677.0,-0.15,49,12.97,0.0,1062.71,473438.98999999976,1.0900000000000034,18.220000000001164,16.715596330276245,0,0.0,12.97,0.15,0.49,0.252,3600,0.0,16.23844,0,28,21600,41.58,0.0003027777777777787,0.00019007936507936505,218750.73068893532,3645.8455114822555,60.76409185803759,0,1.0432398314857212,0,16.715596330276245,0,0,0,0,0.003602777777777778,11541.094834232843,3.20585967617579,0.05982436882546289,0.21407624633431085,0,MEDIUM,LOW
VEH_002,68b89b2d4f65cd554d7512ab,2025-11-29 15:00:00,ON,20.32,17718.7,40.36,40.9,43.8,678.0,-0.11,31,13.6,0.0,1063.93,473438.98999999976,1.2199999999999989,20.31999999999971,16.65573770491781,0,0.0,13.6,0.11,0.31,0.16999999999999998,3600,0.0,15.911999999999999,0,28,25200,40.36,0.0003388888888888886,0.00023849206349206342,169229.95008319474,2820.4991680532457,47.008319467554095,0,1.1634815244669703,0,16.65573770491781,0,0,0,0,0.0037777777777777775,10683.529411764706,2.9676470588235295,0.06003937007874096,0.6055718475073314,0,MEDIUM,LOW
VEH_002,68b89b2d4f65cd554d7512ab,2025-11-29 16:00:00,ON,28.25,17746.95,38.67,40.6,40.6,679.0,-0.33,6,15.97,0.0,1065.63,473438.98999999976,1.6899999999999977,28.25,16.71597633136097,0,0.0,15.97,0.33,0.06,0.24899999999999997,3600,0.0,19.94653,0,28,28800,38.67,0.0004694444444444438,0.000292063492063492,132402.71739130438,2206.7119565217395,36.77853260869566,0,1.617537060344113,0,16.71597633136097,0,0,0,0,0.004436111111111111,8717.094552285536,2.421415153412649,0.05982300884955744,0.21041055718475074,0,MEDIUM,LOW
VEH_002,68b89b2d4f65cd554d7512ab,2025-11-29 17:00:00,ON,34.33,17781.28,36.61,40.7,45.3,680.0,0.16,29,17.8,0.0,1067.69,473438.98999999976,2.0600000000000023,34.32999999999811,16.665048543688382,0,0.0,17.8,0.16,0.29,0.19899999999999998,3600,1.0,21.342200000000002,0,28,32400,36.61,0.0005722222222222229,0.0003464285714285716,105678.35051546387,1761.3058419243978,29.355097365406632,0,1.9656653904994812,0,16.665048543688382,0,0,0,0,0.004944444444444445,7404.269662921348,2.0567415730337077,0.06000582580833428,0.5410557184750733,0,MEDIUM,LOW
VEH_002,68b89b2d4f65cd554d7512ab,2025-11-29 18:00:00,ON,32.97,17814.25,34.63,40.6,46.6,681.0,0.15,48,17.39,0.0,1069.67,473438.98999999976,1.9799999999999969,32.970000000001164,16.651515151515767,0,0.0,17.39,0.15,0.48,0.249,3600,1.0,21.720110000000002,0,28,36000,34.63,0.0005499999999999992,0.0003908730158730156,88596.54822335033,1476.6091370558388,24.61015228426398,0,1.8877945798069837,0,16.651515151515767,0,0,0,0,0.004830555555555556,7168.947671075331,1.9913743530764807,0.06005459508644,0.6466275659824047,0,MEDIUM,LOW
VEH_002,68b89b2d4f65cd554d7512ab,2025-11-29 19:00:00,ON,27.17,17841.42,33.0,40.4,44.0,682.0,0.25,16,15.65,0.0,1071.3,473438.98999999976,1.6300000000000026,27.169999999998254,16.66871165644062,0,0.0,15.65,0.25,0.16,0.22299999999999998,3600,0.0,19.13995,0,28,39600,33.0,0.0004527777777777785,0.00042301587301587286,78011.2570356473,1300.1876172607883,21.669793621013138,0,1.5556984753821852,0,16.66871165644062,0,0,0,0,0.004347222222222222,7591.054313099042,2.108626198083067,0.05999263894001131,0.5058651026392962,0,MEDIUM,LOW
VEH_002,68b89b2d4f65cd554d7512ab,2025-11-29 20:00:00,ON,35.1,17876.52,30.89,40.7,44.8,683.0,-0.3,4,18.03,0.0,1073.4,473438.98999999976,2.1099999999999994,35.10000000000218,16.63507109004843,0,0.0,18.03,0.3,0.04,0.222,3600,1.0,22.03266,0,28,43200,30.89,0.0005861111111111109,0.0004674603174603175,66080.4753820034,1101.3412563667232,18.355687606112053,0,2.0097540112595365,0,16.63507109004843,0,0,0,0,0.005008333333333333,6167.720465890183,1.7132556849694953,0.06011396011395636,0.7463343108504399,0,MEDIUM,LOW
VEH_002,68b89b2d4f65cd554d7512ab,2025-11-29 21:00:00,ON,40.89,17917.41,28.44,40.6,43.2,684.0,0.32,28,19.77,0.0,1075.85,473438.98999999976,2.4499999999999993,40.88999999999942,16.689795918367114,0,0.0,19.77,0.32,0.28,0.308,3600,1.0,25.85916,0,28,46800,28.44,0.0006805555555555553,0.0005214285714285713,54542.46575342467,909.0410958904112,15.150684931506854,0,2.3412775361936227,0,16.689795918367114,0,0,0,0,0.005491666666666666,5178.755690440061,1.4385432473444613,0.059916850085596336,0.3255131964809384,0,MEDIUM,MEDIUM
VEH_002,68b89b2d4f65cd554d7512ab,2025-11-29 22:00:00,ON,34.82,17952.23,26.35,40.6,45.6,685.0,-0.38,3,17.95,0.0,1077.94,473438.98999999976,2.09,34.81999999999971,16.660287081339575,0,0.0,17.95,0.38,0.03,0.27499999999999997,3600,1.0,22.886249999999997,0,28,50400,26.35,0.0005805555555555555,0.0005559523809523808,47396.145610278385,789.9357601713065,13.165596002855107,0,1.9937217855285503,0,16.660287081339575,0,0,0,0,0.004986111111111111,5284.679665738162,1.467966573816156,0.06002297530155133,0.5791788856304986,0,MEDIUM,MEDIUM
VEH_002,68b89b2d4f65cd554d7512ab,2025-11-29 23:00:00,ON,30.69,17982.93,24.51,40.9,42.2,686.0,0.25,5,16.71,0.0,1079.79,473438.98999999976,1.8399999999999999,30.700000000000728,16.68478260869605,0,0.0,16.71,0.25,0.05,0.19,3600,1.0,19.884900000000002,0,28,54000,24.51,0.0005111111111111111,0.0005619047619047619,43619.49152542373,726.9915254237288,12.116525423728813,0,1.7578190354890424,0,16.68478260869605,0,0,0,0,0.004641666666666667,5280.430879712747,1.466786355475763,0.059934853420194015,0.3651026392961877,0,HIGH,MEDIUM
VEH_002,68b89b2d4f65cd554d7512ab,2025-11-30 00:00:00,ON,24.42,18007.35,23.04,41.2,44.6,687.0,-0.42,12,14.83,0.0,1081.25,473438.98999999976,1.4700000000000024,24.419999999998254,16.612244897957968,0,0.0,14.83,0.42,0.12,0.32999999999999996,3600,0.0,19.7239,0,28,57600,23.04,0.000408333333333334,0.0005384920634920635,42786.145910095795,713.1024318349299,11.885040530582165,0,1.3982391155256786,0,16.612244897957968,0,0,0,0,0.004119444444444445,5592.987188132164,1.5536075522589345,0.0601965601965646,0.8357771260997068,0,HIGH,LOW
VEH_002,68b89b2d4f65cd554d7512ab,2025-11-30 01:00:00,ON,28.25,18035.6,21.35,40.7,44.6,688.0,0.17,29,15.97,0.0,1082.95,473438.98999999976,1.6899999999999977,28.25,16.71597633136097,0,0.0,15.97,0.17,0.29,0.206,3600,0.0,19.25982,0,28,61200,21.35,0.0004694444444444438,0.000526984126984127,40513.55421686747,675.2259036144579,11.253765060240966,0,1.617537060344113,0,16.71597633136097,0,0,0,0,0.004436111111111111,4812.773951158422,1.3368816530995618,0.05982300884955744,0.21041055718475074,0,HIGH,MEDIUM
VEH_002,68b89b2d4f65cd554d7512ab,2025-11-30 02:00:00,ON,32.7,18068.29,19.39,40.8,46.0,689.0,0.25,21,17.31,0.0,1084.91,473438.98999999976,1.9600000000000009,32.69000000000233,16.67857142857261,0,0.0,17.31,0.25,0.21,0.238,3600,1.0,21.429779999999997,0,28,64800,19.39,0.0005444444444444447,0.000540079365079365,35902.13078618663,598.3688464364438,9.972814107274063,0,1.871762354076206,0,16.67857142857261,0,0,0,0,0.004808333333333333,4032.5823223570196,1.1201617562102832,0.05995717344753323,0.40762463343108507,0,HIGH,MEDIUM
VEH_002,68b89b2d4f65cd554d7512ab,2025-11-30 03:00:00,ON,37.22,18105.51,17.15,40.8,45.6,690.0,0.03,8,18.66,0.0,1087.14,473438.98999999976,2.240000000000002,37.219999999997526,16.616071428570308,0,0.0,18.66,0.03,0.08,0.045,3600,1.0,19.499699999999997,0,28,68400,17.15,0.0006222222222222228,0.0005452380952380953,31454.148471615717,524.235807860262,8.7372634643377,0,2.1311408632213764,0,16.616071428570308,0,0,0,0,0.005183333333333333,3308.6816720257234,0.9190782422293676,0.06018269747448014,0.8196480938416423,0,HIGH,MEDIUM
VEH_002,68b89b2d4f65cd554d7512ab,2025-11-30 04:00:00,ON,29.33,18134.84,15.39,41.1,42.9,691.0,0.33,37,16.3,0.0,1088.9,473438.98999999976,1.759999999999998,29.330000000001746,16.66477272727374,0,0.0,16.3,0.33,0.37,0.34199999999999997,3600,0.0,21.8746,0,28,72000,15.39,0.0004888888888888883,0.0005178571428571429,29718.62068965517,495.31034482758616,8.255172413793103,0,1.679375645306041,0,16.66477272727374,0,0,0,0,0.004527777777777778,3399.0184049079753,0.9441717791411043,0.06000681895669598,0.5439882697947214,0,HIGH,MEDIUM
VEH_002,68b89b2d4f65cd554d7512ab,2025-11-30 05:00:00,ON,37.2,18172.04,13.16,41.5,45.9,692.0,-0.44,34,18.66,0.0,1091.13,473438.98999999976,2.2300000000000004,37.20000000000073,16.68161434977611,0,0.0,18.66,0.44,0.34,0.41000000000000003,3600,1.0,26.310600000000004,0,28,75600,13.16,0.0006194444444444446,0.0005234126984126985,25142.683851402577,419.04473085670963,6.984078847611827,0,2.1299957042407853,0,16.68161434977611,0,0,0,0,0.005183333333333333,2538.906752411576,0.7052518756698821,0.059946236559138624,0.38563049853372433,0,HIGH,MEDIUM
VEH_002,68b89b2d4f65cd554d7512ab,2025-11-30 06:00:00,ON,35.01,18207.05,11.06,41.0,46.6,693.0,0.34,29,18.0,0.0,1093.23,473438.98999999976,2.0999999999999996,35.0099999999984,16.67142857142781,0,0.0,18.0,0.34,0.29,0.32499999999999996,3600,1.0,23.849999999999998,0,28,79200,11.06,0.0005833333333333333,0.0005337301587301587,20722.081784386617,345.36802973977694,5.7561338289962825,0,2.004600795845834,0,16.67142857142781,0,0,0,0,0.005,2212.0,0.6144444444444445,0.05998286203942004,0.47653958944281527,0,HIGH,MEDIUM
VEH_002,68b89b2d4f65cd554d7512ab,2025-11-30 07:00:00,ON,27.97,18235.02,9.38,41.7,44.9,694.0,-0.38,18,15.89,0.0,1094.91,473438.98999999976,1.6799999999999997,27.970000000001164,16.64880952381022,0,0.0,15.89,0.38,0.18,0.31999999999999995,3600,0.0,20.9748,0,28,82800,9.38,0.0004666666666666666,0.000542063492063492,17304.245973645684,288.4040995607614,4.806734992679357,0,1.6015048346133354,0,16.64880952381022,0,0,0,0,0.004413888888888889,2125.11013215859,0.5903083700440528,0.06006435466571075,0.6671554252199413,0,HIGH,MEDIUM
VEH_002,68b89b2d4f65cd554d7512ab,2025-11-30 08:00:00,ON,25.2,18260.22,70.7,41.4,47.1,695.0,-0.36,39,15.06,0.0,1096.42,473438.98999999976,0.0,25.200000000000728,0.0,0,0.0,15.06,0.36,0.39,0.369,3600,0.0,20.61714,1,29,0,70.7,0.0,0.00047500000000000005,148842.1052631579,2480.7017543859647,41.345029239766085,0,1.4429003157760294,0,0.0,0,0,0,0,0.004183333333333333,16900.398406374505,4.694555112881807,0.0,0.018328445747800588,0,LOW,LOW
VEH_002,68b89b2d4f65cd554d7512ab,2025-11-30 09:00:00,ON,20.59,18280.81,69.46,41.4,40.6,696.0,0.3,6,13.68,0.0,1097.66,473438.98999999976,1.240000000000009,20.590000000000146,16.604838709677416,0,0.0,13.68,0.3,0.06,0.22799999999999998,3600,0.0,16.799039999999998,0,29,3600,69.46,0.00034444444444444697,0.00044642857142857174,155590.39999999988,2593.1733333333314,43.21955555555552,0,1.1789411707074522,0,16.604838709677416,0,0,0,0,0.0038,18278.94736842105,5.077485380116959,0.060223409422049554,0.8548387096774194,0,LOW,LOW
VEH_002,68b89b2d4f65cd554d7512ab,2025-11-30 10:00:00,ON,15.78,18296.59,68.51,41.4,37.4,697.0,-0.12,3,12.23,0.0,1098.61,473438.98999999976,0.9499999999999886,15.779999999998836,16.610526315788448,0,0.0,12.23,0.12,0.03,0.09299999999999999,3600,0.0,13.36739,0,29,7200,68.51,0.0002638888888888857,0.0003952380952380951,173338.55421686755,2888.975903614459,48.149598393574315,0,0.9035304358310875,0,16.610526315788448,0,0,0,0,0.0033972222222222225,20166.4758789861,5.601798855273917,0.06020278833967419,0.843108504398827,0,LOW,LOW
VEH_002,68b89b2d4f65cd554d7512ab,2025-11-30 11:00:00,ON,19.85,18316.44,67.32,41.0,46.5,698.0,0.2,49,13.46,0.0,1099.8,473438.98999999976,1.190000000000012,19.849999999998545,16.68067226890617,0,0.0,13.46,0.2,0.49,0.287,3600,0.0,17.32302,0,29,10800,67.32,0.00033055555555555887,0.000372619047619048,180667.09265175698,3011.1182108626163,50.18530351437694,0,1.1365702884187006,0,16.68067226890617,0,0,0,0,0.0037388888888888893,18005.34918276374,5.001485884101039,0.05994962216625185,0.3914956011730205,0,LOW,LOW
VEH_002,68b89b2d4f65cd554d7512ab,2025-11-30 12:00:00,ON,16.82,18333.26,66.31,40.5,43.9,699.0,0.24,19,12.55,0.0,1100.81,473438.98999999976,1.009999999999991,16.81999999999971,16.653465346534514,0,0.0,12.55,0.24,0.19,0.22499999999999998,3600,0.0,15.373750000000001,0,29,14400,66.31,0.00028055555555555304,0.00032420634920634923,204530.23255813954,3408.837209302326,56.81395348837209,0,0.9630787028314164,0,16.653465346534514,0,0,0,0,0.0034861111111111113,19021.195219123507,5.283665338645418,0.06004756242568421,0.626099706744868,0,LOW,LOW
VEH_002,68b89b2d4f65cd554d7512ab,2025-11-30 13:00:00,ON,19.43,18352.69,65.15,40.5,40.5,700.0,0.29,5,13.33,0.0,1101.97,473438.98999999976,1.1599999999999966,19.43000000000029,16.7500000000003,0,0.0,13.33,0.29,0.05,0.21799999999999997,3600,0.0,16.23594,0,29,18000,65.15,0.00032222222222222125,0.00028690476190476176,227078.838174274,3784.6473029045665,63.07745504840944,0,1.112521949822534,0,16.7500000000003,0,0,0,0,0.003702777777777778,17594.89872468117,4.887471867966992,0.05970149253731236,0.1436950146627566,0,LOW,LOW
VEH_002,68b89b2d4f65cd554d7512ab,2025-11-30 14:00:00,ON,18.05,18370.74,64.07,40.1,39.7,701.0,-0.32,26,12.91,0.0,1103.05,473438.98999999976,1.0800000000000125,18.05000000000291,16.712962962965463,0,0.0,12.91,0.32,0.26,0.302,3600,0.0,16.80882,0,29,21600,64.07,0.0003000000000000035,0.0002630952380952385,243523.9819004521,4058.733031674202,67.64555052790337,0,1.0335059801492372,0,16.712962962965463,0,0,0,0,0.003586111111111111,17866.15027110767,4.96281951975213,0.05983379501384146,0.22287390029325513,0,LOW,LOW
VEH_002,68b89b2d4f65cd554d7512ab,2025-11-30 15:00:00,ON,25.21,18395.95,62.55,40.0,43.9,702.0,-0.39,22,15.06,0.0,1104.57,473438.98999999976,1.519999999999996,25.209999999999127,16.585526315788943,0,0.0,15.06,0.39,0.22,0.33899999999999997,3600,0.0,20.16534,0,29,25200,62.55,0.00042222222222222113,0.00032341269841269863,193406.134969325,3223.4355828220837,53.723926380368056,0,1.443472895266325,0,16.585526315788943,0,0,0,0,0.004183333333333333,14952.191235059761,4.153386454183267,0.06029353431178297,0.8988269794721407,0,LOW,LOW
VEH_002,68b89b2d4f65cd554d7512ab,2025-11-30 16:00:00,ON,27.14,18423.08,60.92,39.8,37.6,703.0,0.27,2,15.64,0.0,1106.19,473438.98999999976,1.6299999999999955,27.13000000000102,16.644171779141775,0,0.0,15.64,0.27,0.02,0.195,3600,0.0,18.6898,0,29,28800,60.92,0.0004527777777777765,0.0003388888888888886,179763.93442622968,2996.0655737704947,49.93442622950825,0,1.5534081574207943,0,16.644171779141775,0,0,0,0,0.004344444444444444,14022.506393861893,3.895140664961637,0.060081091043123265,0.7008797653958945,0,LOW,LOW
VEH_002,68b89b2d4f65cd554d7512ab,2025-11-30 17:00:00,ON,22.21,18445.29,59.59,38.9,42.6,704.0,0.31,6,14.16,0.0,1107.53,473438.98999999976,1.3299999999999983,22.209999999999127,16.699248120300116,0,0.0,14.16,0.31,0.06,0.235,3600,0.0,17.487599999999997,0,29,32400,59.59,0.00036944444444444394,0.00035396825396825406,168348.4304932735,2805.807174887892,46.7634529147982,0,1.271699048150136,0,16.699248120300116,0,0,0,0,0.003933333333333333,15150.000000000002,4.208333333333334,0.0598829356145903,0.26832844574780057,0,LOW,LOW
VEH_002,68b89b2d4f65cd554d7512ab,2025-11-30 18:00:00,ON,27.33,18472.62,57.95,39.2,44.9,705.0,0.12,25,15.7,0.0,1109.17,473438.98999999976,1.6400000000000006,27.32999999999811,16.664634146340305,0,0.0,15.7,0.12,0.25,0.15899999999999997,3600,0.0,18.1963,0,29,36000,57.95,0.0004555555555555557,0.00037182539682539643,155852.72145144094,2597.545357524016,43.29242262540026,0,1.5648597472283734,0,16.664634146340305,0,0,0,0,0.004361111111111111,13287.898089171977,3.691082802547771,0.060007317965609736,0.5483870967741935,0,LOW,LOW
VEH_002,68b89b2d4f65cd554d7512ab,2025-11-30 19:00:00,ON,28.88,18501.5,56.22,39.3,41.6,706.0,-0.3,46,16.16,0.0,1110.9,473438.98999999976,1.730000000000004,28.88000000000102,16.69364161849766,0,0.0,16.16,0.3,0.46,0.348,3600,0.0,21.783679999999997,0,29,39600,56.22,0.00048055555555555666,0.0004003968253968255,140410.703666997,2340.17839444995,39.002973240832496,0,1.6536095682385712,0,16.69364161849766,0,0,0,0,0.004488888888888889,12524.257425742575,3.478960396039604,0.05990304709141077,0.2991202346041056,0,LOW,LOW
VEH_002,68b89b2d4f65cd554d7512ab,2025-11-30 20:00:00,ON,25.67,18527.17,54.68,39.2,47.0,707.0,-0.14,26,15.2,0.0,1112.44,473438.98999999976,1.5399999999999991,25.669999999998254,16.668831168830046,0,0.0,15.2,0.14,0.26,0.176,3600,0.0,17.8752,0,29,43200,54.68,0.0004277777777777775,0.00041547619047619067,131608.02292263604,2193.4670487106005,36.557784145176676,0,1.4698115518240906,0,16.668831168830046,0,0,0,0,0.004222222222222222,12950.526315789475,3.5973684210526318,0.059992208804055466,0.5043988269794721,0,LOW,LOW
VEH_002,68b89b2d4f65cd554d7512ab,2025-11-30 21:00:00,ON,29.08,18556.25,52.93,39.5,38.6,708.0,-0.12,49,16.22,0.0,1114.18,473438.98999999976,1.75,29.080000000001746,16.617142857143854,0,0.0,16.22,0.12,0.49,0.23099999999999998,3600,0.0,19.966819999999995,0,29,46800,52.93,0.0004861111111111111,0.0004420634920634918,119733.93177737888,1995.5655296229813,33.25942549371636,0,1.6650611580463588,0,16.617142857143854,0,0,0,0,0.004505555555555555,11747.718865598028,3.263255240443897,0.06017881705639253,0.8167155425219942,0,LOW,LOW
VEH_002,68b89b2d4f65cd554d7512ab,2025-11-30 22:00:00,ON,35.22,18591.46,50.82,38.6,43.2,709.0,-0.44,36,18.06,0.0,1116.3,473438.98999999976,2.1099999999999994,35.20999999999913,16.687203791468786,0,0.0,18.06,0.44,0.36,0.416,3600,1.0,25.57296,0,29,50400,50.82,0.0005861111111111109,0.0004654761904761903,109178.51662404096,1819.641943734016,30.327365728900265,0,2.0160523856536217,0,16.687203791468786,0,0,0,0,0.005016666666666667,10130.232558139534,2.8139534883720927,0.05992615734166577,0.3387096774193548,0,LOW,LOW
VEH_002,68b89b2d4f65cd554d7512ab,2025-11-30 23:00:00,ON,32.98,18624.45,48.84,39.1,45.8,710.0,-0.29,32,17.39,0.0,1118.28,473438.98999999976,1.9799999999999969,32.9900000000016,16.661616161616998,0,0.0,17.39,0.29,0.32,0.299,3600,1.0,22.58961,0,29,54000,48.84,0.0005499999999999992,0.00047936507936507933,101884.76821192054,1698.0794701986756,28.30132450331126,0,1.8889397387877833,0,16.661616161616998,0,0,0,0,0.004830555555555556,10110.638297872341,2.8085106382978724,0.06001818732949078,0.5703812316715543,0,LOW,LOW
